date,t,o,h,l,c,v
2006-11-13,1163428200,100.17,100.24989,100.05,100.2,187700
2006-11-14,1163514600,100.44,100.4799,100.28999,100.34,191700
2006-11-15,1163601000,100.28,100.28,100.07001,100.14999,212900
2006-11-16,1163687400,100.36,100.37,99.98,100.06,305100
2006-11-17,1163773800,100.11,100.35001,100.08,100.32001,534400
2006-11-20,1164033000,100.35001,100.42999,100.24001,100.38989,222200
2006-11-21,1164119400,100.39,100.53999,100.3,100.52,251200
2006-11-22,1164205800,100.47,100.67999,100.45,100.64,274000
2006-11-24,1164378600,100.7,100.78,100.6508,100.69,176200
2006-11-27,1164637800,100.52,100.73,100.41,100.64,191000
2006-11-28,1164724200,100.87,100.94,100.60001,100.91,269500
2006-11-29,1164810600,100.94,100.95,100.69,100.75999,300900
2006-11-30,1164897000,100.94,101.13,100.86,101.07001,210500
2006-12-01,1164983400,100.64,100.97,100.55,100.86,354500
2006-12-04,1165242600,100.86,100.99001,100.72,100.96001,184600
2006-12-05,1165329000,101.03,101.03,100.75,100.89999,408500
2006-12-06,1165415400,100.82001,100.89,100.75,100.82001,222800
2006-12-07,1165501800,100.74001,100.77,100.62,100.73,169500
2006-12-08,1165588200,100.67999,100.73,100.49001,100.52,364200
2006-12-11,1165847400,100.59,100.64999,100.5,100.58,249200
2006-12-12,1165933800,100.7,100.8,100.60001,100.78,222000
2006-12-13,1166020200,100.59,100.62,100.39999,100.47,215700
2006-12-14,1166106600,100.48,100.48,100.25999,100.33,2319800
2006-12-15,1166193000,100.83,100.83,100.22,100.31,314000
2006-12-18,1166452200,100.37,100.39,100.25999,100.37,236000
2006-12-19,1166538600,100.32001,100.45,100.28999,100.44,252900
2006-12-20,1166625000,100.41,100.5,100.34,100.39999,646200
2006-12-21,1166711400,100.48,100.66,100.23,100.60001,306000
2006-12-22,1166797800,100.52,100.53999,100.28,100.50999,461300
2006-12-26,1167143400,100.28,100.5,100.28,100.48,166000
2006-12-27,1167229800,100.00999,100.11,99.66,99.84,781500
2006-12-28,1167316200,99.95,99.98,99.61,99.71001,326900
2006-12-29,1167402600,99.73,99.73,99.61,99.7,278800
2007-01-03,1167834600,100,100.07001,99.78999,99.91,471100
2007-01-04,1167921000,100.03,100.19,99.94,100.12,1745500
2007-01-05,1168007400,100,100.09,99.89999,100.05,318200
2007-01-08,1168266600,100.14999,100.14999,100.00999,100.11,281700
2007-01-09,1168353000,100.17,100.17,100.03999,100.11,361300
2007-01-10,1168439400,100.11,100.11,99.91,100,697900
2007-01-11,1168525800,100.03999,100.09,99.74001,99.8101,446800
2007-01-12,1168612200,99.8,99.85001,99.60001,99.67,249000
2007-01-16,1168957800,99.82001,99.92,99.6701,99.82001,448700
2007-01-17,1169044200,99.89,99.96001,99.6709,99.74001,258700
2007-01-18,1169130600,99.74001,99.91,99.64999,99.88,290600
2007-01-19,1169217000,99.92999,99.92999,99.73,99.84,309200
2007-01-22,1169476200,99.91,99.92,99.78999,99.89,263600
2007-01-23,1169562600,99.89,99.89,99.64,99.7,334100
2007-01-24,1169649000,99.84,99.84,99.64999,99.67,357900
2007-01-25,1169735400,99.71001,99.71001,99.44,99.53999,296700
2007-01-26,1169821800,99.46001,99.57001,99.35001,99.53,296700
2007-01-29,1170081000,99.67999,99.69,99.34,99.39999,388400
2007-01-30,1170167400,99.55,99.56,99.37,99.55,293100
2007-01-31,1170253800,99.50999,99.82001,99.42999,99.63,386400
2007-02-01,1170340200,99.75999,99.75999,99.22,99.28999,821500
2007-02-02,1170426600,99.39,99.49001,99.28,99.42999,445100
2007-02-05,1170685800,99.57001,99.61,99.47,99.59,248000
2007-02-06,1170772200,99.7,99.8,99.37,99.78,236400
2007-02-07,1170858600,99.86,99.94,99.72,99.89999,289800
2007-02-08,1170945000,99.87,100,99.81,99.96001,353800
2007-02-09,1171031400,99.8,99.83,99.52,99.73,419600
2007-02-12,1171290600,99.67999,99.73,99.46001,99.63,304700
2007-02-13,1171377000,99.53,99.71049,99.38,99.62,227400
2007-02-14,1171463400,99.78999,100.02,99.67999,100,269400
2007-02-15,1171549800,100.16,100.22,100.06,100.14,438500
2007-02-16,1171636200,100.14,100.24001,100.09,100.21001,309400
2007-02-20,1171981800,100.16,100.28999,100.05,100.25999,252400
2007-02-21,1172068200,100.16,100.27,100.02,100.25,223600
2007-02-22,1172154600,100.17999,100.17999,100.00999,100.05,188000
2007-02-23,1172241000,100.11,100.37,100.11,100.28999,360200
2007-02-26,1172500200,100.41,100.53999,100.35001,100.50999,222640
2007-02-27,1172586600,100.92,101.67,100.56,100.92,379300
2007-02-28,1172673000,100.92,100.96001,100.62,100.86,533700
2007-03-01,1172759400,100.7,100.72,100.28999,100.44,662885
2007-03-02,1172845800,100.53999,100.67999,100.39,100.64999,187600
2007-03-05,1173105000,100.69,100.69,100.42999,100.59,262600
2007-03-06,1173191400,100.41,100.60001,100.41,100.52,221300
2007-03-07,1173277800,100.57001,100.69,100.46001,100.60001,296500
2007-03-08,1173364200,100.60001,100.66,100.46001,100.50999,351700
2007-03-09,1173450600,100.33,100.39,100.21001,100.23,309900
2007-03-12,1173706200,100.47,100.55,100.32001,100.53999,224200
2007-03-13,1173792600,100.67,100.8,100.55,100.8,344300
2007-03-14,1173879000,100.72,100.87,100.61,100.67999,468700
2007-03-15,1173965400,100.81,100.81,100.52,100.57001,201400
2007-03-16,1174051800,100.55,100.64,100.45,100.58,264100
2007-03-19,1174311000,100.49001,100.53,100.36,100.50999,181300
2007-03-20,1174397400,100.67999,100.69,100.5,100.61,446400
2007-03-21,1174483800,100.55,100.82001,100.4801,100.74001,664300
2007-03-22,1174570200,100.69,100.71001,100.39999,100.55,211700
2007-03-23,1174656600,100.67,100.67,100.31,100.41,226200
2007-03-26,1174915800,100.39999,100.64999,100.28,100.35001,444100
2007-03-27,1175002200,100.45,100.49001,100.27,100.37,275600
2007-03-28,1175088600,100.55,100.64999,100.341,100.42,217600
2007-03-29,1175175000,100.36,100.42,100.21001,100.35001,223000
2007-03-30,1175261400,100.42,100.42999,100.07001,100.25999,435200
2007-04-02,1175520600,100.19,100.19,99.81,100,1065300
2007-04-03,1175607000,99.98,100.02,99.78,99.89999,390600
2007-04-04,1175693400,100.00999,100.11,99.91,100.00999,181400
2007-04-05,1175779800,100.00999,100.02,99.82001,99.92,269592
2007-04-09,1176125400,99.7,99.7099,99.5,99.53999,324111
2007-04-10,1176211800,99.74001,99.86,99.53999,99.69,314700
2007-04-11,1176298200,99.84,99.91,99.50999,99.63,344200
2007-04-12,1176384600,99.64999,99.83,99.63,99.75,274100
2007-04-13,1176471000,99.78999,99.78999,99.46001,99.59,291520
2007-04-16,1176730200,99.64999,99.8,99.57001,99.78999,396325
2007-04-17,1176816600,99.91,100.08,99.8401,100.08,368200
2007-04-18,1176903000,100.19,100.24001,100.06,100.23,160100
2007-04-19,1176989400,100.3,100.3,100.05,100.19,223500
2007-04-20,1177075800,100.25999,100.25999,100.02,100.14,162100
2007-04-23,1177335000,100.17999,100.3,100.03,100.24001,409600
2007-04-24,1177421400,100.31,100.45,100.25999,100.28999,227500
2007-04-25,1177507800,100.37,100.4516,100.2,100.33,634100
2007-04-26,1177594200,100.31,100.31,100.06,100.14,251900
2007-04-27,1177680600,100.16,100.21001,100.03,100.12,169100
2007-04-30,1177939800,100.3,100.46001,100.24001,100.46001,298600
2007-05-01,1178026200,100,100.10001,99.8,100.02,1029900
2007-05-02,1178112600,100.08,100.77,99.8,100.05,255200
2007-05-03,1178199000,100.00999,100.06,99.81,99.94,268800
2007-05-04,1178285400,100.06,100.13,99.94,100.07001,233700
2007-05-07,1178544600,100.05,100.17,99.97,100.17,301500
2007-05-08,1178631000,100.19,100.2,100.02,100.06,290967
2007-05-09,1178717400,100.19,100.19,99.92999,99.94,302100
2007-05-10,1178803800,100.05,100.12,99.94,100.11,218200
2007-05-11,1178890200,100.22,100.23,99.84,99.91,185100
2007-05-14,1179149400,100,100.02,99.75999,99.92999,247300
2007-05-15,1179235800,99.99001,100,99.75,99.89,266100
2007-05-16,1179322200,99.75,99.92999,99.7,99.91,238800
2007-05-17,1179408600,99.78999,99.83,99.67,99.74001,212200
2007-05-18,1179495000,99.67999,99.74001,99.41,99.45,431900
2007-05-21,1179754200,99.53,99.64999,99.41,99.64999,316500
2007-05-22,1179840600,99.64,99.64,99.31,99.45,353000
2007-05-23,1179927000,99.39999,99.52,99.16,99.37,1081300
2007-05-24,1180013400,99.24001,99.41,99.03999,99.41,339254
2007-05-25,1180099800,99.32001,99.41,99.17,99.36,222200
2007-05-29,1180445400,99.36,99.39,99.14999,99.25999,222700
2007-05-30,1180531800,99.45,99.47,99.27,99.38,977600
2007-05-31,1180618200,99.25,99.35001,99.12,99.16,506000
2007-06-01,1180704600,98.72,98.77,98.53,98.63,942500
2007-06-04,1180963800,98.71001,98.77,98.61,98.75,299000
2007-06-05,1181050200,98.67,98.7,98.37,98.47,244760
2007-06-06,1181136600,98.52,98.53999,98.3,98.50999,1001268
2007-06-07,1181223000,98.23,98.23,97.7,97.83,319414
2007-06-08,1181309400,97.60001,97.86,97.57001,97.71001,389700
2007-06-11,1181568600,97.58,97.89,97.57001,97.78,260962
2007-06-12,1181655000,97.55,97.57001,97.11,97.2,380400
2007-06-13,1181741400,97.11,97.5,97.10001,97.35001,407100
2007-06-14,1181827800,97.47,97.67999,97.39,97.53999,230700
2007-06-15,1181914200,97.66,97.91,97.53999,97.89,470200
2007-06-18,1182173400,97.85001,97.98,97.66,97.96001,242200
2007-06-19,1182259800,98.12,98.34,98.02,98.27,300900
2007-06-20,1182346200,98.03999,98.14999,97.85001,97.97,651000
2007-06-21,1182432600,97.94,98.0499,97.78,97.8499,340000
2007-06-22,1182519000,97.85001,98.08,97.63,98.08,357900
2007-06-25,1182778200,98.24001,98.28999,98.03999,98.17,305000
2007-06-26,1182864600,98.17,98.27,98.00999,98.05,639900
2007-06-27,1182951000,98.36,98.4599,98.13,98.24001,214500
2007-06-28,1183037400,98.21001,98.33,98.03999,98.17,293500
2007-06-29,1183123800,98.31,98.459,98.17999,98.36,506700
2007-07-02,1183383000,97.96001,98.36,97.96001,98.2,3076400
2007-07-03,1183469400,98.34,98.49001,98.03999,98.09,384200
2007-07-05,1183642200,97.96001,97.96001,97.5,97.67999,453000
2007-07-06,1183728600,97.41,97.60001,97.32001,97.50999,281300
2007-07-09,1183987800,97.71001,97.73,97.52,97.67999,232100
2007-07-10,1184074200,97.95,98.11,97.78,98.10001,712600
2007-07-11,1184160600,98.21001,98.21001,97.75999,97.88,233300
2007-07-12,1184247000,98.02,98.02,97.67,97.78,234100
2007-07-13,1184333400,97.98,98,97.7,97.89999,247600
2007-07-16,1184592600,97.97,98.22,97.87,98.10001,279500
2007-07-17,1184679000,98.03999,98.13,97.85001,97.92,221300
2007-07-18,1184765400,97.95,98.32001,97.92999,98.1702,226700
2007-07-19,1184851800,98.06,98.22,98,98.17,321200
2007-07-20,1184938200,98.14999,98.58,98.12,98.39999,316300
2007-07-23,1185197400,98.24001,98.48,98.22,98.34,255600
2007-07-24,1185283800,98.39,98.56,98.35001,98.53999,208800
2007-07-25,1185370200,98.23,98.64999,98.23,98.48,580900
2007-07-26,1185456600,98.57001,99,98.55,98.83,324300
2007-07-27,1185543000,98.71001,98.89,98.58,98.73,329000
2007-07-30,1185802200,98.81,98.87,98.61,98.67999,389210
2007-07-31,1185888600,98.63,99.00999,98.60001,98.99001,529100
2007-08-01,1185975000,98.52,98.60001,98.33,98.33,814500
2007-08-02,1186061400,98.32001,98.48,98.16,98.28,564500
2007-08-03,1186147800,98.52,98.71001,98.39,98.71001,371600
2007-08-06,1186407000,98.86,98.86,98.45,98.55,231300
2007-08-07,1186493400,98.60001,98.78,98.41,98.48,308900
2007-08-08,1186579800,98.48,98.49001,98.17,98.36,277800
2007-08-09,1186666200,98.46001,98.57001,98.32001,98.48,271600
2007-08-10,1186752600,98.67999,98.67999,98.12,98.14999,398700
2007-08-13,1187011800,98.03999,98.49001,98.03999,98.33,220200
2007-08-14,1187098200,98.28999,98.67999,98.28999,98.60001,250900
2007-08-15,1187184600,98.78999,98.8,98.47,98.73,224900
2007-08-16,1187271000,98.72,98.98,98.42999,98.67,541400
2007-08-17,1187357400,98.67,98.97,98.42,98.89,311800
2007-08-20,1187616600,98.89999,99.02,98.78999,98.8,252400
2007-08-21,1187703000,99.31,99.38,99.11,99.25999,224600
2007-08-22,1187789400,99.14999,99.25999,98.9601,99.17999,545300
2007-08-23,1187875800,99.16,99.32001,99.00999,99.3,522300
2007-08-24,1187962200,99.27,99.31,99.03,99.05,293700
2007-08-27,1188221400,99.24001,99.44,99.17,99.35001,301600
2007-08-28,1188307800,99.41,99.77,99.37,99.75,187700
2007-08-29,1188394200,99.77,99.85001,99.53999,99.55,201400
2007-08-30,1188480600,99.74001,99.83,99.64,99.75999,186400
2007-08-31,1188567000,99.7,100.09,99.52,99.82001,201000
2007-09-04,1188912600,99.98,101,99.10001,99.28,554500
2007-09-05,1188999000,99.09,99.74001,99.09,99.60001,294600
2007-09-06,1189085400,99.64,99.73,99.50999,99.58,761000
2007-09-07,1189171800,99.92999,100.23,99.75,100.2,353400
2007-09-10,1189431000,100.28999,100.53999,100.13,100.44,285900
2007-09-11,1189517400,100.03,100.41,100.03,100.25999,687000
2007-09-12,1189603800,100.21001,100.25999,100.024,100.12,2039700
2007-09-13,1189690200,99.8,99.94,99.63,99.83,790400
2007-09-14,1189776600,100.10001,100.13,99.7,99.89999,320600
2007-09-17,1190035800,99.86,99.96001,99.77,99.94,278000
2007-09-18,1190122200,99.83,100.3499,99.60001,100.14999,628000
2007-09-19,1190208600,100.10001,100.19,99.83,100.13,441200
2007-09-20,1190295000,99.94,99.96001,99.35001,99.42,282100
2007-09-21,1190381400,99.60001,99.74001,99.33,99.71001,465700
2007-09-24,1190640600,99.73,99.74001,99.5,99.72,274000
2007-09-25,1190727000,99.96001,100.00999,99.75999,99.8,259930
2007-09-26,1190813400,99.67,99.84,99.45,99.7,702100
2007-09-27,1190899800,99.64999,100,99.64999,99.87,380900
2007-09-28,1190986200,99.98,100.25999,99.81,100.02,336100
2007-10-01,1191245400,99.82001,99.83,99.27,99.27,3538500
2007-10-02,1191331800,99.17999,99.74001,99.17999,99.64999,282100
2007-10-03,1191418200,99.86,99.89999,99.50999,99.7,327042
2007-10-04,1191504600,99.78999,99.89999,99.50999,99.66,445000
2007-10-05,1191591000,99.32001,99.64999,98.24001,98.87,750177
2007-10-08,1191850200,99.36,99.95,99.08,99.64999,367700
2007-10-09,1191936600,99.53,99.59,99.16,99.44,182700
2007-10-10,1192023000,99.46001,99.64999,99.19,99.57001,711540
2007-10-11,1192109400,99.39,99.64,99.24001,99.64,257945
2007-10-12,1192195800,99.55,99.64999,99.32001,99.4501,470400
2007-10-15,1192455000,99.42999,99.5,99.25,99.48,200800
2007-10-16,1192541400,99.66,99.72,99.45,99.64,266400
2007-10-17,1192627800,99.66,100.03,99.62,99.98,243600
2007-10-18,1192714200,100.28,100.3,100.07001,100.2699,270000
2007-10-19,1192800600,100.5,100.73,100.34,100.73,732700
2007-10-22,1193059800,100.81,100.81,100.5,100.7,284500
2007-10-23,1193146200,100.64,100.67,100.45,100.67,328900
2007-10-24,1193232600,100.87,101.2,100.7,101.11,1018400
2007-10-25,1193319000,101.13,101.14,100.83,100.85001,236200
2007-10-26,1193405400,100.75999,101,100.61,100.75999,348000
2007-10-29,1193664600,100.78,100.89,100.60001,100.75999,261000
2007-10-30,1193751000,100.85001,100.89,100.7,100.89,252400
2007-10-31,1193837400,100.56,100.86,100.41,100.61,767000
2007-11-01,1193923800,100.3,100.6637,100.25999,100.44,251200
2007-11-02,1194010200,100.46001,100.89999,100.42999,100.55,401100
2007-11-05,1194273000,100.77,100.77,100.46001,100.46001,509632
2007-11-06,1194359400,100.39999,100.50999,100.17,100.33,418000
2007-11-07,1194445800,100.39999,100.42,100.12,100.35001,716010
2007-11-08,1194532200,100.50999,100.57001,100.28,100.45,469630
2007-11-09,1194618600,100.67,100.84,100.55,100.8,184583
2007-11-12,1194877800,100.5,100.84,100.5,100.66,223910
2007-11-13,1194964200,100.75,100.81,100.55,100.67,276017
2007-11-14,1195050600,100.53999,100.64999,100.39999,100.63,335955
2007-11-15,1195137000,100.81,101.11,100.63,101.05991,493480
2007-11-16,1195223400,101,101.10001,100.85001,100.99001,1810842
2007-11-19,1195482600,100.81,101.38,100.81,101.21001,416799
2007-11-20,1195569000,101.23,101.25,100.89,101,332064
2007-11-21,1195655400,101.41,101.77,101.17999,101.77,789119
2007-11-23,1195828200,101.53999,101.78,101.25,101.25,137631
2007-11-26,1196087400,101.53,102.42,101.41,102.17,441852
2007-11-27,1196173800,102.21001,102.21001,101.42999,101.75,932967
2007-11-28,1196260200,101.62,101.75999,101.42,101.5,536483
2007-11-29,1196346600,101.86,102.08,101.50999,101.78999,1496733
2007-11-30,1196433000,101.52,102.11,101.28,101.99001,1734208
2007-12-03,1196692200,101.89999,102.58,101.74001,102.13,630053
2007-12-04,1196778600,102.17,102.23,101.66,101.74001,580800
2007-12-05,1196865000,101.8,101.819,101.53999,101.55,442400
2007-12-06,1196951400,101.37,101.7,101.14,101.44,805900
2007-12-07,1197037800,101.25999,101.25999,100.59,100.86,406200
2007-12-10,1197297000,100.88,100.88,100.32001,100.66,916379
2007-12-11,1197383400,100.89,101.41,100.64999,101.14999,1153453
2007-12-12,1197469800,100.77,101.228,100.52,101.05,500900
2007-12-13,1197556200,100.94,100.94,100.56,100.66,425500
2007-12-14,1197642600,100.60001,100.62,100.24001,100.38,515300
2007-12-17,1197901800,100.67999,100.77,100.36,100.53,550720
2007-12-18,1197988200,100.92999,101.10201,100.67999,101.06,402290
2007-12-19,1198074600,101.14,101.56,100.89,101.27,634758
2007-12-20,1198161000,101.55,101.66,101.17999,101.17999,489132
2007-12-21,1198247400,101.25999,101.25999,100.74001,100.74001,411813
2007-12-24,1198506600,100.75,100.84,100.62,100.77,190700
2007-12-26,1198679400,100.75,100.94,100.35001,100.46001,259200
2007-12-27,1198765800,100.53,100.60001,100.2,100.60001,427124
2007-12-28,1198852200,100.82001,101.21001,100.69,101.14,442412
2007-12-31,1199111400,101.32001,101.38,100.85001,101.17,707976
2008-01-02,1199284200,101.36,102.61,101.06,101.6499,888822
2008-01-03,1199370600,101.62,101.92,101.37,101.92,370600
2008-01-04,1199457000,101.81,102.37,101.81,102.13,497679
2008-01-07,1199716200,102.21001,102.36,101.83,102.00999,693542
2008-01-08,1199802600,102.16,102.52,101.94,102.52,1544357
2008-01-09,1199889000,102.44,102.5,102.11,102.28,437665
2008-01-10,1199975400,102.24001,102.28999,101.8,102.07001,291834
2008-01-11,1200061800,102.2,102.52,102.17999,102.50999,315632
2008-01-14,1200321000,102.50999,102.64999,102.38,102.59,290339
2008-01-15,1200407400,102.81,102.96001,102.62,102.96001,361329
2008-01-16,1200493800,102.96001,103.0696,102.60001,102.64999,620830
2008-01-17,1200580200,102.77,103.27,102.58,103.27,807406
2008-01-18,1200666600,102.96001,103.25,102.8,103.25,809373
2008-01-22,1201012200,103.97,105.49001,102.88,103.41,792950
2008-01-23,1201098600,104.39,104.39,103.05,103.10001,911162
2008-01-24,1201185000,103.45,103.45,102.71001,102.84,469192
2008-01-25,1201271400,102.58,103.25999,102.22,103.02,585379
2008-01-28,1201530600,103.00999,103.36,102.97,103.22,483921
2008-01-29,1201617000,103.14999,103.23,102.83,102.89999,450816
2008-01-30,1201703400,103.02,103.17999,102.7701,103.06,557753
2008-01-31,1201789800,103.48,103.6199,103.07001,103.50999,649107
2008-02-01,1201876200,103.27,103.32001,102.99001,102.99001,610229
2008-02-04,1202135400,102.85001,103.00999,102.66,102.92999,336176
2008-02-05,1202221800,103.35001,103.42999,102.92,103.25,622761
2008-02-06,1202308200,103.24001,103.24001,102.92,103.17,698594
2008-02-07,1202394600,103.13,103.14999,102.05,102.25999,622292
2008-02-08,1202481000,102.64,102.89999,102.48,102.75,543355
2008-02-11,1202740200,102.88,103.17,102.77,102.97,746226
2008-02-12,1202826600,102.67999,102.97,102.46001,102.92999,653388
2008-02-13,1202913000,102.64999,102.83,102.32001,102.32001,510395
2008-02-14,1202999400,102.14,102.33,101.74001,102,578724
2008-02-15,1203085800,102.13,102.13,101.88,101.95,455283
2008-02-19,1203431400,101.86,101.98,101.31,101.46001,597111
2008-02-20,1203517800,101.22,101.60001,101.09,101.3,405251
2008-02-21,1203604200,101.75999,102.19,101.50999,102.13,486328
2008-02-22,1203690600,101.86,102.25,101.55,101.59,987700
2008-02-25,1203949800,101.67999,101.7399,101.09,101.23,557816
2008-02-26,1204036200,101.41,101.72,101.3004,101.72,638307
2008-02-27,1204122600,101.92,101.97,101.66,101.9299,632971
2008-02-28,1204209000,102.35001,102.63,102.17999,102.53999,434500
2008-02-29,1204295400,102.89999,103.3,102.49001,102.92999,922897
2008-03-03,1204554600,102.39,102.78999,102.35001,102.53,388246
2008-03-04,1204641000,102.41,102.57001,101.78,102.09,385265
2008-03-05,1204727400,102.09,102.12,101.368,101.44,432791
2008-03-06,1204813800,101.56,101.71001,101.27,101.28999,1161118
2008-03-07,1204900200,101.88,101.92999,101.22,101.60001,1087572
2008-03-10,1205155800,101.89,102.2,101.74001,102.14,444422
2008-03-11,1205242200,101.53999,101.71001,101.27,101.52,564177
2008-03-12,1205328600,101.89,102.62,101.62,102.56,429492
2008-03-13,1205415000,102.35001,102.52,101.72,102.12,417473
2008-03-14,1205501400,102.46001,102.84,102.15199,102.55,490865
2008-03-17,1205760600,102.42,103.25999,102.14,102.99001,722161
2008-03-18,1205847000,103.03,103.32001,102.55,102.75,398113
2008-03-19,1205933400,102.77,103.37,102.73,103.06,403300
2008-03-20,1206019800,103.3,103.47,102.87,103.42,315579
2008-03-24,1206365400,102.88,102.88,102.35001,102.66,422917
2008-03-25,1206451800,102.75,102.97,102.56,102.85001,490419
2008-03-26,1206538200,102.85001,103.14999,102.52,102.55,341216
2008-03-27,1206624600,102.5,102.77,102.3,102.59,371204
2008-03-28,1206711000,102.62,102.86,102.52,102.84,466149
2008-03-31,1206970200,102.94,103.14999,102.67999,102.67999,555845
2008-04-01,1207056600,102.14,102.28999,101.55,101.57001,1209032
2008-04-02,1207143000,101.78,101.97,101.42,101.62,499383
2008-04-03,1207229400,101.89,102.08,101.60001,101.60001,480823
2008-04-04,1207315800,102.45,102.73,102.28,102.46001,430923
2008-04-07,1207575000,102.25,102.48,102.03999,102.448,416903
2008-04-08,1207661400,102.50999,102.83,102.39461,102.444,408767
2008-04-09,1207747800,102.61,103,102.46001,102.89,492675
2008-04-10,1207834200,102.67999,102.89,102.28,102.57001,456492
2008-04-11,1207920600,102.78,102.92999,102.56,102.78999,263599
2008-04-14,1208179800,102.55,102.84,102.47,102.67,683148
2008-04-15,1208266200,102.27,102.48,102.07001,102.12,635519
2008-04-16,1208352600,102.03,102.25,101.573,101.75,386474
2008-04-17,1208439000,101.77,101.78999,101.35001,101.73,487113
2008-04-18,1208525400,101.39999,102.02,101.17999,102,619964
2008-04-21,1208784600,101.95,102.06,101.72,102.013,438599
2008-04-22,1208871000,102,102.28,101.8,102.16,569055
2008-04-23,1208957400,102.03,102.09,101.81,102.06,496233
2008-04-24,1209043800,101.64999,101.8,101.41,101.67999,363951
2008-04-25,1209130200,101.52,101.67,101.34,101.58,507858
2008-04-28,1209389400,101.53999,101.86,101.4301,101.83,513453
2008-04-29,1209475800,102.02,102.13,101.73,101.98,697420
2008-04-30,1209562200,101.97,102.60001,101.48,102.60001,813209
2008-05-01,1209648600,102.36,102.37,101.92,102.10001,503163
2008-05-02,1209735000,101.60001,102.09,101.53,101.92999,462085
2008-05-05,1209994200,102.00999,102.06,101.7,101.97,541514
2008-05-06,1210080600,102.14,102.14,101.55,101.64,930082
2008-05-07,1210167000,101.57001,101.9399,101.41,101.92999,299142
2008-05-08,1210253400,102,102.88,101.81779,102.19,731269
2008-05-09,1210339800,102.44,102.60001,102.08,102.23,433562
2008-05-12,1210599000,102.17,102.39,102,102.05,579395
2008-05-13,1210685400,101.81,101.89999,101.41,101.47,482670
2008-05-14,1210771800,101.82001,101.83,101.32001,101.62,291938
2008-05-15,1210858200,101.7,102.16,101.58,102.16,350518
2008-05-16,1210944600,101.87,102.3055,101.78,101.91,387176
2008-05-19,1211203800,102.14999,102.19,101.8,102.08,630392
2008-05-20,1211290200,102.3,102.33,102.10001,102.3,670664
2008-05-21,1211376600,102.16,102.27,101.97,102.16,540801
2008-05-22,1211463000,101.91,101.91,101.3,101.55,509214
2008-05-23,1211549400,101.74001,101.94991,101.60001,101.94,583954
2008-05-27,1211895000,101.5,101.69,101.35001,101.37,865232
2008-05-28,1211981400,101.27,101.39,100.74001,100.89999,371435
2008-05-29,1212067800,100.87,100.87,100.44,100.62,621258
2008-05-30,1212154200,100.96001,101.27,100.85001,100.98,1132489
2008-06-02,1212413400,100.75999,101.23,100.56,100.96001,601763
2008-06-03,1212499800,100.67999,101.17999,100.50999,101.14999,476175
2008-06-04,1212586200,101.28999,101.3,100.63,100.78999,390877
2008-06-05,1212672600,100.52,100.7,100.34,100.41701,377928
2008-06-06,1212759000,100.91,101.06,100.7,100.98,434780
2008-06-09,1213018200,100.5,100.74001,100.36,100.47,555490
2008-06-10,1213104600,100.25,100.38,99.85001,99.94,557156
2008-06-11,1213191000,100.17999,100.42999,99.91,100.0701,508589
2008-06-12,1213277400,99.89,99.91,99.4068,99.45,513651
2008-06-13,1213363800,99.57001,99.87,99.19,99.2,798998
2008-06-16,1213623000,99.57001,99.60001,99.19,99.31,460378
2008-06-17,1213709400,99.7,99.72,99.464,99.64999,407126
2008-06-18,1213795800,99.86,100.09,99.73,100.07001,345806
2008-06-19,1213882200,99.91,99.99001,99.56,99.56,435847
2008-06-20,1213968600,100.11,100.13,99.75999,99.86501,418989
2008-06-23,1214227800,99.92999,99.98,99.60001,99.73,515548
2008-06-24,1214314200,99.92999,100.07001,99.7,99.93201,514243
2008-06-25,1214400600,100.03999,100.05,99.39,99.9799,487100
2008-06-26,1214487000,100.25,100.37,99.99001,100.11,540107
2008-06-27,1214573400,99.99001,100.536,99.99001,100.35001,465902
2008-06-30,1214832600,100.66,100.75999,100.36,100.39999,639506
2008-07-01,1214919000,100.62,100.62,99.67,99.67,854483
2008-07-02,1215005400,100.00999,100.03999,99.55,99.55,812394
2008-07-03,1215091800,99.87,99.97,99.56,99.58,281222
2008-07-07,1215437400,99.59,100.09,99.34,99.925,603050
2008-07-08,1215523800,100,100.39999,99.83,100.3176,327262
2008-07-09,1215610200,100.5,100.8,100.27,100.7065,392000
2008-07-10,1215696600,100.77,100.88,100.45,100.8,577110
2008-07-11,1215783000,101.06,101.06,100.14,100.23,478188
2008-07-14,1216042200,100.22,100.83681,100.22,100.38,365913
2008-07-15,1216128600,100.64,100.98,100.61,100.77,433387
2008-07-16,1216215000,100.50999,100.52,100,100,487306
2008-07-17,1216301400,100,100.10001,99.39,99.56,503295
2008-07-18,1216387800,99.34,99.681,98.98,98.98,438346
2008-07-21,1216647000,99.33,99.5,99.1201,99.38,326792
2008-07-22,1216733400,99.42,99.44,99.019,99.16,302830
2008-07-23,1216819800,99.2,99.3,99.028,99.28,405688
2008-07-24,1216906200,99.41,100.00999,99.35001,99.97,320170
2008-07-25,1216992600,99.8,99.82001,99.31,99.46001,394282
2008-07-28,1217251800,99.95,100.00999,99.71001,99.91,458492
2008-07-29,1217338200,99.8,99.88989,99.53999,99.78999,279186
2008-07-30,1217424600,99.87,99.98,99.48,99.89999,403779
2008-07-31,1217511000,100.37,100.64999,100.11,100.41,559515
2008-08-01,1217597400,100.19,100.19,99.64999,99.89,331438
2008-08-04,1217856600,99.81,100.02,99.57001,99.60001,391583
2008-08-05,1217943000,99.8,99.8,99.41,99.42999,489485
2008-08-06,1218029400,99.45,99.45,98.98,99.32001,462913
2008-08-07,1218115800,99.45,99.89999,99.30701,99.84,391248
2008-08-08,1218202200,99.8,99.92,99.62,99.69,359576
2008-08-11,1218461400,99.50999,99.82001,99.35001,99.44,460699
2008-08-12,1218547800,99.69,99.88,99.64,99.86,392594
2008-08-13,1218634200,99.86,99.98,99.5201,99.69,300920
2008-08-14,1218720600,99.88,100,99.692,99.92999,417861
2008-08-15,1218807000,100.23,100.24001,99.99921,100.22009,333144
2008-08-18,1219066200,100.25,100.42,100.12801,100.39,526501
2008-08-19,1219152600,100.38,100.38,100.09801,100.31,284370
2008-08-20,1219239000,100.46001,100.72,100.27,100.47,277351
2008-08-21,1219325400,100.45,100.57001,100.2301,100.49001,361784
2008-08-22,1219411800,100.19,100.41,100.1102,100.3799,497793
2008-08-25,1219671000,100.75999,100.75999,100.53,100.69,267817
2008-08-26,1219757400,100.52,100.73,100.44,100.57001,634310
2008-08-27,1219843800,100.58,100.88,100.39,100.69,334368
2008-08-28,1219930200,100.81,100.97,100.63,100.78,372507
2008-08-29,1220016600,101.25999,101.25999,100.42,100.75,701477
2008-09-02,1220362200,100.31,100.72,100.03999,100.69,1275463
2008-09-03,1220448600,100.7,100.87,100.5,100.67,419791
2008-09-04,1220535000,100.99001,101.19,100.82001,101.03999,338707
2008-09-05,1220621400,101.24001,101.38,100.74001,100.74001,667093
2008-09-08,1220880600,100.96001,101.50999,100.84,101.37,873280
2008-09-09,1220967000,101.47,101.88,101.31,101.82001,540340
2008-09-10,1221053400,101.39999,101.82001,101.39999,101.75,515383
2008-09-11,1221139800,101.89999,101.89999,101.5,101.62,371724
2008-09-12,1221226200,101.7,101.72,101,101.21001,514788
2008-09-15,1221485400,101.35001,101.85001,101.25,101.61,386888
2008-09-16,1221571800,102.02,102.08,100.58,100.58,675971
2008-09-17,1221658200,100.77,101.27,100.60001,100.83,707896
2008-09-18,1221744600,100.5,101.19,100.25,100.55,1016870
2008-09-19,1221831000,100,101.49001,99.77,101,1984990
2008-09-22,1222090200,99.88,100.72,99.00101,99.42,1719452
2008-09-23,1222176600,99.32001,99.60001,99,99.26801,435443
2008-09-24,1222263000,99,99.45,98.75,99.39,2371473
2008-09-25,1222349400,99.5,99.5,98.60001,99.21001,633159
2008-09-26,1222435800,98.66,99.3,98.14999,98.71001,473107
2008-09-29,1222695000,98.55,99.22,97,98.25999,759165
2008-09-30,1222781400,98.25,99.28999,97.03,98.59,655322
2008-10-01,1222867800,97.89999,98.78,94.5,97.5,799942
2008-10-02,1222954200,97.45,98.42,96.92,97.88,400368
2008-10-03,1223040600,98.22,98.62,96.86,98.62,501109
2008-10-06,1223299800,98.62,99.45,95.55,98.64999,798282
2008-10-07,1223386200,98.41,98.60001,96.52,96.61,817962
2008-10-08,1223472600,96.17,96.96001,93.05,94.67,834944
2008-10-09,1223559000,94.52,95.37,92.89999,94.89,946520
2008-10-10,1223645400,91.3,91.99001,86.8,88.39999,1559609
2008-10-13,1223904600,90.39,93.56,90,91.82001,910933
2008-10-14,1223991000,92.63,95.25,92.60001,93.75,773061
2008-10-15,1224077400,94.42,95.8,92.78999,95.25,678118
2008-10-16,1224163800,95.25,95.78999,93.49001,93.754,482853
2008-10-17,1224250200,93.38,95.96001,92.50999,94.09,588586
2008-10-20,1224509400,94.89,96.16,94.41,95.77,537544
2008-10-21,1224595800,96.41,97.22,94.60001,96.61,570909
2008-10-22,1224682200,97.27,98,96.75,97.73,666799
2008-10-23,1224768600,97.97,97.97,95.50999,96.00999,855319
2008-10-24,1224855000,96.14999,96.35001,94.89439,95.2,400064
2008-10-27,1225114200,94.7,95.85001,93.7,94.25,675311
2008-10-28,1225200600,94.7,95.24001,93.75,94.58,602604
2008-10-29,1225287000,95.21001,96.5,94.67999,96.38,597774
2008-10-30,1225373400,96.35001,96.35001,95.37,96.25999,386317
2008-10-31,1225459800,95.53999,96.3,95.11,95.96001,732693
2008-11-03,1225722600,95.99001,95.99001,93.50999,94.03999,613654
2008-11-04,1225809000,95.16,95.78,94.53,95.55,531009
2008-11-05,1225895400,96.83,97,96.19,97,612577
2008-11-06,1225981800,97.49001,97.49001,96.31,96.60001,515932
2008-11-07,1226068200,96.87,97.14,95.23,97.09,878450
2008-11-10,1226327400,97.28999,97.41,95.91,96.47,424315
2008-11-11,1226413800,95.95,97.38,95.95,97.2,402449
2008-11-12,1226500200,97.58,97.61,96.03,96.36,823298
2008-11-13,1226586600,96.67999,97.16,96.16,96.69,523763
2008-11-14,1226673000,97,97,96.32001,96.98,546005
2008-11-17,1226932200,96.91,97.24001,96.62,97.24001,407470
2008-11-18,1227018600,97.07001,97.39999,96.96001,97.10001,414903
2008-11-19,1227105000,97.46001,97.88721,97.3,97.38,546491
2008-11-20,1227191400,97.89999,97.93851,97.16,97.39999,826106
2008-11-21,1227277800,97.39999,97.86,96.42,96.62,1015122
2008-11-24,1227537000,97.11,97.75999,96.03999,96.61,1523947
2008-11-25,1227623400,97.74001,99.12,97.67,99.02,1049802
2008-11-26,1227709800,99.2,99.77,98.28999,98.64,859476
2008-11-28,1227882600,98.92999,99.25999,98.10001,98.45,294762
2008-12-01,1228141800,98.98,99.48,98.42999,99.42999,604083
2008-12-02,1228228200,99.00999,99.67999,98.86,99.53,641539
2008-12-03,1228314600,99.60001,99.60001,98.89999,99.53999,583257
2008-12-04,1228401000,99.62,99.87,99.02,99.87,713895
2008-12-05,1228487400,99.50999,99.97,97.88,99.32001,616391
2008-12-08,1228746600,99.82001,99.82001,99,99.19099,653528
2008-12-09,1228833000,99.75,100.12,99.21001,100.12,762004
2008-12-10,1228919400,99.64999,100.14999,99.62,99.94,810005
2008-12-11,1229005800,100.2,100.46001,99.74001,100.46001,682088
2008-12-12,1229092200,100.60001,100.64999,99.7,100.49001,679711
2008-12-15,1229351400,100.42999,100.73,100.17999,100.73,500963
2008-12-16,1229437800,100.33,101.13,100.3,101.13,670734
2008-12-17,1229524200,101.75999,102.09,101.00999,101.67,938589
2008-12-18,1229610600,101.91,102.46001,101.1239,102.31,931072
2008-12-19,1229697000,101.92999,102.31,101.5,101.98,829657
2008-12-22,1229956200,102.3,102.53999,101.98,102.53,1490196
2008-12-23,1230042600,102.28999,103.53999,102.14,103.53,774103
2008-12-24,1230129000,103.28,104.19,103.17,104.02,491497
2008-12-26,1230301800,104.10001,104.22,103.48,103.67,467221
2008-12-29,1230561000,103.03,104.19,103.03,104.09,613945
2008-12-30,1230647400,103.66,104.35001,103.55,104.12801,570294
2008-12-31,1230733800,104.24001,104.33,103.53999,104.2,612055
2009-01-02,1230906600,103.75,104.39,103.5,103.55,484596
2009-01-05,1231165800,103.5,105.32001,103.10001,105.2,3306323
2009-01-06,1231252200,104.74001,104.87,103.41,104.61,670148
2009-01-07,1231338600,104.21001,104.28,103.25999,103.64999,1222710
2009-01-08,1231425000,103.91,104.06,102.60001,102.86,1616257
2009-01-09,1231511400,102.71001,103.31,102.34,102.50999,1137563
2009-01-12,1231770600,102.5,103.28,102.37,103.05,774326
2009-01-13,1231857000,103.3,103.31,102.78999,103.22,585591
2009-01-14,1231943400,103.45,103.45,102.61,103.08,951863
2009-01-15,1232029800,102.85001,103.52,102.64999,103.07001,1047367
2009-01-16,1232116200,102.97,103.86,102.81,103.60001,608700
2009-01-20,1232461800,102.71001,103.19,102.64,103.06,663089
2009-01-21,1232548200,103.23,103.23,102.50999,102.52,621118
2009-01-22,1232634600,102.69,102.69,101.8,102.08,446723
2009-01-23,1232721000,102.02,102.39,101.64,101.92,577941
2009-01-26,1232980200,101.73,102.07001,100.88,101.82001,550718
2009-01-27,1233066600,101.63,102.5,101.45,102.34,541158
2009-01-28,1233153000,102.74001,102.77,102.13,102.39999,478311
2009-01-29,1233239400,102.27,102.53999,101.401,101.49001,869588
2009-01-30,1233325800,101.64999,102.33,101.63,102.13,608217
2009-02-02,1233585000,101.72,102.15601,101.57001,101.59,591994
2009-02-03,1233671400,101.75999,102,101.14,101.14,575159
2009-02-04,1233757800,101.3,101.46001,100.87,101,673384
2009-02-05,1233844200,101.27,101.47,100.61,100.67999,702108
2009-02-06,1233930600,100.92,101.17999,99.97,100.95,1936797
2009-02-09,1234189800,101.14999,101.24001,100.73,100.96001,588225
2009-02-10,1234276200,101.14999,101.7964,100.85001,101.58,524742
2009-02-11,1234362600,101.48,102.14999,101.39999,101.56,518722
2009-02-12,1234449000,101.89999,102.2,101.64999,102.10001,366863
2009-02-13,1234535400,101.39,102.03,101.39,101.78999,851827
2009-02-17,1234881000,102.14999,102.25999,101.64,101.87,436082
2009-02-18,1234967400,101.89,102.1001,101.59,101.66,495753
2009-02-19,1235053800,101.60001,101.7,101.25999,101.5,532306
2009-02-20,1235140200,101.67999,101.91,100.77,100.98,656297
2009-02-23,1235399400,101.64999,101.64999,100.89999,101.5,621430
2009-02-24,1235485800,101.34,101.85001,101.11,101.3,605550
2009-02-25,1235572200,101.25,101.42,101.03999,101.21001,485773
2009-02-26,1235658600,100.77,101.10001,100.61,100.67999,509293
2009-02-27,1235745000,100.62,100.95,100.5,100.69,463771
2009-03-02,1236004200,100.7,100.82001,100.3,100.7,627391
2009-03-03,1236090600,100.55,100.67999,100.09,100.57001,970616
2009-03-04,1236177000,100.38,100.38,99.7672,100.10001,548818
2009-03-05,1236263400,100.28999,100.67,100.05,100.42999,684930
2009-03-06,1236349800,100.56,100.71001,100.14999,100.7,701138
2009-03-09,1236605400,100.71001,100.71001,100.00999,100.00999,645269
2009-03-10,1236691800,99.89999,100.25,99.82001,100.24001,507425
2009-03-11,1236778200,100.33,100.57001,99.85001,100.48,607469
2009-03-12,1236864600,100.42999,100.73,100.25,100.57001,603453
2009-03-13,1236951000,100.39999,100.74001,100.35001,100.67,561307
2009-03-16,1237210200,100.24001,100.47,100.174,100.36,643973
2009-03-17,1237296600,100.52,100.60001,100.03,100.06,644135
2009-03-18,1237383000,100.2,101.88139,100.12,101.64999,493614
2009-03-19,1237469400,101.74001,102.89,101.41,101.8968,738491
2009-03-20,1237555800,101.89,102.03,101.2619,101.33,513030
2009-03-23,1237815000,101.44,101.4882,101.17,101.33,518070
2009-03-24,1237901400,100.83,101.17999,100.64,100.64,934035
2009-03-25,1237987800,100.66,101,100.09,100.2,1240962
2009-03-26,1238074200,100.38,100.47,100.05,100.39999,1187868
2009-03-27,1238160600,100.62,100.89,100.14,100.48,1303850
2009-03-30,1238419800,100.41,101.09,100.41,100.95,616285
2009-03-31,1238506200,101,101.47,100.73,101.47,638055
2009-04-01,1238592600,101.19,101.2836,100.61,101.073,579063
2009-04-02,1238679000,101.11,101.12,100.53999,100.75,960438
2009-04-03,1238765400,100.89999,100.89999,100.00999,100.42,3081411
2009-04-06,1239024600,100.66,100.67999,100.10001,100.39999,495064
2009-04-07,1239111000,100.42,100.47,100.00999,100.24001,807080
2009-04-08,1239197400,100.42999,100.72,100.3,100.57001,528342
2009-04-09,1239283800,100.28,100.71001,100.21001,100.42,564085
2009-04-13,1239629400,100.82001,101.14999,100.33,101.14999,475741
2009-04-14,1239715800,100.7,101.14,100.63,101.13,594176
2009-04-15,1239802200,101.21001,101.41,101,101.41,534406
2009-04-16,1239888600,101.25999,101.32001,101.02,101.23,457622
2009-04-17,1239975000,101.05,101.11,100.67,100.67,486890
2009-04-20,1240234200,101.11,101.25,100.78,101.25,705549
2009-04-21,1240320600,101.41,101.42,100.86,100.92999,702062
2009-04-22,1240407000,101.02,101.25999,100.85001,101.2,448461
2009-04-23,1240493400,101.2,101.36,100.96001,101.33,318695
2009-04-24,1240579800,101.37,101.44,101,101.44,533305
2009-04-27,1240839000,101.58,101.83,101.254,101.60001,614350
2009-04-28,1240925400,101.91,101.91,101.41,101.57001,397707
2009-04-29,1241011800,101.69,101.69,101.10001,101.14999,487955
2009-04-30,1241098200,101.33,101.64,100.96201,101.64,760661
2009-05-01,1241184600,101.08,101.16,100.75,100.92,536080
2009-05-04,1241443800,101.31,101.41,100.78,101,690512
2009-05-05,1241530200,101.32001,101.58,101.00999,101.21001,886548
2009-05-06,1241616600,101.38,101.7,101.28999,101.44,833612
2009-05-07,1241703000,101.5,101.67,100.8,100.99001,1418928
2009-05-08,1241789400,101.08,101.42,100.84,101.17999,705911
2009-05-11,1242048600,101.14,101.57001,101.14,101.25,431873
2009-05-12,1242135000,101.3,101.84,101.27,101.81,786650
2009-05-13,1242221400,101.95,102.14,101.60001,101.89999,430696
2009-05-14,1242307800,102.05,102.07761,101.69,101.96001,453834
2009-05-15,1242394200,101.84,102.19,101.84,102.19,616115
2009-05-18,1242653400,102.19,102.22,101.8024,101.89,420886
2009-05-19,1242739800,101.85001,102.05,101.8,101.98,586069
2009-05-20,1242826200,101.95,102.5,101.92,102.28999,543529
2009-05-21,1242912600,102.3,102.44,101.75,101.97,393387
2009-05-22,1242999000,101.89,101.96001,101.60001,101.7,433377
2009-05-26,1243344600,101.87,101.89,101.35001,101.47,469269
2009-05-27,1243431000,101.45,101.56,100.75,100.91,636112
2009-05-28,1243517400,100.84,101.07001,100.42,100.95,634199
2009-05-29,1243603800,100.8,102.14999,100.8,102.03,1142053
2009-06-01,1243863000,101.23,101.35001,100.39,100.46001,1111001
2009-06-02,1243949400,101.06,101.23,100.55499,101.14999,618024
2009-06-03,1244035800,101,101.48,101,101.42999,797677
2009-06-04,1244122200,101.28999,101.28999,100.53999,100.59,591830
2009-06-05,1244208600,100.5,100.57001,100.07001,100.07001,479005
2009-06-08,1244467800,100.05,100.30299,99.8,99.8,648744
2009-06-09,1244554200,100.14,100.37,99.98,100.25,442254
2009-06-10,1244640600,100.00999,100.53999,99.97,99.97,772556
2009-06-11,1244727000,99.89999,100.67,99.56,100.32001,481833
2009-06-12,1244813400,100.33,100.91,100.33,100.81,357947
2009-06-15,1245072600,101.10001,101.19,100.78,101.19,490965
2009-06-16,1245159000,101.13,101.42999,100.95,101.33,430818
2009-06-17,1245245400,101.5,101.77,101.34,101.53,454824
2009-06-18,1245331800,101.35001,101.35989,100.85001,100.87,550281
2009-06-19,1245418200,100.66,101.25,100.66,101.24001,584332
2009-06-22,1245677400,101.56,101.64,101.25,101.39,516788
2009-06-23,1245763800,101.44,101.8,101.28999,101.72,524263
2009-06-24,1245850200,101.64999,101.99001,101.45,101.45,525658
2009-06-25,1245936600,101.58,102.1188,101.44,101.92,575104
2009-06-26,1246023000,102.09,102.22,101.92,102.22,471300
2009-06-29,1246282200,102.03,102.37,102.03,102.13,398397
2009-06-30,1246368600,101.98,102.3,101.92,102.14999,805409
2009-07-01,1246455000,101.62,101.87,101.56,101.77,450547
2009-07-02,1246541400,101.75,102.16,101.75,102.00999,532916
2009-07-06,1246887000,101.89,102.10001,101.85001,101.92999,436553
2009-07-07,1246973400,101.99001,102.3,101.97,102.25999,518524
2009-07-08,1247059800,102.23,102.82001,102.23,102.82001,789989
2009-07-09,1247146200,102.46001,102.69,102.31,102.53,600023
2009-07-10,1247232600,102.72,103,102.63,102.88,504582
2009-07-13,1247491800,102.89999,103.12,102.77,102.83,397753
2009-07-14,1247578200,102.60001,102.77,102.41,102.52,529657
2009-07-15,1247664600,102.21001,102.39,101.85001,101.85001,849541
2009-07-16,1247751000,102.00999,102.36,102.00999,102.17,410709
2009-07-17,1247837400,102.00999,102.27,101.98,102.17,437206
2009-07-20,1248096600,102.00999,102.49001,101.97,102.28999,675313
2009-07-21,1248183000,102.09,103.00999,102.09,103,812645
2009-07-22,1248269400,102.89,102.96001,102.53,102.64999,450507
2009-07-23,1248355800,102.74001,102.74001,102.24001,102.39,564432
2009-07-24,1248442200,102.2,102.55,102.11,102.39,579853
2009-07-27,1248701400,102,102.37,101.85001,102.08,883338
2009-07-28,1248787800,102.00999,102.53,102.00999,102.27,674501
2009-07-29,1248874200,102.56,102.67999,102.16,102.45,451361
2009-07-30,1248960600,102.28,102.7,102.21001,102.58,1109513
2009-07-31,1249047000,102.95,103.33,102.75,103.10001,1058816
2009-08-03,1249306200,102.78,102.78999,102.31,102.55,716602
2009-08-04,1249392600,102.78999,102.86,102.14,102.24001,629823
2009-08-05,1249479000,102.33,102.33,102,102.14999,608162
2009-08-06,1249565400,102.2,102.35001,102.03,102.2,564282
2009-08-07,1249651800,101.71001,102.09,101.36,101.59,1076896
2009-08-10,1249911000,102.03999,102.42999,101.66,102.38,920607
2009-08-11,1249997400,102.63,102.75,102.44,102.74001,741364
2009-08-12,1250083800,102.78,102.82001,102.3208,102.69,672038
2009-08-13,1250170200,102.75999,103.17,102.6216,102.95,523672
2009-08-14,1250256600,103.17,103.44,103.02,103.13,453529
2009-08-17,1250515800,103.33,103.59,103.03999,103.56,631252
2009-08-18,1250602200,103.42,103.55,103.22,103.22,442343
2009-08-19,1250688600,103.33,103.60001,103.2132,103.42999,486879
2009-08-20,1250775000,103.52,103.61,100.22,103.60001,596566
2009-08-21,1250861400,103.63,103.66,103,103,504878
2009-08-24,1251120600,103.10001,103.56,102.95,103.42,434359
2009-08-25,1251207000,103.22,103.7,103.22,103.59,477379
2009-08-26,1251293400,103.67999,103.84,103.61301,103.74001,692323
2009-08-27,1251379800,103.5,103.73,103.42,103.66,487272
2009-08-28,1251466200,103.49001,103.87,103.42999,103.59,503564
2009-08-31,1251725400,103.75,104.02,103.7,104.02,809510
2009-09-01,1251811800,103.56,103.81,103.36,103.50999,816118
2009-09-02,1251898200,103.66,104.17999,103.50999,104.06,843119
2009-09-03,1251984600,103.83,104.03,103.66,103.87,750862
2009-09-04,1252071000,103.85001,103.96001,103.59151,103.67,542294
2009-09-08,1252416600,103.55,103.78999,103.52,103.52,473426
2009-09-09,1252503000,103.48,103.7899,103.412,103.7204,605708
2009-09-10,1252589400,103.87,104.34,103.72,104.25,567119
2009-09-11,1252675800,104.31,104.47,104.142,104.24001,447437
2009-09-14,1252935000,104,104.38,104,104.09,375381
2009-09-15,1253021400,103.96001,104.16,103.89999,103.92999,471586
2009-09-16,1253107800,104.11,104.14,103.89,104.00999,595067
2009-09-17,1253194200,104.07001,104.5,103.99001,104.5,468395
2009-09-18,1253280600,104.25,104.39,104.12,104.24001,470212
2009-09-21,1253539800,104.2,104.39,104.09,104.16,433586
2009-09-22,1253626200,104.03,104.32001,104.03,104.09,566986
2009-09-23,1253712600,104.14,104.39,104,104.35001,616615
2009-09-24,1253799000,104.39,104.59,104.332,104.48,459110
2009-09-25,1253885400,104.56,104.78999,104.47,104.78999,512079
2009-09-28,1254144600,104.73,104.83,104.59,104.78,610396
2009-09-29,1254231000,104.67,104.85001,104.53,104.73,937676
2009-09-30,1254317400,104.64999,104.92,104.64,104.92,818790
2009-10-01,1254403800,104.64,104.84,104.39999,104.82001,784646
2009-10-02,1254490200,105.00999,107.95,104.53,104.62,683656
2009-10-05,1254749400,104.82001,104.95,104.64999,104.69,666889
2009-10-06,1254835800,104.78999,104.82001,104.53999,104.53999,508939
2009-10-07,1254922200,104.86,105.06,104.78,104.96001,531468
2009-10-08,1255008600,105.10001,105.12,104.67999,104.89,511974
2009-10-09,1255095000,104.67999,104.71001,104.14999,104.16,567423
2009-10-12,1255354200,104.42999,104.46001,104.2,104.39999,416934
2009-10-13,1255440600,104.56,104.67999,104.46001,104.66,380150
2009-10-14,1255527000,104.28999,104.53999,104.28999,104.41,491367
2009-10-15,1255613400,104.23,104.32001,104.03,104.25,727608
2009-10-16,1255699800,104.17999,104.33,104.08,104.24001,458608
2009-10-19,1255959000,104.31,104.45,104.03011,104.45,455433
2009-10-20,1256045400,104.56,104.7,104.50999,104.7,473218
2009-10-21,1256131800,104.53,104.63,104.2825,104.63,460461
2009-10-22,1256218200,104.39999,104.53999,104.3,104.47,518660
2009-10-23,1256304600,104.33,104.45,104.24001,104.34,677292
2009-10-26,1256563800,104.28,104.47,104.03,104.06,470497
2009-10-27,1256650200,104.21001,104.53,104.10001,104.47,420045
2009-10-28,1256736600,104.48,104.66,104.33,104.62,651635
2009-10-29,1256823000,104.53,104.57001,104.28999,104.41,590384
2009-10-30,1256909400,104.5,104.842,104.46001,104.81,515202
2009-11-02,1257172200,104.55,104.60001,104.24001,104.32001,1036685
2009-11-03,1257258600,104.39999,104.50999,104.17,104.17999,684520
2009-11-04,1257345000,104.24001,104.41,104.00999,104.00999,490690
2009-11-05,1257431400,104,104.33,103.7,104.28,899245
2009-11-06,1257517800,104.24001,104.46001,104.17799,104.37,435501
2009-11-09,1257777000,104.45,104.57001,104.34599,104.50999,509308
2009-11-10,1257863400,104.60001,104.67999,104.41,104.53999,464460
2009-11-11,1257949800,104.5,104.81,104.46001,104.58,509792
2009-11-12,1258036200,104.52,104.78999,104.34,104.78999,506981
2009-11-13,1258122600,104.77,104.89999,104.58,104.89999,407918
2009-11-16,1258381800,104.82001,105.28999,104.82001,105.14999,479859
2009-11-17,1258468200,105.06,105.24001,105,105.24001,681381
2009-11-18,1258554600,105.19,105.36,104.89999,105.02,528059
2009-11-19,1258641000,105.17999,105.24001,104.99001,105.13,393584
2009-11-20,1258727400,105.16,105.2,105.03,105.17,422451
2009-11-23,1258986600,105.05,105.17,104.92,105.14999,470581
2009-11-24,1259073000,105.25999,105.46001,105.03,105.46001,507960
2009-11-25,1259159400,105.41,105.56,105.28999,105.56,418188
2009-11-27,1259332200,105.31,105.64999,105.3,105.64999,182468
2009-11-30,1259591400,105.63,105.83,105.34,105.83,632658
2009-12-01,1259677800,105.35001,105.42,105.17,105.22,788750
2009-12-02,1259764200,105.19,105.3,104.94,105.02,480240
2009-12-03,1259850600,104.95,105.03,104.77,105.03,744730
2009-12-04,1259937000,104.67,104.89999,104.47,104.82001,1243094
2009-12-07,1260196200,104.86,105,104.75,104.92,558117
2009-12-08,1260282600,105.14999,105.28,105.03,105.06,708267
2009-12-09,1260369000,105.10001,105.2,104.89999,104.95,455120
2009-12-10,1260455400,104.87,104.95,104.71001,104.87,533053
2009-12-11,1260541800,104.74001,104.75999,104.56,104.62,517132
2009-12-14,1260801000,104.82001,104.83,104.64,104.67999,423268
2009-12-15,1260887400,104.45,104.56,104.36,104.39,475183
2009-12-16,1260973800,104.50999,104.72,104.5,104.58,518962
2009-12-17,1261060200,104.8,104.85001,104.62,104.75,481638
2009-12-18,1261146600,104.82001,105,104.74001,104.75,525867
2009-12-21,1261405800,104.67,104.7,104.28999,104.314,628488
2009-12-22,1261492200,104.13,104.16991,103.88,104.00999,609370
2009-12-23,1261578600,104.08,104.2,104,104.05,589020
2009-12-24,1261665000,103.88,103.99001,103.73,103.87,388653
2009-12-28,1262010600,103.77,103.89999,103.2,103.24001,3458313
2009-12-29,1262097000,103.11,103.2,103,103.06,833797
2009-12-30,1262183400,103.3,103.32001,103.08,103.32001,531924
2009-12-31,1262269800,103.03999,103.3,102.78191,103.19,651797
2010-01-04,1262615400,103.27,103.41,103.14999,103.31,987879
2010-01-05,1262701800,103.62,103.82001,103.52,103.78,500418
2010-01-06,1262788200,103.82001,103.82001,103.41,103.72,714211
2010-01-07,1262874600,103.66,103.71001,103.472,103.60001,705695
2010-01-08,1262961000,103.87,103.87,103.53999,103.66,412240
2010-01-11,1263220200,103.64999,103.72,103.50999,103.58,684587
2010-01-12,1263306600,103.87,104.24001,103.82001,104.24001,1818439
2010-01-13,1263393000,104.09,104.17,103.78999,103.8,530839
2010-01-14,1263479400,103.97,104.17999,103.87,104.07001,498510
2010-01-15,1263565800,104.3,104.39999,104.17999,104.2655,575231
2010-01-19,1263911400,104.2,104.25999,104,104.10001,754719
2010-01-20,1263997800,104.27,104.39999,104.2,104.37,614176
2010-01-21,1264084200,104.37,104.64999,104.27,104.39999,540125
2010-01-22,1264170600,104.38,104.64,104.35001,104.46001,426599
2010-01-25,1264429800,104.49001,104.49001,104.25999,104.45,514170
2010-01-26,1264516200,104.64999,104.71001,104.47,104.58,1288127
2010-01-27,1264602600,104.47,104.71001,104.4335,104.5,618238
2010-01-28,1264689000,104.39999,104.56,104.34,104.41,640216
2010-01-29,1264775400,104.34,104.72,104.32001,104.64999,748509
2010-02-01,1265034600,104.36,104.39999,104.13,104.17999,501230
2010-02-02,1265121000,104.2,104.33,104.192,104.3,618904
2010-02-03,1265207400,104.14,104.25,103.89,104.11,2040533
2010-02-04,1265293800,104.28,104.52,104.22099,104.36,595222
2010-02-05,1265380200,104.42999,104.74001,104.27811,104.39999,777556
2010-02-08,1265639400,104.50999,104.60001,104.33,104.60001,658331
2010-02-09,1265725800,104.41,104.64,104.35001,104.41,707026
2010-02-10,1265812200,104.42,104.47,104.03999,104.17,458252
2010-02-11,1265898600,104.03999,104.10001,103.82001,103.998,547366
2010-02-12,1265985000,104.24001,104.25999,104.02,104.02,506063
2010-02-16,1266330600,104.03,104.33,103.97,104.28,592771
2010-02-17,1266417000,104.24001,104.25999,103.91,103.96001,509182
2010-02-18,1266503400,103.99001,104.10001,103.75,103.92,400050
2010-02-19,1266589800,103.75,104,103.69099,104,501451
2010-02-22,1266849000,103.88,104.00999,103.78,103.82001,1120683
2010-02-23,1266935400,103.92,104.25,103.92,104.19,539377
2010-02-24,1267021800,104.31,104.4072,104.17,104.3,542031
2010-02-25,1267108200,104.46001,104.50999,104.23,104.50999,658714
2010-02-26,1267194600,104.5,104.64999,104.5,104.53,658574
2010-03-01,1267453800,104.35001,104.4799,104.25,104.36,617998
2010-03-02,1267540200,104.28999,104.45,104.28999,104.39999,661200
2010-03-03,1267626600,104.3,104.45,104.28999,104.39999,492590
2010-03-04,1267713000,104.34,104.6299,104.34,104.59,782621
2010-03-05,1267799400,104.5,104.5,104.25,104.39,1057414
2010-03-08,1268058600,104.39,104.47,104.3,104.46001,1827030
2010-03-09,1268145000,104.62,104.64,104.48,104.58,1140135
2010-03-10,1268231400,104.38,104.50999,104.38,104.50999,511974
2010-03-11,1268317800,104.47,104.60001,104.42,104.50999,540143
2010-03-12,1268404200,104.49001,104.63,104.39999,104.515,854135
2010-03-15,1268659800,104.62,104.66,104.49989,104.64999,832517
2010-03-16,1268746200,104.64,104.89,104.59,104.84,507659
2010-03-17,1268832600,104.8,104.97,104.8,104.92,662090
2010-03-18,1268919000,104.91,104.918,104.78999,104.83,618168
2010-03-19,1269005400,104.75999,104.8526,104.7,104.75,388513
2010-03-22,1269264600,104.87,104.91,104.75,104.83,526665
2010-03-23,1269351000,104.78999,104.94,104.78999,104.85001,725634
2010-03-24,1269437400,104.67,104.67,104.22,104.32001,602640
2010-03-25,1269523800,104.23,104.24001,103.86,104.05,1416634
2010-03-26,1269610200,103.97,104.25,103.96001,104.22,1251062
2010-03-29,1269869400,104.25,104.25,104.03999,104.10001,479912
2010-03-30,1269955800,104.12,104.19479,104.0201,104.14,460469
2010-03-31,1270042200,104.17,104.34,104.14999,104.2,808281
2010-04-01,1270128600,103.82001,103.92999,103.72,103.84,1386071
2010-04-05,1270474200,103.59,103.59,103.13,103.19901,849257
2010-04-06,1270560600,103.28,103.47,103.28,103.33,934732
2010-04-07,1270647000,103.39999,103.77,103.39999,103.77,746594
2010-04-08,1270733400,103.91,103.9399,103.64,103.67,406657
2010-04-09,1270819800,103.71001,103.82001,103.60001,103.78,414180
2010-04-12,1271079000,103.91,104.03999,103.8,104.02,476437
2010-04-13,1271165400,104.12,104.22,104.05099,104.19,680894
2010-04-14,1271251800,104.14999,104.25,103.97,104.07001,513557
2010-04-15,1271338200,104.03999,104.27,103.89,104.25999,837685
2010-04-16,1271424600,104.3,104.5,104.22,104.42,479247
2010-04-19,1271683800,104.41,104.5,104.21001,104.23,769490
2010-04-20,1271770200,104.23,104.39999,104.2,104.39999,652170
2010-04-21,1271856600,104.39999,104.58,104.32001,104.58,747505
2010-04-22,1271943000,104.55,104.64999,104.28999,104.37,653999
2010-04-23,1272029400,104.2,104.28999,104.1337,104.24001,480959
2010-04-26,1272288600,104.3,104.38,104.2,104.23,587097
2010-04-27,1272375000,104.37,104.72,104.35001,104.56,950880
2010-04-28,1272461400,104.41,104.56,104.3,104.39999,929559
2010-04-29,1272547800,104.42,104.53,104.33,104.44,662261
2010-04-30,1272634200,104.49001,104.95,104.49001,104.89,920108
2010-05-03,1272893400,104.39999,104.489,104.25,104.38,638542
2010-05-04,1272979800,104.74001,104.82001,104.56,104.8,690144
2010-05-05,1273066200,104.89,105,104.72,104.72,662380
2010-05-06,1273152600,104.91,105.59,104.72,104.87,1366586
2010-05-07,1273239000,105.10001,105.5,104.39999,104.41,1415335
2010-05-10,1273498200,104.42,104.62,104.34,104.39999,1173510
2010-05-11,1273584600,104.8,104.8,104.45,104.78999,417479
2010-05-12,1273671000,104.67,104.78999,104.57001,104.67999,426583
2010-05-13,1273757400,104.88,104.92,104.66,104.83,352641
2010-05-14,1273843800,105.17,105.36,104.98,105.21001,585543
2010-05-17,1274103000,105.13,105.4899,105.05,105.13,312845
2010-05-18,1274189400,105.28,105.53999,105.16,105.49001,572344
2010-05-19,1274275800,105.52,105.63,105.34,105.53999,577274
2010-05-20,1274362200,105.75999,105.83099,105.3,105.45,876890
2010-05-21,1274448600,105.75999,105.97,105.56,105.89999,1048179
2010-05-24,1274707800,105.89999,106,105.82001,105.84,1322609
2010-05-25,1274794200,106.10001,106.27,105.92999,105.97,1154604
2010-05-26,1274880600,105.91,105.94,105.7,105.85001,886314
2010-05-27,1274967000,105.67,105.67,105.37,105.60001,1072414
2010-05-28,1275053400,105.58,105.81,105.57001,105.71001,658875
2010-06-01,1275399000,105.33,105.61,105.28999,105.56,1717415
2010-06-02,1275485400,105.59,105.63,105.439,105.45,1241585
2010-06-03,1275571800,105.32001,105.50999,105.23,105.39999,1231246
2010-06-04,1275658200,105.67,105.82001,105.50999,105.67,1365310
2010-06-07,1275917400,105.57001,105.99001,105.57001,105.98,417044
2010-06-08,1276003800,105.96001,106.03999,105.86,105.86,636346
2010-06-09,1276090200,105.8,105.96001,105.67,105.92,538961
2010-06-10,1276176600,105.75999,105.83,105.55,105.60001,649194
2010-06-11,1276263000,105.64,105.88699,105.5701,105.66,441931
2010-06-14,1276522200,105.64,105.81,105.46001,105.81,600174
2010-06-15,1276608600,105.86,105.95,105.64999,105.81,882769
2010-06-16,1276695000,105.72,105.99001,105.72,105.968,654096
2010-06-17,1276781400,105.95,106.35001,105.95,106.22,776066
2010-06-18,1276867800,106.34,106.34,106.03,106.05,633993
2010-06-21,1277127000,105.97,106.28,105.82001,106.28,696010
2010-06-22,1277213400,106.28,106.46001,106.13,106.39,560080
2010-06-23,1277299800,106.35001,106.74001,106.35001,106.66,334116
2010-06-24,1277386200,106.8,106.88,106.4919,106.57001,812256
2010-06-25,1277472600,106.47,106.78999,106.47,106.72,513737
2010-06-28,1277731800,106.97,107,106.8101,106.92,529523
2010-06-29,1277818200,107.17,107.25999,106.976,107.24001,468951
2010-06-30,1277904600,107.32001,107.35001,107.03999,107.25,1050800
2010-07-01,1277991000,107.00999,107.12,106.78999,106.88,744789
2010-07-02,1278077400,106.69,106.886,106.67999,106.73,586057
2010-07-06,1278423000,106.85001,107.10001,106.75,107.06,553106
2010-07-07,1278509400,107.13,107.14999,106.89999,106.92,1011178
2010-07-08,1278595800,106.82001,106.98,106.67,106.89999,622025
2010-07-09,1278682200,106.67,106.91,106.67,106.74001,490599
2010-07-12,1278941400,106.89999,107,106.8,106.86,323437
2010-07-13,1279027800,106.86,106.87,106.58,106.59,402205
2010-07-14,1279114200,106.74001,106.98,106.73,106.95,786859
2010-07-15,1279200600,107.06,107.2365,106.97,107.10001,1254984
2010-07-16,1279287000,107.28999,107.49001,107.2,107.42999,386026
2010-07-19,1279546200,107.38,107.46899,107.25999,107.33,425588
2010-07-20,1279632600,107.39999,107.5,107.24001,107.25,616860
2010-07-21,1279719000,107.25999,107.75,107.25999,107.72,518400
2010-07-22,1279805400,107.63,107.63,107.491,107.62,919905
2010-07-23,1279891800,107.64,107.64,107.28999,107.42999,708755
2010-07-26,1280151000,107.47,107.47,107.24001,107.41,836250
2010-07-27,1280237400,107.39,107.48801,107.32001,107.37,516852
2010-07-28,1280323800,107.37,107.6098,107.36,107.57001,494972
2010-07-29,1280410200,107.44,107.67,107.4019,107.67,444750
2010-07-30,1280496600,107.94,107.96001,107.72,107.85001,937006
2010-08-02,1280755800,107.49001,107.56,107.32001,107.41,1532341
2010-08-03,1280842200,107.56,107.63,107.42,107.48,1149991
2010-08-04,1280928600,107.48,107.58,107.14999,107.28999,981780
2010-08-05,1281015000,107.42999,107.49001,107.28,107.42,972148
2010-08-06,1281101400,107.67,107.735,107.48,107.63,809159
2010-08-09,1281360600,107.66,107.67999,107.53,107.63,506868
2010-08-10,1281447000,107.63,107.92,107.56,107.81,571847
2010-08-11,1281533400,107.91,107.95599,107.78999,107.91,682235
2010-08-12,1281619800,107.92999,107.98,107.67,107.74001,671506
2010-08-13,1281706200,107.77,108,107.67,107.99001,580219
2010-08-16,1281965400,108.33,108.3699,108.21001,108.35001,773170
2010-08-17,1282051800,108.24001,108.25999,108.11,108.22,513479
2010-08-18,1282138200,108.34,108.34,108.05,108.10001,558282
2010-08-19,1282224600,108.11,108.5,108.0799,108.45,469450
2010-08-20,1282311000,108.41,108.42999,108.1935,108.3,665261
2010-08-23,1282570200,108.31,108.41,108.2,108.41,479807
2010-08-24,1282656600,108.57001,108.86,108.38,108.84,833903
2010-08-25,1282743000,108.96001,109.09,108.552,108.59,485927
2010-08-26,1282829400,108.63,108.94,108.56,108.73,1177874
2010-08-27,1282915800,108.60001,108.83,108.12,108.13,475453
2010-08-30,1283175000,108.48,108.86,108.33189,108.86,429853
2010-08-31,1283261400,108.85001,108.99001,108.73779,108.94,737639
2010-09-01,1283347800,108.42,108.55,108.07001,108.41,976020
2010-09-02,1283434200,108.25,108.28,108.10001,108.27,1217447
2010-09-03,1283520600,107.89999,108.08,107.78,108.02,855904
2010-09-07,1283866200,108.14,108.435,108.09,108.33,512401
2010-09-08,1283952600,108.2,108.34,108.136,108.25,819757
2010-09-09,1284039000,108,108.08,107.7,107.73,769781
2010-09-10,1284125400,107.62,107.71809,107.48,107.5,771093
2010-09-13,1284384600,107.52,107.83,107.47,107.74001,1044035
2010-09-14,1284471000,107.82001,108.14,107.77,108.13,792220
2010-09-15,1284557400,108,108.17,107.88,107.92999,813404
2010-09-16,1284643800,107.78999,107.89,107.56,107.75,691563
2010-09-17,1284730200,107.74001,108,107.74001,107.89,719325
2010-09-20,1284989400,107.85001,108,107.772,107.92999,716976
2010-09-21,1285075800,108.00999,108.46001,107.9919,108.39,497179
2010-09-22,1285162200,108.47,108.62,108.36,108.42,652868
2010-09-23,1285248600,108.66,108.66,108.39999,108.53999,837117
2010-09-24,1285335000,108.36,108.4044,108.13,108.14,1116503
2010-09-27,1285594200,108.39,108.58,108.3,108.50999,956761
2010-09-28,1285680600,108.49001,108.87,108.49001,108.77,980269
2010-09-29,1285767000,108.72,108.8,108.60001,108.69,833497
2010-09-30,1285853400,108.64,108.7,108.28999,108.64999,2628516
2010-10-01,1285939800,108.25999,108.37,108.14,108.25999,1366664
2010-10-04,1286199000,108.28999,108.50999,108.25999,108.44,772047
2010-10-05,1286285400,108.61,108.61,108.38,108.44,758423
2010-10-06,1286371800,108.67,108.77,108.53999,108.55,1041827
2010-10-07,1286458200,108.69,108.73,108.56,108.60001,962845
2010-10-08,1286544600,108.91,108.92999,108.75999,108.82001,604464
2010-10-11,1286803800,108.82001,108.85001,108.718,108.75999,434513
2010-10-12,1286890200,108.82001,108.89999,108.60001,108.64999,573224
2010-10-13,1286976600,108.7,108.72,108.45,108.64,984140
2010-10-14,1287063000,108.62,108.67,108.2,108.24001,1091714
2010-10-15,1287149400,108.21001,108.23,107.97189,108.02,882543
2010-10-18,1287408600,108.25,108.46831,108.17,108.39999,755604
2010-10-19,1287495000,108.3,108.6172,108.25,108.49001,607194
2010-10-20,1287581400,108.49001,108.72,108.41,108.62,849452
2010-10-21,1287667800,108.58,108.6599,108.45,108.45,507069
2010-10-22,1287754200,108.45,108.57001,108.41,108.5,551306
2010-10-25,1288013400,108.8,108.8,108.49001,108.50999,723494
2010-10-26,1288099800,108.38,108.41,108.2001,108.25999,433114
2010-10-27,1288186200,108.14999,108.35001,108.02,108.05,587807
2010-10-28,1288272600,108.14999,108.35001,108.14999,108.32001,505295
2010-10-29,1288359000,108.45,108.55,108.36,108.55,963589
2010-11-01,1288618200,108.38,108.49001,108.12,108.23,737089
2010-11-02,1288704600,108.47,108.47,108.33299,108.42,1052526
2010-11-03,1288791000,108.61,108.82001,108.28999,108.39999,462589
2010-11-04,1288877400,108.75,108.99001,108.67,108.92,626087
2010-11-05,1288963800,108.62,108.75,108.52,108.62,1150225
2010-11-08,1289226600,108.61,108.75,108.53999,108.57001,370473
2010-11-09,1289313000,108.55,108.60001,108,108.03999,686780
2010-11-10,1289399400,108.0302,108.1364,107.62,107.95,910058
2010-11-11,1289485800,107.95,108,107.81,107.94,425004
2010-11-12,1289572200,107.8,107.94,107.50999,107.50999,759419
2010-11-15,1289831400,107.3,107.4001,106.89,106.92,2020266
2010-11-16,1289917800,107.00999,107.21001,106.67999,107.17999,1460827
2010-11-17,1290004200,107.33,107.47009,107.14999,107.21001,822446
2010-11-18,1290090600,107.08,107.2,106.92999,107.17999,916043
2010-11-19,1290177000,107.22,107.37,107.19,107.3,658111
2010-11-22,1290436200,107.44,107.61,107.44,107.56,512151
2010-11-23,1290522600,107.84,107.89,107.67,107.67,412243
2010-11-24,1290609000,107.5,107.52,107.14,107.14999,740642
2010-11-26,1290781800,107.23,107.42,107.21941,107.37,134123
2010-11-29,1291041000,107.59,107.59,107.3476,107.44,658872
2010-11-30,1291127400,107.74001,107.74001,107.33,107.37,767826
2010-12-01,1291213800,106.56,106.56,106.25,106.25999,950572
2010-12-02,1291300200,106.32001,106.35001,106.03999,106.05,1124890
2010-12-03,1291386600,106.44,106.5,106.12,106.25999,659914
2010-12-06,1291645800,106.45,106.64999,106.39999,106.64999,2606141
2010-12-07,1291732200,106.25999,106.3262,105.67999,105.82001,1214656
2010-12-08,1291818600,105.55,105.55,104.92999,105.31,1856144
2010-12-09,1291905000,105.48,105.63,105.272,105.5,805729
2010-12-10,1291991400,105.49001,105.49001,105.21001,105.3,1217500
2010-12-13,1292250600,105.07001,105.48,104.97,105.37,1812910
2010-12-14,1292337000,105.16,105.28,104.60001,104.782,941177
2010-12-15,1292423400,104.86,104.99001,104.36,104.60001,1357488
2010-12-16,1292509800,104.5,104.84,104.3,104.8,1647793
2010-12-17,1292596200,104.83,105.41,104.83,105.37,1579282
2010-12-20,1292855400,105.41,105.67,105.26199,105.44,930035
2010-12-21,1292941800,105.49001,105.64999,105.38049,105.64,1520230
2010-12-22,1293028200,105.71001,105.71001,105.39999,105.5175,669422
2010-12-23,1293114600,105.41,105.44,105.25,105.32001,1285729
2010-12-27,1293460200,105.36,105.67999,105.16,105.62,686556
2010-12-28,1293546600,105.16,105.28,104.66,104.66,708958
2010-12-29,1293633000,104.71001,105.47,104.67999,105.39999,487012
2010-12-30,1293719400,105.28,105.39,105.10001,105.32001,780419
2010-12-31,1293805800,105.38,105.75,105.37,105.75,551595
2011-01-03,1294065000,105.39999,105.67999,105.3,105.63,739658
2011-01-04,1294151400,105.67999,105.7724,105.5,105.66,625447
2011-01-05,1294237800,105.28,105.36,104.94099,105.14999,864151
2011-01-06,1294324200,105.31,105.31,105.11,105.17,2032597
2011-01-07,1294410600,105.31,105.61,105.17999,105.50999,968598
2011-01-10,1294669800,105.59,105.78999,105.55,105.78999,565984
2011-01-11,1294756200,105.81,105.81,105.444,105.58,620781
2011-01-12,1294842600,105.49001,105.60001,105.31,105.57001,562378
2011-01-13,1294929000,105.42999,105.95,105.42,105.95,943490
2011-01-14,1295015400,105.99001,106,105.73,105.73,751891
2011-01-18,1295361000,105.69,105.74001,105.46001,105.66,445133
2011-01-19,1295447400,105.56,105.75999,105.53,105.67999,912017
2011-01-20,1295533800,105.50999,105.58,105.2,105.28,846288
2011-01-21,1295620200,105.25,105.61,105.24001,105.61,578187
2011-01-24,1295879400,105.49001,105.68761,105.49001,105.55,535224
2011-01-25,1295965800,105.57001,105.92999,105.48,105.88,483335
2011-01-26,1296052200,105.74001,105.78,105.50999,105.53,568326
2011-01-27,1296138600,105.64,105.75011,105.52,105.71001,598432
2011-01-28,1296225000,105.60001,105.97,105.58,105.86,783024
2011-01-31,1296484200,105.85001,105.94,105.59,105.66,1691445
2011-02-01,1296570600,105.25011,105.25999,105.03,105.12,700406
2011-02-02,1296657000,105.14999,105.23,104.88,105,512945
2011-02-03,1296743400,104.78999,104.871,104.61,104.61,912289
2011-02-04,1296829800,104.47,104.63,104.2,104.25999,1116592
2011-02-07,1297089000,104.17,104.33099,104.11,104.3,604611
2011-02-08,1297175400,104.31,104.32001,103.91,104,740954
2011-02-09,1297261800,104.03999,104.32001,103.9301,104.19,518095
2011-02-10,1297348200,104.11,104.17,103.85001,103.89,520722
2011-02-11,1297434600,104.31,104.36,104.07001,104.3,797169
2011-02-14,1297693800,104.21001,104.4462,104.21001,104.35001,1024864
2011-02-15,1297780200,104.35001,104.49001,104.32001,104.48,513464
2011-02-16,1297866600,104.48,104.65359,104.39999,104.48,474754
2011-02-17,1297953000,104.7,104.82001,104.66,104.73,606236
2011-02-18,1298039400,104.57001,104.72279,104.5,104.69,694345
2011-02-22,1298385000,104.81,105.13989,104.8,105.07001,1033375
2011-02-23,1298471400,105.2,105.28979,105.03999,105.14999,706969
2011-02-24,1298557800,105.24001,105.34,105.16,105.17,1135250
2011-02-25,1298644200,105.27,105.47,105.254,105.45,541936
2011-02-28,1298903400,105.53,105.64999,105.46001,105.64999,558180
2011-03-01,1298989800,105.10001,105.3756,105.05,105.28,735679
2011-03-02,1299076200,105.31,105.38879,105.09,105.11,506196
2011-03-03,1299162600,104.91,104.92,104.67999,104.74001,618676
2011-03-04,1299249000,104.89,105.11,104.85001,105.02,761622
2011-03-07,1299508200,104.9391,105.22,104.81,105.07001,621106
2011-03-08,1299594600,104.95,105.07001,104.89999,104.99001,527195
2011-03-09,1299681000,105.05,105.37,104.96001,105.24001,590587
2011-03-10,1299767400,105.41,105.66,105.28,105.61,467888
2011-03-11,1299853800,105.64,105.74001,105.50999,105.63,473753
2011-03-14,1300109400,105.82001,105.98,105.69,105.69,415888
2011-03-15,1300195800,106,106.06,105.71001,105.73,672519
2011-03-16,1300282200,105.96001,106.53999,105.86,106.03,1012149
2011-03-17,1300368600,105.87,106.08,105.74001,105.96001,584751
2011-03-18,1300455000,105.81,105.96001,105.73,105.92,382823
2011-03-21,1300714200,105.87,105.88,105.55,105.67,460827
2011-03-22,1300800600,105.56,105.73,105.53999,105.67999,604754
2011-03-23,1300887000,105.8299,105.85001,105.57561,105.63,472213
2011-03-24,1300973400,105.46001,105.53,105.28,105.34,1569945
2011-03-25,1301059800,105.53,105.53,105.17999,105.25,811195
2011-03-28,1301319000,105.13,105.25999,105.08,105.2,1443521
2011-03-29,1301405400,105.12,105.31,105.03,105.07001,538077
2011-03-30,1301491800,105.17,105.3,105.10001,105.25,791484
2011-03-31,1301578200,105.37,105.39999,105.13,105.13,1014363
2011-04-01,1301664600,104.71001,105.03,104.67999,104.96001,983686
2011-04-04,1301923800,105.03,105.25,105.02,105.13,517413
2011-04-05,1302010200,105.09,105.11,104.85001,104.91,801877
2011-04-06,1302096600,104.89999,104.91,104.60001,104.60001,980375
2011-04-07,1302183000,104.69,104.92,104.66,104.75999,681671
2011-04-08,1302269400,104.62,104.69,104.53,104.56,392850
2011-04-11,1302528600,104.60001,104.75,104.55,104.66,386938
2011-04-12,1302615000,104.83,105.1172,104.83,105.06,562948
2011-04-13,1302701400,104.89,105.23,104.89,105.17,531455
2011-04-14,1302787800,105.19,105.25999,105.065,105.07001,654221
2011-04-15,1302874200,105.31,105.50999,105.31,105.45,391048
2011-04-18,1303133400,105.49001,105.7562,105.42999,105.63,720370
2011-04-19,1303219800,105.81,105.88,105.75,105.84,470754
2011-04-20,1303306200,105.75,105.83,105.64,105.69,388775
2011-04-21,1303392600,105.7,105.83,105.67,105.75999,447719
2011-04-25,1303738200,105.75,105.92,105.7,105.82001,541603
2011-04-26,1303824600,105.91,106.21001,105.91,106.21001,569697
2011-04-27,1303911000,106.02,106.14999,105.87,106.12,473252
2011-04-28,1303997400,106.28,106.39,106.16521,106.37,573094
2011-04-29,1304083800,106.24001,106.49001,106.24001,106.46001,499153
2011-05-02,1304343000,106.21001,106.24001,106.03999,106.2,613497
2011-05-03,1304429400,106.25999,106.34,106.14999,106.23,486196
2011-05-04,1304515800,106.22,106.44,106.22,106.42999,659162
2011-05-05,1304602200,106.47,106.7162,106.47,106.67,800630
2011-05-06,1304688600,106.56,106.83,106.42999,106.66,1021031
2011-05-09,1304947800,106.69,106.82001,106.69,106.78,502188
2011-05-10,1305034200,106.64999,106.73,106.53999,106.59,536060
2011-05-11,1305120600,106.5,106.81,106.5,106.78,538895
2011-05-12,1305207000,106.72,106.81,106.53,106.62,767073
2011-05-13,1305293400,106.74001,106.99001,106.7,106.78999,312830
2011-05-16,1305552600,106.8,107.07001,106.78,107.02,678014
2011-05-17,1305639000,107.11,107.21001,107.062,107.14,683442
2011-05-18,1305725400,107.10001,107.14999,106.9001,106.97,618581
2011-05-19,1305811800,106.67999,106.95,106.64,106.89,632778
2011-05-20,1305898200,106.94,107.03999,106.9136,106.99001,938483
2011-05-23,1306157400,107.19,107.23,107.07001,107.08,804028
2011-05-24,1306243800,107.03,107.17,106.98,107.12,579340
2011-05-25,1306330200,107.10001,107.24001,107.0592,107.10001,543390
2011-05-26,1306416600,107.16,107.38989,107.11,107.33,862205
2011-05-27,1306503000,107.39,107.50999,107.33,107.42999,509661
2011-05-31,1306848600,107.32001,107.62,107.28,107.46001,1047256
2011-06-01,1306935000,107.31,107.63,107.31,107.61,1139469
2011-06-02,1307021400,107.31,107.47,107.17,107.17999,666597
2011-06-03,1307107800,107.53,107.53,107.17,107.32001,522224
2011-06-06,1307367000,107.23,107.42999,107.17999,107.34,1477328
2011-06-07,1307453400,107.24001,107.56,107.17999,107.56,1737676
2011-06-08,1307539800,107.53999,107.8,107.535,107.64999,1085170
2011-06-09,1307626200,107.60001,107.66,107.39,107.49001,646468
2011-06-10,1307712600,107.53,107.64999,107.39,107.48,1160457
2011-06-13,1307971800,107.36,107.61,107.31,107.34,955940
2011-06-14,1308058200,107.14999,107.17999,107.02,107.05,1198944
2011-06-15,1308144600,107.08,107.47009,107.06,107.32001,1395610
2011-06-16,1308231000,107.39999,107.57001,107.37,107.39,1211870
2011-06-17,1308317400,107.44,107.50999,107.34,107.4899,871234
2011-06-20,1308576600,107.52,107.52,107.28999,107.35001,731878
2011-06-21,1308663000,107.25,107.47,107.23,107.45,803548
2011-06-22,1308749400,107.5,107.56,107.24001,107.38,897712
2011-06-23,1308835800,107.55,107.8,107.53,107.73,2735216
2011-06-24,1308922200,107.63,107.88,107.62,107.63,1084022
2011-06-27,1309181400,107.7,107.7,107.36,107.44,730574
2011-06-28,1309267800,107.34,107.38,106.95,107.00999,1038410
2011-06-29,1309354200,107.03,107.09,106.67999,106.69,2533703
2011-06-30,1309440600,106.87,106.9095,106.39999,106.67,1295556
2011-07-01,1309527000,106.5,106.53999,106.27,106.39999,1970094
2011-07-05,1309872600,106.57001,106.82001,106.57001,106.81,799142
2011-07-06,1309959000,106.78999,106.92999,106.75999,106.87,774513
2011-07-07,1310045400,106.63,106.67,106.45,106.57001,1291578
2011-07-08,1310131800,106.98,107.2,106.92999,107.12,682758
2011-07-11,1310391000,107.34,107.53999,107.25,107.41,614984
2011-07-12,1310477400,107.50999,107.61,107.33,107.5,681461
2011-07-13,1310563800,107.42999,107.72,107.39999,107.71001,508318
2011-07-14,1310650200,107.57001,107.71001,107.42,107.44,1724898
2011-07-15,1310736600,107.39,107.69,107.32001,107.59,638240
2011-07-18,1310995800,107.57001,107.64999,107.38,107.42999,641532
2011-07-19,1311082200,107.37,107.66,107.33,107.66,780048
2011-07-20,1311168600,107.55,107.8,107.47,107.49001,627233
2011-07-21,1311255000,107.36,107.47,107.17,107.32001,839117
2011-07-22,1311341400,107.41,107.57001,107.39,107.55,457959
2011-07-25,1311600600,107.28999,107.56,107.21001,107.24001,1154517
2011-07-26,1311687000,107.35001,107.59,107.31,107.49001,832178
2011-07-27,1311773400,107.34,107.50999,107.25,107.31,662620
2011-07-28,1311859800,107.50999,107.63,107.41,107.52,823517
2011-07-29,1311946200,107.8,108.2001,107.7,108.16,1400634
2011-08-01,1312205400,107.84,108.23,107.82001,108.11749,1300549
2011-08-02,1312291800,108.28999,108.67,108.14,108.58,1010510
2011-08-03,1312378200,108.69,108.94991,108.61,108.69,1237410
2011-08-04,1312464600,108.8,109.37,108.75999,109.27,1585685
2011-08-05,1312551000,108.97,109.25999,108.42,108.55,2184355
2011-08-08,1312810200,108.67999,108.8,108.50999,108.60001,2068484
2011-08-09,1312896600,108.60001,109.97,108.45,109.24001,1642544
2011-08-10,1312983000,109.75,110.17,109.64,110.13,1102381
2011-08-11,1313069400,109.94,109.94,108.73,108.75999,2596294
2011-08-12,1313155800,109.16,109.56,108.92999,109.24001,2472257
2011-08-15,1313415000,109.53,109.5732,109.25,109.41,1034133
2011-08-16,1313501400,109.28999,109.75999,109.28999,109.64,900015
2011-08-17,1313587800,109.73,109.97,109.5,109.82001,1119445
2011-08-18,1313674200,110.24001,110.5,109.89999,109.98,954220
2011-08-19,1313760600,109.98,110.06,109.81,110.03,1271778
2011-08-22,1314019800,109.82001,109.98,109.72,109.89,761759
2011-08-23,1314106200,109.72,109.72,109.5,109.63,757058
2011-08-24,1314192600,109.5,109.5099,108.9278,109.00999,663280
2011-08-25,1314279000,109.14,109.33,109.03,109.23,647038
2011-08-26,1314365400,109.52,109.58,109.19,109.38,674698
2011-08-29,1314624600,109.16,109.27,109.08,109.25999,1150614
2011-08-30,1314711000,109.55,109.77,109.42,109.60001,1108174
2011-08-31,1314797400,109.78,109.88,109.49001,109.5,2444391
2011-09-01,1314883800,109.47,109.69,109.16,109.62,1541529
2011-09-02,1314970200,109.97,110.16,109.8,109.95,923809
2011-09-06,1315315800,110.41,110.41,110.19,110.24001,1104030
2011-09-07,1315402200,110.06,110.12,109.85001,109.98,919487
2011-09-08,1315488600,110.16,110.17,109.86,110.00999,1169361
2011-09-09,1315575000,110.06,110.27,109.9805,110.16,809693
2011-09-12,1315834200,110.19,110.19,109.84,109.94,1037935
2011-09-13,1315920600,110.03999,110.06,109.85001,109.98,701302
2011-09-14,1316007000,109.89999,110.11,109.86,110,1065209
2011-09-15,1316093400,109.84,109.92,109.67999,109.67999,1046682
2011-09-16,1316179800,109.67,109.84,109.53999,109.84,885687
2011-09-19,1316439000,110.17999,110.25,110.05,110.08,786416
2011-09-20,1316525400,110.25,110.3,110.08,110.3,701584
2011-09-21,1316611800,110.27,110.53,110.08,110.48,1242880
2011-09-22,1316698200,110.78999,111.03,110.64,110.8,874925
2011-09-23,1316784600,110.92999,110.92999,110.21001,110.23,1113340
2011-09-26,1317043800,110.14,110.276,109.91,109.98,1158750
2011-09-27,1317130200,109.72,109.85001,109.61,109.83,1287379
2011-09-28,1317216600,109.78999,109.8,109.52,109.74001,850376
2011-09-29,1317303000,109.64,109.87,109.56,109.7,824938
2011-09-30,1317389400,110,110.22,109.8578,110.11,1020607
2011-10-03,1317648600,110.11,110.39,109.94,110.34,2372406
2011-10-04,1317735000,110.42999,110.53,109.99001,110,1351308
2011-10-05,1317821400,109.89999,109.92999,109.60001,109.63,1499039
2011-10-06,1317907800,109.62,109.7289,109.39,109.45,1022445
2011-10-07,1317994200,109.23,109.37,109.03,109.23,1513760
2011-10-10,1318253400,109.16,109.23,108.7,109.00999,711462
2011-10-11,1318339800,109.08,109.28999,108.96001,109.27,2154957
2011-10-12,1318426200,108.89,109.16,108.82001,109.06,1120801
2011-10-13,1318512600,109.17,109.32001,108.92999,109.12,939560
2011-10-14,1318599000,108.78,109.10001,108.78,108.94,587478
2011-10-17,1318858200,109.00999,109.37,109,109.37,826668
2011-10-18,1318944600,109.32001,109.53999,109.12,109.25,958755
2011-10-19,1319031000,109.27,109.5699,109.16,109.41,780127
2011-10-20,1319117400,109.3799,109.63,109.21001,109.35001,860769
2011-10-21,1319203800,109.46001,109.53,109.24001,109.41,555298
2011-10-24,1319463000,109.46001,109.46001,109.16,109.24001,867574
2011-10-25,1319549400,109.33,109.81,109.26019,109.8,1478143
2011-10-26,1319635800,109.59,109.77,109.39,109.5,664158
2011-10-27,1319722200,109.39,109.42,108.91,109.08,960241
2011-10-28,1319808600,109.17,109.53999,109.14999,109.50999,979087
2011-10-31,1320067800,109.83,110.03,109.73,110.03,1746949
2011-11-01,1320154200,109.89999,110.28999,109.851,110.27,1443640
2011-11-02,1320240600,109.97,110.33501,109.92,110.27,732325
2011-11-03,1320327000,109.97,110.17999,109.88029,110.03,1115939
2011-11-04,1320413400,110.03,110.2,109.96001,110,2040077
2011-11-07,1320676200,109.99001,110.34,109.97,110.09,745217
2011-11-08,1320762600,109.95,110.17999,109.85001,109.94,949230
2011-11-09,1320849000,110.17,110.34,110.019,110.13,779991
2011-11-10,1320935400,109.89999,110.16,109.6725,109.92,1307746
2011-11-11,1321021800,109.8,109.8661,109.69,109.78999,1803328
2011-11-14,1321281000,109.96001,110.00999,109.75,109.88,1189526
2011-11-15,1321367400,109.86,109.92999,109.59,109.74001,787764
2011-11-16,1321453800,109.98,109.9897,109.60001,109.7,1213062
2011-11-17,1321540200,109.66,109.85001,109.5,109.64,1669952
2011-11-18,1321626600,109.73,109.73,109.44,109.62,805668
2011-11-21,1321885800,109.75999,109.78,109.57001,109.60001,838780
2011-11-22,1321972200,109.56,109.75,109.42999,109.67999,1050914
2011-11-23,1322058600,109.60001,109.94,109.53999,109.78,865404
2011-11-25,1322231400,109.78999,109.86,109.58,109.63,764769
2011-11-28,1322490600,109.37,109.67,109.243,109.62,1726071
2011-11-29,1322577000,109.49001,109.71001,109.27,109.66,1718444
2011-11-30,1322663400,109.59,109.61,109.2677,109.38,1280232
2011-12-01,1322749800,108.8,108.97,108.60001,108.84,1830922
2011-12-02,1322836200,108.81,109.21001,108.75999,109.12,917447
2011-12-05,1323095400,108.99001,109.24001,108.89999,109.24001,1063701
2011-12-06,1323181800,109.11,109.21001,108.85561,109.14,1105261
2011-12-07,1323268200,109.22,109.42999,109.0603,109.34,690961
2011-12-08,1323354600,109.3,109.58,109.265,109.45,1228808
2011-12-09,1323441000,109.42999,109.58,109.26401,109.39,934864
2011-12-12,1323700200,109.47,109.62601,109.41,109.42,1220871
2011-12-13,1323786600,109.42999,109.78,109.38,109.64,1467990
2011-12-14,1323873000,109.78999,110.03999,109.7285,109.91,928453
2011-12-15,1323959400,109.86,109.965,109.59,109.67999,3769214
2011-12-16,1324045800,109.88,110.12,109.84,110.05,1181916
2011-12-19,1324305000,110.05,110.23,109.96001,110.16,1123630
2011-12-20,1324391400,110.06,110.2,109.97,110.00999,2779465
2011-12-21,1324477800,109.99001,110.0336,109.69,109.73,929967
2011-12-22,1324564200,109.89999,109.94,109.78,109.89999,1465829
2011-12-23,1324650600,109.71001,109.83,109.46001,109.77,679656
2011-12-27,1324996200,109.7,109.94,109.66679,109.94,1090506
2011-12-28,1325082600,109.99001,110.23,109.91,110.13,873724
2011-12-29,1325169000,110.24001,110.44,110.08,110.39,985373
2011-12-30,1325255400,110.50999,110.64,110.24001,110.25,1098267
2012-01-03,1325601000,110.2,110.2,109.92,110.03,1994587
2012-01-04,1325687400,110.07001,110.07001,109.77,109.88,1299106
2012-01-05,1325773800,109.91,110.05,109.85001,110.03,856414
2012-01-06,1325860200,110.03,110.25,110.02,110.12,897827
2012-01-09,1326119400,110.13,110.32001,110,110.03,976115
2012-01-10,1326205800,110.03,110.17,109.94,110,1002085
2012-01-11,1326292200,110.13,110.39,110.06239,110.39,789805
2012-01-12,1326378600,110.33,110.38,110.17,110.3,844128
2012-01-13,1326465000,110.41,110.64999,110.41,110.55,764987
2012-01-17,1326810600,110.67999,110.75,110.53,110.58,1272839
2012-01-18,1326897000,110.56,110.67999,110.39999,110.44,1216839
2012-01-19,1326983400,110.42999,110.47,110.16479,110.25999,1032233
2012-01-20,1327069800,110.32001,110.32001,109.89999,109.98,1032506
2012-01-23,1327329000,109.77,109.99001,109.77,109.89,819598
2012-01-24,1327415400,109.97,109.99001,109.84,109.98,791591
2012-01-25,1327501800,109.98,110.48,109.85001,110.14,1559544
2012-01-26,1327588200,110.39,110.50121,110.33,110.36,1231605
2012-01-27,1327674600,110.53,110.62,110.37,110.53999,778008
2012-01-30,1327933800,110.75,110.94,110.69,110.86,1490259
2012-01-31,1328020200,110.84,111.07001,110.72,111.05,3255877
2012-02-01,1328106600,110.61,110.72,110.45,110.58,1964930
2012-02-02,1328193000,110.55,110.67999,110.4707,110.61,1182126
2012-02-03,1328279400,110.3,110.60001,110.22,110.56,1142392
2012-02-06,1328538600,110.52,110.64,110.39999,110.64,1854338
2012-02-07,1328625000,110.46001,110.57001,110.34,110.53,966526
2012-02-08,1328711400,110.47,110.55,110.33,110.44,1479599
2012-02-09,1328797800,110.37,110.42,110.17999,110.25999,1068358
2012-02-10,1328884200,110.35001,110.53,110.34,110.41,714898
2012-02-13,1329143400,110.48,110.55,110.39,110.45,914793
2012-02-14,1329229800,110.56,110.72,110.52,110.53999,876187
2012-02-15,1329316200,110.64999,110.67799,110.49001,110.5,875490
2012-02-16,1329402600,110.5,110.58,110.38,110.48,918702
2012-02-17,1329489000,110.32001,110.37,110.2,110.34,853672
2012-02-21,1329834600,110.27,110.32001,110.16,110.17,1043799
2012-02-22,1329921000,110.34,110.48,110.28,110.48,975112
2012-02-23,1330007400,110.42,110.60001,110.37,110.57001,788325
2012-02-24,1330093800,110.64,110.78999,110.58,110.60001,1364208
2012-02-27,1330353000,110.83,110.95,110.75999,110.95,711968
2012-02-28,1330439400,111.02,111.05,110.81,110.87,795228
2012-02-29,1330525800,110.94,110.94,110.60001,110.75999,1993561
2012-03-01,1330612200,110.23,110.31,110.08,110.25999,1242675
2012-03-02,1330698600,110.32001,110.506,110.3,110.5,863812
2012-03-05,1330957800,110.48,110.52,110.32001,110.34,1098099
2012-03-06,1331044200,110.55,110.62,110.45,110.56,1056422
2012-03-07,1331130600,110.55,110.56,110.42,110.46001,836015
2012-03-08,1331217000,110.45,110.48,110.17999,110.21001,971270
2012-03-09,1331303400,110.23,110.23,110.13,110.19,710885
2012-03-12,1331559000,110.39,110.44901,110.2515,110.28999,1096591
2012-03-13,1331645400,110.22,110.23,109.89999,109.92,1444662
2012-03-14,1331731800,109.75999,109.84,109.25,109.32001,1119721
2012-03-15,1331818200,109.25999,109.46359,109.25301,109.27,800426
2012-03-16,1331904600,109.14999,109.32001,109.06,109.28,933874
2012-03-19,1332163800,109.3,109.3,108.89,108.92999,1146768
2012-03-20,1332250200,108.92,109.09,108.84,109.09,960317
2012-03-21,1332336600,109.23,109.39,109.13,109.35001,590690
2012-03-22,1332423000,109.35001,109.47,109.35001,109.45,666888
2012-03-23,1332509400,109.47,109.7,109.44,109.7,758359
2012-03-26,1332768600,109.64999,109.6792,109.44,109.62,867775
2012-03-27,1332855000,109.69,109.802,109.6136,109.74001,2551642
2012-03-28,1332941400,109.73,109.88,109.681,109.72,812660
2012-03-29,1333027800,109.95,110.06,109.84,110.02,1208009
2012-03-30,1333114200,110.11,110.11,109.69,109.85001,1121222
2012-04-02,1333373400,109.88,109.88,109.46001,109.62,2398353
2012-04-03,1333459800,109.71001,109.78999,109.07001,109.14999,767007
2012-04-04,1333546200,109.35001,109.41,109.21001,109.38,1137133
2012-04-05,1333632600,109.60001,109.63,109.408,109.63,749007
2012-04-09,1333978200,110.17999,110.19,110.03999,110.11,575575
2012-04-10,1334064600,110.19,110.34,110.07001,110.12,1893811
2012-04-11,1334151000,110.05,110.13,109.89,110.13,1203172
2012-04-12,1334237400,110.10001,110.14,110,110.02,505877
2012-04-13,1334323800,110.3,110.38,110.21001,110.36,1104585
2012-04-16,1334583000,110.24001,110.49001,110.24001,110.38,1121180
2012-04-17,1334669400,110.3,110.39999,110.25,110.39999,737536
2012-04-18,1334755800,110.44,110.53999,110.35001,110.53999,884244
2012-04-19,1334842200,110.5,110.58,110.46001,110.46001,618678
2012-04-20,1334928600,110.48,110.52,110.37,110.48,1530198
2012-04-23,1335187800,110.74001,110.74001,110.53,110.59,787049
2012-04-24,1335274200,110.53,110.58,110.41,110.42999,627475
2012-04-25,1335360600,110.41,110.5,110.24001,110.48,982296
2012-04-26,1335447000,110.64,110.69,110.53999,110.64999,1021635
2012-04-27,1335533400,110.61,110.67281,110.55,110.64,656510
2012-04-30,1335792600,110.73,110.73,110.59,110.60001,881893
2012-05-01,1335879000,110.46001,110.5,110.25999,110.33,772846
2012-05-02,1335965400,110.46001,110.50999,110.36,110.44,1298433
2012-05-03,1336051800,110.42999,110.56,110.41,110.56,575303
2012-05-04,1336138200,110.66,110.7,110.5701,110.67,611496
2012-05-07,1336397400,110.74001,110.77,110.67,110.71001,646038
2012-05-08,1336483800,110.84,110.95,110.78,110.78999,580138
2012-05-09,1336570200,110.92,110.92,110.72,110.82001,929913
2012-05-10,1336656600,110.72,110.75999,110.625,110.71001,526506
2012-05-11,1336743000,110.92,110.92999,110.75,110.78999,446250
2012-05-14,1337002200,111,111.06,110.92461,111.03999,764212
2012-05-15,1337088600,111.10001,111.10001,110.88,110.98,1187121
2012-05-16,1337175000,110.87,111.09,110.83,110.96001,986368
2012-05-17,1337261400,110.88,111.13,110.83,111.03,1420643
2012-05-18,1337347800,110.99001,111.08,110.89999,111,1184629
2012-05-21,1337607000,111.02,111.05,110.97,110.98,1208408
2012-05-22,1337693400,110.82001,110.92,110.71001,110.71001,1007359
2012-05-23,1337779800,110.95,111.00999,110.82001,110.84,696428
2012-05-24,1337866200,110.88,110.88,110.7132,110.75,938889
2012-05-25,1337952600,110.84,110.95,110.81,110.92,454275
2012-05-29,1338298200,110.95,110.99001,110.83,110.86,1192081
2012-05-30,1338384600,111.2,111.3,111.11,111.23,547044
2012-05-31,1338471000,111.45,111.62,111.35001,111.56,2984039
2012-06-01,1338557400,111.5,111.67,111.41,111.60001,1851599
2012-06-04,1338816600,111.32001,111.87,111.32001,111.34,1046091
2012-06-05,1338903000,111.17,111.33,111.10001,111.11,951052
2012-06-06,1338989400,111.23,111.23,110.78,110.78,1864391
2012-06-07,1339075800,110.82001,110.95,110.78,110.95,751716
2012-06-08,1339162200,111.17,111.17999,110.84,110.89999,710157
2012-06-11,1339421400,110.87,111.09,110.81,111,516041
2012-06-12,1339507800,110.98,111.03999,110.83,110.91,481979
2012-06-13,1339594200,110.99001,111.22,110.85001,111.2,2650862
2012-06-14,1339680600,111.10001,111.17999,111.0331,111.12,559106
2012-06-15,1339767000,111.35001,111.39,111.23,111.38,1030761
2012-06-18,1340026200,111.33,111.42999,111.23,111.35001,695983
2012-06-19,1340112600,111.3,111.3,111.11,111.22,605482
2012-06-20,1340199000,111.07001,111.21001,110.88,111.05,1256025
2012-06-21,1340285400,111.17999,111.32001,111.06,111.2,939825
2012-06-22,1340371800,111.17,111.2,111.03999,111.03999,600170
2012-06-25,1340631000,111.25,111.39999,111.22,111.39,2321819
2012-06-26,1340717400,111.27,111.37,111.24001,111.27,789040
2012-06-27,1340803800,111.35001,111.39,111.24001,111.32001,1552551
2012-06-28,1340890200,111.53,111.56,111.42,111.45,1180328
2012-06-29,1340976600,111.25,111.33,111.2,111.3,2052796
2012-07-02,1341235800,111.17,111.321,111.08,111.28999,1994491
2012-07-03,1341322200,111.21001,111.28999,111.17999,111.21001,1002835
2012-07-05,1341495000,111.24001,111.5,111.24001,111.5,740689
2012-07-06,1341581400,111.50999,111.67999,111.5,111.58,1520157
2012-07-09,1341840600,111.67,111.82001,111.64999,111.8,472529
2012-07-10,1341927000,111.75999,111.91,111.73,111.85001,521599
2012-07-11,1342013400,111.86,112,111.81,111.84,566355
2012-07-12,1342099800,112,112.03999,111.92999,112.03999,382629
2012-07-13,1342186200,112.07001,112.09,111.94,112.08,435218
2012-07-16,1342445400,112.21001,112.32001,112.16,112.17,480800
2012-07-17,1342531800,112.21001,112.24001,112.119,112.13,600160
2012-07-18,1342618200,112.24001,112.36,112.24001,112.35001,470301
2012-07-19,1342704600,112.3,112.42999,112.23,112.25999,901544
2012-07-20,1342791000,112.39,112.55,112.39,112.42,602125
2012-07-23,1343050200,112.62,112.62,112.49001,112.52,498133
2012-07-24,1343136600,112.47,112.67999,112.42999,112.66,521119
2012-07-25,1343223000,112.63,112.7099,112.61,112.7,874664
2012-07-26,1343309400,112.66,112.69,112.62,112.63,857883
2012-07-27,1343395800,112.45,112.46001,112.14999,112.28999,1010103
2012-07-30,1343655000,112.31,112.52,112.27,112.48,618387
2012-07-31,1343741400,112.58,112.64999,112.42999,112.59,983561
2012-08-01,1343827800,112.25,112.39,111.99001,112.24001,2480557
2012-08-02,1343914200,112.33,112.5,112.25999,112.25999,846266
2012-08-03,1344000600,112.10001,112.16,111.96001,111.99001,1832348
2012-08-06,1344259800,112.12,112.23,112.041,112.16,1832463
2012-08-07,1344346200,111.84,111.91,111.81,111.86,1733030
2012-08-08,1344432600,111.94,111.94,111.7,111.72,550396
2012-08-09,1344519000,111.63,111.78,111.55,111.69,835873
2012-08-10,1344605400,111.98,111.98,111.78999,111.87,627389
2012-08-13,1344864600,111.92,111.99001,111.86,111.86,570479
2012-08-14,1344951000,111.59,111.67661,111.53999,111.60001,567054
2012-08-15,1345037400,111.45,111.45,111.19,111.24001,549915
2012-08-16,1345123800,111.3,111.32001,110.97,111.10001,668255
2012-08-17,1345210200,111.19,111.28999,111.14999,111.23,505634
2012-08-20,1345469400,111.14999,111.27,111.14,111.19,418911
2012-08-21,1345555800,111.17999,111.35001,111.04269,111.34,738552
2012-08-22,1345642200,111.60001,111.82001,111.50999,111.82001,405483
2012-08-23,1345728600,111.84,111.94,111.83,111.89999,421444
2012-08-24,1345815000,111.98,111.98,111.78999,111.82001,649521
2012-08-27,1346074200,111.89999,112,111.89,111.97,493061
2012-08-28,1346160600,112.03999,112.11,111.98,112.06,699138
2012-08-29,1346247000,112.00999,112.03999,111.89999,111.95,717032
2012-08-30,1346333400,112.02,112.14,112.02,112.02,436181
2012-08-31,1346419800,112.10001,112.42999,112.07001,112.37,1203313
2012-09-04,1346765400,112.14,112.14999,111.96001,112.13,1596695
2012-09-05,1346851800,112.05,112.17,112.03,112.13,502922
2012-09-06,1346938200,111.89,111.892,111.75999,111.87,1805127
2012-09-07,1347024600,112.14999,112.2,111.85001,111.89,1554393
2012-09-10,1347283800,111.89999,111.92999,111.77,111.91,1302973
2012-09-11,1347370200,111.77,111.88,111.75,111.78,3037049
2012-09-12,1347456600,111.66,111.69,111.52,111.57001,1679430
2012-09-13,1347543000,111.75,111.88901,111.37,111.83,2165152
2012-09-14,1347629400,111.61,111.61,111.33,111.37,1011166
2012-09-17,1347888600,111.50999,111.62,111.42999,111.55,1063729
2012-09-18,1347975000,111.72,111.81,111.61,111.62,1133563
2012-09-19,1348061400,111.87,111.91,111.75999,111.84,732112
2012-09-20,1348147800,111.95,111.96001,111.75,111.77,2518549
2012-09-21,1348234200,111.77,111.95,111.75,111.95,829107
2012-09-24,1348493400,111.94,112.09,111.94,112.07001,1220721
2012-09-25,1348579800,112.12,112.25,112.00999,112.25,836316
2012-09-26,1348666200,112.35899,112.39999,112.25999,112.36,793438
2012-09-27,1348752600,112.3,112.37601,112.27,112.28999,1127093
2012-09-28,1348839000,112.39,112.46001,112.25,112.448,2745443
2012-10-01,1349098200,112.17,112.25,112.07001,112.2,1674382
2012-10-02,1349184600,112.16,112.28999,112.11,112.28999,903222
2012-10-03,1349271000,112.17999,112.31,112.17999,112.25,1187468
2012-10-04,1349357400,112.16,112.25,112.07001,112.09,459163
2012-10-05,1349443800,111.94,111.99001,111.84,111.86,580195
2012-10-08,1349703000,111.89999,112.0455,111.89999,112.03,524758
2012-10-09,1349789400,111.94,112.07001,111.86,111.91,2316327
2012-10-10,1349875800,111.89999,112.16,111.8828,112.09,555310
2012-10-11,1349962200,111.97,112.25,111.97,112.23,523307
2012-10-12,1350048600,112.32001,112.41,112.25999,112.32001,1646842
2012-10-15,1350307800,112.3,112.38,112.25,112.38,1646224
2012-10-16,1350394200,112.31,112.3622,112.1694,112.2,978481
2012-10-17,1350480600,112.03999,112.05,111.82001,111.85001,1199144
2012-10-18,1350567000,111.92999,111.92999,111.71001,111.81,1249420
2012-10-19,1350653400,111.78999,112.03,111.78999,111.95,683637
2012-10-22,1350912600,111.89999,111.96001,111.8,111.8,438094
2012-10-23,1350999000,111.87,112.07001,111.87,112.05,628066
2012-10-24,1351085400,111.95,112.06,111.9001,111.97,604827
2012-10-25,1351171800,111.78,111.95,111.71001,111.73,970662
2012-10-26,1351258200,111.89,112.08,111.88,112.03,908863
2012-10-31,1351690200,112.03999,112.24001,112,112.19,2200158
2012-11-01,1351776600,112.05,112.05,111.78,111.8,1350748
2012-11-02,1351863000,111.83,111.92,111.67,111.8694,961638
2012-11-05,1352125800,112,112.09,111.95,112.06,2683986
2012-11-06,1352212200,112,112.00999,111.72,111.74001,589508
2012-11-07,1352298600,112.16,112.21001,112,112,1563034
2012-11-08,1352385000,111.98,112.21001,111.95,112.14,1411364
2012-11-09,1352471400,112.00999,112.11,111.92,112.08,1295157
2012-11-12,1352730600,112.13,112.14999,112.02,112.05,612614
2012-11-13,1352817000,112.28,112.33,112.11,112.2469,3355791
2012-11-14,1352903400,112.05,112.28,112.03999,112.28,1242680
2012-11-15,1352989800,112.19,112.23,112.11,112.17,1532522
2012-11-16,1353076200,112.2,112.3,112.14999,112.21001,981648
2012-11-19,1353335400,112.09,112.28999,112.06,112.28999,916994
2012-11-20,1353421800,112.19,112.24001,112.06,112.08,666721
2012-11-21,1353508200,111.97,112.06,111.88,111.89,1160734
2012-11-23,1353681000,111.96001,111.98,111.89,111.96001,220266
2012-11-26,1353940200,112.02,112.09,111.95,112,629458
2012-11-27,1354026600,112.00999,112.17,112.00999,112.14999,571888
2012-11-28,1354113000,112.2,112.25999,112.157,112.17,465560
2012-11-29,1354199400,112.14,112.31,112.14,112.31,661777
2012-11-30,1354285800,112.25999,112.32001,112.19,112.25,908579
2012-12-03,1354545000,111.45,111.61,111.36,111.60001,809847
2012-12-04,1354631400,111.60001,111.69,111.50999,111.67,871836
2012-12-05,1354717800,111.69,111.78999,111.67999,111.77,538142
2012-12-06,1354804200,111.77,111.84,111.73,111.75999,519319
2012-12-07,1354890600,111.61,111.71001,111.55,111.66,966127
2012-12-10,1355149800,111.64,111.71001,111.61,111.67999,843432
2012-12-11,1355236200,111.60001,111.64999,111.55,111.64,814061
2012-12-12,1355322600,111.59,111.66,111.33,111.33,1448565
2012-12-13,1355409000,111.3,111.34,111.14,111.14999,1209653
2012-12-14,1355495400,111.34,111.42,111.28,111.35001,1678796
2012-12-17,1355754600,111.35001,111.36,111.03999,111.08,1464068
2012-12-18,1355841000,111,111.0699,110.74001,110.82001,1411480
2012-12-19,1355927400,110.92,111.10001,110.92,111.00999,1113977
2012-12-20,1356013800,111.10001,111.16,110.98,111.02161,1122575
2012-12-21,1356100200,111.19,111.23,111.09,111.12,973666
2012-12-24,1356359400,111.09,111.16,111.08009,111.13,329166
2012-12-26,1356532200,110.96001,111.07001,110.96001,111.05,575839
2012-12-27,1356618600,111.05,111.25,110.99001,111.11,722022
2012-12-28,1356705000,111.28999,111.3,111.14999,111.28,1295782
2012-12-31,1356964200,111.25,111.25999,111.02,111.08,905302
2013-01-02,1357137000,110.82001,110.996,110.82001,110.95,1137272
2013-01-03,1357223400,111.00999,111.08,110.64,110.67,1762867
2013-01-04,1357309800,110.59,110.8,110.55,110.78999,1286754
2013-01-07,1357569000,110.78999,110.82001,110.67999,110.73,1854346
2013-01-08,1357655400,110.78999,110.89,110.75,110.83,1784444
2013-01-09,1357741800,110.85001,110.85001,110.71001,110.75,1346870
2013-01-10,1357828200,110.7,110.81,110.64999,110.74001,1128616
2013-01-11,1357914600,110.64,110.91,110.62,110.85001,1120000
2013-01-14,1358173800,110.94,111.00999,110.87,110.95,870110
2013-01-15,1358260200,111.00999,111.07001,110.95,110.98,2561051
2013-01-16,1358346600,111.02,111.10001,110.92,111.03999,1231979
2013-01-17,1358433000,110.78,110.91,110.71001,110.8,1280922
2013-01-18,1358519400,110.88,110.94,110.83,110.92999,654661
2013-01-22,1358865000,110.75,110.95,110.75,110.87,1459001
2013-01-23,1358951400,110.96001,111.00999,110.5,110.99001,1393770
2013-01-24,1359037800,110.89,110.95,110.82001,110.84,659741
2013-01-25,1359124200,110.60001,110.69,110.49001,110.57001,877738
2013-01-28,1359383400,110.28,110.42,110.27,110.41,1067644
2013-01-29,1359469800,110.41,110.49001,110.25999,110.34,837633
2013-01-30,1359556200,110.21001,110.3,110.14999,110.28999,1362172
2013-01-31,1359642600,110.3,110.39,110.25999,110.39,1969986
2013-02-01,1359729000,110.38,110.39,109.92,109.94,1340017
2013-02-04,1359988200,110.09,110.28,110.09,110.25,805306
2013-02-05,1360074600,110.03999,110.1145,110.02,110.02,1905899
2013-02-06,1360161000,110.12,110.25999,110.11,110.21001,1229531
2013-02-07,1360247400,110.17999,110.34,110.16,110.25,1147844
2013-02-08,1360333800,110.17,110.28,110.05099,110.28,681367
2013-02-11,1360593000,110.25,110.25,110.13699,110.17,1384066
2013-02-12,1360679400,110.10001,110.17999,110.08,110.14999,666730
2013-02-13,1360765800,109.94,110.09,109.94,110.03999,902171
2013-02-14,1360852200,110.00999,110.24001,110.00999,110.24001,731894
2013-02-15,1360938600,110.19,110.25,110.06,110.25,1864659
2013-02-19,1361284200,110.25999,110.28999,110.07001,110.12,1391243
2013-02-20,1361370600,110.09,110.25,110.03,110.19,2028866
2013-02-21,1361457000,110.25999,110.37,110.241,110.25,829505
2013-02-22,1361543400,110.31,110.35001,110.28999,110.31,955606
2013-02-25,1361802600,110.2899,110.78,110.2,110.73,1181447
2013-02-26,1361889000,110.64,110.834,110.64,110.7,801229
2013-02-27,1361975400,110.83,110.84,110.62,110.73,520262
2013-02-28,1362061800,110.69,110.83,110.69,110.83,1212718
2013-03-01,1362148200,110.64,110.72,110.57001,110.66,1076797
2013-03-04,1362407400,110.64999,110.66,110.57001,110.58,782016
2013-03-05,1362493800,110.53999,110.57001,110.48,110.49001,804324
2013-03-06,1362580200,110.39999,110.45,110.33,110.37,974206
2013-03-07,1362666600,110.25999,110.25999,109.97,110.14,1046909
2013-03-08,1362753000,109.86,109.96001,109.78,109.82001,2006756
2013-03-11,1363008600,109.84,109.92,109.82001,109.88,1163404
2013-03-12,1363095000,109.94,110.08,109.92999,110.08,1656197
2013-03-13,1363181400,109.92,110.08,109.92,109.99001,1136948
2013-03-14,1363267800,109.89999,110.14999,109.89999,110.11,1090617
2013-03-15,1363354200,110.07001,110.25,110.07001,110.21001,661472
2013-03-18,1363613400,110.36,110.38,110.28,110.31,1231900
2013-03-19,1363699800,110.42,110.61,110.39,110.47,1104710
2013-03-20,1363786200,110.39,110.4825,110.32001,110.35001,1275080
2013-03-21,1363872600,110.42999,110.46001,110.35001,110.37,906369
2013-03-22,1363959000,110.52,110.52,110.35001,110.41,775935
2013-03-25,1364218200,110.39999,110.52,110.36011,110.37,981053
2013-03-26,1364304600,110.31,110.52,110.31,110.5,964647
2013-03-27,1364391000,110.62,110.75,110.5701,110.73,1028730
2013-03-28,1364477400,110.67999,110.78,110.64999,110.73,2343278
2013-04-01,1364823000,110.44,110.58,110.39,110.57001,1580788
2013-04-02,1364909400,110.50999,110.52,110.41,110.45,875223
2013-04-03,1364995800,110.53999,110.69,110.49001,110.57001,1260253
2013-04-04,1365082200,110.72,110.88,110.71001,110.88,1263784
2013-04-05,1365168600,111.17,111.25999,111.11,111.2,1013775
2013-04-08,1365427800,111.14999,111.23,111.00999,111.00999,1027316
2013-04-09,1365514200,111.10001,111.13,110.9516,111.05,1286513
2013-04-10,1365600600,110.89999,110.91,110.77,110.82001,1281562
2013-04-11,1365687000,110.84,110.91,110.82001,110.84,1037321
2013-04-12,1365773400,111.02,111.21001,110.97,111.2,873614
2013-04-15,1366032600,111.16,111.28999,111.13,111.25,1521623
2013-04-16,1366119000,111.22,111.28,111.16,111.25,592949
2013-04-17,1366205400,111.2,111.44,111.2,111.25,1078406
2013-04-18,1366291800,111.28999,111.35001,111.21001,111.23,1153765
2013-04-19,1366378200,111.25,111.28,111.2,111.24001,373522
2013-04-22,1366637400,111.27,111.39,111.25281,111.38,1113771
2013-04-23,1366723800,111.45,111.50999,111.28999,111.33,747886
2013-04-24,1366810200,111.28,111.38,111.25999,111.31,743871
2013-04-25,1366896600,111.28,111.3,111.21001,111.25999,848647
2013-04-26,1366983000,111.37,111.53,111.35001,111.49001,678427
2013-04-29,1367242200,111.49001,111.57001,111.47,111.56,869326
2013-04-30,1367328600,111.59,111.67999,111.48,111.53999,1853055
2013-05-01,1367415000,111.48,111.5,111.36,111.39,1741208
2013-05-02,1367501400,111.37,111.48,111.36,111.39999,875468
2013-05-03,1367587800,111.2,111.2,110.94,110.99001,579993
2013-05-06,1367847000,110.94,111,110.81,110.81,686220
2013-05-07,1367933400,110.78999,110.85001,110.75,110.75,931563
2013-05-08,1368019800,110.83,110.89999,110.7601,110.85001,1032527
2013-05-09,1368106200,110.85001,110.95,110.7,110.7,537803
2013-05-10,1368192600,110.69,110.74001,110.3501,110.48,423039
2013-05-13,1368451800,110.35001,110.39,110.28999,110.38,563375
2013-05-14,1368538200,110.38,110.45,110.12,110.12,994272
2013-05-15,1368624600,110.27,110.32001,110.10001,110.28,926736
2013-05-16,1368711000,110.36,110.58,110.36,110.58,1965685
2013-05-17,1368797400,110.5,110.50999,110.25,110.31,621763
2013-05-20,1369056600,110.32001,110.38,110.1102,110.2,1710056
2013-05-21,1369143000,110.13,110.32001,110.075,110.28999,992243
2013-05-22,1369229400,110.36,110.48,109.83,109.92,1134398
2013-05-23,1369315800,110.03,110.05,109.8,109.88,1107141
2013-05-24,1369402200,109.94,110.049,109.83,109.88,640035
2013-05-28,1369747800,109.77,109.78,109.17,109.2,1082765
2013-05-29,1369834200,109.25999,109.38,109.17999,109.35001,1369366
2013-05-30,1369920600,109.36,109.48,109.28999,109.32001,1300982
2013-05-31,1370007000,109.39999,109.47,108.88,109.11,1616787
2013-06-03,1370266200,108.78999,109.08,108.73,108.97,2110336
2013-06-04,1370352600,108.83,108.89,108.67999,108.73,980403
2013-06-05,1370439000,108.85001,108.89999,108.67,108.67,1160549
2013-06-06,1370525400,108.66,109.09,108.6149,108.95,1142473
2013-06-07,1370611800,108.67,108.91,108.53999,108.61,1337326
2013-06-10,1370871000,108.35001,108.51199,108.33,108.39,1173293
2013-06-11,1370957400,108.19,108.45,108,108.39999,1118700
2013-06-12,1371043800,108.33,108.5,108.2,108.22,1469428
2013-06-13,1371130200,108.24001,108.75,108.24001,108.75,998941
2013-06-14,1371216600,108.82001,109,108.78,108.78,1219776
2013-06-17,1371475800,108.85001,108.94,108.68401,108.7,1694616
2013-06-18,1371562200,108.63,108.73,108.52,108.66,1067448
2013-06-19,1371648600,108.82001,108.82001,107.8,107.92999,975715
2013-06-20,1371735000,107.33,107.53,107.12,107.21001,3057098
2013-06-21,1371821400,107.11,107.31,106.53,106.61,1979411
2013-06-24,1372080600,106.00999,106.5955,105.82001,106.17999,2270894
2013-06-25,1372167000,106.47,106.60001,106.20979,106.3,1687344
2013-06-26,1372253400,106.72,106.8799,106.548,106.75,995783
2013-06-27,1372339800,106.98,107.2,106.9001,107.2,1333640
2013-06-28,1372426200,106.92999,107.35001,106.85001,107.21001,2673965
2013-07-01,1372685400,106.92,107.21001,106.92,107.16,950232
2013-07-02,1372771800,107.24001,107.3074,107.13,107.16,636898
2013-07-03,1372858200,107.22,107.28,107.00999,107.00999,442585
2013-07-05,1373031000,106.17,106.2655,105.82001,105.84,1476399
2013-07-08,1373290200,106.11,106.44,106.11,106.39,641783
2013-07-09,1373376600,106.57001,106.575,106.42999,106.5,1725957
2013-07-10,1373463000,106.59,106.59,106.22,106.22,717065
2013-07-11,1373549400,106.77,106.94,106.62,106.92999,1044169
2013-07-12,1373635800,107.14,107.14,106.67999,106.81,616210
2013-07-15,1373895000,106.92,107.03999,106.83,107.03999,757436
2013-07-16,1373981400,107.14,107.21989,107.06799,107.21001,585842
2013-07-17,1374067800,107.44,107.55,107.3,107.44,693404
2013-07-18,1374154200,107.37,107.44,107.17999,107.24001,576862
2013-07-19,1374240600,107.39,107.55,107.28999,107.52,563186
2013-07-22,1374499800,107.53,107.69,107.52,107.66,684004
2013-07-23,1374586200,107.50999,107.62,107.42999,107.60001,502155
2013-07-24,1374672600,107.24001,107.3299,107.033,107.25,956713
2013-07-25,1374759000,107.02,107.3,106.95,107.28999,917021
2013-07-26,1374845400,107.35001,107.37,107.22,107.25999,771600
2013-07-29,1375104600,107.25999,107.27,107.13,107.25999,459582
2013-07-30,1375191000,107.25999,107.34,107.10001,107.22,662428
2013-07-31,1375277400,106.81,107.32001,106.77,107.3,1361945
2013-08-01,1375363800,106.84,106.85001,106.39999,106.49001,1163736
2013-08-02,1375450200,106.8,106.96001,106.71001,106.85001,844661
2013-08-05,1375709400,106.92999,106.95,106.7435,106.89999,1166615
2013-08-06,1375795800,106.85001,106.89999,106.75,106.78999,595670
2013-08-07,1375882200,106.92,107.03,106.87,106.92999,460602
2013-08-08,1375968600,107.10001,107.21001,107.02,107.08,848671
2013-08-09,1376055000,107.06,107.19,106.974,107.14999,389769
2013-08-12,1376314200,107.27,107.27,107,107.08,713363
2013-08-13,1376400600,106.67999,106.75,106.52,106.64999,525069
2013-08-14,1376487000,106.55,106.64999,106.5,106.50999,756185
2013-08-15,1376573400,106.23,106.3399,106.061,106.13,765573
2013-08-16,1376659800,106.21001,106.21001,105.73,105.83,777347
2013-08-19,1376919000,105.78999,105.78999,105.47,105.5,734006
2013-08-20,1377005400,105.75,105.84,105.7,105.81,984615
2013-08-21,1377091800,105.71001,105.85001,105.42,105.42,656305
2013-08-22,1377178200,105.52,105.60001,105.33,105.55,821584
2013-08-23,1377264600,105.53999,105.92999,105.45,105.89999,654188
2013-08-26,1377523800,106.11,106.11,106,106.09,926437
2013-08-27,1377610200,106.31,106.45,106.15649,106.366,676315
2013-08-28,1377696600,106.32001,106.32001,106.13,106.17,648506
2013-08-29,1377783000,106.08,106.429,106,106.38,476203
2013-08-30,1377869400,106.39999,106.52,106.21001,106.21001,1670406
2013-09-03,1378215000,105.63,105.96001,105.53,105.75,1345211
2013-09-04,1378301400,105.85001,105.85001,105.53999,105.60001,546147
2013-09-05,1378387800,105.34,105.34,104.88,104.89,1058451
2013-09-06,1378474200,105.33,105.48,105.23,105.28,639485
2013-09-09,1378733400,105.60001,105.61,105.4108,105.49001,897228
2013-09-10,1378819800,105.34,105.48,105.245,105.3,628386
2013-09-11,1378906200,105.44,105.66,105.39,105.66,2315613
2013-09-12,1378992600,105.8,105.83,105.53999,105.53999,846369
2013-09-13,1379079000,105.64,105.75999,105.61011,105.69,655256
2013-09-16,1379338200,106.28,106.28,105.86011,105.91,883388
2013-09-17,1379424600,106,106.06,105.9015,106.00999,865352
2013-09-18,1379511000,105.92999,106.9899,105.80009,106.89999,1113393
2013-09-19,1379597400,106.86,106.94,106.7,106.77,661790
2013-09-20,1379683800,106.84,106.87,106.69,106.77,482816
2013-09-23,1379943000,106.8,106.92,106.72,106.85001,855826
2013-09-24,1380029400,106.99001,107.16,106.94,107.10001,718165
2013-09-25,1380115800,107.08,107.32001,107.0639,107.25,647670
2013-09-26,1380202200,107.2,107.23,107.10001,107.23,588121
2013-09-27,1380288600,107.2,107.36,107.17,107.28999,427859
2013-09-30,1380547800,107.28999,107.33,107.14999,107.2,1439520
2013-10-01,1380634200,107.08,107.10001,106.86,106.92999,2279010
2013-10-02,1380720600,107.09,107.19,106.99001,107.07001,576914
2013-10-03,1380807000,106.96001,107.22,106.96001,107.14999,905020
2013-10-04,1380893400,107.06,107.10001,106.96001,107.06,558673
2013-10-07,1381152600,107.23,107.25,107.02,107.03999,559642
2013-10-08,1381239000,107.07001,107.14999,106.97,106.99001,406977
2013-10-09,1381325400,107.10001,107.10001,106.8804,106.91,771519
2013-10-10,1381411800,106.84,107.08,106.75,107.03,2191892
2013-10-11,1381498200,107.22,107.27,107.041,107.07001,1032211
2013-10-14,1381757400,107.10001,107.12,106.85001,106.87,412899
2013-10-15,1381843800,107.06,107.09,106.78999,106.82001,946887
2013-10-16,1381930200,106.78,107.28,106.74001,107.28,774745
2013-10-17,1382016600,107.5,107.67999,107.44,107.58,1027322
2013-10-18,1382103000,107.75,107.82001,107.67999,107.75999,632355
2013-10-21,1382362200,107.71001,107.73,107.58,107.66,734662
2013-10-22,1382448600,107.98,108.07001,107.92,108.03999,1572301
2013-10-23,1382535000,108.07001,108.16,108,108.00999,694323
2013-10-24,1382621400,108.14,108.14,107.94,107.97,532820
2013-10-25,1382707800,108.00999,108.10001,107.9635,108.00999,484285
2013-10-28,1382967000,108,108.09,107.94,107.96,936216
2013-10-29,1383053400,107.92,108.09,107.87,108.09,521444
2013-10-30,1383139800,108.11,108.21,107.82,107.89,492132
2013-10-31,1383226200,108.11,108.12,107.8,107.899,1793619
2013-11-01,1383312600,107.64,107.65,107.41,107.45,1262256
2013-11-04,1383575400,107.55,107.6,107.48,107.56,421665
2013-11-05,1383661800,107.4,107.43,107.22,107.24,873119
2013-11-06,1383748200,107.39,107.46,107.35,107.41,561727
2013-11-07,1383834600,107.5,107.59,107.4301,107.49,804348
2013-11-08,1383921000,106.89,106.94,106.76,106.82,796624
2013-11-11,1384180200,106.82,106.83,106.678,106.76,1281366
2013-11-12,1384266600,106.71,106.79,106.67,106.72,1130631
2013-11-13,1384353000,106.94,107.04,106.874,107,673339
2013-11-14,1384439400,107.12,107.33,107.1,107.33,1437849
2013-11-15,1384525800,107.37,107.39,107.28,107.36,1853385
2013-11-18,1384785000,107.43,107.57,107.42,107.57,856053
2013-11-19,1384871400,107.48,107.5,107.26,107.28,1703526
2013-11-20,1384957800,107.34,107.4648,106.94,106.98,984760
2013-11-21,1385044200,106.92,107.11,106.8,107.09,1362947
2013-11-22,1385130600,107.13,107.27,107.12,107.24,919379
2013-11-25,1385389800,107.25,107.3899,107.23,107.32,692312
2013-11-26,1385476200,107.34,107.52,107.3301,107.35,1625574
2013-11-27,1385562600,107.44,107.48,107.21,107.4,932808
2013-11-29,1385735400,107.3,107.49,107.21,107.44,956486
2013-12-02,1385994600,107.1,107.12,106.83,106.83,1518682
2013-12-03,1386081000,106.97,107.0199,106.9,106.96,1478590
2013-12-04,1386167400,106.61,106.77,106.59,106.68,1205288
2013-12-05,1386253800,106.62,106.6999,106.45,106.45,1882757
2013-12-06,1386340200,106.53,106.71,106.48,106.63,2883569
2013-12-09,1386599400,106.7,106.8099,106.66,106.76,1381541
2013-12-10,1386685800,107.05,107.07,106.8901,106.93,2986889
2013-12-11,1386772200,106.93,106.95,106.755,106.76,4010607
2013-12-12,1386858600,106.72,106.72,106.57,106.6,2260040
2013-12-13,1386945000,106.85,106.85,106.62,106.65,3461585
2013-12-16,1387204200,106.92,106.92,106.67,106.73,804938
2013-12-17,1387290600,106.77,106.96,106.73,106.91,1384156
2013-12-18,1387377000,106.8,107.099,106.5,106.86,1446065
2013-12-19,1387463400,106.58,106.75,106.47,106.68,2011353
2013-12-20,1387549800,106.86,106.93,106.69,106.86,1378324
2013-12-23,1387809000,106.86,106.97,106.77,106.81,1926747
2013-12-24,1387895400,106.72,106.76,106.63,106.66,688526
2013-12-26,1388068200,106.35,106.42,105.35,106.39,750809
2013-12-27,1388154600,106.38,106.46,106.29,106.43,1320388
2013-12-30,1388413800,106.51,106.59,106.44,106.53,1226524
2013-12-31,1388500200,106.48,106.58,106.37,106.43,3280297
2014-01-02,1388673000,106.45,106.57,106.4301,106.5,1346635
2014-01-03,1388759400,106.45,106.63,106.39,106.54,2293520
2014-01-06,1389018600,106.53,106.68,106.53,106.68,4413863
2014-01-07,1389105000,106.74,106.78,106.67,106.73,1255683
2014-01-08,1389191400,106.57,106.62,106.4,106.41,1090809
2014-01-09,1389277800,106.56,106.58,106.42,106.56,829446
2014-01-10,1389364200,106.92,107.1,106.84,107.1,1484433
2014-01-13,1389623400,107.15,107.31,107.14,107.2,1139533
2014-01-14,1389709800,107.18,107.25,106.98,107.04,987501
2014-01-15,1389796200,106.88,106.979,106.82,106.95,1664833
2014-01-16,1389882600,107.13,107.21,107.07,107.2,3113724
2014-01-17,1389969000,107.18,107.3,107.1,107.25,588650
2014-01-21,1390314600,107.21,107.34,107.17,107.3,1777054
2014-01-22,1390401000,107.11,107.24,107.0241,107.07,892944
2014-01-23,1390487400,107.27,107.52,107.26,107.35,1901180
2014-01-24,1390573800,107.48,107.65,107.4601,107.58,783270
2014-01-27,1390833000,107.53,107.64,107.34,107.35,1334950
2014-01-28,1390919400,107.46,107.56,107.39,107.53,1306409
2014-01-29,1391005800,107.68,107.92,107.68,107.85,1116203
2014-01-30,1391092200,107.76,107.88,107.71,107.87,3074373
2014-01-31,1391178600,108,108.07,107.91,108.07,3195172
2014-02-03,1391437800,107.78,108.23,107.71,108.23,1976089
2014-02-04,1391524200,107.96,108.075,107.88,107.97,2288988
2014-02-05,1391610600,107.88,107.92,107.69,107.7,1161953
2014-02-06,1391697000,107.62,107.67,107.55,107.65,1127704
2014-02-07,1391783400,107.68,107.9,107.65,107.82,628612
2014-02-10,1392042600,107.86,107.97,107.81,107.93,1097231
2014-02-11,1392129000,107.7,107.78,107.63,107.72,1493233
2014-02-12,1392215400,107.58,107.61,107.45,107.54,714129
2014-02-13,1392301800,107.75,107.82,107.69,107.77,777422
2014-02-14,1392388200,107.75,107.78,107.66,107.77,709033
2014-02-18,1392733800,107.76,107.9436,107.74,107.84,940929
2014-02-19,1392820200,107.97,108.06,107.73,107.76,902609
2014-02-20,1392906600,107.71,107.7599,107.57,107.7,894002
2014-02-21,1392993000,107.62,107.8,107.607,107.8,395315
2014-02-24,1393252200,107.8,107.8,107.68,107.7,838467
2014-02-25,1393338600,107.85,108.02,107.85,107.99,542149
2014-02-26,1393425000,108.04,108.22,108,108.22,617049
2014-02-27,1393511400,108.25,108.37,108.23,108.33,628859
2014-02-28,1393597800,108.24,108.32,108.12,108.27,1589498
2014-03-03,1393857000,108.21,108.38,108.1501,108.35,2533867
2014-03-04,1393943400,108.25,108.25,107.92,107.95,953664
2014-03-05,1394029800,107.83,108.0199,107.81,108.01,2852331
2014-03-06,1394116200,107.76,107.83,107.69,107.77,689227
2014-03-07,1394202600,107.46,107.56,107.42,107.47,701655
2014-03-10,1394458200,107.5,107.56,107.46,107.47,877780
2014-03-11,1394544600,107.53,107.56,107.44,107.46,2060680
2014-03-12,1394631000,107.67,107.72,107.6,107.7,943309
2014-03-13,1394717400,107.57,108.06,107.5501,107.98,660856
2014-03-14,1394803800,108.13,108.169,107.93,107.93,741804
2014-03-17,1395063000,107.91,107.98,107.83,107.87,590812
2014-03-18,1395149400,107.88,108,107.85,108,568768
2014-03-19,1395235800,107.98,107.98,107.41,107.52,701986
2014-03-20,1395322200,107.45,107.53,107.39,107.44,1100577
2014-03-21,1395408600,107.52,107.65,107.46,107.59,756565
2014-03-24,1395667800,107.58,107.77,107.5,107.75,712806
2014-03-25,1395754200,107.69,107.83,107.63,107.64,1377644
2014-03-26,1395840600,107.75,107.98,107.72,107.98,593935
2014-03-27,1395927000,107.87,108.08,107.85,108.06,1299237
2014-03-28,1396013400,108.1,108.1,107.84,107.9,865582
2014-03-31,1396272600,107.83,107.98,107.7401,107.91,1452262
2014-04-01,1396359000,107.66,107.67,107.54,107.54,759994
2014-04-02,1396445400,107.35,107.49,107.33,107.36,1550723
2014-04-03,1396531800,107.46,107.54,107.39,107.44,1126701
2014-04-04,1396618200,107.66,107.85,107.65,107.78,1043591
2014-04-07,1396877400,107.94,108.06,107.89,107.94,679524
2014-04-08,1396963800,107.98,108.15,107.93,108.07,1435735
2014-04-09,1397050200,108,108.21,107.93,108.08,1167121
2014-04-10,1397136600,108.17,108.49,108.15,108.33,1033347
2014-04-11,1397223000,108.58,108.58,108.41,108.43,1168746
2014-04-14,1397482200,108.43,108.5,108.4,108.47,1002828
2014-04-15,1397568600,108.44,108.62,108.39,108.48,1442126
2014-04-16,1397655000,108.41,108.54,108.34,108.54,2245605
2014-04-17,1397741400,108.53,108.53,108.1,108.19,1262934
2014-04-21,1398087000,108.27,108.29,108.13,108.18,1018249
2014-04-22,1398173400,108.1,108.16,108.0501,108.16,1034816
2014-04-23,1398259800,108.24,108.36,108.21,108.27,745962
2014-04-24,1398346200,108.22,108.37,108.18,108.37,494013
2014-04-25,1398432600,108.43,108.545,108.375,108.39,489724
2014-04-28,1398691800,108.39,108.46,108.26,108.32,523333
2014-04-29,1398778200,108.26,108.4,108.24,108.37,858629
2014-04-30,1398864600,108.46,108.61,108.38,108.59,1312994
2014-05-01,1398951000,108.38,108.7,108.38,108.55,1727501
2014-05-02,1399037400,108.45,108.78,108.35,108.68,1075337
2014-05-05,1399296600,108.72,108.74,108.56,108.64,1261124
2014-05-06,1399383000,108.69,108.73,108.62,108.72,786783
2014-05-07,1399469400,108.7,108.8,108.62,108.72,664899
2014-05-08,1399555800,108.78,108.9,108.68,108.79,2023412
2014-05-09,1399642200,108.75,108.815,108.66,108.69,812801
2014-05-12,1399901400,108.64,108.65,108.54,108.6,472926
2014-05-13,1399987800,108.76,108.7975,108.724,108.78,577525
2014-05-14,1400074200,108.91,109.15,108.91,109.09,1321613
2014-05-15,1400160600,109.3,109.45,109.23,109.32,2408932
2014-05-16,1400247000,109.22,109.3499,109.17,109.2,558690
2014-05-19,1400506200,109.34,109.39,109.15,109.16,945884
2014-05-20,1400592600,109.16,109.31,109.155,109.21,1102242
2014-05-21,1400679000,109.15,109.18,109.0799,109.17,804401
2014-05-22,1400765400,109.14,109.18,109.0601,109.12,633858
2014-05-23,1400851800,109.18,109.25,109.14,109.23,435506
2014-05-27,1401197400,109.25,109.33,109.1,109.33,762614
2014-05-28,1401283800,109.49,109.69,109.43,109.63,692257
2014-05-29,1401370200,109.74,109.83,109.54,109.57,981366
2014-05-30,1401456600,109.52,109.67,109.45,109.67,5554725
2014-06-02,1401715800,109.29,109.36,109.09,109.13,2822931
2014-06-03,1401802200,109.02,109.04,108.78,108.84,864572
2014-06-04,1401888600,108.88,108.88,108.73,108.8,1445716
2014-06-05,1401975000,108.82,108.98,108.7701,108.94,643481
2014-06-06,1402061400,109.1,109.12,108.88,108.88,839471
2014-06-09,1402320600,108.84,108.87,108.755,108.78,1133370
2014-06-10,1402407000,108.66,108.74,108.62,108.62,823256
2014-06-11,1402493400,108.73,108.78,108.64,108.7,1171171
2014-06-12,1402579800,108.74,108.9999,108.68,108.91,1224225
2014-06-13,1402666200,108.75,108.91,108.71,108.88,1040913
2014-06-16,1402925400,108.87,108.955,108.8,108.82,1308947
2014-06-17,1403011800,108.76,108.79,108.61,108.62,842325
2014-06-18,1403098200,108.73,108.91,108.64,108.91,504430
2014-06-19,1403184600,109,109.03,108.68,108.75,690012
2014-06-20,1403271000,108.73,108.94,108.73,108.94,690618
2014-06-23,1403530200,108.99,109.02,108.84,108.84,559686
2014-06-24,1403616600,108.96,109.05,108.88,109.03,740782
2014-06-25,1403703000,109.2,109.28,109.11,109.18,713668
2014-06-26,1403789400,109.25,109.41,109.25,109.39,673742
2014-06-27,1403875800,109.45,109.5,109.35,109.39,668228
2014-06-30,1404135000,109.47,109.5,109.36,109.4,1046876
2014-07-01,1404221400,109.11,109.1799,109.05,109.07,1038472
2014-07-02,1404307800,108.94,108.94,108.69,108.69,1381415
2014-07-03,1404394200,108.55,108.66,108.4701,108.62,634462
2014-07-07,1404739800,108.68,108.748,108.6207,108.65,1253261
2014-07-08,1404826200,108.84,108.98,108.84,108.87,2023980
2014-07-09,1404912600,108.88,109.04,108.78,108.96,785506
2014-07-10,1404999000,109.18,109.19,109.01,109.01,791501
2014-07-11,1405085400,109.16,109.27,109.14,109.16,606815
2014-07-14,1405344600,109.11,109.13,109,109.07,710430
2014-07-15,1405431000,108.99,109.16,108.9,108.93,660181
2014-07-16,1405517400,109.01,109.05,108.961,109.02,725585
2014-07-17,1405603800,109.22,109.38,109.12,109.34,1158365
2014-07-18,1405690200,109.28,109.33,109.18,109.22,543622
2014-07-21,1405949400,109.35,109.45,109.26,109.26,585667
2014-07-22,1406035800,109.38,109.45,109.28,109.44,724714
2014-07-23,1406122200,109.5,109.55,109.41,109.46,711838
2014-07-24,1406208600,109.32,109.32,109.12,109.12,853416
2014-07-25,1406295000,109.36,109.39,109.26,109.33,506244
2014-07-28,1406554200,109.37,109.43,109.27,109.35,673026
2014-07-29,1406640600,109.45,109.52,109.34,109.46,2977132
2014-07-30,1406727000,109.25,109.29,109.02,109.07,1245013
2014-07-31,1406813400,108.9,109.09,108.88,108.93,1066380
2014-08-01,1406899800,108.89,109.19,108.76,109.14,1064384
2014-08-04,1407159000,109.2,109.275,109.12,109.12,1496980
2014-08-05,1407245400,109.12,109.2,108.95,109.12,1875186
2014-08-06,1407331800,109.27,109.27,109.11,109.13,708756
2014-08-07,1407418200,109.19,109.4,109.1,109.34,1246477
2014-08-08,1407504600,109.47,109.63,109.3454,109.38,1339201
2014-08-11,1407763800,109.4,109.49,109.35,109.39,1632940
2014-08-12,1407850200,109.44,109.44,109.31,109.34,876046
2014-08-13,1407936600,109.44,109.57,109.39,109.56,3471734
2014-08-14,1408023000,109.65,109.68,109.54,109.62,1072886
2014-08-15,1408109400,109.7,110.12,109.6,109.89,2593232
2014-08-18,1408368600,109.79,109.82,109.62,109.66,1424390
2014-08-19,1408455000,109.76,109.8,109.49,109.51,1820733
2014-08-20,1408541400,109.54,109.54,109.355,109.39,929463
2014-08-21,1408627800,109.48,109.6,109.45,109.58,775579
2014-08-22,1408714200,109.53,109.61,109.35,109.56,801920
2014-08-25,1408973400,109.69,109.69,109.52,109.65,3473776
2014-08-26,1409059800,109.73,109.73,109.61,109.66,543367
2014-08-27,1409146200,109.73,109.85,109.7,109.8,866103
2014-08-28,1409232600,109.96,110.05,109.89,110.02,1123701
2014-08-29,1409319000,110,110.09,109.94,109.98,1473300
2014-09-02,1409664600,109.55,109.63,109.45,109.45,1029287
2014-09-03,1409751000,109.39,109.58,109.37,109.57,1311668
2014-09-04,1409837400,109.44,109.54,109.31,109.43,1308945
2014-09-05,1409923800,109.44,109.54,109.29,109.37,798456
2014-09-08,1410183000,109.49,109.54,109.26,109.26,895295
2014-09-09,1410269400,109.17,109.23,109.09,109.11,689510
2014-09-10,1410355800,108.98,109.01,108.91,108.96,974367
2014-09-11,1410442200,109.01,109.06,108.83,108.85,753477
2014-09-12,1410528600,108.69,108.74,108.595,108.63,1327615
2014-09-15,1410787800,108.73,108.76,108.59,108.61,1210783
2014-09-16,1410874200,108.7,108.77,108.61,108.61,850970
2014-09-17,1410960600,108.74,108.84,108.48,108.49,707246
2014-09-18,1411047000,108.5,108.55,108.45,108.5,707596
2014-09-19,1411133400,108.56,108.73,108.509,108.68,929889
2014-09-22,1411392600,108.86,108.91,108.76,108.83,592391
2014-09-23,1411479000,108.91,108.95,108.83,108.93,705231
2014-09-24,1411565400,109.08,109.08,108.84,108.86,836713
2014-09-25,1411651800,108.98,109.1,108.98,109.07,1161869
2014-09-26,1411738200,109.06,109.09,108.88,109.06,1729491
2014-09-29,1411997400,109.16,109.24,109.0601,109.18,7243748
2014-09-30,1412083800,109.19,109.28,109.09,109.11,2335365
2014-10-01,1412170200,109.2,109.54,109.1997,109.53,6605180
2014-10-02,1412256600,109.56,109.63,109.35,109.35,4826810
2014-10-03,1412343000,109.31,109.36,109.2,109.3,2928901
2014-10-06,1412602200,109.4,109.55,109.31,109.4,2145824
2014-10-07,1412688600,109.61,109.85,109.5601,109.82,2328416
2014-10-08,1412775000,109.9,110.14,109.6801,110.13,2477897
2014-10-09,1412861400,110.07,110.07,109.87,109.91,1502816
2014-10-10,1412947800,109.96,110.03,109.87,109.99,1734434
2014-10-13,1413207000,110.15,110.34,110.04,110.31,1098538
2014-10-14,1413293400,110.5,110.58,110.28,110.56,3518455
2014-10-15,1413379800,111.2,112.08,110.63,110.76,2275368
2014-10-16,1413466200,111,111.15,110.5435,110.67,1792877
2014-10-17,1413552600,110.51,110.65,110.4,110.52,2065773
2014-10-20,1413811800,110.69,110.7267,110.57,110.65,1518290
2014-10-21,1413898200,110.55,110.678,110.49,110.55,2624964
2014-10-22,1413984600,110.5,110.54,110.4,110.49,3179164
2014-10-23,1414071000,110.36,110.36,110.13,110.23,1863102
2014-10-24,1414157400,110.27,110.35,110.15,110.27,1188946
2014-10-27,1414416600,110.28,110.33,110.191,110.31,1073056
2014-10-28,1414503000,110.21,110.25,110.1,110.14,1128600
2014-10-29,1414589400,110.03,110.16,109.85,109.9,1591007
2014-10-30,1414675800,110.05,110.1855,110.03,110.08,2479468
2014-10-31,1414762200,109.93,110.08,109.9,110.08,3145121
2014-11-03,1415025000,109.83,109.85,109.56,109.68,2282374
2014-11-04,1415111400,109.7,109.86,109.67,109.69,2346280
2014-11-05,1415197800,109.65,109.74,109.59,109.73,2699558
2014-11-06,1415284200,109.52,109.6699,109.5,109.54,1391435
2014-11-07,1415370600,109.61,109.92,109.6,109.91,1661449
2014-11-10,1415629800,109.9,109.91,109.65,109.65,846857
2014-11-11,1415716200,109.66,109.71,109.59,109.7,1138463
2014-11-12,1415802600,109.74,109.88,109.661,109.71,1123741
2014-11-13,1415889000,109.75,109.8,109.6599,109.76,860783
2014-11-14,1415975400,109.68,109.94,109.64,109.86,1073003
2014-11-17,1416234600,109.96,109.96,109.72,109.73,1403014
2014-11-18,1416321000,109.82,109.8801,109.77,109.83,1318376
2014-11-19,1416407400,109.68,109.84,109.56,109.57,1361784
2014-11-20,1416493800,109.87,109.93,109.69,109.77,1155795
2014-11-21,1416580200,109.92,109.96,109.84,109.9,1294994
2014-11-24,1416839400,109.85,110.04,109.8389,109.94,1355121
2014-11-25,1416925800,109.96,110.22,109.96,110.18,3187726
2014-11-26,1417012200,110.33,110.34,110.2432,110.27,1205659
2014-11-28,1417185000,110.43,110.62,110.4,110.61,2072793
2014-12-01,1417444200,110.6,110.6,110.08,110.08,2811726
2014-12-02,1417530600,109.99,109.99,109.81,109.86,1469400
2014-12-03,1417617000,109.83,109.87,109.73,109.76,1998004
2014-12-04,1417703400,109.85,110.11,109.78,110.09,3001658
2014-12-05,1417789800,109.87,109.94,109.61,109.62,3477696
2014-12-08,1418049000,109.81,109.995,109.56,109.89,984140
2014-12-09,1418135400,110.14,110.23,109.95,110.06,1203037
2014-12-10,1418221800,110,110.31,109.98,110.25,1207989
2014-12-11,1418308200,110.15,110.23,110.02,110.21,1447694
2014-12-12,1418394600,110.5,110.66,110.31,110.56,1714109
2014-12-15,1418653800,110.38,110.54,110.25,110.26,2540686
2014-12-16,1418740200,110.6,110.6,110.3201,110.53,1411670
2014-12-17,1418826600,110.5,110.675,110.28,110.39,2167454
2014-12-18,1418913000,110.17,110.22,110.06,110.1,1865794
2014-12-19,1418999400,110.08,110.38,110.08,110.28,1865027
2014-12-22,1419258600,110.35,110.46,110.2666,110.45,3827829
2014-12-23,1419345000,110.3,110.39,109.9,109.94,2790798
2014-12-24,1419431400,109.63,109.71,109.46,109.69,922096
2014-12-26,1419604200,109.72,109.87,109.62,109.74,1124918
2014-12-29,1419863400,109.94,110.05,109.83,109.97,2199237
2014-12-30,1419949800,110.2,110.26,110.01,110.09,2069596
2014-12-31,1420036200,110.14,110.26,110.102,110.12,2493870
2015-01-02,1420209000,110.18,110.5,110.18,110.43,2090232
2015-01-05,1420468200,110.56,110.76,110.48,110.67,3446236
2015-01-06,1420554600,110.96,111.35,110.89,110.95,3688054
2015-01-07,1420641000,111,111.04,110.74,110.93,3984399
2015-01-08,1420727400,110.84,110.84,110.63,110.76,2212153
2015-01-09,1420813800,110.89,111.14,110.73,111.03,1322557
2015-01-12,1421073000,111.16,111.255,111.081,111.12,2185655
2015-01-13,1421159400,111.15,111.33,111.03,111.15,5536965
2015-01-14,1421245800,111.64,111.65,111.395,111.42,3043605
2015-01-15,1421332200,111.49,111.94,111.49,111.93,2084009
2015-01-16,1421418600,111.68,111.83,111.42,111.5,2744525
2015-01-20,1421764200,111.75,111.84,111.55,111.69,2059394
2015-01-21,1421850600,111.68,111.81,111.3901,111.49,2020176
2015-01-22,1421937000,111.72,111.72,111.29,111.43,2030434
2015-01-23,1422023400,111.65,111.81,111.54,111.71,1535012
2015-01-26,1422282600,111.79,111.79,111.45,111.66,2705234
2015-01-27,1422369000,111.97,111.97,111.545,111.6,1635906
2015-01-28,1422455400,111.7,112.22,111.6662,112.07,1327756
2015-01-29,1422541800,111.93,112.059,111.82,111.98,1752591
2015-01-30,1422628200,112.35,112.52,112.24,112.38,6252828
2015-02-02,1422887400,112.06,112.23,112,112.2,2792120
2015-02-03,1422973800,112.1,112.1,111.76,111.77,1815375
2015-02-04,1423060200,111.64,111.95,111.5,111.94,1953033
2015-02-05,1423146600,111.79,111.8474,111.57,111.71,2409552
2015-02-06,1423233000,111.41,111.41,111.03,111.06,2531315
2015-02-09,1423492200,111.31,111.31,111.04,111.04,1724911
2015-02-10,1423578600,110.96,111.0555,110.82,110.92,1272543
2015-02-11,1423665000,110.88,110.99,110.7401,110.87,1803433
2015-02-12,1423751400,110.91,111.12,110.87,110.89,2123746
2015-02-13,1423837800,110.95,110.9692,110.71,110.76,1706183
2015-02-17,1424183400,110.67,110.73,110.2401,110.31,2043026
2015-02-18,1424269800,110.39,110.7451,110.3149,110.62,1442441
2015-02-19,1424356200,110.62,110.76,110.48,110.53,1442991
2015-02-20,1424442600,110.68,110.88,110.37,110.55,2280736
2015-02-23,1424701800,110.69,110.805,110.66,110.75,1688234
2015-02-24,1424788200,110.74,111.27,110.55,111.24,1736745
2015-02-25,1424874600,111.2,111.32,111.0701,111.32,2319277
2015-02-26,1424961000,111.21,111.28,110.86,110.92,1837251
2015-02-27,1425047400,111.14,111.22,110.89,111.2,3816414
2015-03-02,1425306600,110.99,110.99,110.45,110.45,7881863
2015-03-03,1425393000,110.44,110.57,110.31,110.31,4228397
2015-03-04,1425479400,110.44,110.51,110.275,110.37,1477095
2015-03-05,1425565800,110.43,110.54,110.3,110.42,1053013
2015-03-06,1425652200,110.08,110.09,109.6,109.7,1872869
2015-03-09,1425907800,110.17,110.17,109.91,109.98,2724695
2015-03-10,1425994200,110.23,110.36,110.15,110.24,1708143
2015-03-11,1426080600,110.21,110.53,110.21,110.46,1171619
2015-03-12,1426167000,110.69,110.7232,110.42,110.55,1416645
2015-03-13,1426253400,110.44,110.63,110.25,110.34,3235526
2015-03-16,1426512600,110.62,110.67,110.42,110.58,1305770
2015-03-17,1426599000,110.64,110.68,110.54,110.56,1423692
2015-03-18,1426685400,110.79,111.39,110.5755,111.37,1997848
2015-03-19,1426771800,111.24,111.3,110.94,110.98,1929655
2015-03-20,1426858200,111.23,111.34,111.1801,111.32,3833605
2015-03-23,1427117400,111.37,111.4,111.2312,111.34,1120884
2015-03-24,1427203800,111.48,111.67,111.37,111.64,2647340
2015-03-25,1427290200,111.75,111.75,111.4258,111.43,1612307
2015-03-26,1427376600,111.31,111.3647,110.995,111.03,1377559
2015-03-27,1427463000,111.18,111.34,111.16,111.19,5610233
2015-03-30,1427722200,111.34,111.34,111.16,111.24,1310728
2015-03-31,1427808600,111.27,111.45,111.18,111.43,2958055
2015-04-01,1427895000,111.42,111.63,111.31,111.58,1927330
2015-04-02,1427981400,111.57,111.57,111.38,111.43,1761723
2015-04-06,1428327000,111.78,111.78,111.37,111.5,1430979
2015-04-07,1428413400,111.45,111.57,111.28,111.52,1415177
2015-04-08,1428499800,111.56,111.5899,111.3646,111.53,903019
2015-04-09,1428586200,111.56,111.56,111.17,111.25,1728452
2015-04-10,1428672600,111.43,111.4597,111.2047,111.25,2055617
2015-04-13,1428931800,111.25,111.37,111.25,111.37,950963
2015-04-14,1429018200,111.7,111.79,111.4878,111.49,1157399
2015-04-15,1429104600,111.66,111.71,111.5501,111.64,1296832
2015-04-16,1429191000,111.7,111.7,111.4,111.58,1000803
2015-04-17,1429277400,111.53,111.8,111.4601,111.67,1274289
2015-04-20,1429536600,111.67,111.73,111.47,111.59,1289415
2015-04-21,1429623000,111.57,111.6,111.44,111.47,1522674
2015-04-22,1429709400,111.44,111.44,111.1,111.14,916429
2015-04-23,1429795800,111.15,111.415,111.1362,111.31,1483934
2015-04-24,1429882200,111.48,111.5701,111.41,111.5,837747
2015-04-27,1430141400,111.51,111.56,111.3359,111.54,1595563
2015-04-28,1430227800,111.34,111.44,111.11,111.11,1602004
2015-04-29,1430314200,110.89,110.9699,110.7,110.86,1313249
2015-04-30,1430400600,110.69,110.92,110.51,110.86,3328573
2015-05-01,1430487000,110.52,110.5302,110.245,110.34,1357164
2015-05-04,1430746200,110.42,110.4715,110.12,110.1307,1651932
2015-05-05,1430832600,110.19,110.219,109.84,110.03,1481227
2015-05-06,1430919000,109.95,109.97,109.6139,109.66,1566004
2015-05-07,1431005400,109.85,110.04,109.76,109.93,1986235
2015-05-08,1431091800,110.36,110.43,110.205,110.29,1933601
2015-05-11,1431351000,110.02,110.06,109.57,109.59,2984888
2015-05-12,1431437400,109.5,109.76,109.38,109.58,1394866
2015-05-13,1431523800,109.91,109.92,109.45,109.57,2441612
2015-05-14,1431610200,109.65,109.79,109.58,109.74,1796941
2015-05-15,1431696600,109.96,110.22,109.8801,110.2,1047478
2015-05-18,1431955800,109.93,110.01,109.76,109.78,863865
2015-05-19,1432042200,109.46,109.7101,109.39,109.4,1664380
2015-05-20,1432128600,109.58,109.692,109.46,109.57,1584131
2015-05-21,1432215000,109.65,109.93,109.65,109.91,2652588
2015-05-22,1432301400,109.85,109.8597,109.62,109.79,1086983
2015-05-26,1432647000,109.8,110.1,109.75,110.06,2774957
2015-05-27,1432733400,110.06,110.1851,109.8988,110.17,888691
2015-05-28,1432819800,110.14,110.22,110.0501,110.13,1298906
2015-05-29,1432906200,110.18,110.3,110.0801,110.17,2780256
2015-06-01,1433165400,109.95,109.99,109.56,109.66,4327305
2015-06-02,1433251800,109.43,109.4463,109.17,109.23,1830416
2015-06-03,1433338200,108.98,109.01,108.67,108.8,3413107
2015-06-04,1433424600,108.89,109.1665,108.89,109.03,1907881
2015-06-05,1433511000,108.63,108.79,108.51,108.55,1619045
2015-06-08,1433770200,108.76,108.8,108.66,108.71,1289705
2015-06-09,1433856600,108.65,108.65,108.32,108.4,1206678
2015-06-10,1433943000,108.24,108.2992,108.04,108.13,1491244
2015-06-11,1434029400,108.33,108.71,108.2751,108.71,1539634
2015-06-12,1434115800,108.68,108.895,108.52,108.58,1365918
2015-06-15,1434375000,108.96,108.96,108.63,108.71,1666570
2015-06-16,1434461400,108.83,108.89,108.6815,108.89,1309857
2015-06-17,1434547800,108.84,108.9,108.44,108.9,1895671
2015-06-18,1434634200,108.81,108.87,108.62,108.87,2917418
2015-06-19,1434720600,109.1,109.26,109.04,109.21,2048458
2015-06-22,1434979800,108.95,108.9999,108.64,108.67,1173800
2015-06-23,1435066200,108.41,108.64,108.3501,108.42,1339035
2015-06-24,1435152600,108.55,108.68,108.4501,108.59,1527811
2015-06-25,1435239000,108.58,108.6,108.39,108.47,1222025
2015-06-26,1435325400,108.29,108.31,108.11,108.21,1054938
2015-06-29,1435584600,108.6,108.94,108.38,108.85,3278938
2015-06-30,1435671000,108.72,109,108.61,108.78,2159465
2015-07-01,1435757400,108.33,108.38,108.15,108.29,6010318
2015-07-02,1435843800,108.48,108.6,108.43,108.44,994614
2015-07-06,1436189400,108.88,108.99,108.63,108.83,1107991
2015-07-07,1436275800,109.12,109.38,108.96,108.98,2502487
2015-07-08,1436362200,109.16,109.36,109.03,109.24,2892899
2015-07-09,1436448600,109.09,109.09,108.82,108.84,1932808
2015-07-10,1436535000,108.47,108.58,108.28,108.38,2163693
2015-07-13,1436794200,108.24,108.37,108.14,108.22,1938311
2015-07-14,1436880600,108.43,108.5,108.32,108.4,1441422
2015-07-15,1436967000,108.36,108.72,108.36,108.69,1781385
2015-07-16,1437053400,108.54,108.79,108.4988,108.78,1294775
2015-07-17,1437139800,108.73,108.86,108.72,108.79,897639
2015-07-20,1437399000,108.67,108.72,108.5512,108.6,1245077
2015-07-21,1437485400,108.54,108.85,108.51,108.78,1191503
2015-07-22,1437571800,108.83,108.99,108.82,108.83,1099960
2015-07-23,1437658200,108.84,109.15,108.81,109.14,1021367
2015-07-24,1437744600,109.23,109.24,109.0585,109.12,1192475
2015-07-27,1438003800,109.25,109.35,109.205,109.26,2665995
2015-07-28,1438090200,109.13,109.22,109.09,109.15,1873240
2015-07-29,1438176600,109.09,109.12,108.94,109.06,2273525
2015-07-30,1438263000,109.08,109.15,108.97,109.07,1959020
2015-07-31,1438349400,109.44,109.51,109.35,109.5,2084323
2015-08-03,1438608600,109.29,109.54,109.19,109.4,2563943
2015-08-04,1438695000,109.35,109.43,109.07,109.08,1659909
2015-08-05,1438781400,108.94,109.08,108.7238,108.88,2346582
2015-08-06,1438867800,108.93,109.1,108.9001,109.01,1038142
2015-08-07,1438954200,109.14,109.275,109.035,109.2,2154749
2015-08-10,1439213400,109.15,109.17,108.85,109.06,1280227
2015-08-11,1439299800,109.42,109.5765,109.284,109.42,1537300
2015-08-12,1439386200,109.55,109.71,109.35,109.35,1563891
2015-08-13,1439472600,109.36,109.3651,109.11,109.12,1571743
2015-08-14,1439559000,109.12,109.24,109.02,109.07,1890482
2015-08-17,1439818200,109.33,109.3992,109.2,109.26,1387062
2015-08-18,1439904600,109.19,109.24,109.04,109.06,785393
2015-08-19,1439991000,109.04,109.48,108.96,109.4,2184876
2015-08-20,1440077400,109.58,109.64,109.45,109.57,1075630
2015-08-21,1440163800,109.68,109.865,109.57,109.76,2443414
2015-08-24,1440423000,110,110.34,109.57,109.72,5440205
2015-08-25,1440509400,109.7,109.7,109.13,109.46,4069990
2015-08-26,1440595800,109.08,109.41,108.88,108.95,3994218
2015-08-27,1440682200,108.95,109.195,108.93,109.1,4040532
2015-08-28,1440768600,109.34,109.37,108.93,109,4774631
2015-08-31,1441027800,109.28,109.37,108.9,108.92,4145627
2015-09-01,1441114200,108.89,109.11,108.77,109.02,3386037
2015-09-02,1441200600,108.92,109.05,108.81,108.88,3442041
2015-09-03,1441287000,109.06,109.12,108.8701,109.04,1935134
2015-09-04,1441373400,109.19,109.33,109.02,109.27,1748062
2015-09-08,1441719000,108.96,109.04,108.91,109.01,2130373
2015-09-09,1441805400,108.78,109.08,108.7022,109.05,2891414
2015-09-10,1441891800,109,109.009,108.81,108.93,2564356
2015-09-11,1441978200,109.05,109.17,109.01,109.06,2001634
2015-09-14,1442237400,109.18,109.2,109.04,109.09,1543554
2015-09-15,1442323800,109,109,108.5,108.6,1541194
2015-09-16,1442410200,108.59,108.66,108.41,108.51,1810077
2015-09-17,1442496600,108.48,109.19,108.4,109.19,1955397
2015-09-18,1442583000,109.26,109.39,109.15,109.28,4510562
2015-09-21,1442842200,109.17,109.17,108.88,108.99,2325812
2015-09-22,1442928600,109.19,109.39,109.12,109.25,2044824
2015-09-23,1443015000,109.29,109.29,109.1,109.16,1562085
2015-09-24,1443101400,109.49,109.51,109.24,109.3,2699968
2015-09-25,1443187800,109.16,109.2299,109.03,109.11,1225465
2015-09-28,1443447000,109.19,109.41,109.11,109.37,1884380
2015-09-29,1443533400,109.44,109.6,109.37,109.54,1506765
2015-09-30,1443619800,109.47,109.63,109.44,109.58,3121559
2015-10-01,1443706200,109.48,109.65,109.45,109.46,4274924
2015-10-02,1443792600,109.85,110.15,109.7,109.79,3553258
2015-10-05,1444051800,109.63,109.68,109.37,109.38,4604506
2015-10-06,1444138200,109.47,109.694,109.37,109.65,5013761
2015-10-07,1444224600,109.55,109.68,109.48,109.57,1983212
2015-10-08,1444311000,109.7,109.7,109.3037,109.42,2038676
2015-10-09,1444397400,109.32,109.465,109.2423,109.33,3235549
2015-10-12,1444656600,109.48,109.65,109.33,109.61,1268800
2015-10-13,1444743000,109.75,109.75,109.49,109.62,1500196
2015-10-14,1444829400,109.83,110.05,109.7251,110.03,3911956
2015-10-15,1444915800,109.93,110.0499,109.79,109.88,2044846
2015-10-16,1445002200,109.9,109.94,109.77,109.77,1629967
2015-10-19,1445261400,109.78,109.895,109.65,109.88,1534892
2015-10-20,1445347800,109.78,109.78,109.55,109.66,1805387
2015-10-21,1445434200,109.73,109.9499,109.73,109.92,1278248
2015-10-22,1445520600,109.9,110.05,109.83,109.94,2276274
2015-10-23,1445607000,109.79,109.79,109.69,109.75,2237383
2015-10-26,1445866200,109.85,109.9,109.74,109.8,1541278
2015-10-27,1445952600,110.03,110.03,109.88,109.96,2021871
2015-10-28,1446039000,109.98,110.05,109.57,109.63,1661266
2015-10-29,1446125400,109.34,109.42,109.13,109.16,2333240
2015-10-30,1446211800,109.19,109.46,109.1536,109.45,10576989
2015-11-02,1446474600,109.08,109.19,108.9811,109.02,8049353
2015-11-03,1446561000,108.95,108.9956,108.79,108.82,3033405
2015-11-04,1446647400,108.91,108.99,108.71,108.82,3542543
2015-11-05,1446733800,108.87,108.89,108.6,108.77,2185900
2015-11-06,1446820200,108.36,108.39,108.19,108.25,1829481
2015-11-09,1447079400,108.06,108.36,108.04,108.18,12843237
2015-11-10,1447165800,108.29,108.48,108.2,108.38,5233179
2015-11-11,1447252200,108.32,108.37,108.24,108.24,1603365
2015-11-12,1447338600,108.35,108.45,108.2101,108.34,3448695
2015-11-13,1447425000,108.48,108.59,108.4459,108.55,3784105
2015-11-16,1447684200,108.63,108.7,108.56,108.64,3326000
2015-11-17,1447770600,108.49,108.78,108.416,108.72,2461340
2015-11-18,1447857000,108.65,108.71,108.54,108.64,1952051
2015-11-19,1447943400,108.9,108.9,108.68,108.69,4232721
2015-11-20,1448029800,108.77,108.82,108.6,108.62,2034414
2015-11-23,1448289000,108.65,108.756,108.57,108.65,1975965
2015-11-24,1448375400,108.75,108.8,108.6611,108.75,1335246
2015-11-25,1448461800,108.77,108.84,108.69,108.8,1169253
2015-11-27,1448634600,108.85,108.87,108.77,108.77,946065
2015-11-30,1448893800,108.83,108.87,108.77,108.81,2397035
2015-12-01,1448980200,108.54,108.84,108.43,108.82,4259986
2015-12-02,1449066600,108.73,108.7799,108.61,108.685,2462787
2015-12-03,1449153000,108.41,108.41,107.81,107.89,4634083
2015-12-04,1449239400,108.05,108.3,108,108.24,2182057
2015-12-07,1449498600,108.3,108.58,108.23,108.4,2143773
2015-12-08,1449585000,108.59,108.6,108.37,108.44,2311799
2015-12-09,1449671400,108.34,108.58,108.21,108.44,2791044
2015-12-10,1449757800,108.51,108.51,108.3643,108.42,2001503
2015-12-11,1449844200,108.7,108.86,108.57,108.69,2321370
2015-12-14,1450103400,108.53,108.58,108.17,108.18,3351855
2015-12-15,1450189800,108.08,108.19,107.9111,108.19,2955918
2015-12-16,1450276200,108.12,108.27,107.93,108,2946785
2015-12-17,1450362600,108.24,108.3,108.0201,108.15,5407881
2015-12-18,1450449000,108.35,108.4561,108.25,108.38,4006425
2015-12-21,1450708200,108.49,108.54,108.24,108.28,3233516
2015-12-22,1450794600,108.27,108.28,108.12,108.2,4507611
2015-12-23,1450881000,108.01,108.19,108,108.18,3599565
2015-12-24,1450967400,107.95,108.05,107.92,108.01,1248819
2015-12-28,1451313000,108.03,108.13,107.99,108.01,3736430
2015-12-29,1451399400,107.92,107.98,107.6201,107.74,3094619
2015-12-30,1451485800,107.64,107.78,107.6,107.72,3731393
2015-12-31,1451572200,107.87,108.03,107.82,108.01,3406140
2016-01-04,1451917800,108.09,108.29,107.93,107.97,3690995
2016-01-05,1452004200,107.87,108.12,107.87,108.02,2732887
2016-01-06,1452090600,108.34,108.46,108.22,108.43,2916018
2016-01-07,1452177000,108.4,108.47,108.21,108.42,2469015
2016-01-08,1452263400,108.57,108.71,108.35,108.66,4017144
2016-01-11,1452522600,108.39,108.586,108.34,108.35,2820542
2016-01-12,1452609000,108.44,108.815,108.36,108.59,3318448
2016-01-13,1452695400,108.6,108.93,108.55,108.84,3011466
2016-01-14,1452781800,108.79,108.89,108.581,108.8,5322713
2016-01-15,1452868200,109.08,109.12,108.83,108.93,3348853
2016-01-19,1453213800,108.85,108.96,108.7215,108.82,4209886
2016-01-20,1453300200,109.1,109.1825,108.8713,108.91,4349924
2016-01-21,1453386600,109.08,109.08,108.74,108.76,7256021
2016-01-22,1453473000,108.72,108.85,108.585,108.84,3258715
2016-01-25,1453732200,108.95,108.98,108.77,108.78,3285000
2016-01-26,1453818600,108.9,108.995,108.7699,108.92,2604142
2016-01-27,1453905000,108.91,109.01,108.72,108.94,1645315
2016-01-28,1453991400,108.99,109.0988,108.8201,109.03,2390647
2016-01-29,1454077800,109.41,109.48,109.25,109.35,8632951
2016-02-01,1454337000,109.1,109.25,108.8415,108.99,4512330
2016-02-02,1454423400,109.23,109.38,109.1301,109.32,4835115
2016-02-03,1454509800,109.26,109.64,109.2,109.31,3700282
2016-02-04,1454596200,109.34,109.46,109.235,109.42,1880319
2016-02-05,1454682600,109.24,109.44,109.1532,109.32,2155563
2016-02-08,1454941800,109.59,109.87,109.5,109.74,2818711
2016-02-09,1455028200,109.92,109.93,109.66,109.73,3023852
2016-02-10,1455114600,109.82,110,109.6,110,2318976
2016-02-11,1455201000,110.41,110.499,110.01,110.07,2928013
2016-02-12,1455287400,109.92,109.96,109.545,109.77,2968985
2016-02-16,1455633000,109.54,109.61,109.4301,109.5,2356364
2016-02-17,1455719400,109.43,109.4599,109.22,109.44,2446719
2016-02-18,1455805800,109.5,109.81,109.45,109.77,2844572
2016-02-19,1455892200,109.8,109.85,109.64,109.79,2278789
2016-02-22,1456151400,109.77,109.88,109.72,109.82,2421786
2016-02-23,1456237800,109.63,110,109.52,109.84,2337755
2016-02-24,1456324200,110.12,110.32,109.84,109.88,2473501
2016-02-25,1456410600,110.09,110.31,110,110.16,2335961
2016-02-26,1456497000,109.9,109.97,109.8,109.96,2068260
2016-02-29,1456756200,109.94,110.1,109.91,110.09,3694192
2016-03-01,1456842600,109.93,110.05,109.4,109.54,3984505
2016-03-02,1456929000,109.45,109.48,109.32,109.42,2624471
2016-03-03,1457015400,109.47,109.61,109.37,109.55,3632840
2016-03-04,1457101800,109.5,109.58,109.28,109.38,4461135
2016-03-07,1457361000,109.39,109.39,109.21,109.35,2823244
2016-03-08,1457447400,109.73,109.83,109.5601,109.62,1984289
2016-03-09,1457533800,109.56,109.66,109.45,109.57,1468657
2016-03-10,1457620200,109.65,109.7372,109.38,109.62,2828718
2016-03-11,1457706600,109.65,109.71,109.39,109.42,2065008
2016-03-14,1457962200,109.49,109.6,109.4501,109.48,2186892
2016-03-15,1458048600,109.68,109.7,109.38,109.38,1746182
2016-03-16,1458135000,109.39,109.86,109.2863,109.85,1888538
2016-03-17,1458221400,109.95,110.13,109.9,110.08,4116539
2016-03-18,1458307800,110.19,110.29,110.1201,110.17,1909665
2016-03-21,1458567000,110.06,110.13,109.91,109.93,2152276
2016-03-22,1458653400,110.27,110.27,109.83,109.86,2023058
2016-03-23,1458739800,109.96,110.14,109.8601,110.1,2885056
2016-03-24,1458826200,110.29,110.29,110.03,110.11,2846436
2016-03-28,1459171800,110.15,110.2999,110.08,110.19,2918053
2016-03-29,1459258200,110.35,110.57,110.21,110.52,1886251
2016-03-30,1459344600,110.49,110.56,110.3055,110.48,2764517
2016-03-31,1459431000,110.52,110.85,110.52,110.825,7003559
2016-04-01,1459517400,110.53,110.6599,110.35,110.51,5374230
2016-04-04,1459776600,110.6,110.67,110.51,110.62,3176154
2016-04-05,1459863000,110.95,110.975,110.71,110.77,2954123
2016-04-06,1459949400,110.8,110.8,110.6235,110.75,2027438
2016-04-07,1460035800,110.98,111.05,110.77,110.99,1876140
2016-04-08,1460122200,111,111,110.81,110.88,2318334
2016-04-11,1460381400,110.87,110.96,110.76,110.96,1718424
2016-04-12,1460467800,110.85,110.86,110.65,110.78,1984517
2016-04-13,1460554200,110.74,110.915,110.68,110.83,1769278
2016-04-14,1460640600,110.76,110.81,110.64,110.64,3596565
2016-04-15,1460727000,110.8,110.98,110.75,110.95,1579648
2016-04-18,1460986200,110.91,110.95,110.79,110.94,2146557
2016-04-19,1461072600,110.94,111,110.77,110.93,2019189
2016-04-20,1461159000,111.02,111.03,110.604,110.66,2376103
2016-04-21,1461245400,110.52,110.62,110.45,110.51,2692797
2016-04-22,1461331800,110.65,110.72,110.52,110.52,3795615
2016-04-25,1461591000,110.52,110.59,110.39,110.4,3118816
2016-04-26,1461677400,110.48,110.48,110.2259,110.35,2326144
2016-04-27,1461763800,110.53,110.6875,110.3282,110.68,2337117
2016-04-28,1461850200,110.68,110.95,110.59,110.9,9405201
2016-04-29,1461936600,110.82,110.93,110.75,110.89,5112855
2016-05-02,1462195800,110.74,110.74,110.52,110.605,3553939
2016-05-03,1462282200,110.89,110.945,110.75,110.81,3044940
2016-05-04,1462368600,110.91,110.9315,110.7595,110.86,2920608
2016-05-05,1462455000,110.92,111.16,110.801,111.14,3008142
2016-05-06,1462541400,111.12,111.12,110.97,110.97,2718710
2016-05-09,1462800600,111.11,111.14,111.005,111.04,2173463
2016-05-10,1462887000,111.06,111.1,110.99,111.09,2103822
2016-05-11,1462973400,111.06,111.26,111.02,111.09,2507055
2016-05-12,1463059800,110.92,111.1,110.92,110.99,1938846
2016-05-13,1463146200,111.08,111.23,111.03,111.2,1511386
2016-05-16,1463405400,111.19,111.19,110.98,111.01,3134424
2016-05-17,1463491800,111.03,111.05,110.86,110.86,1769745
2016-05-18,1463578200,110.78,110.8,110.315,110.4,1900840
2016-05-19,1463664600,110.47,110.56,110.4,110.47,3461882
2016-05-20,1463751000,110.54,110.62,110.44,110.54,2655713
2016-05-23,1464010200,110.54,110.5999,110.43,110.52,2244346
2016-05-24,1464096600,110.56,110.56,110.34,110.46,1759881
2016-05-25,1464183000,110.54,110.55,110.3899,110.48,2743128
2016-05-26,1464269400,110.64,110.73,110.56,110.65,1614809
2016-05-27,1464355800,110.68,110.7,110.48,110.63,2164776
2016-05-31,1464701400,110.41,110.76,110.36,110.7,3368858
2016-06-01,1464787800,110.59,110.65,110.41,110.42,2941672
2016-06-02,1464874200,110.56,110.7399,110.56,110.7,2013855
2016-06-03,1464960600,111.15,111.3,111.12,111.3,2210534
2016-06-06,1465219800,111.17,111.2315,111.07,111.15,3278944
2016-06-07,1465306200,111.24,111.31,111.1977,111.25,2157143
2016-06-08,1465392600,111.3,111.3399,111.22,111.29,2148002
2016-06-09,1465479000,111.5,111.5,111.3631,111.37,1543605
2016-06-10,1465565400,111.54,111.6575,111.45,111.52,1368457
2016-06-13,1465824600,111.57,111.67,111.53,111.61,1661371
2016-06-14,1465911000,111.68,111.73,111.55,111.56,1871475
2016-06-15,1465997400,111.67,111.93,111.64,111.8,1732212
2016-06-16,1466083800,111.92,112.0699,111.78,111.87,2533104
2016-06-17,1466170200,111.86,111.87,111.66,111.79,2730866
2016-06-20,1466429400,111.57,111.58,111.45,111.48,2043815
2016-06-21,1466515800,111.55,111.5676,111.35,111.4,1882471
2016-06-22,1466602200,111.44,111.51,111.35,111.47,1734386
2016-06-23,1466688600,111.33,111.43,111.25,111.28,1721410
2016-06-24,1466775000,112.11,112.15,111.79,111.86,4080993
2016-06-27,1467034200,112.33,112.49,112.31,112.33,3018894
2016-06-28,1467120600,112.54,112.54,112.37,112.47,2951700
2016-06-29,1467207000,112.53,112.6,112.34,112.39,2745817
2016-06-30,1467293400,112.51,112.69,112.4,112.615,4154315
2016-07-01,1467379800,112.72,112.77,112.5211,112.65,5235298
2016-07-05,1467725400,113.03,113.12,112.865,112.95,4739997
2016-07-06,1467811800,113.09,113.17,112.94,113.16,3150465
2016-07-07,1467898200,113,113.1715,112.92,113.08,3122244
2016-07-08,1467984600,113.08,113.27,113,113.25,2910456
2016-07-11,1468243800,113.19,113.24,112.93,112.95,4423995
2016-07-12,1468330200,112.81,112.81,112.485,112.61,1970760
2016-07-13,1468416600,112.82,112.88,112.741,112.77,2363319
2016-07-14,1468503000,112.51,112.7001,112.5,112.67,3345200
2016-07-15,1468589400,112.58,112.58,112.22,112.26,3612189
2016-07-18,1468848600,112.49,112.49,112.2,112.32,1547259
2016-07-19,1468935000,112.48,112.52,112.37,112.51,1787302
2016-07-20,1469021400,112.42,112.44,112.3,112.41,1808776
2016-07-21,1469107800,112.27,112.54,112.2037,112.51,3043480
2016-07-22,1469194200,112.38,112.61,112.35,112.53,2315883
2016-07-25,1469453400,112.58,112.58,112.4,112.4,1680790
2016-07-26,1469539800,112.58,112.58,112.3149,112.4,3540188
2016-07-27,1469626200,112.52,112.74,112.44,112.73,3047227
2016-07-28,1469712600,112.64,112.7576,112.56,112.72,2640793
2016-07-29,1469799000,112.88,113.03,112.7601,113.02,3671163
2016-08-01,1470058200,112.5,112.678,112.47,112.55,3149309
2016-08-02,1470144600,112.36,112.4599,112.19,112.22,3643852
2016-08-03,1470231000,112.31,112.36,112.1,112.34,3777808
2016-08-04,1470317400,112.54,112.66,112.5,112.55,2002838
2016-08-05,1470403800,112.54,112.54,112.135,112.17,2474608
2016-08-08,1470663000,112.16,112.315,112.03,112.24,2604005
2016-08-09,1470749400,112.4,112.54,112.3,112.53,2981125
2016-08-10,1470835800,112.61,112.73,112.54,112.66,3185774
2016-08-11,1470922200,112.73,112.73,112.31,112.36,1807426
2016-08-12,1471008600,112.72,112.83,112.63,112.63,1889646
2016-08-15,1471267800,112.57,112.6175,112.42,112.43,1950534
2016-08-16,1471354200,112.49,112.52,112.355,112.36,6250346
2016-08-17,1471440600,112.45,112.66,112.36,112.57,5210676
2016-08-18,1471527000,112.64,112.7799,112.535,112.73,1963011
2016-08-19,1471613400,112.53,112.62,112.39,112.48,3287636
2016-08-22,1471872600,112.66,112.738,112.56,112.65,1808608
2016-08-23,1471959000,112.78,112.825,112.6301,112.68,2583046
2016-08-24,1472045400,112.79,112.8,112.629,112.64,2312833
2016-08-25,1472131800,112.55,112.67,112.52,112.52,1613504
2016-08-26,1472218200,112.69,112.8572,112.28,112.34,2513744
2016-08-29,1472477400,112.55,112.68,112.46,112.65,2156390
2016-08-30,1472563800,112.71,112.71,112.55,112.59,1712330
2016-08-31,1472650200,112.64,112.705,112.5101,112.57,3024974
2016-09-01,1472736600,112.1,112.495,112.05,112.46,3777072
2016-09-02,1472823000,112.44,112.44,112.181,112.31,1730891
2016-09-06,1473168600,112.36,112.675,112.29,112.55,3745783
2016-09-07,1473255000,112.76,112.76,112.59,112.61,1839590
2016-09-08,1473341400,112.5,112.5559,112.14,112.22,2605588
2016-09-09,1473427800,111.96,111.99,111.73,111.73,2763905
2016-09-12,1473687000,111.76,111.89,111.65,111.82,2358202
2016-09-13,1473773400,111.93,111.93,111.34,111.51,3005397
2016-09-14,1473859800,111.47,111.75,111.47,111.65,2089669
2016-09-15,1473946200,111.6,111.76,111.49,111.72,2270232
2016-09-16,1474032600,111.75,111.87,111.7,111.8,1701101
2016-09-19,1474291800,111.73,111.85,111.69,111.71,2026930
2016-09-20,1474378200,111.9,111.935,111.74,111.75,2078533
2016-09-21,1474464600,111.69,112.03,111.65,112.03,1899475
2016-09-22,1474551000,112.1,112.35,112.1,112.26,2017170
2016-09-23,1474637400,112.31,112.35,112.21,112.23,3415707
2016-09-26,1474896600,112.28,112.45,112.28,112.37,2326930
2016-09-27,1474983000,112.57,112.61,112.41,112.51,2881338
2016-09-28,1475069400,112.58,112.61,112.47,112.54,2853912
2016-09-29,1475155800,112.41,112.64,112.3699,112.54,1668048
2016-09-30,1475242200,112.57,112.65,112.27,112.42,3679813
2016-10-03,1475501400,112.21,112.25,112.07,112.09,9372902
2016-10-04,1475587800,112.09,112.09,111.7036,111.71,5022435
2016-10-05,1475674200,111.69,111.7415,111.51,111.56,3368692
2016-10-06,1475760600,111.57,111.665,111.45,111.56,2059449
2016-10-07,1475847000,111.64,111.6695,111.41,111.58,1867638
2016-10-10,1476106200,111.47,111.54,111.39,111.53,1295404
2016-10-11,1476192600,111.49,111.54,111.35,111.36,2753285
2016-10-12,1476279000,111.39,111.43,111.26,111.4,1668515
2016-10-13,1476365400,111.6,111.68,111.525,111.56,1964801
2016-10-14,1476451800,111.47,111.61,111.33,111.37,2471532
2016-10-17,1476711000,111.45,111.61,111.385,111.56,1556795
2016-10-18,1476797400,111.54,111.74,111.4683,111.74,1583035
2016-10-19,1476883800,111.68,111.83,111.64,111.8,1550019
2016-10-20,1476970200,111.84,111.9,111.73,111.76,1420763
2016-10-21,1477056600,111.8,111.9,111.69,111.83,1776977
2016-10-24,1477315800,111.81,111.83,111.6043,111.66,1385635
2016-10-25,1477402200,111.58,111.8,111.58,111.66,2344414
2016-10-26,1477488600,111.57,111.5701,111.43,111.44,2684013
2016-10-27,1477575000,111.28,111.28,111.04,111.16,2330676
2016-10-28,1477661400,111.11,111.26,111.08,111.16,1713818
2016-10-31,1477920600,111.3,111.33,111.21,111.3,3260284
2016-11-01,1478007000,110.88,111.1342,110.82,111.03,4724994
2016-11-02,1478093400,111.12,111.32,111.06,111.16,2572621
2016-11-03,1478179800,111.03,111.16,111.01,111.01,3254541
2016-11-04,1478266200,111.15,111.32,111.13,111.24,2013403
2016-11-07,1478529000,111.14,111.18,111.07,111.11,2030961
2016-11-08,1478615400,111.13,111.16,110.8734,110.93,2107399
2016-11-09,1478701800,110.53,110.57,109.78,109.9,3657249
2016-11-10,1478788200,109.66,109.88,109.42,109.45,4179169
2016-11-11,1478874600,109.46,109.5,109.22,109.25,2804638
2016-11-14,1479133800,108.64,109.06,108.64,108.81,3055326
2016-11-15,1479220200,109,109.07,108.87,108.89,2252283
2016-11-16,1479306600,109.01,109.13,108.9241,109.13,2165040
2016-11-17,1479393000,109.01,109.02,108.67,108.72,1904088
2016-11-18,1479479400,108.81,108.82,108.36,108.37,2767026
2016-11-21,1479738600,108.56,108.57,108.37,108.46,1705567
2016-11-22,1479825000,108.59,108.659,108.4599,108.56,3465281
2016-11-23,1479911400,108.18,108.3267,107.92,108.18,2497587
2016-11-25,1480084200,108.3,108.37,108.0945,108.17,1071549
2016-11-28,1480343400,108.38,108.57,108.33,108.55,2476734
2016-11-29,1480429800,108.5,108.72,108.425,108.67,2178974
2016-11-30,1480516200,108.23,108.43,108.1342,108.24,4627504
2016-12-01,1480602600,107.75,107.79,107.465,107.68,4691890
2016-12-02,1480689000,107.93,108.1999,107.85,108.02,4269397
2016-12-05,1480948200,107.94,108.26,107.78,108.11,3398051
2016-12-06,1481034600,108.14,108.18,108.04,108.09,3306875
2016-12-07,1481121000,108.22,108.38,108.2,108.37,3796920
2016-12-08,1481207400,108.18,108.215,108.05,108.17,2822645
2016-12-09,1481293800,108.08,108.18,107.72,107.84,4530921
2016-12-12,1481553000,107.7,107.82,107.61,107.74,3074224
2016-12-13,1481639400,107.87,107.94,107.7101,107.88,3665919
2016-12-14,1481725800,108.07,108.1185,107.29,107.29,3544087
2016-12-15,1481812200,107.37,107.42,107.15,107.16,4619085
2016-12-16,1481898600,107.16,107.385,107.06,107.23,2981686
2016-12-19,1482157800,107.4,107.55,107.349,107.51,3202481
2016-12-20,1482244200,107.3,107.4366,107.27,107.41,2871918
2016-12-21,1482330600,107.5,107.66,107.43,107.64,4066779
2016-12-22,1482417000,107.34,107.46,107.24,107.39,4110325
2016-12-23,1482503400,107.54,107.54,107.39,107.42,3821161
2016-12-27,1482849000,107.19,107.34,107.19,107.34,2661574
2016-12-28,1482935400,107.33,107.6,107.3,107.51,5609732
2016-12-29,1483021800,107.73,107.8793,107.65,107.84,3649948
2016-12-30,1483108200,107.88,108.12,107.85,108.06,3690250
2017-01-03,1483453800,107.73,108.22,107.73,108.17,5079339
2017-01-04,1483540200,108.16,108.21,108.03,108.2,3297075
2017-01-05,1483626600,108.37,108.68,108.2201,108.65,5165933
2017-01-06,1483713000,108.43,108.5,108.26,108.29,2910119
2017-01-09,1483972200,108.54,108.54,108.43,108.47,3030497
2017-01-10,1484058600,108.45,108.5472,108.42,108.44,2396346
2017-01-11,1484145000,108.53,108.93,108.42,108.57,4465599
2017-01-12,1484231400,108.78,108.9,108.61,108.61,3036555
2017-01-13,1484317800,108.5,108.55,108.261,108.42,3293580
2017-01-17,1484663400,108.81,108.87,108.65,108.79,3685709
2017-01-18,1484749800,108.6,108.67,108.235,108.32,3115614
2017-01-19,1484836200,108.06,108.16,107.9334,108.04,2387984
2017-01-20,1484922600,107.94,108.1191,107.83,108.08,3524950
2017-01-23,1485181800,108.22,108.57,108.1,108.38,3063351
2017-01-24,1485268200,108.33,108.3962,108.101,108.21,2049504
2017-01-25,1485354600,107.98,108.04,107.83,107.92,2912944
2017-01-26,1485441000,107.86,108.03,107.71,107.99,2046256
2017-01-27,1485527400,108.03,108.16,108.015,108.08,3096808
2017-01-30,1485786600,108.16,108.21,108.03,108.03,2946223
2017-01-31,1485873000,108.08,108.3701,108.08,108.29,7552672
2017-02-01,1485959400,107.77,108.005,107.6935,107.92,2994645
2017-02-02,1486045800,108.06,108.18,107.95,107.98,3490763
2017-02-03,1486132200,108.12,108.2833,107.86,108.01,2728430
2017-02-06,1486391400,108.22,108.38,108.095,108.32,1827186
2017-02-07,1486477800,108.3,108.58,108.245,108.43,2659217
2017-02-08,1486564200,108.61,108.83,108.61,108.74,3873152
2017-02-09,1486650600,108.61,108.67,108.43,108.48,2736100
2017-02-10,1486737000,108.26,108.47,108.26,108.46,2365339
2017-02-13,1486996200,108.34,108.35,108.23,108.3,2189830
2017-02-14,1487082600,108.3,108.3,107.91,108.06,2809525
2017-02-15,1487169000,107.92,107.9966,107.86,107.89,2138914
2017-02-16,1487255400,108.01,108.28,108.01,108.12,5257568
2017-02-17,1487341800,108.37,108.445,108.32,108.36,2228261
2017-02-21,1487687400,108.24,108.45,108.22,108.35,1980343
2017-02-22,1487773800,108.54,108.55,108.2,108.42,2655460
2017-02-23,1487860200,108.56,108.645,108.5338,108.6,2168995
2017-02-24,1487946600,108.88,109.06,108.82,109,2670884
2017-02-27,1488205800,108.95,108.98,108.77,108.8,1998161
2017-02-28,1488292200,108.8,108.94,108.75,108.77,3840064
2017-03-01,1488378600,108.12,108.1369,107.98,108.04,3280167
2017-03-02,1488465000,107.93,107.99,107.7513,107.84,2299703
2017-03-03,1488551400,107.92,107.97,107.74,107.92,4293867
2017-03-06,1488810600,107.94,107.99,107.82,107.87,3678302
2017-03-07,1488897000,107.8,107.84,107.69,107.73,2237937
2017-03-08,1488983400,107.39,107.5,107.34,107.47,2834748
2017-03-09,1489069800,107.32,107.34,107.1207,107.14,3527292
2017-03-10,1489156200,107.23,107.32,107.16,107.3,1905999
2017-03-13,1489411800,107.21,107.28,107.1,107.12,1658472
2017-03-14,1489498200,107.08,107.24,107.08,107.16,2639200
2017-03-15,1489584600,107.25,107.79,107.2,107.78,2163046
2017-03-16,1489671000,107.68,107.75,107.62,107.66,2369707
2017-03-17,1489757400,107.72,107.91,107.6901,107.89,2368799
2017-03-20,1490016600,107.86,108.05,107.8401,108.05,1635249
2017-03-21,1490103000,107.93,108.27,107.93,108.27,2049680
2017-03-22,1490189400,108.44,108.54,108.36,108.42,2643641
2017-03-23,1490275800,108.44,108.51,108.2635,108.45,2071485
2017-03-24,1490362200,108.35,108.51,108.31,108.36,3374871
2017-03-27,1490621400,108.65,108.71,108.5345,108.62,1977292
2017-03-28,1490707800,108.63,108.68,108.35,108.37,2016097
2017-03-29,1490794200,108.48,108.62,108.46,108.61,1965626
2017-03-30,1490880600,108.52,108.58,108.38,108.41,1733874
2017-03-31,1490967000,108.44,108.53,108.42,108.49,3717721
2017-04-03,1491226200,108.31,108.68,108.3,108.67,5198006
2017-04-04,1491312600,108.61,108.65,108.52,108.57,1627492
2017-04-05,1491399000,108.48,108.74,108.453,108.69,2304074
2017-04-06,1491485400,108.64,108.71,108.48,108.68,1725301
2017-04-07,1491571800,108.8,108.89,108.42,108.44,1783599
2017-04-10,1491831000,108.53,108.65,108.4901,108.58,1903768
2017-04-11,1491917400,108.76,108.98,108.75,108.89,2200830
2017-04-12,1492003800,108.93,109.2,108.89,109.13,2432965
2017-04-13,1492090200,109.25,109.39,109.13,109.27,2339939
2017-04-17,1492435800,109.3,109.4,109.18,109.21,1646056
2017-04-18,1492522200,109.41,109.7,109.39,109.65,2369862
2017-04-19,1492608600,109.47,109.56,109.39,109.48,2148531
2017-04-20,1492695000,109.31,109.4,109.2,109.31,1867805
2017-04-21,1492781400,109.4,109.4899,109.3,109.34,1539265
2017-04-24,1493040600,109.05,109.22,109,109.18,2745689
2017-04-25,1493127000,108.99,109.045,108.77,108.82,1888469
2017-04-26,1493213400,108.85,108.97,108.77,108.96,2893801
2017-04-27,1493299800,108.94,109.1,108.91,109.06,1660940
2017-04-28,1493386200,108.98,109.25,108.91,109.25,5774846
2017-05-01,1493645400,108.86,108.9599,108.62,108.73,2510027
2017-05-02,1493731800,108.68,108.94,108.679,108.88,2841518
2017-05-03,1493818200,108.97,108.99,108.77,108.77,1923403
2017-05-04,1493904600,108.55,108.7,108.55,108.68,1897912
2017-05-05,1493991000,108.72,108.74,108.57,108.7,1421843
2017-05-08,1494250200,108.63,108.67,108.49,108.49,3568402
2017-05-09,1494336600,108.43,108.51,108.4,108.5,3084948
2017-05-10,1494423000,108.6,108.66,108.44,108.53,1653429
2017-05-11,1494509400,108.35,108.54,108.3435,108.52,2331142
2017-05-12,1494595800,108.81,108.94,108.78,108.92,1329696
2017-05-15,1494855000,108.85,108.94,108.82,108.88,1770999
2017-05-16,1494941400,108.88,109.101,108.88,109.02,2051881
2017-05-17,1495027800,109.35,109.6,109.28,109.58,2464752
2017-05-18,1495114200,109.54,109.6299,109.4433,109.52,2107020
2017-05-19,1495200600,109.51,109.535,109.352,109.52,1503978
2017-05-22,1495459800,109.43,109.48,109.4,109.45,1642809
2017-05-23,1495546200,109.5,109.53,109.21,109.24,1334724
2017-05-24,1495632600,109.25,109.5,109.2115,109.43,2719267
2017-05-25,1495719000,109.45,109.49,109.3701,109.48,1558065
2017-05-26,1495805400,109.46,109.54,109.44,109.44,955267
2017-05-30,1496151000,109.58,109.66,109.54,109.65,2093241
2017-05-31,1496237400,109.64,109.81,109.64,109.76,2416515
2017-06-01,1496323800,109.36,109.5,109.3409,109.48,2454539
2017-06-02,1496410200,109.74,109.89,109.69,109.84,1507368
2017-06-05,1496669400,109.66,109.74,109.6,109.67,2450624
2017-06-06,1496755800,109.87,109.95,109.81,109.89,1607846
2017-06-07,1496842200,109.81,109.87,109.7,109.76,1903624
2017-06-08,1496928600,109.7,109.7,109.5101,109.65,1532737
2017-06-09,1497015000,109.51,109.63,109.46,109.56,1616833
2017-06-12,1497274200,109.51,109.6958,109.47,109.56,1394766
2017-06-13,1497360600,109.43,109.6,109.43,109.59,1474335
2017-06-14,1497447000,110,110.18,109.85,109.94,2627482
2017-06-15,1497533400,109.9,109.9,109.78,109.87,2233855
2017-06-16,1497619800,109.86,109.97,109.85,109.94,2216671
2017-06-19,1497879000,109.87,109.9,109.74,109.79,1610466
2017-06-20,1497965400,109.85,110.03,109.8,109.96,2195500
2017-06-21,1498051800,109.88,110.04,109.88,109.98,1217369
2017-06-22,1498138200,110.06,110.0947,109.95,110.03,1427444
2017-06-23,1498224600,110.01,110.1085,109.98,110.05,1259120
2017-06-26,1498483800,110.19,110.24,110.13,110.15,1914565
2017-06-27,1498570200,109.93,109.98,109.7901,109.82,3072302
2017-06-28,1498656600,109.85,109.88,109.68,109.86,12184475
2017-06-29,1498743000,109.53,109.68,109.465,109.65,3377194
2017-06-30,1498829400,109.62,109.6273,109.46,109.51,2626939
2017-07-03,1499088600,109.3,109.3,109.01,109.09,1817281
2017-07-05,1499261400,109.08,109.18,109,109.15,4288609
2017-07-06,1499347800,108.95,109,108.82,108.94,2284910
2017-07-07,1499434200,108.89,108.95,108.83,108.9,2727445
2017-07-10,1499693400,108.97,109.02,108.89,108.95,2386444
2017-07-11,1499779800,108.97,109.1,108.93,109.05,1969064
2017-07-12,1499866200,109.38,109.43,109.26,109.38,2129850
2017-07-13,1499952600,109.29,109.3118,109.13,109.26,1568304
2017-07-14,1500039000,109.54,109.56,109.29,109.37,1916631
2017-07-17,1500298200,109.4,109.48,109.32,109.42,4078495
2017-07-18,1500384600,109.64,109.71,109.58,109.67,2878592
2017-07-19,1500471000,109.72,109.75,109.63,109.7,1577734
2017-07-20,1500557400,109.85,109.88,109.7,109.73,1802663
2017-07-21,1500643800,109.88,109.96,109.83,109.92,1532056
2017-07-24,1500903000,109.84,109.92,109.76,109.82,1946019
2017-07-25,1500989400,109.6,109.63,109.39,109.43,2601670
2017-07-26,1501075800,109.37,109.71,109.35,109.64,2249859
2017-07-27,1501162200,109.51,109.5868,109.4301,109.48,1868732
2017-07-28,1501248600,109.54,109.7,109.49,109.7,1894332
2017-07-31,1501507800,109.69,109.725,109.58,109.65,2362989
2017-08-01,1501594200,109.38,109.72,109.36,109.72,2338876
2017-08-02,1501680600,109.71,109.77,109.64,109.64,2253372
2017-08-03,1501767000,109.77,109.94,109.74,109.86,1485193
2017-08-04,1501853400,109.7,109.72,109.535,109.68,2300875
2017-08-07,1502112600,109.69,109.72,109.6066,109.67,2359826
2017-08-08,1502199000,109.67,109.69,109.5,109.57,2570876
2017-08-09,1502285400,109.87,109.87,109.66,109.67,2308932
2017-08-10,1502371800,109.7,109.85,109.67,109.78,2004163
2017-08-11,1502458200,109.75,109.94,109.68,109.87,1913253
2017-08-14,1502717400,109.84,109.8969,109.74,109.82,2294261
2017-08-15,1502803800,109.56,109.715,109.56,109.66,2177420
2017-08-16,1502890200,109.54,109.93,109.54,109.86,1956479
2017-08-17,1502976600,109.83,110.02,109.78,110.02,5403527
2017-08-18,1503063000,110.05,110.14,109.89,109.95,1564794
2017-08-21,1503322200,110.01,110.09,109.97,110.03,1717640
2017-08-22,1503408600,109.99,110.02,109.87,109.93,1992321
2017-08-23,1503495000,110.08,110.19,110.01,110.18,1894934
2017-08-24,1503581400,110.07,110.16,109.99,110.04,2102142
2017-08-25,1503667800,110.05,110.19,110.01,110.12,2326792
2017-08-28,1503927000,110.17,110.24,110.1,110.16,4476080
2017-08-29,1504013400,110.48,110.49,110.26,110.32,2092244
2017-08-30,1504099800,110.27,110.33,110.24,110.3,1505746
2017-08-31,1504186200,110.31,110.46,110.31,110.45,5308381
2017-09-01,1504272600,110.19,110.22,109.91,109.97,2824636
2017-09-05,1504618200,110.27,110.4972,110.21,110.42,2257109
2017-09-06,1504704600,110.42,110.52,110.2301,110.3,2720188
2017-09-07,1504791000,110.43,110.66,110.42,110.57,1648825
2017-09-08,1504877400,110.54,110.58,110.43,110.44,2363231
2017-09-11,1505136600,110.27,110.29,110.1,110.14,2492743
2017-09-12,1505223000,110.04,110.06,109.92,109.98,2403562
2017-09-13,1505309400,110,110.04,109.86,109.87,1304102
2017-09-14,1505395800,109.81,109.97,109.81,109.93,1704216
2017-09-15,1505482200,110,110.04,109.86,109.91,2818046
2017-09-18,1505741400,109.86,109.9,109.7705,109.86,1946411
2017-09-19,1505827800,109.91,109.96,109.785,109.8,1407196
2017-09-20,1505914200,109.84,109.9194,109.59,109.71,1356768
2017-09-21,1506000600,109.82,109.85,109.68,109.69,2210883
2017-09-22,1506087000,109.86,109.9,109.75,109.77,1461846
2017-09-25,1506346200,109.85,110.04,109.82,110.03,3937638
2017-09-26,1506432600,109.95,110.02,109.88,109.99,2749892
2017-09-27,1506519000,109.67,109.75,109.6,109.67,3042751
2017-09-28,1506605400,109.58,109.72,109.51,109.68,1702507
2017-09-29,1506691800,109.74,109.77,109.54,109.59,5770818
2017-10-02,1506951000,109.43,109.51,109.33,109.43,5692248
2017-10-03,1507037400,109.46,109.54,109.4,109.52,2462485
2017-10-04,1507123800,109.56,109.57,109.41,109.49,2673151
2017-10-05,1507210200,109.54,109.54,109.3701,109.44,1909925
2017-10-06,1507296600,109.22,109.42,109.1499,109.28,1823984
2017-10-09,1507555800,109.35,109.43,109.3,109.43,1131590
2017-10-10,1507642200,109.47,109.61,109.3999,109.44,1635802
2017-10-11,1507728600,109.47,109.53,109.42,109.46,1866393
2017-10-12,1507815000,109.56,109.61,109.48,109.59,1933369
2017-10-13,1507901400,109.82,109.87,109.69,109.86,1743840
2017-10-16,1508160600,109.75,109.81,109.66,109.75,3788111
2017-10-17,1508247000,109.62,109.74,109.55,109.71,1764831
2017-10-18,1508333400,109.51,109.56,109.46,109.54,1663836
2017-10-19,1508419800,109.71,109.75,109.54,109.62,1876987
2017-10-20,1508506200,109.32,109.405,109.26,109.3,2014321
2017-10-23,1508765400,109.4,109.47,109.36,109.42,2000787
2017-10-24,1508851800,109.23,109.29,109.17,109.19,1722478
2017-10-25,1508938200,108.96,109.13,108.95,109.12,2945419
2017-10-26,1509024600,109.2,109.229,108.98,109,2163496
2017-10-27,1509111000,109.07,109.26,109.035,109.24,1902541
2017-10-30,1509370200,109.43,109.56,109.36,109.54,2384812
2017-10-31,1509456600,109.52,109.55,109.44,109.47,3719883
2017-11-01,1509543000,109.17,109.41,109.17,109.29,2959362
2017-11-02,1509629400,109.35,109.495,109.331,109.35,2160492
2017-11-03,1509715800,109.48,109.48,109.29,109.45,1781239
2017-11-06,1509978600,109.56,109.59,109.46,109.55,1292977
2017-11-07,1510065000,109.58,109.61,109.49,109.58,2015511
2017-11-08,1510151400,109.54,109.6,109.46,109.51,2742622
2017-11-09,1510237800,109.39,109.46,109.3,109.43,2479760
2017-11-10,1510324200,109.06,109.15,108.97,108.99,1751136
2017-11-13,1510583400,109.11,109.11,108.96,108.99,1891563
2017-11-14,1510669800,109.01,109.12,109,109.1,2799949
2017-11-15,1510756200,109.26,109.38,109.14,109.31,2495653
2017-11-16,1510842600,109.22,109.32,109.175,109.19,1912596
2017-11-17,1510929000,109.33,109.39,109.26,109.31,3544593
2017-11-20,1511188200,109.23,109.3,109.18,109.25,2639133
2017-11-21,1511274600,109.39,109.43,109.222,109.36,2297395
2017-11-22,1511361000,109.4,109.56,109.38,109.55,6104105
2017-11-24,1511533800,109.5,109.56,109.48,109.53,1693471
2017-11-27,1511793000,109.53,109.58,109.44,109.53,2653260
2017-11-28,1511879400,109.59,109.63,109.47,109.53,5126887
2017-11-29,1511965800,109.27,109.32,109.1789,109.26,2423666
2017-11-30,1512052200,109.25,109.3,109.02,109.08,4011274
2017-12-01,1512138600,109.02,109.48,108.845,109.16,3410153
2017-12-04,1512397800,109.03,109.17,109,109.15,2652809
2017-12-05,1512484200,109.09,109.26,109.08,109.26,2995529
2017-12-06,1512570600,109.42,109.52,109.37,109.37,2965777
2017-12-07,1512657000,109.44,109.46,109.1536,109.23,2584120
2017-12-08,1512743400,109.21,109.29,109.145,109.19,1684998
2017-12-11,1513002600,109.29,109.32,109.13,109.15,2612378
2017-12-12,1513089000,109.07,109.11,108.95,109.1,3142615
2017-12-13,1513175400,109.23,109.55,109.135,109.41,3109545
2017-12-14,1513261800,109.31,109.51,109.23,109.44,4126106
2017-12-15,1513348200,109.42,109.55,109.315,109.47,2403655
2017-12-18,1513607400,109.47,109.47,109.25,109.33,4474295
2017-12-19,1513693800,109.14,109.16,108.89,109.01,2820942
2017-12-20,1513780200,108.75,108.88,108.7059,108.76,4002532
2017-12-21,1513866600,108.76,108.87,108.73,108.82,2374500
2017-12-22,1513953000,108.82,108.89,108.81,108.87,3292848
2017-12-26,1514298600,108.91,109.01,108.87,108.96,1873401
2017-12-27,1514385000,109.02,109.325,109.02,109.3,2046950
2017-12-28,1514471400,109.22,109.2599,109.1435,109.22,2895441
2017-12-29,1514557800,109.28,109.39,109.24,109.33,2813359
2018-01-02,1514903400,109.26,109.31,108.97,109.17,8851239
2018-01-03,1514989800,109.25,109.25,109.09,109.18,2441732
2018-01-04,1515076200,109.02,109.15,108.9747,109.11,2945384
2018-01-05,1515162600,109.15,109.15,108.95,109.04,4322873
2018-01-08,1515421800,109.11,109.11,108.95,109.01,3394498
2018-01-09,1515508200,108.91,108.91,108.69,108.71,2301454
2018-01-10,1515594600,108.48,108.72,108.43,108.71,4194349
2018-01-11,1515681000,108.66,108.86,108.61,108.76,3470415
2018-01-12,1515767400,108.64,108.83,108.63,108.74,3605930
2018-01-16,1516113000,108.87,108.98,108.715,108.77,6794442
2018-01-17,1516199400,108.73,108.839,108.62,108.65,3146296
2018-01-18,1516285800,108.43,108.525,108.35,108.41,2896531
2018-01-19,1516372200,108.4,108.4,108.14,108.18,2933808
2018-01-22,1516631400,108.22,108.2999,108.11,108.14,3983269
2018-01-23,1516717800,108.33,108.4401,108.29,108.4,4775565
2018-01-24,1516804200,108.25,108.32,108.15,108.29,2362273
2018-01-25,1516890600,108.26,108.57,108.19,108.57,9851621
2018-01-26,1516977000,108.51,108.51,108.27,108.37,3808163
2018-01-29,1517236200,108.14,108.25,108.02,108.18,3974875
2018-01-30,1517322600,108.12,108.12,107.92,108.01,3659538
2018-01-31,1517409000,108.2,108.21,107.88,108.1,8066895
2018-02-01,1517495400,107.75,107.825,107.48,107.52,9678708
2018-02-02,1517581800,107.25,107.345,107.1,107.2,4779286
2018-02-05,1517841000,107.13,107.81,107,107.63,5991702
2018-02-06,1517927400,107.46,107.56,107.28,107.32,6031378
2018-02-07,1518013800,107.43,107.4369,107,107.08,4115631
2018-02-08,1518100200,106.84,107.14,106.77,106.9,4761578
2018-02-09,1518186600,106.72,107.07,106.7,106.76,5926119
2018-02-12,1518445800,106.74,106.945,106.6632,106.79,5421413
2018-02-13,1518532200,106.79,106.91,106.7,106.82,4256198
2018-02-14,1518618600,106.57,106.66,106.4039,106.46,4317006
2018-02-15,1518705000,106.56,106.7272,106.53,106.59,2878890
2018-02-16,1518791400,106.85,106.875,106.71,106.8,3648896
2018-02-20,1519137000,106.69,106.7099,106.5501,106.69,2907353
2018-02-21,1519223400,106.77,106.8,106.2601,106.35,3223807
2018-02-22,1519309800,106.49,106.56,106.36,106.36,2485375
2018-02-23,1519396200,106.61,106.76,106.565,106.63,2398139
2018-02-26,1519655400,106.88,106.95,106.69,106.71,4617332
2018-02-27,1519741800,106.78,106.82,106.38,106.48,5704682
2018-02-28,1519828200,106.59,106.77,106.54,106.77,9614100
2018-03-01,1519914600,106.54,106.72,106.381,106.63,7335507
2018-03-02,1520001000,106.47,106.5498,106.36,106.46,3717333
2018-03-05,1520260200,106.6,106.65,106.28,106.4,3307229
2018-03-06,1520346600,106.45,106.56,106.38,106.42,1932134
2018-03-07,1520433000,106.51,106.55,106.37,106.4,3448700
2018-03-08,1520519400,106.42,106.63,106.42,106.57,2396210
2018-03-09,1520605800,106.43,106.46,106.3048,106.37,3669435
2018-03-12,1520861400,106.43,106.49,106.37,106.43,4149551
2018-03-13,1520947800,106.59,106.6,106.453,106.57,2727516
2018-03-14,1521034200,106.54,106.845,106.52,106.75,3126465
2018-03-15,1521120600,106.73,106.8099,106.64,106.76,3045480
2018-03-16,1521207000,106.62,106.7199,106.6,106.7,2552666
2018-03-19,1521466200,106.56,106.74,106.53,106.59,2263306
2018-03-20,1521552600,106.44,106.51,106.4,106.42,3000736
2018-03-21,1521639000,106.32,106.48,106.08,106.41,2994423
2018-03-22,1521725400,106.67,106.8,106.49,106.61,3334408
2018-03-23,1521811800,106.46,106.7,106.46,106.61,3618720
2018-03-26,1522071000,106.64,106.71,106.47,106.57,4546535
2018-03-27,1522157400,106.63,106.95,106.61,106.88,4537652
2018-03-28,1522243800,107.05,107.1,106.88,106.94,5617206
2018-03-29,1522330200,106.95,107.26,106.95,107.25,9190690
2018-04-02,1522675800,106.9,107.04,106.82,106.9,7280259
2018-04-03,1522762200,106.82,106.87,106.74,106.78,9916091
2018-04-04,1522848600,106.9,106.9267,106.791,106.82,6200862
2018-04-05,1522935000,106.71,106.76,106.63,106.67,2592453
2018-04-06,1523021400,106.89,106.9763,106.79,106.91,2814781
2018-04-09,1523280600,106.83,107,106.78,107,3746468
2018-04-10,1523367000,106.95,106.985,106.83,106.92,2955469
2018-04-11,1523453400,107.05,107.0599,106.93,107.01,8598940
2018-04-12,1523539800,106.91,106.93,106.76,106.77,3898969
2018-04-13,1523626200,106.69,106.84,106.67,106.8,2764839
2018-04-16,1523885400,106.64,106.84,106.61,106.82,3860835
2018-04-17,1523971800,106.81,106.8899,106.75,106.85,2362997
2018-04-18,1524058200,106.74,106.751,106.54,106.55,2231676
2018-04-19,1524144600,106.34,106.3899,106.24,106.29,10985057
2018-04-20,1524231000,106.15,106.24,106,106,2766030
2018-04-23,1524490200,105.98,106.01,105.9,105.95,2620804
2018-04-24,1524576600,105.85,105.92,105.78,105.81,3442319
2018-04-25,1524663000,105.72,105.74,105.6,105.67,3784953
2018-04-26,1524749400,105.83,105.9,105.76,105.85,4870388
2018-04-27,1524835800,105.96,106.04,105.94,105.98,3806396
2018-04-30,1525095000,106.01,106.12,105.99,106,4692614
2018-05-01,1525181400,105.73,105.79,105.6,105.67,3027047
2018-05-02,1525267800,105.7,105.78,105.62,105.67,2560752
2018-05-03,1525354200,105.82,105.95,105.78,105.79,4499248
2018-05-04,1525440600,105.92,105.93,105.71,105.86,2317096
2018-05-07,1525699800,105.88,105.88,105.77,105.81,1533669
2018-05-08,1525786200,105.66,105.75,105.6,105.69,2591700
2018-05-09,1525872600,105.56,105.64,105.52,105.57,2507491
2018-05-10,1525959000,105.75,105.82,105.69,105.81,2096721
2018-05-11,1526045400,105.9,105.9,105.76,105.86,2034081
2018-05-14,1526304600,105.79,105.85,105.74,105.76,2183502
2018-05-15,1526391000,105.49,105.49,105.19,105.29,2166440
2018-05-16,1526477400,105.36,105.42,105.15,105.17,2477507
2018-05-17,1526563800,105.19,105.21,105,105.03,2789005
2018-05-18,1526650200,105.16,105.32,105.16,105.3,2151118
2018-05-21,1526909400,105.28,105.37,105.2405,105.31,1952244
2018-05-22,1526995800,105.32,105.3712,105.28,105.31,2246365
2018-05-23,1527082200,105.5,105.65,105.48,105.6,6061860
2018-05-24,1527168600,105.82,105.96,105.82,105.89,2903289
2018-05-25,1527255000,106.1,106.18,106.03,106.12,2508114
2018-05-29,1527600600,106.37,107,106.32,106.82,3494325
2018-05-30,1527687000,106.54,106.67,106.401,106.55,3158167
2018-05-31,1527773400,106.52,106.67,106.39,106.46,5157385
2018-06-01,1527859800,105.95,106.13,105.91,106.08,6206774
2018-06-04,1528119000,106,106.01,105.79,105.83,4288082
2018-06-05,1528205400,105.99,106.04,105.85,105.91,1848314
2018-06-06,1528291800,105.71,105.75,105.581,105.67,2705824
2018-06-07,1528378200,105.64,106.12,105.6246,105.9,2724806
2018-06-08,1528464600,105.75,105.9,105.74,105.75,3416767
2018-06-11,1528723800,105.65,105.74,105.57,105.64,4330767
2018-06-12,1528810200,105.56,105.69,105.56,105.67,3546472
2018-06-13,1528896600,105.68,105.75,105.38,105.57,3627325
2018-06-14,1528983000,105.75,105.86,105.691,105.84,4689627
2018-06-15,1529069400,106.01,106.089,105.86,105.88,2361806
2018-06-18,1529328600,105.93,105.93,105.8,105.9,2359348
2018-06-19,1529415000,106.05,106.11,105.98,106.01,2184239
2018-06-20,1529501400,106.06,106.06,105.79,105.81,2403650
2018-06-21,1529587800,105.88,105.9599,105.81,105.84,2895519
2018-06-22,1529674200,105.82,105.94,105.8,105.94,1957177
2018-06-25,1529933400,105.95,106.04,105.86,105.88,5522854
2018-06-26,1530019800,105.99,106.05,105.9405,106.05,2665205
2018-06-27,1530106200,106.23,106.31,106.16,106.24,3001320
2018-06-28,1530192600,106.28,106.29,106.16,106.23,1798917
2018-06-29,1530279000,106.3,106.42,106.25,106.32,7117325
2018-07-02,1530538200,106.1,106.125,105.99,105.99,7159907
2018-07-03,1530624600,106.03,106.21,106.025,106.21,2425106
2018-07-05,1530797400,106.22,106.34,106.21,106.31,2739896
2018-07-06,1530883800,106.41,106.45,106.32,106.42,2598654
2018-07-09,1531143000,106.29,106.34,106.25,106.32,1926043
2018-07-10,1531229400,106.28,106.3,106.19,106.24,2489718
2018-07-11,1531315800,106.33,106.35,106.22,106.28,5385003
2018-07-12,1531402200,106.26,106.42,106.26,106.41,2145797
2018-07-13,1531488600,106.44,106.52,106.44,106.51,2235587
2018-07-16,1531747800,106.35,106.4,106.2434,106.39,2116503
2018-07-17,1531834200,106.4,106.45,106.29,106.35,2964094
2018-07-18,1531920600,106.36,106.385,106.27,106.32,1760866
2018-07-19,1532007000,106.34,106.545,106.31,106.48,2163249
2018-07-20,1532093400,106.38,106.44,106.2,106.27,3024605
2018-07-23,1532352600,106.17,106.185,105.885,105.9,1848649
2018-07-24,1532439000,105.92,106.07,105.9001,106.05,3590304
2018-07-25,1532525400,106.12,106.17,105.95,106.06,3318287
2018-07-26,1532611800,106.1,106.15,105.95,106,2245020
2018-07-27,1532698200,106.13,106.1599,106.04,106.08,2637432
2018-07-30,1532957400,105.94,106.05,105.91,105.97,5518246
2018-07-31,1533043800,106.11,106.1756,106.05,106.06,5928141
2018-08-01,1533130200,105.55,105.76,105.512,105.7,4534062
2018-08-02,1533216600,105.76,105.76,105.65,105.74,3671901
2018-08-03,1533303000,105.81,105.9799,105.81,105.97,2542872
2018-08-06,1533562200,106.03,106.11,106,106.04,4120024
2018-08-07,1533648600,105.97,105.97,105.825,105.85,2532774
2018-08-08,1533735000,105.83,105.91,105.8,105.85,1937527
2018-08-09,1533821400,105.97,106.04,105.9329,106,2386423
2018-08-10,1533907800,106.11,106.36,106.11,106.23,4136263
2018-08-13,1534167000,106.16,106.3,106.1501,106.29,2786252
2018-08-14,1534253400,106.3,106.33,106.16,106.19,6087441
2018-08-15,1534339800,106.29,106.44,106.25,106.34,4652701
2018-08-16,1534426200,106.38,106.42,106.24,106.4,2658190
2018-08-17,1534512600,106.43,106.545,106.38,106.46,2071108
2018-08-20,1534771800,106.59,106.68,106.53,106.67,2355530
2018-08-21,1534858200,106.58,106.62,106.51,106.58,2834967
2018-08-22,1534944600,106.66,106.71,106.57,106.67,2189962
2018-08-23,1535031000,106.67,106.705,106.61,106.61,1568629
2018-08-24,1535117400,106.5,106.73,106.49,106.73,3649676
2018-08-27,1535376600,106.59,106.66,106.56,106.59,3233506
2018-08-28,1535463000,106.45,106.49,106.36,106.39,2558087
2018-08-29,1535549400,106.38,106.41,106.29,106.37,2792416
2018-08-30,1535635800,106.47,106.5,106.38,106.42,2803229
2018-08-31,1535722200,106.58,106.6,106.41,106.41,3308670
2018-09-04,1536067800,106.02,106.12,105.975,106.06,3164000
2018-09-05,1536154200,106.05,106.075,105.96,106.01,2788329
2018-09-06,1536240600,106.09,106.27,106.09,106.19,2248481
2018-09-07,1536327000,105.92,105.94,105.81,105.81,2571740
2018-09-10,1536586200,105.85,105.95,105.85,105.91,3305683
2018-09-11,1536672600,105.78,105.84,105.7,105.73,4918982
2018-09-12,1536759000,105.81,105.89,105.8,105.8,4168939
2018-09-13,1536845400,105.96,106,105.85,105.87,2280187
2018-09-14,1536931800,105.72,105.7899,105.66,105.67,2693325
2018-09-17,1537191000,105.65,105.78,105.6,105.67,5721676
2018-09-18,1537277400,105.59,105.6,105.39,105.44,2206031
2018-09-19,1537363800,105.42,105.43,105.22,105.24,2700645
2018-09-20,1537450200,105.23,105.45,105.23,105.38,2897990
2018-09-21,1537536600,105.34,105.47,105.3232,105.46,2792572
2018-09-24,1537795800,105.33,105.46,105.3101,105.36,1894985
2018-09-25,1537882200,105.25,105.31,105.18,105.31,2059394
2018-09-26,1537968600,105.37,105.6,105.335,105.56,2912060
2018-09-27,1538055000,105.5,105.64,105.5,105.63,2528176
2018-09-28,1538141400,105.69,105.71,105.51,105.52,4883958
2018-10-01,1538400600,105.35,105.35,105.2,105.24,3517615
2018-10-02,1538487000,105.32,105.46,105.25,105.36,6912595
2018-10-03,1538573400,105.22,105.24,104.75,104.86,2540483
2018-10-04,1538659800,104.65,104.7171,104.4701,104.56,5268197
2018-10-05,1538746200,104.46,104.48,104.19,104.33,3460512
2018-10-08,1539005400,104.38,104.4,104.29,104.29,2267961
2018-10-09,1539091800,104.39,104.5099,104.32,104.44,21903180
2018-10-10,1539178200,104.34,104.46,104.2335,104.41,3834833
2018-10-11,1539264600,104.59,104.86,104.51,104.72,7053895
2018-10-12,1539351000,104.71,104.8699,104.675,104.75,5017438
2018-10-15,1539610200,104.73,104.7835,104.6233,104.68,3047742
2018-10-16,1539696600,104.69,104.74,104.58,104.74,5750136
2018-10-17,1539783000,104.71,104.77,104.52,104.53,2844251
2018-10-18,1539869400,104.39,104.6195,104.375,104.46,3158160
2018-10-19,1539955800,104.47,104.55,104.34,104.37,2985836
2018-10-22,1540215000,104.47,104.52,104.34,104.35,2807288
2018-10-23,1540301400,104.67,104.74,104.475,104.48,3524332
2018-10-24,1540387800,104.69,104.81,104.67,104.75,4465115
2018-10-25,1540474200,104.71,104.77,104.61,104.66,8290193
2018-10-26,1540560600,104.88,105.05,104.87,104.9,5811430
2018-10-29,1540819800,104.86,104.89,104.72,104.79,5075124
2018-10-30,1540906200,104.68,104.78,104.64,104.64,2551951
2018-10-31,1540992600,104.5,104.7,104.5,104.59,14880451
2018-11-01,1541079000,104.22,104.41,104.21,104.34,7918997
2018-11-02,1541165400,104.25,104.29,103.94,104.03,4491534
2018-11-05,1541428200,104.14,104.17,104.07,104.1,3416223
2018-11-06,1541514600,104.09,104.1699,104.0635,104.11,2619867
2018-11-07,1541601000,104.25,104.36,104.14,104.2,4677344
2018-11-08,1541687400,104.19,104.22,104,104.01,3489240
2018-11-09,1541773800,104.07,104.25,104.07,104.14,2901862
2018-11-12,1542033000,104.31,104.35,104.25,104.31,2779740
2018-11-13,1542119400,104.3,104.37,104.2131,104.35,2977135
2018-11-14,1542205800,104.22,104.5,104.2,104.36,3395933
2018-11-15,1542292200,104.48,104.51,104.3101,104.49,3861267
2018-11-16,1542378600,104.55,104.71,104.51,104.66,3332603
2018-11-19,1542637800,104.61,104.7299,104.61,104.65,4673171
2018-11-20,1542724200,104.67,104.72,104.61,104.61,3162710
2018-11-21,1542810600,104.6,104.69,104.58,104.68,5701650
2018-11-23,1542983400,104.84,104.84,104.65,104.65,1665891
2018-11-26,1543242600,104.67,104.67,104.59,104.63,4326052
2018-11-27,1543329000,104.58,104.74,104.58,104.66,4108150
2018-11-28,1543415400,104.63,104.91,104.57,104.86,8513892
2018-11-29,1543501800,104.92,104.99,104.84,104.91,5922602
2018-11-30,1543588200,104.93,104.96,104.82,104.88,6126215
2018-12-03,1543847400,104.69,104.86,104.63,104.8,14037879
2018-12-04,1543933800,104.98,105.2799,104.94,105.08,5365152
2018-12-06,1544106600,105.29,105.54,105.28,105.34,7396761
2018-12-07,1544193000,105.39,105.55,105.28,105.48,5440236
2018-12-10,1544452200,105.55,105.63,105.43,105.55,6096047
2018-12-11,1544538600,105.63,105.7166,105.51,105.58,8086242
2018-12-12,1544625000,105.48,105.5688,105.46,105.5,8089045
2018-12-13,1544711400,105.59,105.65,105.53,105.53,5762548
2018-12-14,1544797800,105.68,105.68,105.56,105.56,6265024
2018-12-17,1545057000,105.66,105.78,105.61,105.74,7630451
2018-12-18,1545143400,105.63,105.84,105.63,105.84,6626140
2018-12-19,1545229800,105.88,106.1699,105.79,105.94,7264847
2018-12-20,1545316200,106.1,106.12,105.8101,105.84,7695043
2018-12-21,1545402600,105.94,105.96,105.76,105.79,10381249
2018-12-24,1545661800,105.95,105.9999,105.81,105.86,7196077
2018-12-26,1545834600,105.92,106,105.63,105.66,8606928
2018-12-27,1545921000,105.95,106.06,105.77,105.83,10562240
2018-12-28,1546007400,105.97,106.22,105.94,106.22,7019644
2018-12-31,1546266600,106.12,106.51,106.11,106.49,9671788
2019-01-02,1546439400,106.55,106.61,106.4701,106.57,11200737
2019-01-03,1546525800,106.57,107.075,106.57,107.01,6497102
2019-01-04,1546612200,106.66,106.72,106.55,106.69,8148986
2019-01-07,1546871400,106.72,106.79,106.46,106.51,7436655
2019-01-08,1546957800,106.4,106.53,106.38,106.43,4395589
2019-01-09,1547044200,106.42,106.57,106.4001,106.52,5458087
2019-01-10,1547130600,106.52,106.56,106.33,106.4,3532551
2019-01-11,1547217000,106.58,106.66,106.5,106.55,5759032
2019-01-14,1547476200,106.57,106.6099,106.4,106.4,7544314
2019-01-15,1547562600,106.54,106.55,106.33,106.42,3690211
2019-01-16,1547649000,106.33,106.52,106.305,106.51,4007835
2019-01-17,1547735400,106.53,106.53,106.335,106.43,5546970
2019-01-18,1547821800,106.37,106.4799,106.2803,106.35,5643389
2019-01-22,1548167400,106.44,106.62,106.44,106.44,6823956
2019-01-23,1548253800,106.38,106.59,106.37,106.55,3222846
2019-01-24,1548340200,106.72,106.84,106.67,106.73,7309328
2019-01-25,1548426600,106.64,106.7,106.56,106.68,3469453
2019-01-28,1548685800,106.62,106.745,106.58,106.62,7365747
2019-01-29,1548772200,106.73,106.925,106.685,106.9,6158607
2019-01-30,1548858600,106.79,107.15,106.79,107.14,6350434
2019-01-31,1548945000,107.3,107.53,107.29,107.46,14766451
2019-02-01,1549031400,107.09,107.15,106.88,106.97,7227896
2019-02-04,1549290600,106.83,106.9,106.77,106.88,14227726
2019-02-05,1549377000,106.95,107.14,106.95,107.11,8913510
2019-02-06,1549463400,107.2,107.22,106.985,107.05,6449575
2019-02-07,1549549800,107.15,107.1983,107.03,107.1,3938913
2019-02-08,1549636200,107.17,107.38,107.17,107.34,4288562
2019-02-11,1549895400,107.23,107.28,107.15,107.23,3521028
2019-02-12,1549981800,107.22,107.26,107.1217,107.25,3136691
2019-02-13,1550068200,107.08,107.14,107.01,107.06,2526097
2019-02-14,1550154600,107.33,107.35,107.17,107.22,2908486
2019-02-15,1550241000,107.25,107.31,107.19,107.3,2413984
2019-02-19,1550586600,107.43,107.45,107.28,107.36,6235519
2019-02-20,1550673000,107.37,107.39,107.2843,107.37,3231241
2019-02-21,1550759400,107.16,107.18,107.1,107.13,3676956
2019-02-22,1550845800,107.25,107.5161,107.22,107.4,2731541
2019-02-25,1551105000,107.35,107.4,107.3,107.37,3645391
2019-02-26,1551191400,107.53,107.565,107.4301,107.49,4759394
2019-02-27,1551277800,107.4,107.4,107.21,107.26,2988342
2019-02-28,1551364200,107.26,107.29,107.03,107.07,11872108
2019-03-01,1551450600,106.77,106.84,106.61,106.63,5526990
2019-03-04,1551709800,106.74,106.8399,106.69,106.76,3837156
2019-03-05,1551796200,106.73,106.84,106.6701,106.83,5835845
2019-03-06,1551882600,106.88,107.07,106.85,106.99,4834023
2019-03-07,1551969000,107.16,107.35,107.1175,107.29,6089153
2019-03-08,1552055400,107.31,107.465,107.2401,107.43,4945548
2019-03-11,1552311000,107.44,107.47,107.35,107.44,5638411
2019-03-12,1552397400,107.5,107.6685,107.43,107.64,5243350
2019-03-13,1552483800,107.56,107.61,107.51,107.59,2608927
2019-03-14,1552570200,107.57,107.58,107.39,107.43,2955400
2019-03-15,1552656600,107.65,107.7396,107.57,107.7,2756917
2019-03-18,1552915800,107.67,107.7,107.63,107.68,2295491
2019-03-19,1553002200,107.58,107.71,107.53,107.62,2928330
2019-03-20,1553088600,107.71,108.0899,107.67,108.06,4236169
2019-03-21,1553175000,108.13,108.1752,108.05,108.08,4192702
2019-03-22,1553261400,108.46,108.755,108.37,108.62,2464093
2019-03-25,1553520600,108.63,108.989,108.6,108.82,4971284
2019-03-26,1553607000,108.76,108.93,108.71,108.84,3120549
2019-03-27,1553693400,109,109.18,108.99,109.07,3719559
2019-03-28,1553779800,109.06,109.14,108.96,109.08,6070991
2019-03-29,1553866200,108.85,109.07,108.83,109.07,5988628
2019-04-01,1554125400,108.62,108.62,108.28,108.31,11261856
2019-04-02,1554211800,108.39,108.46,108.3201,108.43,8080094
2019-04-03,1554298200,108.24,108.32,108.19,108.23,3731127
2019-04-04,1554384600,108.25,108.32,108.2,108.31,3676929
2019-04-05,1554471000,108.27,108.41,108.23,108.39,2236562
2019-04-08,1554730200,108.39,108.4,108.3,108.34,9485306
2019-04-09,1554816600,108.47,108.52,108.39,108.4,3753769
2019-04-10,1554903000,108.55,108.6367,108.495,108.61,4682046
2019-04-11,1554989400,108.53,108.53,108.42,108.48,2827701
2019-04-12,1555075800,108.26,108.35,108.22,108.27,2390560
2019-04-15,1555335000,108.21,108.3,108.21,108.25,2546204
2019-04-16,1555421400,108.12,108.21,108.02,108.06,4093942
2019-04-17,1555507800,108.09,108.1899,108.05,108.05,3390171
2019-04-18,1555594200,108.23,108.29,108.16,108.19,2217221
2019-04-22,1555939800,108.13,108.16,108.05,108.06,5725612
2019-04-23,1556026200,108.18,108.28,108.15,108.25,3422712
2019-04-24,1556112600,108.42,108.53,108.42,108.5,3000163
2019-04-25,1556199000,108.4699,108.55,108.42,108.49,2648150
2019-04-26,1556285400,108.74,108.75,108.66,108.71,2299929
2019-04-29,1556544600,108.56,108.62,108.49,108.52,2782634
2019-04-30,1556631000,108.56,108.68,108.5135,108.59,7491505
2019-05-01,1556717400,108.47,108.76,108.32,108.4,6387902
2019-05-02,1556803800,108.33,108.33,108.1,108.16,3379510
2019-05-03,1556890200,108.32,108.42,108.275,108.34,2326299
2019-05-06,1557149400,108.56,108.57,108.44,108.48,4609083
2019-05-07,1557235800,108.63,108.7,108.585,108.61,3051351
2019-05-08,1557322200,108.74,108.81,108.55,108.59,5946381
2019-05-09,1557408600,108.78,108.81,108.55,108.65,4847612
2019-05-10,1557495000,108.74,108.82,108.63,108.67,5257496
2019-05-13,1557754200,108.83,108.9768,108.815,108.85,6733774
2019-05-14,1557840600,108.9,108.97,108.87,108.94,6217044
2019-05-15,1557927000,109.16,109.18,109,109.13,2666488
2019-05-16,1558013400,109.04,109.04,108.95,109,2756957
2019-05-17,1558099800,109.12,109.145,108.935,109.03,2090829
2019-05-20,1558359000,108.98,109.0568,108.86,108.88,2035034
2019-05-21,1558445400,108.86,108.91,108.81,108.87,2029825
2019-05-22,1558531800,108.95,109.09,108.92,109.05,3509876
2019-05-23,1558618200,109.18,109.5,109.14,109.37,4922489
2019-05-24,1558704600,109.37,109.4499,109.33,109.41,2010339
2019-05-28,1559050200,109.57,109.65,109.5,109.57,6270138
2019-05-29,1559136600,109.73,109.85,109.6,109.6,5634417
2019-05-30,1559223000,109.77,109.94,109.65,109.89,3305173
2019-05-31,1559309400,110.01,110.64,110,110.4,9204082
2019-06-03,1559568600,110.26,110.515,110.1725,110.4,7137903
2019-06-04,1559655000,110.28,110.38,110.13,110.3,5131883
2019-06-05,1559741400,110.36,110.47,110.23,110.24,3253509
2019-06-06,1559827800,110.34,110.42,110.16,110.22,2660352
2019-06-07,1559914200,110.64,110.67,110.45,110.53,3697054
2019-06-10,1560173400,110.36,110.36,110.22,110.24,3992934
2019-06-11,1560259800,110.21,110.25,110.17,110.22,4374559
2019-06-12,1560346200,110.28,110.41,110.26,110.36,2797629
2019-06-13,1560432600,110.43,110.62,110.4,110.6,2293318
2019-06-14,1560519000,110.51,110.6265,110.4847,110.57,1901165
2019-06-17,1560778200,110.52,110.595,110.46,110.54,3312647
2019-06-18,1560864600,110.94,110.97,110.71,110.84,3640299
2019-06-19,1560951000,110.71,111.22,110.645,111.22,2895875
2019-06-20,1561037400,111.39,111.567,111.335,111.41,4224311
2019-06-21,1561123800,111.22,111.26,111.04,111.12,4640233
2019-06-24,1561383000,111.23,111.3766,111.22,111.32,3079779
2019-06-25,1561469400,111.36,111.44,111.22,111.34,3111092
2019-06-26,1561555800,111.29,111.31,111.06,111.09,3703224
2019-06-27,1561642200,111.25,111.41,111.1633,111.4,2963646
2019-06-28,1561728600,111.36,111.4684,111.32,111.35,9887791
2019-07-01,1561987800,111.25,111.27,111.01,111.18,4199232
2019-07-02,1562074200,111.2,111.4062,111.14,111.38,5765417
2019-07-03,1562160600,111.44,111.6,111.43,111.56,1324832
2019-07-05,1562333400,111.21,111.21,110.905,111.09,2461249
2019-07-08,1562592600,111.23,111.26,111.03,111.03,3041397
2019-07-09,1562679000,111.04,111.06,110.9501,111,2525797
2019-07-10,1562765400,111.14,111.16,110.97,111.08,4589808
2019-07-11,1562851800,111.06,111.06,110.67,110.67,3303803
2019-07-12,1562938200,110.67,110.845,110.67,110.79,3836296
2019-07-15,1563197400,110.87,110.96,110.85,110.95,3619073
2019-07-16,1563283800,110.75,110.83,110.64,110.83,2149083
2019-07-17,1563370200,110.93,111.14,110.91,111.12,2985610
2019-07-18,1563456600,111.1,111.33,111.06,111.3,5982223
2019-07-19,1563543000,111.22,111.286,111.14,111.17,3150774
2019-07-22,1563802200,111.41,111.41,111.3,111.31,2855073
2019-07-23,1563888600,111.27,111.32,111.16,111.2,2659305
2019-07-24,1563975000,111.33,111.41,111.295,111.36,2783254
2019-07-25,1564061400,111.33,111.33,111.0474,111.19,2976838
2019-07-26,1564147800,111.32,111.32,111.14,111.21,4669019
2019-07-29,1564407000,111.3,111.35,111.22,111.26,4167109
2019-07-30,1564493400,111.27,111.33,111.16,111.25,2409278
2019-07-31,1564579800,111.3,111.59,111.07,111.3,10034514
2019-08-01,1564666200,111.34,111.95,111.26,111.91,5709211
2019-08-02,1564752600,111.93,112.04,111.82,111.95,3293739
2019-08-05,1565011800,112.28,112.58,112.25,112.44,7626602
2019-08-06,1565098200,112.47,112.76,112.4,112.74,5151810
2019-08-07,1565184600,113.17,113.29,112.61,112.68,9156551
2019-08-08,1565271000,112.51,112.82,112.33,112.79,3707196
2019-08-09,1565357400,112.86,112.95,112.575,112.64,2432292
2019-08-12,1565616600,112.93,113.185,112.87,113.05,2474866
2019-08-13,1565703000,113.15,113.1504,112.785,112.89,3048473
2019-08-14,1565789400,113.28,113.38,113.21,113.24,2829922
2019-08-15,1565875800,113.39,113.91,113.37,113.76,2822315
2019-08-16,1565962200,113.57,113.685,113.36,113.67,5209017
2019-08-19,1566221400,113.34,113.46,113.27,113.37,2900796
2019-08-20,1566307800,113.67,113.7,113.56,113.68,2253593
2019-08-21,1566394200,113.51,113.825,113.51,113.62,3815389
2019-08-22,1566480600,113.51,113.6791,113.3001,113.32,6294965
2019-08-23,1566567000,113.34,113.9099,113.31,113.78,3772105
2019-08-26,1566826200,113.84,113.95,113.67,113.73,5128260
2019-08-27,1566912600,113.91,114.12,113.87,114.09,3473405
2019-08-28,1566999000,114.3,114.3,114.04,114.1,5102472
2019-08-29,1567085400,114.08,114.08,113.835,114.03,2670969
2019-08-30,1567171800,113.9,114.15,113.89,114.13,4661629
2019-09-03,1567517400,113.86,114.12,113.69,113.84,6198385
2019-09-04,1567603800,113.82,114.0801,113.82,114.04,3814413
2019-09-05,1567690200,113.61,113.67,113.3,113.55,5336458
2019-09-06,1567776600,113.66,113.7199,113.555,113.67,3675151
2019-09-09,1568035800,113.39,113.39,113.18,113.19,2747429
2019-09-10,1568122200,113.1,113.13,112.58,112.58,3119323
2019-09-11,1568208600,112.58,112.71,112.5611,112.6,2647080
2019-09-12,1568295000,112.91,112.91,112.34,112.42,4069598
2019-09-13,1568381400,112.15,112.265,111.75,111.75,2506567
2019-09-16,1568640600,112.05,112.15,111.89,112.05,2923475
2019-09-17,1568727000,112.11,112.37,112.015,112.22,2614166
2019-09-18,1568813400,112.5,112.7,112.29,112.35,2292355
2019-09-19,1568899800,112.64,112.6599,112.45,112.51,2280050
2019-09-20,1568986200,112.64,112.94,112.59,112.92,2057157
2019-09-23,1569245400,113.02,113.24,112.94,112.97,3412011
2019-09-24,1569331800,113.03,113.355,113.03,113.28,2602286
2019-09-25,1569418200,113.21,113.2299,112.74,112.81,3813759
2019-09-26,1569504600,113,113.1,112.935,113,4869355
2019-09-27,1569591000,113,113.165,113,113.14,4652474
2019-09-30,1569850200,112.93,113.27,112.92,113.17,6621995
2019-10-01,1569936600,112.71,113.25,112.63,113.12,5989352
2019-10-02,1570023000,113.19,113.3075,113.09,113.2,9588292
2019-10-03,1570109400,113.34,113.74,113.32,113.64,5144049
2019-10-04,1570195800,113.68,113.8255,113.63,113.82,3331180
2019-10-07,1570455000,113.64,113.705,113.51,113.51,2492981
2019-10-08,1570541400,113.82,113.82,113.485,113.55,3055708
2019-10-09,1570627800,113.55,113.56,113.359,113.49,3332795
2019-10-10,1570714200,113.27,113.33,113.03,113.1,4312383
2019-10-11,1570800600,112.84,112.8501,112.585,112.73,3566227
2019-10-14,1571059800,112.93,112.93,112.82,112.92,1716639
2019-10-15,1571146200,112.9,112.92,112.55,112.55,4168633
2019-10-16,1571232600,112.68,112.79,112.62,112.75,2430650
2019-10-17,1571319000,112.67,112.8649,112.62,112.72,2320651
2019-10-18,1571405400,112.76,112.909,112.73,112.8,1454236
2019-10-21,1571664600,112.62,112.71,112.49,112.49,3314469
2019-10-22,1571751000,112.65,112.7375,112.51,112.66,2147439
2019-10-23,1571837400,112.8199,112.88,112.73,112.75,1887886
2019-10-24,1571923800,112.84,112.9459,112.75,112.78,1725844
2019-10-25,1572010200,112.84,112.85,112.5229,112.62,2486700
2019-10-28,1572269400,112.42,112.44,112.31,112.38,2951411
2019-10-29,1572355800,112.48,112.5,112.345,112.39,2384826
2019-10-30,1572442200,112.45,112.75,112.43,112.71,2381436
2019-10-31,1572528600,112.98,113.3,112.89,113.15,5416778
2019-11-01,1572615000,112.98,113.105,112.805,112.93,3988327
2019-11-04,1572877800,112.71,112.72,112.59,112.65,2723842
2019-11-05,1572964200,112.35,112.38,112.15,112.23,3766043
2019-11-06,1573050600,112.4,112.51,112.26,112.4,3908982
2019-11-07,1573137000,112.12,112.12,111.635,111.87,4022445
2019-11-08,1573223400,111.87,112.1,111.81,111.81,3866063
2019-11-11,1573482600,111.96,111.96,111.78,111.83,2112221
2019-11-12,1573569000,111.92,112.0298,111.8,111.95,2032870
2019-11-13,1573655400,112.2,112.23,112.08,112.15,2598503
2019-11-14,1573741800,112.5,112.57,112.4337,112.47,2901048
2019-11-15,1573828200,112.46,112.46,112.38,112.41,5078285
2019-11-18,1574087400,112.56,112.646,112.52,112.62,6044518
2019-11-19,1574173800,112.63,112.76,112.6,112.7,2655993
2019-11-20,1574260200,112.83,112.98,112.805,112.97,3474474
2019-11-21,1574346600,112.8,112.8859,112.72,112.81,6522830
2019-11-22,1574433000,112.89,112.9,112.7605,112.87,2507046
2019-11-25,1574692200,112.91,113.01,112.89,112.98,4392682
2019-11-26,1574778600,113.09,113.159,113.08,113.14,2522234
2019-11-27,1574865000,113.03,113.07,112.96,113,3437269
2019-11-29,1575037800,113.01,113.02,112.85,112.86,4058982
2019-12-02,1575297000,112.31,112.51,112.29,112.49,9329626
2019-12-03,1575383400,112.8,113.1277,112.76,113,5310615
2019-12-04,1575469800,112.87,112.95,112.68,112.81,5806479
2019-12-05,1575556200,112.58,112.74,112.53,112.68,4374749
2019-12-06,1575642600,112.47,112.68,112.41,112.52,4648200
2019-12-09,1575901800,112.69,112.72,112.565,112.58,7406938
2019-12-10,1575988200,112.67,112.67,112.49,112.54,3761060
2019-12-11,1576074600,112.67,112.9,112.61,112.84,3764527
2019-12-12,1576161000,112.79,112.79,112.22,112.36,5080118
2019-12-13,1576247400,112.58,112.86,112.4,112.81,5910984
2019-12-16,1576506600,112.68,112.69,112.5,112.58,5012142
2019-12-17,1576593000,112.69,112.7,112.52,112.59,3016266
2019-12-18,1576679400,112.55,112.555,112.36,112.37,6516293
2019-12-19,1576765800,112.19,112.36,112.13,112.3,5613828
2019-12-20,1576852200,112.21,112.33,112.15,112.32,8809204
2019-12-23,1577111400,112.38,112.39,112.18,112.24,3148580
2019-12-24,1577197800,112.17,112.4,112.13,112.38,1887800
2019-12-26,1577370600,112.42,112.49,112.32,112.48,6072100
2019-12-27,1577457000,112.6,112.64,112.58,112.63,4733786
2019-12-30,1577716200,112.42,112.645,112.34,112.63,3979175
2019-12-31,1577802600,112.54,112.54,112.365,112.37,6807603
2020-01-02,1577975400,112.68,112.8,112.56,112.68,6791537
2020-01-03,1578061800,112.89,113.05,112.7814,113.01,3664283
2020-01-06,1578321000,113.13,113.13,112.84,112.92,8131608
2020-01-07,1578407400,112.92,112.92,112.78,112.8,2883005
2020-01-08,1578493800,112.85,112.94,112.545,112.67,7323117
2020-01-09,1578580200,112.49,112.79,112.46,112.79,9110852
2020-01-10,1578666600,112.9,112.99,112.82,112.98,4198053
2020-01-13,1578925800,112.89,112.94,112.825,112.91,4465340
2020-01-14,1579012200,112.97,113.02,112.93,113.01,3626984
2020-01-15,1579098600,113.18,113.19,113.07,113.18,3896304
2020-01-16,1579185000,113.16,113.21,113.05,113.18,2801378
2020-01-17,1579271400,113.02,113.096,112.97,113.05,3003267
2020-01-21,1579617000,113.25,113.41,113.22,113.37,4672152
2020-01-22,1579703400,113.44,113.49,113.39,113.43,3627169
2020-01-23,1579789800,113.64,113.7,113.58,113.58,3429575
2020-01-24,1579876200,113.68,113.89,113.67,113.79,4199784
2020-01-27,1580135400,114.14,114.16,114.047,114.14,4790076
2020-01-28,1580221800,114.1,114.16,113.9501,114.04,4463823
2020-01-29,1580308200,114.13,114.35,114.1108,114.3,2890247
2020-01-30,1580394600,114.28,114.54,114.235,114.31,6885574
2020-01-31,1580481000,114.48,114.6667,114.38,114.65,5061895
2020-02-03,1580740200,114.2,114.41,114.0848,114.37,7220108
2020-02-04,1580826600,114.1,114.1,113.888,113.99,5290765
2020-02-05,1580913000,113.82,113.87,113.7601,113.82,6066905
2020-02-06,1580999400,113.82,113.93,113.77,113.89,6838658
2020-02-07,1581085800,114.2,114.28,114.1,114.22,5224176
2020-02-10,1581345000,114.44,114.44,114.29,114.35,8187842
2020-02-11,1581431400,114.35,114.35,114.19,114.21,5633359
2020-02-12,1581517800,114.12,114.14,114.03,114.09,6373719
2020-02-13,1581604200,114.11,114.24,114.1,114.17,5214383
2020-02-14,1581690600,114.35,114.38,114.27,114.29,4004913
2020-02-18,1582036200,114.48,114.555,114.34,114.44,4874767
2020-02-19,1582122600,114.4,114.47,114.33,114.41,3692153
2020-02-20,1582209000,114.53,114.675,114.49,114.67,4056035
2020-02-21,1582295400,114.86,115.1,114.84,114.9,4492753
2020-02-24,1582554600,115.43,115.43,115.23,115.27,7490110
2020-02-25,1582641000,115.28,115.58,115.27,115.47,7474824
2020-02-26,1582727400,115.32,115.61,115.26,115.35,4807627
2020-02-27,1582813800,115.75,115.75,115.35,115.37,11606413
2020-02-28,1582900200,115.88,116.34,115.76,116.22,17242966
2020-03-02,1583159400,116.29,116.435,115.89,115.94,13198203
2020-03-03,1583245800,116.05,117.26,116.01,116.73,12541002
2020-03-04,1583332200,116.83,117.12,116.53,116.64,6285261
2020-03-05,1583418600,116.99,117.23,116.93,117,6802750
2020-03-06,1583505000,118.18,118.265,117.5,117.86,17456408
2020-03-09,1583760600,119.27,119.27,117,117.71,13666699
2020-03-10,1583847000,117.41,117.68,116.17,116.38,18694073
2020-03-11,1583933400,116.7,116.79,114.55,114.72,13342359
2020-03-12,1584019800,113.98,114.75,109.06,110.13,18684755
2020-03-13,1584106200,111.53,112.4643,110.25,111.86,24960719
2020-03-16,1584365400,111.37,113.95,110.46,113.73,12310306
2020-03-17,1584451800,112.89,113.915,110.59,110.79,15737224
2020-03-18,1584538200,109.36,110.57,105.7707,106.57,17061663
2020-03-19,1584624600,106.47,109.22,105.56,108.95,11720247
2020-03-20,1584711000,108.46,110.2399,108.46,110.03,16503716
2020-03-23,1584970200,109.9,112.94,109,112.64,12572180
2020-03-24,1585056600,111.52,113.57,111.0754,113.57,10253621
2020-03-25,1585143000,114,114.75,113.7,114.73,10999713
2020-03-26,1585229400,114.2,115.39,114.2,115.08,16611377
2020-03-27,1585315800,114.78,115.58,114.53,115.57,10841700
2020-03-30,1585575000,115.77,116.26,115.62,115.68,13340572
2020-03-31,1585661400,115.71,115.98,115.23,115.37,14018642
2020-04-01,1585747800,115.38,115.4,114.65,114.73,14192274
2020-04-02,1585834200,115.02,115.22,114.7,114.9,11565380
2020-04-03,1585920600,114.95,115.125,114.28,114.98,9786694
2020-04-06,1586179800,115.02,115.61,115.02,115.54,8457712
2020-04-07,1586266200,115.61,115.74,115.36,115.7,7743944
2020-04-08,1586352600,115.7,115.97,115.55,115.81,4674198
2020-04-09,1586439000,116.5,117.25,116.17,117.25,5586156
2020-04-13,1586784600,117.09,117.17,116.5308,116.7,5738262
2020-04-14,1586871000,116.99,117,116.585,116.76,5506671
2020-04-15,1586957400,117.03,117.305,116.71,117.24,4367410
2020-04-16,1587043800,117.19,117.525,117.19,117.39,4744716
2020-04-17,1587130200,117.52,117.62,117.035,117.25,4949824
2020-04-20,1587389400,117.15,117.28,116.94,117.08,3847904
2020-04-21,1587475800,117.43,117.44,117.07,117.14,4660507
2020-04-22,1587562200,117.16,117.24,116.94,117.14,4647244
2020-04-23,1587648600,117.33,117.45,117.19,117.42,4331115
2020-04-24,1587735000,117.22,117.39,117.2,117.36,3162137
2020-04-27,1587994200,117.21,117.36,116.82,116.82,5576322
2020-04-28,1588080600,117.27,117.45,117.12,117.28,5889809
2020-04-29,1588167000,117.29,117.48,117.2,117.36,4653336
2020-04-30,1588253400,117.38,117.49,117.065,117.1,10487461
2020-05-01,1588339800,116.97,117.0998,116.6775,116.87,6099551
2020-05-04,1588599000,116.89,117.09,116.87,116.97,3684081
2020-05-05,1588685400,116.96,116.97,116.81,116.88,4611519
2020-05-06,1588771800,116.44,116.71,116.3,116.41,6394949
2020-05-07,1588858200,116.61,116.77,116.42,116.77,3786651
2020-05-08,1588944600,116.68,116.76,116.35,116.46,3592658
2020-05-11,1589203800,116.4,116.43,116.065,116.11,5249607
2020-05-12,1589290200,116.46,116.595,116.23,116.41,6161470
2020-05-13,1589376600,116.63,116.76,116.45,116.6,4425927
2020-05-14,1589463000,116.91,116.97,116.72,116.96,5698908
2020-05-15,1589549400,117.04,117.09,116.9,117.03,5897983
2020-05-18,1589808600,116.97,117.09,116.66,116.86,5037112
2020-05-19,1589895000,116.91,117.0255,116.81,116.99,4929483
2020-05-20,1589981400,117.03,117.34,117,117.29,4579246
2020-05-21,1590067800,117.35,117.475,117.32,117.38,5143735
2020-05-22,1590154200,117.6,117.6,117.39,117.44,2794003
2020-05-26,1590499800,117.38,117.44,117.24,117.25,6164678
2020-05-27,1590586200,117.5,117.54,117.3,117.42,4772889
2020-05-28,1590672600,117.14,117.35,117.14,117.34,11253053
2020-05-29,1590759000,117.43,117.71,117.32,117.65,9228690
2020-06-01,1591018200,117.35,117.3999,117.24,117.37,5580035
2020-06-02,1591104600,117.38,117.47,117.31,117.47,4286887
2020-06-03,1591191000,117.26,117.41,117.06,117.18,6077614
2020-06-04,1591277400,117.27,117.3,116.82,116.83,5002653
2020-06-05,1591363800,116.75,116.91,116.48,116.9,5166330
2020-06-08,1591623000,116.81,117.1092,116.7501,117.03,8551900
2020-06-09,1591709400,117.31,117.33,117.18,117.18,5512556
2020-06-10,1591795800,117.25,117.68,117.185,117.66,4681205
2020-06-11,1591882200,117.73,117.8,117.435,117.46,7438799
2020-06-12,1591968600,117.6,117.7,117.44,117.58,4571846
2020-06-15,1592227800,117.72,117.98,117.61,117.97,5869970
2020-06-16,1592314200,117.98,118,117.59,117.74,5327356
2020-06-17,1592400600,117.74,117.76,117.47,117.64,3695970
2020-06-18,1592487000,117.88,117.88,117.64,117.76,3356844
2020-06-19,1592573400,117.8,117.97,117.74,117.8,2917426
2020-06-22,1592832600,118,118,117.73,117.77,3445741
2020-06-23,1592919000,117.79,117.825,117.69,117.75,3991369
2020-06-24,1593005400,117.7,117.84,117.61,117.73,5040112
2020-06-25,1593091800,117.94,117.95,117.8,117.87,4723348
2020-06-26,1593178200,117.99,118.08,117.845,118.01,5683422
2020-06-29,1593437400,118.01,118.11,117.95,118.11,3517292
2020-06-30,1593523800,118.28,118.32,117.98,118.21,7451457
2020-07-01,1593610200,117.9,118.07,117.76,118.05,6746473
2020-07-02,1593696600,118.05,118.21,117.99,118.19,3614293
2020-07-06,1594042200,118.18,118.21,118,118.18,5945243
2020-07-07,1594128600,118.23,118.38,118.06,118.36,5454674
2020-07-08,1594215000,118.35,118.45,118.22,118.32,5026726
2020-07-09,1594301400,118.4,118.7,118.3553,118.63,3804030
2020-07-10,1594387800,118.83,118.83,118.45,118.49,3133855
2020-07-13,1594647000,118.46,118.5287,118.37,118.48,4803170
2020-07-14,1594733400,118.58,118.74,118.58,118.67,3986756
2020-07-15,1594819800,118.5,118.7,118.5,118.68,3403571
2020-07-16,1594906200,118.83,118.89,118.74,118.76,3526894
2020-07-17,1594992600,118.94,118.99,118.77,118.88,2549106
2020-07-20,1595251800,119.03,119.06,118.91,119.01,3989211
2020-07-21,1595338200,119.1,119.1,119.01,119.08,6098027
2020-07-22,1595424600,119.22,119.27,119.11,119.18,6296788
2020-07-23,1595511000,119.35,119.39,119.2517,119.32,12117179
2020-07-24,1595597400,119.26,119.41,119.19,119.28,11071680
2020-07-27,1595856600,119.4,119.42,119.15,119.2,5606050
2020-07-28,1595943000,119.3,119.35,119.22,119.28,6080801
2020-07-29,1596029400,119.3,119.4299,119.24,119.42,9727968
2020-07-30,1596115800,119.51,119.54,119.4533,119.51,3052829
2020-07-31,1596202200,119.45,119.63,119.4,119.56,5277863
2020-08-03,1596461400,119.37,119.4,119.1903,119.4,13013685
2020-08-04,1596547800,119.42,119.63,119.42,119.63,10935154
2020-08-05,1596634200,119.39,119.49,119.31,119.4,17346073
2020-08-06,1596720600,119.62,119.73,119.53,119.57,4608710
2020-08-07,1596807000,119.66,119.73,119.395,119.43,5559066
2020-08-10,1597066200,119.62,119.635,119.28,119.32,5152700
2020-08-11,1597152600,119.11,119.21,118.84,118.99,7809897
2020-08-12,1597239000,118.73,118.89,118.65,118.75,5524629
2020-08-13,1597325400,118.78,118.78,118.24,118.31,8023792
2020-08-14,1597411800,118.43,118.49,118.2,118.2,4556476
2020-08-17,1597671000,118.38,118.47,118.305,118.36,3947091
2020-08-18,1597757400,118.4279,118.6,118.42,118.53,4765813
2020-08-19,1597843800,118.65,118.7,118.34,118.35,4540992
2020-08-20,1597930200,118.58,118.71,118.56,118.56,4487506
2020-08-21,1598016600,118.74,118.76,118.55,118.68,6373275
2020-08-24,1598275800,118.72,118.82,118.6,118.63,4620863
2020-08-25,1598362200,118.35,118.46,118.182,118.38,4002330
2020-08-26,1598448600,118.35,118.4199,118.21,118.36,5139794
2020-08-27,1598535000,118.55,118.56,117.95,117.95,5609698
2020-08-28,1598621400,118.08,118.16,117.99,118.11,6467365
2020-08-31,1598880600,118.14,118.51,118.14,118.37,10894506
2020-09-01,1598967000,118.12,118.44,118,118.42,9844234
2020-09-02,1599053400,118.42,118.71,118.34,118.66,4838532
2020-09-03,1599139800,118.73,118.87,118.62,118.69,6856734
2020-09-04,1599226200,118.41,118.52,118.08,118.1,5366819
2020-09-08,1599571800,118.34,118.46,118.2,118.23,8894007
2020-09-09,1599658200,118.39,118.39,118.04,118.22,7824768
2020-09-10,1599744600,118.15,118.29,118.015,118.23,4932623
2020-09-11,1599831000,118.42,118.49,118.24,118.37,8200474
2020-09-14,1600090200,118.47,118.49,118.31,118.38,6394336
2020-09-15,1600176600,118.29,118.425,118.29,118.39,4163037
2020-09-16,1600263000,118.53,118.53,118.2,118.33,6452562
2020-09-17,1600349400,118.5,118.52,118.33,118.36,4882182
2020-09-18,1600435800,118.44,118.44,118.18,118.22,5149369
2020-09-21,1600695000,118.41,118.42,118.24,118.24,6191910
2020-09-22,1600781400,118.25,118.38,118.2433,118.33,4390186
2020-09-23,1600867800,118.35,118.35,118.07,118.08,5392884
2020-09-24,1600954200,118.01,118.16,118.01,118.09,4145039
2020-09-25,1601040600,118.12,118.17,118.05,118.13,5138241
2020-09-28,1601299800,118.18,118.23,118.11,118.23,5830389
2020-09-29,1601386200,118.28,118.33,118.21,118.25,5301718
2020-09-30,1601472600,118.26,118.26,117.9516,118.06,6090816
2020-10-01,1601559000,117.81,118.04,117.75,118.02,9741805
2020-10-02,1601645400,118.03,118.04,117.81,117.9,5599555
2020-10-05,1601904600,117.74,117.74,117.52,117.52,4890812
2020-10-06,1601991000,117.6,117.84,117.49,117.62,4338717
2020-10-07,1602077400,117.53,117.66,117.4515,117.54,4801667
2020-10-08,1602163800,117.67,117.71,117.59,117.69,4235989
2020-10-09,1602250200,117.65,117.74,117.5,117.72,2909311
2020-10-12,1602509400,117.85,117.95,117.77,117.95,2999269
2020-10-13,1602595800,118.01,118.07,117.9294,117.98,3421737
2020-10-14,1602682200,118.1,118.11,117.985,118.05,4919727
2020-10-15,1602768600,118.15,118.15,117.95,117.95,5459197
2020-10-16,1602855000,117.99,118.0778,117.88,117.89,3933279
2020-10-19,1603114200,117.81,117.87,117.72,117.75,4685033
2020-10-20,1603200600,117.7,117.71,117.58,117.65,4013620
2020-10-21,1603287000,117.59,117.64,117.48,117.51,3688494
2020-10-22,1603373400,117.51,117.54,117.3,117.3,4801011
2020-10-23,1603459800,117.3,117.52,117.3,117.47,3878745
2020-10-26,1603719000,117.65,117.72,117.59,117.63,4962531
2020-10-27,1603805400,117.8,117.91,117.7275,117.9,5694085
2020-10-28,1603891800,117.81,117.955,117.72,117.73,7329242
2020-10-29,1603978200,117.76,117.77,117.4,117.52,11775806
2020-10-30,1604064600,117.45,117.52,117.2,117.2,10610002
2020-11-02,1604327400,117.27,117.35,117.18,117.22,6667902
2020-11-03,1604413800,117.22,117.22,117.05,117.17,6693534
2020-11-04,1604500200,117.9,118.04,117.83,117.95,5308746
2020-11-05,1604586600,118.09,118.12,117.91,118.06,5293955
2020-11-06,1604673000,117.81,117.86,117.6699,117.8,5514452
2020-11-09,1604932200,117.4,117.47,117.06,117.25,6625285
2020-11-10,1605018600,117.05,117.23,117.03,117.06,5146371
2020-11-11,1605105000,117.06,117.18,117.02,117.13,3044345
2020-11-12,1605191400,117.37,117.63,117.33,117.62,7740846
2020-11-13,1605277800,117.52,117.69,117.52,117.64,5126806
2020-11-16,1605537000,117.61,117.67,117.58,117.63,7951487
2020-11-17,1605623400,117.75,117.9,117.75,117.87,4650191
2020-11-18,1605709800,117.95,117.99,117.89,117.95,6191072
2020-11-19,1605796200,118.08,118.26,118.03,118.17,6680775
2020-11-20,1605882600,118.19,118.34,118.13,118.29,7217433
2020-11-23,1606141800,118.28,118.3,118.1734,118.26,4739119
2020-11-24,1606228200,118.24,118.28,118.07,118.1,4696878
2020-11-25,1606314600,118.15,118.21,118.02,118.06,4125185
2020-11-27,1606487400,118.25,118.285,118.22,118.26,3436221
2020-11-30,1606746600,118.32,118.45,118.25,118.42,8688562
2020-12-01,1606833000,118.03,118.1,117.73,117.84,5190827
2020-12-02,1606919400,117.81,117.81,117.54,117.71,6120981
2020-12-03,1607005800,117.92,117.98,117.765,117.91,5198437
2020-12-04,1607092200,117.9,117.9,117.5133,117.59,5896088
2020-12-07,1607351400,117.76,117.8262,117.69,117.77,6127835
2020-12-08,1607437800,117.88,117.9597,117.75,117.78,6807000
2020-12-09,1607524200,117.73,117.78,117.5172,117.61,6975697
2020-12-10,1607610600,117.74,117.93,117.69,117.9,6192273
2020-12-11,1607697000,118.01,118.09,117.95,118.03,5636060
2020-12-14,1607956200,117.86,118.025,117.7969,117.96,4705572
2020-12-15,1608042600,117.95,118.03,117.9,118.03,4217872
2020-12-16,1608129000,117.83,118.033,117.761,117.98,4467913
2020-12-17,1608215400,118.01,118.06,117.7299,117.85,6610627
2020-12-18,1608301800,117.97,117.97,117.76,117.79,3874807
2020-12-21,1608561000,117.92,117.96,117.75,117.79,4818305
2020-12-22,1608647400,117.88,117.98,117.825,117.96,4516554
2020-12-23,1608733800,117.81,117.88,117.63,117.88,4157735
2020-12-24,1608820200,117.94,118.046,117.925,117.99,2214487
2020-12-28,1609165800,117.97,118.045,117.833,118.01,4567222
2020-12-29,1609252200,118.06,118.06,117.92,118.03,4295691
2020-12-30,1609338600,118.09,118.12,117.9815,118.1,2762258
2020-12-31,1609425000,118.18,118.24,118.12,118.19,4834717
2021-01-04,1609770600,118.08,118.14,117.985,118.04,6414050
2021-01-05,1609857000,118.06,118.06,117.75,117.92,7477903
2021-01-06,1609943400,117.9,117.9,117.15,117.34,10680792
2021-01-07,1610029800,117.13,117.26,117.0667,117.22,6639609
2021-01-08,1610116200,117.18,117.3428,116.98,117.08,7335700
2021-01-11,1610375400,117.02,117.05,116.89,116.89,8610105
2021-01-12,1610461800,116.82,116.99,116.68,116.99,7269596
2021-01-13,1610548200,117.63,117.63,117.08,117.36,6788521
2021-01-14,1610634600,117.37,117.45,117.08,117.13,6610456
2021-01-15,1610721000,117.34,117.36,117.18,117.25,6447838
2021-01-19,1611066600,117.27,117.42,117.22,117.41,7601121
2021-01-20,1611153000,117.35,117.43,117.31,117.42,6229268
2021-01-21,1611239400,117.22,117.2985,117.14,117.25,8301326
2021-01-22,1611325800,117.29,117.32,117.19,117.25,3513742
2021-01-25,1611585000,117.39,117.56,117.36,117.55,4049029
2021-01-26,1611671400,117.46,117.585,117.4255,117.51,3639521
2021-01-27,1611757800,117.61,117.67,117.04,117.52,3619105
2021-01-28,1611844200,117.48,117.49,117.29,117.44,6176611
2021-01-29,1611930600,117.1563,117.4,116.5625,117.31,12164830
2021-02-01,1612189800,117.2,117.26,117.0915,117.23,6621900
2021-02-02,1612276200,116.99,117.09,116.97,117.05,7323411
2021-02-03,1612362600,116.97,116.99,116.87,116.91,5492357
2021-02-04,1612449000,116.75,116.89,116.69,116.86,5287405
2021-02-05,1612535400,116.91,116.96,116.7,116.71,3446584
2021-02-08,1612794600,116.75,116.9285,116.72,116.83,4704165
2021-02-09,1612881000,116.94,116.97,116.8215,116.88,4533527
2021-02-10,1612967400,116.97,117.01,116.92,116.99,4378370
2021-02-11,1613053800,117.03,117.03,116.8,116.85,3470842
2021-02-12,1613140200,116.67,116.74,116.5418,116.58,3284934
2021-02-16,1613485800,116.22,116.23,116.02,116.03,5682753
2021-02-17,1613572200,116.22,116.29,116.145,116.26,7795885
2021-02-18,1613658600,116.14,116.28,116.03,116.2,5333967
2021-02-19,1613745000,116.0187,116.06,115.7515,115.84,4673220
2021-02-22,1614004200,115.76,115.8662,115.48,115.48,4894556
2021-02-23,1614090600,115.75,115.75,115.27,115.51,6035405
2021-02-24,1614177000,115.06,115.5,115.01,115.47,6232271
2021-02-25,1614263400,115.01,115.29,114.2,114.41,14926908
2021-02-26,1614349800,114.96,115.39,114.5915,115.34,11333379
2021-03-01,1614609000,114.97,115.5899,114.89,115.09,13018087
2021-03-02,1614695400,115.04,115.12,114.95,115.11,10111335
2021-03-03,1614781800,114.8,114.83,114.6,114.69,10317490
2021-03-04,1614868200,114.79,114.8,114.26,114.36,5953553
2021-03-05,1614954600,114.17,114.3197,114.05,114.28,8675690
2021-03-08,1615213800,114.2,114.23,113.83,113.83,5639392
2021-03-09,1615300200,114.2,114.31,114,114.26,5676798
2021-03-10,1615386600,114.3,114.5,114.275,114.45,6936942
2021-03-11,1615473000,114.47,114.54,114.295,114.44,8827827
2021-03-12,1615559400,113.88,113.91,113.705,113.79,5066976
2021-03-15,1615815000,113.6,114.01,113.6,113.91,5001788
2021-03-16,1615901400,113.97,114.032,113.78,113.87,3991008
2021-03-17,1615987800,113.55,113.9778,113.48,113.86,6229776
2021-03-18,1616074200,113.32,113.55,113.2,113.42,6222247
2021-03-19,1616160600,113.4,113.54,113.33,113.51,4701406
2021-03-22,1616419800,113.7,113.8,113.6022,113.73,5468656
2021-03-23,1616506200,113.89,114.04,113.77,114.02,5525062
2021-03-24,1616592600,113.9,114.2,113.86,114.16,6352692
2021-03-25,1616679000,114.24,114.29,113.99,114.1,5177994
2021-03-26,1616765400,113.91,114.075,113.86,113.91,4333939
2021-03-29,1617024600,113.52,114,113.52,113.72,7630810
2021-03-30,1617111000,113.64,113.85,113.525,113.81,4996946
2021-03-31,1617197400,113.84,113.98,113.71,113.83,6309151
2021-04-01,1617283800,113.93,114.05,113.83,114.04,10767223
2021-04-05,1617629400,113.78,113.89,113.69,113.81,9230132
2021-04-06,1617715800,113.98,114.22,113.95,114.21,4864120
2021-04-07,1617802200,114.12,114.2968,114.025,114.03,4505626
2021-04-08,1617888600,114.18,114.31,114.13,114.31,4932133
2021-04-09,1617975000,114.11,114.33,114.035,114.18,7467129
2021-04-12,1618234200,114.172,114.172,114,114.15,3845011
2021-04-13,1618320600,114.12,114.48,114.11,114.48,4040521
2021-04-14,1618407000,114.41,114.44,114.28,114.39,3620530
2021-04-15,1618493400,113.78,114.98,113.78,114.84,6753201
2021-04-16,1618579800,114.56,114.665,114.5,114.54,3663673
2021-04-19,1618839000,114,114.5,114,114.45,5072766
2021-04-20,1618925400,114.42,114.67,114.39,114.63,4322279
2021-04-21,1619011800,114.6,114.74,114.53,114.74,5511435
2021-04-22,1619098200,114.74,114.8,114.59,114.77,4571030
2021-04-23,1619184600,114.81,115.086,114.6415,114.75,3813862
2021-04-26,1619443800,114.74,114.8015,114.65,114.65,3480303
2021-04-27,1619530200,115.13,115.13,114.37,114.37,3823347
2021-04-28,1619616600,114.45,114.4685,114.2,114.43,7078559
2021-04-29,1619703000,114.14,114.37,114.09,114.37,6254127
2021-04-30,1619789400,114.41,114.515,114.33,114.49,6469535
2021-05-03,1620048600,114.4,114.59,114.33,114.39,5939532
2021-05-04,1620135000,114.55,114.7,114.41,114.53,6291480
2021-05-05,1620221400,114.45,114.62,114.45,114.62,3329011
2021-05-06,1620307800,114.55,114.71,114.53,114.64,4739453
2021-05-07,1620394200,114.85,114.97,114.57,114.61,7005205
2021-05-10,1620653400,114.61,114.72,114.4,114.43,5576535
2021-05-11,1620739800,114.23,114.38,114.13,114.18,6161678
2021-05-12,1620826200,113.98,114.01,113.78,113.78,7000777
2021-05-13,1620912600,113.9,114.06,113.78,114.04,6772308
2021-05-14,1620999000,114.22,114.3,114.1219,114.3,3985440
2021-05-17,1621258200,114.21,114.25,114.15,114.2,4926608
2021-05-18,1621344600,114.11,114.11,114.03,114.06,3674624
2021-05-19,1621431000,114.62,114.62,113.79,113.9,6892441
2021-05-20,1621517400,114.08,114.3,114.08,114.29,6243292
2021-05-21,1621603800,114.36,114.4,114.23,114.34,3873173
2021-05-24,1621863000,114.5,114.51,114.38,114.45,3867733
2021-05-25,1621949400,114.58,114.75,114.0285,114.73,6351673
2021-05-26,1622035800,114.13,114.8,114.13,114.69,3969393
2021-05-27,1622122200,114.61,114.62,114.45,114.55,5072323
2021-05-28,1622208600,114.55,114.68,114.5,114.55,6768941
2021-06-01,1622554200,114.36,114.4,114.164,114.33,6209773
2021-06-02,1622640600,114.45,114.51,114.3,114.48,6103871
2021-06-03,1622727000,114.31,114.46,114.21,114.21,3464339
2021-06-04,1622813400,114.39,114.68,114.22,114.68,4535897
2021-06-07,1623072600,113.97,114.64,113.97,114.6,3728371
2021-06-08,1623159000,114.84,114.87,114.78,114.81,4395332
2021-06-09,1623245400,115.43,115.43,114.97,115.04,3643098
2021-06-10,1623331800,115.3,115.31,114.8605,115.28,4021902
2021-06-11,1623418200,115.31,115.32,115.16,115.23,3781860
2021-06-14,1623677400,115.18,115.18,114.935,114.94,3270788
2021-06-15,1623763800,114.9,115.02,114.87,114.99,8230360
2021-06-16,1623850200,115.07,115.1285,114.51,114.62,8654214
2021-06-17,1623936600,114.792,115.25,114.785,114.98,7641819
2021-06-18,1624023000,115.05,115.39,114.91,115.29,5690395
2021-06-21,1624282200,115.06,115.12,114.921,114.99,6875480
2021-06-22,1624368600,114.83,115.14,114.83,115.11,6485071
2021-06-23,1624455000,115.06,115.138,114.99,115.05,5070470
2021-06-24,1624541400,115.1,115.17,115.045,115.09,8357942
2021-06-25,1624627800,115.11,115.13,114.7516,114.86,6496582
2021-06-28,1624887000,115.04,115.23,115.04,115.19,5739041
2021-06-29,1624973400,115.06,115.25,115.045,115.25,5097132
2021-06-30,1625059800,115.36,115.45,115.3,115.33,6653138
2021-07-01,1625146200,115.15,115.19,115.01,115.11,4744859
2021-07-02,1625232600,115.23,115.37,115.17,115.36,4312838
2021-07-06,1625578200,115.51,115.83,115.51,115.73,7372886
2021-07-07,1625664600,115.83,116.015,115.75,115.93,7786358
2021-07-08,1625751000,116.04,116.18,115.96,116.06,6538371
2021-07-09,1625837400,115.735,115.76,115.68,115.68,4750779
2021-07-12,1626096600,115.8,115.805,115.6,115.61,4266616
2021-07-13,1626183000,115.65,115.76,115.3022,115.36,5145171
2021-07-14,1626269400,115.59,115.76,115.569,115.75,4977399
2021-07-15,1626355800,115.94,116.02,115.7222,116,4480890
2021-07-16,1626442200,115.77,115.96,115.76,115.9,3869611
2021-07-19,1626701400,116.39,116.6085,116.35,116.51,6688067
2021-07-20,1626787800,116.78,116.82,116.32,116.4,8474754
2021-07-21,1626874200,116.075,116.15,115.92,116.02,9686429
2021-07-22,1626960600,116.03,116.35,116.03,116.29,8176256
2021-07-23,1627047000,116.03,116.22,116.03,116.21,4441022
2021-07-26,1627306200,116.3,116.33,116.085,116.11,7127420
2021-07-27,1627392600,116.35,116.4,116.2727,116.38,5423774
2021-07-28,1627479000,116.24,116.49,116.14,116.49,5463630
2021-07-29,1627565400,116.29,116.36,116.225,116.3,6629507
2021-07-30,1627651800,116.36,116.485,116.3532,116.46,5552109
2021-08-02,1627911000,116.36,116.68,116.305,116.54,5753765
2021-08-03,1627997400,116.56,116.69,116.5306,116.58,3715333
2021-08-04,1628083800,116.77,116.83,116.3,116.57,4654252
2021-08-05,1628170200,116.46,116.48,116.28,116.31,3283363
2021-08-06,1628256600,115.93,116.02,115.78,115.79,3811953
2021-08-09,1628515800,115.89,115.96,115.58,115.58,5298656
2021-08-10,1628602200,115.65,115.65,115.43,115.43,7332093
2021-08-11,1628688600,115.46,115.7,115.34,115.54,6674630
2021-08-12,1628775000,115.49,115.5799,115.4,115.55,5017250
2021-08-13,1628861400,115.65,115.97,115.6401,115.97,4599811
2021-08-16,1629120600,116.14,116.27,116.03,116.03,3693626
2021-08-17,1629207000,115.98,116.09,115.93,115.94,5469248
2021-08-18,1629293400,115.94,116.03,115.8,115.95,3981911
2021-08-19,1629379800,116.12,116.155,116.02,116.15,4581313
2021-08-20,1629466200,116.18,116.21,116.08,116.16,2897840
2021-08-23,1629725400,116.09,116.18,116.04,116.16,6585417
2021-08-24,1629811800,116.08,116.14,115.96,115.99,5875388
2021-08-25,1629898200,115.99,116.011,115.681,115.77,5452000
2021-08-26,1629984600,115.76,115.79,115.6444,115.78,4879211
2021-08-27,1630071000,115.81,116.1,115.7146,116.1,5545551
2021-08-30,1630330200,116.015,116.23,116,116.23,3706042
2021-08-31,1630416600,116.18,116.285,116.02,116.06,6763941
2021-09-01,1630503000,116.02,116.02,115.81,115.93,4153988
2021-09-02,1630589400,116.02,116.06,115.92,116.05,5427270
2021-09-03,1630675800,115.84,115.89,115.7707,115.85,5274341
2021-09-07,1631021400,115.64,115.6457,115.4737,115.54,3579852
2021-09-08,1631107800,115.7,115.82,115.62,115.73,3417489
2021-09-09,1631194200,115.84,116.147,115.755,116.1,3332649
2021-09-10,1631280600,115.99,116.01,115.7801,115.87,3957348
2021-09-13,1631539800,116,116.075,115.96,116.02,3954120
2021-09-14,1631626200,116.07,116.38,116.07,116.28,4183570
2021-09-15,1631712600,116.29,116.2929,116.09,116.17,3448467
2021-09-16,1631799000,115.95,116.11,115.905,115.97,4265519
2021-09-17,1631885400,115.8,115.875,115.7428,115.87,5742502
2021-09-20,1632144600,116.02,116.17,115.975,116.09,5464713
2021-09-21,1632231000,116.13,116.17,116.045,116.14,5225248
2021-09-22,1632317400,116.11,116.25,116.005,116.18,7139913
2021-09-23,1632403800,115.93,115.94,115.57,115.61,8265009
2021-09-24,1632490200,115.5,115.5055,115.319,115.41,4461937
2021-09-27,1632749400,115.21,115.375,115.185,115.25,5630622
2021-09-28,1632835800,114.9,114.9999,114.695,114.77,7017089
2021-09-29,1632922200,114.97,115.06,114.715,114.85,6161321
2021-09-30,1633008600,114.77,114.86,114.69,114.83,5348804
2021-10-01,1633095000,114.82,115.06,114.79,115,7064531
2021-10-04,1633354200,114.92,115.03,114.795,114.92,4180607
2021-10-05,1633440600,114.82,114.867,114.61,114.65,7422000
2021-10-06,1633527000,114.68,114.73,114.59,114.7,4893390
2021-10-07,1633613400,114.46,114.5,114.34,114.38,4456194
2021-10-08,1633699800,114.31,114.35,114.07,114.13,4581904
2021-10-11,1633959000,114.01,114.065,113.94,113.95,2178356
2021-10-12,1634045400,114.17,114.38,114.11,114.37,3688376
2021-10-13,1634131800,114.43,114.64,114.415,114.63,5522671
2021-10-14,1634218200,114.7,114.85,114.63,114.85,4094516
2021-10-15,1634304600,114.61,114.63,114.51,114.57,4644812
2021-10-18,1634563800,114.33,114.56,114.25,114.49,5575055
2021-10-19,1634650200,114.37,114.37,114.16,114.16,5041044
2021-10-20,1634736600,114.17,114.29,114.06,114.08,6183697
2021-10-21,1634823000,114.01,114.04,113.84,113.84,5228294
2021-10-22,1634909400,113.97,114.1399,113.895,114.06,3528834
2021-10-25,1635168600,114.06,114.27,114.06,114.17,8569649
2021-10-26,1635255000,114.25,114.38,114.11,114.38,5429821
2021-10-27,1635341400,114.66,114.915,114.425,114.76,8048651
2021-10-28,1635427800,114.71,114.825,114.57,114.67,5916055
2021-10-29,1635514200,114.35,114.78,114.35,114.64,10047906
2021-11-01,1635773400,114.16,114.42,114.14,114.39,6198199
2021-11-02,1635859800,114.43,114.69,114.43,114.62,5317021
2021-11-03,1635946200,114.65,114.69,114.2501,114.39,6421690
2021-11-04,1636032600,114.51,114.84,114.48,114.77,6618091
2021-11-05,1636119000,114.99,115.3199,114.9001,115.22,7283109
2021-11-08,1636381800,115.14,115.15,114.95,115.01,4922756
2021-11-09,1636468200,115.38,115.5,115.29,115.33,8960485
2021-11-10,1636554600,115.11,115.14,114.395,114.55,11620260
2021-11-11,1636641000,114.51,114.57,114.3,114.34,3937147
2021-11-12,1636727400,114.5,114.585,114.26,114.32,4554672
2021-11-15,1636986600,114.3,114.31,113.9,113.9,6405000
2021-11-16,1637073000,113.92,114.11,113.84,113.86,7484034
2021-11-17,1637159400,113.79,114.13,113.77,114.13,7173096
2021-11-18,1637245800,114.05,114.28,114.03,114.23,4230789
2021-11-19,1637332200,114.49,114.59,114.415,114.45,5688583
2021-11-22,1637591400,114.14,114.23,113.82,113.9,6995331
2021-11-23,1637677800,113.71,113.77,113.45,113.45,6275143
2021-11-24,1637764200,113.47,113.725,113.3905,113.71,8472445
2021-11-26,1637937000,114.33,114.5769,114.2,114.52,3258891
2021-11-29,1638196200,114.15,114.6,114.13,114.58,8982838
2021-11-30,1638282600,114.87,115.1074,114.5,114.77,13108996
2021-12-01,1638369000,114.27,114.64,114.21,114.63,12772743
2021-12-02,1638455400,114.67,114.79,114.4001,114.61,7759699
2021-12-03,1638541800,114.5,115.24,114.46,115.07,7600888
2021-12-06,1638801000,114.98,115.0391,114.6196,114.67,9416707
2021-12-07,1638887400,114.52,114.71,114.45,114.49,6787061
2021-12-08,1638973800,114.37,114.37,114.05,114.19,8050116
2021-12-09,1639060200,114.28,114.386,114.12,114.2,8646766
2021-12-10,1639146600,114.37,114.51,114.22,114.23,6501338
2021-12-13,1639405800,114.51,114.705,114.46,114.63,8659260
2021-12-14,1639492200,114.46,114.54,114.26,114.41,7503635
2021-12-15,1639578600,114.23,114.445,114.11,114.32,7459084
2021-12-16,1639665000,114.26,114.48,114.26,114.36,7566579
2021-12-17,1639751400,114.55,114.68,114.47,114.5,7428096
2021-12-20,1640010600,114.57,114.61,114.32,114.33,7382619
2021-12-21,1640097000,114.07,114.32,113.97,114.24,12970210
2021-12-22,1640183400,114.33,114.35,114.17,114.34,6171714
2021-12-23,1640269800,114.29,114.31,114.07,114.2,5506661
2021-12-27,1640615400,114.15,114.3,114.13,114.26,5436840
2021-12-28,1640701800,114.43,114.45,114.17,114.21,5253786
2021-12-29,1640788200,113.99,114.05,113.81,113.87,5933775
2021-12-30,1640874600,113.99,114.13,113.83,114.12,5455434
2021-12-31,1640961000,114.15,114.31,114.06,114.08,7989476
2022-01-03,1641220200,113.67,113.6753,113.3,113.3,9399276
2022-01-04,1641306600,113.22,113.3,113.075,113.29,7772171
2022-01-05,1641393000,113.34,113.36,112.9,112.94,8530902
2022-01-06,1641479400,112.75,112.84,112.66,112.82,8866493
2022-01-07,1641565800,112.69,112.705,112.34,112.49,9018905
2022-01-10,1641825000,112.23,112.42,112.1427,112.39,8074992
2022-01-11,1641911400,112.33,112.63,112.265,112.6,6728618
2022-01-12,1641997800,112.72,112.785,112.58,112.6,6713197
2022-01-13,1642084200,112.6,112.8,112.51,112.8,8454265
2022-01-14,1642170600,112.53,112.545,112.15,112.17,9113399
2022-01-18,1642516200,111.81,111.86,111.47,111.49,7943803
2022-01-19,1642602600,111.7,111.89,111.65,111.73,8320991
2022-01-20,1642689000,111.84,111.9,111.75,111.79,7186396
2022-01-21,1642775400,112.19,112.35,112.11,112.23,8679614
2022-01-24,1643034600,112.3814,112.42,112.1,112.1,12131424
2022-01-25,1643121000,112.18,112.3,111.96,111.99,9540988
2022-01-26,1643207400,112.06,112.13,111.36,111.36,10729365
2022-01-27,1643293800,111.62,111.88,111.62,111.73,6146781
2022-01-28,1643380200,111.46,111.86,111.44,111.81,10855688
2022-01-31,1643639400,111.64,111.89,111.6,111.8,12837442
2022-02-01,1643725800,111.66,111.6764,111.38,111.6,10356014
2022-02-02,1643812200,111.7,111.97,111.6744,111.72,7967892
2022-02-03,1643898600,111.26,111.37,111.13,111.27,10290431
2022-02-04,1643985000,110.75,110.75,110.4707,110.57,6967250
2022-02-07,1644244200,110.57,110.71,110.47,110.67,6723367
2022-02-08,1644330600,110.44,110.48,110.32,110.33,7986961
2022-02-09,1644417000,110.51,110.68,110.39,110.4,9194441
2022-02-10,1644503400,109.97,110.06,109.38,109.38,10761160
2022-02-11,1644589800,109.74,110.155,109.3439,110.1,13868360
2022-02-14,1644849000,109.66,109.76,109.4,109.46,8843670
2022-02-15,1644935400,109.36,109.51,109.24,109.28,5820180
2022-02-16,1645021800,109.44,109.4849,109.1,109.41,8115969
2022-02-17,1645108200,109.58,109.805,109.5146,109.64,10216991
2022-02-18,1645194600,109.83,109.88,109.71,109.87,7111143
2022-02-22,1645540200,109.68,109.78,109.5616,109.75,7604428
2022-02-23,1645626600,109.52,109.55,109.23,109.26,11732146
2022-02-24,1645713000,109.67,109.7681,109.17,109.46,12372112
2022-02-25,1645799400,109.45,109.58,109.33,109.57,10089128
2022-02-28,1646058600,110.03,110.43,110.02,110.36,16594641
2022-03-01,1646145000,110.6,111.17,110.57,110.82,14355116
2022-03-02,1646231400,110.3,110.38,109.46,109.49,9028866
2022-03-03,1646317800,109.79,110,109.65,109.86,15802644
2022-03-04,1646404200,110.4,110.55,110.225,110.3,8556616
2022-03-07,1646663400,109.87,110.14,109.64,109.66,12740567
2022-03-08,1646749800,109.25,109.3301,109.1201,109.27,9933667
2022-03-09,1646836200,109.1,109.209,108.93,109.04,11192337
2022-03-10,1646922600,108.66,108.68,108.25,108.43,16234911
2022-03-11,1647009000,108.44,108.55,108.34,108.41,11997840
2022-03-14,1647264600,107.79,107.816,107.36,107.36,10961644
2022-03-15,1647351000,107.84,107.92,107.43,107.6,14001158
2022-03-16,1647437400,107.63,107.73,107.0032,107.68,16805399
2022-03-17,1647523800,107.8461,108.06,107.73,107.86,8035416
2022-03-18,1647610200,107.93,108.14,107.9203,108.1,7864062
2022-03-21,1647869400,107.58,107.649,106.9841,107.04,8024821
2022-03-22,1647955800,106.74,106.88,106.61,106.75,16120492
2022-03-23,1648042200,106.96,107.21,106.7105,107.19,9060751
2022-03-24,1648128600,106.72,107.035,106.65,106.95,7480541
2022-03-25,1648215000,106.57,106.65,105.975,106.1,10540250
2022-03-28,1648474200,106.25,106.5252,106.16,106.36,8540492
2022-03-29,1648560600,106.61,106.89,106.455,106.86,11396565
2022-03-30,1648647000,106.6,107.15,106.59,107.15,11544370
2022-03-31,1648733400,107.17,107.38,107.06,107.1,13799159
2022-04-01,1648819800,106.35,106.95,106.25,106.75,11581631
2022-04-04,1649079000,106.84,106.87,106.56,106.84,9956504
2022-04-05,1649165400,106.58,106.625,105.74,105.76,11028333
2022-04-06,1649251800,105.21,105.805,105.115,105.49,13115969
2022-04-07,1649338200,105.38,105.51,105.13,105.26,7922503
2022-04-08,1649424600,104.82,105.01,104.615,104.73,6503173
2022-04-11,1649683800,104.44,104.505,104.17,104.28,8381780
2022-04-12,1649770200,104.8001,104.92,104.58,104.61,8498697
2022-04-13,1649856600,104.77,105.09,104.74,104.82,6801024
2022-04-14,1649943000,104.73,104.74,103.93,103.97,8510083
2022-04-18,1650288600,103.97,104.015,103.61,103.65,8632981
2022-04-19,1650375000,103.26,103.4264,102.974,103.02,7847461
2022-04-20,1650461400,103.36,103.7356,103.3,103.61,8460184
2022-04-21,1650547800,103.44,103.47,102.79,103.04,11396047
2022-04-22,1650634200,102.73,103.18,102.67,102.94,9159006
2022-04-25,1650893400,103.47,103.93,103.47,103.63,8777519
2022-04-26,1650979800,104.13,104.13,103.8,103.95,8535145
2022-04-27,1651066200,103.91,104.01,103.53,103.53,11185371
2022-04-28,1651152600,103.33,103.51,103.165,103.49,10372227
2022-04-29,1651239000,102.92,103.27,102.82,102.87,9924179
2022-05-02,1651498200,102.32,102.36,102,102.13,12729043
2022-05-03,1651584600,102.71,102.79,102.29,102.36,12165260
2022-05-04,1651671000,102.32,103.05,102.12,103.02,14656378
2022-05-05,1651757400,102.48,102.52,101.585,102,17474427
2022-05-06,1651843800,101.66,101.95,101.49,101.57,8314307
2022-05-09,1652103000,101.54,102.1,101.475,102.07,8640927
2022-05-10,1652189400,102.52,102.72,102.32,102.38,18464962
2022-05-11,1652275800,102.07,102.785,101.96,102.76,16461960
2022-05-12,1652362200,102.94,103.14,102.865,102.95,9015308
2022-05-13,1652448600,102.75,102.78,102.48,102.51,6715579
2022-05-16,1652707800,102.71,102.97,102.69,102.74,7239212
2022-05-17,1652794200,102.27,102.43,102.14,102.18,6559038
2022-05-18,1652880600,102.11,102.639,102.075,102.59,6093818
2022-05-19,1652967000,103.2,103.22,102.75,102.85,10504273
2022-05-20,1653053400,102.95,103.21,102.8801,103.16,6731407
2022-05-23,1653312600,103.01,103.2,102.73,102.82,8007232
2022-05-24,1653399000,103.14,103.74,103.13,103.61,10332288
2022-05-25,1653485400,103.93,104.07,103.765,104.04,7718122
2022-05-26,1653571800,104.07,104.19,103.8,103.96,5720073
2022-05-27,1653658200,104.09,104.305,104.0201,104.13,5496283
2022-05-31,1654003800,103.53,103.64,103.285,103.47,10491722
2022-06-01,1654090200,103.39,103.525,102.75,102.86,8056802
2022-06-02,1654176600,103.06,103.09,102.73,102.99,7456895
2022-06-03,1654263000,102.67,102.905,102.64,102.82,6561091
2022-06-06,1654522200,102.67,102.77,102.16,102.19,5144496
2022-06-07,1654608600,102.42,102.76,102.4,102.58,5620183
2022-06-08,1654695000,102.42,102.555,102.16,102.16,4150910
2022-06-09,1654781400,102.07,102.22,101.97,102.05,5423587
2022-06-10,1654867800,101.67,101.72,101.03,101.26,7829980
2022-06-13,1655127000,100.1,100.35,99.13,99.6,9479214
2022-06-14,1655213400,99.84,99.94,98.86,99.01,10943479
2022-06-15,1655299800,99.69,100.16,99.18,100.11,10979025
2022-06-16,1655386200,99.24,100.36,99.1432,100.35,9329899
2022-06-17,1655472600,100.42,100.57,99.98,100.34,9892239
2022-06-21,1655818200,100.02,100.26,99.79,99.94,9022476
2022-06-22,1655904600,100.67,100.9296,100.665,100.79,9436995
2022-06-23,1655991000,101.25,101.76,101.125,101.21,7774051
2022-06-24,1656077400,101.11,101.47,100.995,101.05,7389583
2022-06-27,1656336600,100.67,100.945,100.475,100.6,8319683
2022-06-28,1656423000,100.53,100.66,100.395,100.64,6540036
2022-06-29,1656509400,100.8,101.235,100.68,101.22,7326495
2022-06-30,1656595800,101.6,101.955,101.575,101.68,7521306
2022-07-01,1656682200,102.21,102.7874,102.09,102.34,7393110
2022-07-05,1657027800,102.54,102.7043,102.3465,102.53,6813402
2022-07-06,1657114200,102.78,102.8,101.84,101.84,6647665
2022-07-07,1657200600,101.94,101.9799,101.52,101.61,8226532
2022-07-08,1657287000,101.35,101.4499,101.16,101.23,5270091
2022-07-11,1657546200,101.67,101.92,101.6029,101.7,5758407
2022-07-12,1657632600,102.02,102.19,101.82,101.84,6690559
2022-07-13,1657719000,101.23,102.24,101.19,102.21,6534738
2022-07-14,1657805400,101.51,101.98,101.33,101.85,6233275
2022-07-15,1657891800,101.94,102.35,101.9,102.25,8640415
2022-07-18,1658151000,102,102.03,101.72,101.92,6006406
2022-07-19,1658237400,101.95,101.99,101.6615,101.78,5936232
2022-07-20,1658323800,102.16,102.17,101.665,101.71,6123970
2022-07-21,1658410200,101.96,102.58,101.96,102.56,5919977
2022-07-22,1658496600,103.26,103.6,103.115,103.36,7323110
2022-07-25,1658755800,102.9,103.09,102.87,102.98,3729487
2022-07-26,1658842200,103.44,103.51,102.96,102.96,6312403
2022-07-27,1658928600,103.19,103.64,103.18,103.32,5431438
2022-07-28,1659015000,104.09,104.205,103.835,104.06,6473834
2022-07-29,1659101400,103.94,104.395,103.83,104.07,7674760
2022-08-01,1659360600,103.99,104.305,103.91,104.23,7733744
2022-08-02,1659447000,104.27,104.345,103.135,103.16,6869385
2022-08-03,1659533400,103.03,103.64,102.72,103.62,6261918
2022-08-04,1659619800,103.67,103.89,103.57,103.87,5199672
2022-08-05,1659706200,102.81,102.83,102.52,102.71,4847064
2022-08-08,1659965400,103.1,103.29,103.04,103.18,3424967
2022-08-09,1660051800,102.92,103.045,102.84,102.95,3854013
2022-08-10,1660138200,103.43,103.675,103.1095,103.21,7156420
2022-08-11,1660224600,103.38,103.63,102.615,102.66,8518254
2022-08-12,1660311000,102.97,103.12,102.72,103.12,3643558
2022-08-15,1660570200,103.37,103.45,103.24,103.25,3782889
2022-08-16,1660656600,103.13,103.13,102.79,103.1,4976060
2022-08-17,1660743000,102.64,102.735,102.34,102.49,7222288
2022-08-18,1660829400,102.7,102.93,102.64,102.71,4260579
2022-08-19,1660915800,102.13,102.13,101.845,101.99,4575547
2022-08-22,1661175000,101.82,101.89,101.515,101.55,7133245
2022-08-23,1661261400,101.54,101.9671,101.4,101.51,7369600
2022-08-24,1661347800,101.35,101.395,101.15,101.24,6319122
2022-08-25,1661434200,101.33,101.87,101.2426,101.8,8217318
2022-08-26,1661520600,101.67,101.85,101.42,101.61,5584793
2022-08-29,1661779800,101.27,101.28,101.055,101.12,7508960
2022-08-30,1661866200,101.26,101.445,100.93,101.25,6573668
2022-08-31,1661952600,101.04,101.23,100.641,100.71,6116453
2022-09-01,1662039000,100.07,100.145,99.66,100.07,8961796
2022-09-02,1662125400,100.37,100.67,100.13,100.36,5966840
2022-09-06,1662471000,99.96,99.97,99.41,99.42,5341272
2022-09-07,1662557400,99.73,100.13,99.72,100.11,3607139
2022-09-08,1662643800,100,100.18,99.785,99.79,5546199
2022-09-09,1662730200,99.99,100.13,99.73,99.78,7496080
2022-09-12,1662989400,100,100.09,99.51,99.63,8535467
2022-09-13,1663075800,98.91,99.19,98.895,99.07,4957421
2022-09-14,1663162200,99,99.35,98.97,99.2,7557369
2022-09-15,1663248600,99.04,99.1057,98.8436,98.9,6016666
2022-09-16,1663335000,98.66,99.01,98.61,98.83,6965431
2022-09-19,1663594200,98.53,98.84,98.48,98.68,5982197
2022-09-20,1663680600,98.21,98.4,98.08,98.24,11271700
2022-09-21,1663767000,98.4,98.6001,97.86,98.55,7094443
2022-09-22,1663853400,97.9,97.92,97.4039,97.5,7092379
2022-09-23,1663939800,97.4,97.45,96.89,97.2,11059537
2022-09-26,1664199000,96.87,96.91,95.865,95.95,9010119
2022-09-27,1664285400,95.9745,96.075,95.375,95.54,11440212
2022-09-28,1664371800,96.47,97.1277,96.27,97.08,10539881
2022-09-29,1664458200,96.48,96.7999,96.29,96.57,8666051
2022-09-30,1664544600,96.86,97.09,96.19,96.34,14376285
2022-10-03,1664803800,96.89,97.48,96.64,96.91,9617946
2022-10-04,1664890200,97.21,97.55,97.0811,97.17,6964233
2022-10-05,1664976600,96.69,96.99,96.27,96.66,9512807
2022-10-06,1665063000,96.59,96.71,96.21,96.28,5625145
2022-10-07,1665149400,95.81,96.01,95.68,95.77,6149631
2022-10-10,1665408600,95.73,95.75,95.1536,95.34,4074744
2022-10-11,1665495000,95.63,95.83,95.27,95.4,8892773
2022-10-12,1665581400,95.25,95.61,95.23,95.48,5651195
2022-10-13,1665667800,94.23,95.44,94.175,95.18,6254435
2022-10-14,1665754200,95.63,95.63,94.61,94.66,8580697
2022-10-17,1666013400,95.25,95.4,94.83,94.86,5460624
2022-10-18,1666099800,95.11,95.18,94.64,95.02,6389064
2022-10-19,1666186200,94.41,94.5584,94.1528,94.2,6316065
2022-10-20,1666272600,94.06,94.2555,93.5648,93.63,9013040
2022-10-21,1666359000,93.27,93.865,93.2,93.77,8371273
2022-10-24,1666618200,93.77,94.03,93.45,93.64,6090397
2022-10-25,1666704600,94.39,94.705,94.36,94.56,11710398
2022-10-26,1666791000,94.78,95.17,94.76,94.98,7884252
2022-10-27,1666877400,95.21,95.6204,94.99,95.46,6913500
2022-10-28,1666963800,95.01,95.46,94.98,95.22,6229253
2022-10-31,1667223000,95.01,95.06,94.6,94.9,10946419
2022-11-01,1667309400,95.25,95.35,94.6501,94.86,8096833
2022-11-02,1667395800,94.98,95.51,94.53,94.7,8584173
2022-11-03,1667482200,93.97,94.505,93.93,94.35,9314775
2022-11-04,1667568600,94.43,94.64,94.17,94.34,6918307
2022-11-07,1667831400,94.41,94.46,94.03,94.04,7597242
2022-11-08,1667917800,94.24,94.6099,94.22,94.44,5834912
2022-11-09,1668004200,94.39,94.7001,94.25,94.55,6694180
2022-11-10,1668090600,95.98,96.58,95.79,96.58,8494808
2022-11-11,1668177000,96.23,96.605,96.23,96.51,4953168
2022-11-14,1668436200,96.43,96.45,96.175,96.24,7457618
2022-11-15,1668522600,96.8,96.95,96.605,96.95,7961974
2022-11-16,1668609000,97.25,97.63,97.135,97.55,11075022
2022-11-17,1668695400,97.03,97.165,96.85,97.14,6889201
2022-11-18,1668781800,97.22,97.325,96.91,97,4714973
2022-11-21,1669041000,97.27,97.3355,96.91,96.94,6829111
2022-11-22,1669127400,97.18,97.5,97.18,97.44,8039011
2022-11-23,1669213800,97.58,98.02,97.58,98.02,5885623
2022-11-25,1669386600,97.81,98.04,97.81,98.04,2718602
2022-11-28,1669645800,98.14,98.19,97.835,97.88,7920752
2022-11-29,1669732200,97.54,97.7885,97.492,97.53,6643300
2022-11-30,1669818600,97.48,98.32,97.285,98.29,8963551
2022-12-01,1669905000,98.3,98.89,98.17,98.88,12471321
2022-12-02,1669991400,98.49,99.295,98.3,99.29,6367993
2022-12-05,1670250600,98.82,99.29,98.3,98.51,8072479
2022-12-06,1670337000,98.71,98.92,98.59,98.8,7660058
2022-12-07,1670423400,99.29,99.725,99.17,99.68,6752854
2022-12-08,1670509800,99.39,99.5959,99.24,99.38,6307207
2022-12-09,1670596200,99.12,99.21,98.77,98.79,8994364
2022-12-12,1670855400,99.19,99.2355,98.63,98.81,10384255
2022-12-13,1670941800,100.18,100.18,99.4,99.47,9120641
2022-12-14,1671028200,99.52,99.79,99.17,99.69,10623950
2022-12-15,1671114600,99.57,99.7,99.365,99.61,9424090
2022-12-16,1671201000,98.96,99.52,98.94,99.35,7546301
2022-12-19,1671460200,98.9,98.93,98.6142,98.74,10351012
2022-12-20,1671546600,98.1,98.26,97.98,98.07,10282174
2022-12-21,1671633000,98.49,98.536,98.19,98.34,8489423
2022-12-22,1671719400,98.32,98.4653,98.215,98.31,8267852
2022-12-23,1671805800,98.05,98.11,97.895,97.97,4823380
2022-12-27,1672151400,97.46,97.615,97.2121,97.26,7925770
2022-12-28,1672237800,97.47,97.5,97.08,97.09,12131152
2022-12-29,1672324200,97.21,97.47,97.1825,97.45,7763261
2022-12-30,1672410600,97.25,97.36,96.9741,96.99,8469000
2023-01-03,1672756200,97.97,97.97,97.365,97.56,19930920
2023-01-04,1672842600,98.17,98.25,97.89,98.1,10080087
2023-01-05,1672929000,97.64,98.06,97.565,98.02,9682089
2023-01-06,1673015400,98.13,99.15,98.04,99.09,8503052
2023-01-09,1673274600,99.06,99.5,99,99.34,7849643
2023-01-10,1673361000,99.02,99.15,98.7401,98.96,7291301
2023-01-11,1673447400,99.28,99.57,99.2592,99.57,6102954
2023-01-12,1673533800,99.84,100.53,99.49,100.29,8342746
2023-01-13,1673620200,100.02,100.26,99.8321,99.92,6719042
2023-01-17,1673965800,99.74,99.96,99.65,99.74,8174659
2023-01-18,1674052200,100.76,100.875,100.37,100.73,7779524
2023-01-19,1674138600,100.73,100.73,100.33,100.5,8633834
2023-01-20,1674225000,100.17,100.26,99.89,100.09,6095775
2023-01-23,1674484200,99.8,100.06,99.78,99.84,6573240
2023-01-24,1674570600,99.84,100.32,99.68,100.28,6538592
2023-01-25,1674657000,100.26,100.47,100.1,100.4,5431036
2023-01-26,1674743400,100.33,100.46,100.07,100.23,5399092
2023-01-27,1674829800,99.96,100.14,99.91,100.08,5123098
2023-01-30,1675089000,99.9,100.0904,99.8,99.81,6822012
2023-01-31,1675175400,100.16,100.34,99.825,100.22,12083590
2023-02-01,1675261800,100.19,100.78,99.86,100.68,11593329
2023-02-02,1675348200,101.04,101.15,100.735,100.79,9197909
2023-02-03,1675434600,99.95,100.13,99.52,99.82,9082975
2023-02-06,1675693800,99.31,99.415,99.23,99.27,9198870
2023-02-07,1675780200,99.15,99.57,99.055,99.1,6224773
2023-02-08,1675866600,99.14,99.43,98.95,99.24,4900645
2023-02-09,1675953000,99.54,99.56,98.83,98.85,5594835
2023-02-10,1676039400,98.82,98.83,98.4,98.42,5068200
2023-02-13,1676298600,98.49,98.72,98.46,98.72,6832726
2023-02-14,1676385000,98.67,98.7574,98.11,98.37,9559496
2023-02-15,1676471400,98.24,98.36,98.03,98.18,6489232
2023-02-16,1676557800,97.88,98.03,97.69,97.77,5235622
2023-02-17,1676644200,97.53,98.01,97.53,98,5956279
2023-02-21,1676989800,97.361,97.46,97.08,97.08,8369587
2023-02-22,1677076200,97.4,97.59,97.3,97.34,5862307
2023-02-23,1677162600,97.4,97.72,97.37,97.69,8527182
2023-02-24,1677249000,97.22,97.26,96.9696,97.13,4866858
2023-02-27,1677508200,97.41,97.49,97.215,97.32,5040022
2023-02-28,1677594600,96.992,97.37,96.9291,97.31,8575033
2023-03-01,1677681000,96.83,97.04,96.5,96.52,9125349
2023-03-02,1677767400,96.15,96.35,96.11,96.32,9247374
2023-03-03,1677853800,96.85,97.08,96.59,97.08,7266999
2023-03-06,1678113000,97.27,97.29,96.81,96.84,4188489
2023-03-07,1678199400,96.98,97.025,96.57,96.71,6013304
2023-03-08,1678285800,96.9039,97.08,96.48,96.61,8044025
2023-03-09,1678372200,96.76,97.1501,96.695,96.96,7054402
2023-03-10,1678458600,97.79,98.32,97.755,98.09,7515785
2023-03-13,1678714200,99.05,99.65,98.62,98.87,10344139
2023-03-14,1678800600,98.77,98.82,98.085,98.29,8159781
2023-03-15,1678887000,99.43,99.7,98.81,99.27,11133655
2023-03-16,1678973400,99.53,99.72,98.675,98.88,15219710
2023-03-17,1679059800,99.29,99.8,99.21,99.5,8277602
2023-03-20,1679319000,99.73,99.73,99.015,99.1,6346444
2023-03-21,1679405400,98.88,99.03,98.7,98.8,5499073
2023-03-22,1679491800,98.8,99.82,98.64,99.75,7588892
2023-03-23,1679578200,99.68,100.05,99.51,99.99,9949714
2023-03-24,1679664600,100.28,100.49,99.95,100.16,6217707
2023-03-27,1679923800,99.39,99.52,99.07,99.08,6823373
2023-03-28,1680010200,98.98,99.05,98.82,98.93,6356361
2023-03-29,1680096600,98.74,99.11,98.72,99.05,5111265
2023-03-30,1680183000,99.03,99.23,98.9535,99.16,4251904
2023-03-31,1680269400,99.39,99.69,99.16,99.64,8521604
2023-04-03,1680528600,99.28,99.855,99.21,99.82,7567059
2023-04-04,1680615000,99.55,100.3,99.5,100.19,8925168
2023-04-05,1680701400,100.5,100.98,100.41,100.53,9883500
2023-04-06,1680787800,100.56,100.685,100.44,100.44,6105185
2023-04-10,1681133400,99.89,99.91,99.6,99.75,4477955
2023-04-11,1681219800,99.81,99.88,99.59,99.81,4543802
2023-04-12,1681306200,100.17,100.2,99.61,99.93,7226075
2023-04-13,1681392600,100.16,100.2677,99.805,99.89,3964799
2023-04-14,1681479000,99.56,99.59,99.32,99.4,4794084
2023-04-17,1681738200,99.13,99.175,98.88,98.9,4441277
2023-04-18,1681824600,98.91,99.16,98.91,99.04,4753036
2023-04-19,1681911000,98.89,98.93,98.71,98.89,3592906
2023-04-20,1681997400,99.21,99.36,99.19,99.34,5092430
2023-04-21,1682083800,99.51,99.56,99.11,99.17,5367257
2023-04-24,1682343000,99.42,99.59,99.36,99.56,3256883
2023-04-25,1682429400,99.97,100.25,99.9636,100.18,5065415
2023-04-26,1682515800,100.16,100.22,99.72,99.81,3723566
2023-04-27,1682602200,99.61,99.63,99.39,99.45,4018321
2023-04-28,1682688600,99.99,99.99,99.72,99.96,5469882
2023-05-01,1682947800,99.35,99.41,98.595,98.69,10631644
2023-05-02,1683034200,98.96,99.67,98.93,99.65,6085943
2023-05-03,1683120600,99.89,100.1336,99.6901,100.09,5637180
2023-05-04,1683207000,99.77,100.415,99.75,99.97,5262191
2023-05-05,1683293400,99.64,99.7199,99.4542,99.65,4003005
2023-05-08,1683552600,99.21,99.35,99.0801,99.1,5481302
2023-05-09,1683639000,99.11,99.19,99.01,99.01,5712210
2023-05-10,1683725400,99.43,99.68,99.39,99.65,4803044
2023-05-11,1683811800,100.11,100.19,99.88,99.95,7703942
2023-05-12,1683898200,99.89,99.95,99.39,99.39,4286034
2023-05-15,1684157400,99.21,99.22,99.1,99.14,8532590
2023-05-16,1684243800,98.89,98.95,98.74,98.91,6728498
2023-05-17,1684330200,98.99,99.025,98.68,98.76,6318677
2023-05-18,1684416600,98.49,98.51,98.27,98.3,4811544
2023-05-19,1684503000,98.13,98.44,98,98.08,10285865
2023-05-22,1684762200,98.14,98.33,97.97,97.99,8551145
2023-05-23,1684848600,97.92,98.2058,97.81,98.1,7641202
2023-05-24,1684935000,98.17,98.19,97.815,97.85,7719174
2023-05-25,1685021400,97.74,97.8,97.4399,97.49,5941485
2023-05-26,1685107800,97.36,97.5898,97.2406,97.57,3889853
2023-05-30,1685453400,97.9,98.24,97.85,98.22,7349896
2023-05-31,1685539800,98.22,98.72,98.21,98.57,10560022
2023-06-01,1685626200,98.6,98.8,98.484,98.61,9029803
2023-06-02,1685712600,98.54,98.58,98.08,98.09,6877188
2023-06-05,1685971800,97.85,98.32,97.76,98.08,7562834
2023-06-06,1686058200,98.12,98.21,97.89,98.2,3815981
2023-06-07,1686144600,98.15,98.22,97.59,97.68,5131567
2023-06-08,1686231000,97.8,98.21,97.77,98.2,5041870
2023-06-09,1686317400,97.91,98.05,97.79,97.97,7140768
2023-06-12,1686576600,98.09,98.16,97.73,98.14,5436273
2023-06-13,1686663000,98.48,98.48,97.6001,97.68,9568345
2023-06-14,1686749400,97.88,97.99,97.4499,97.77,8360159
2023-06-15,1686835800,98.29,98.46,98.1337,98.45,7471994
2023-06-16,1686922200,98.09,98.275,97.905,98.14,5653727
2023-06-20,1687267800,98.28,98.505,98.17,98.32,6694188
2023-06-21,1687354200,98.09,98.53,97.975,98.48,5579941
2023-06-22,1687440600,98.17,98.325,97.92,97.97,7147656
2023-06-23,1687527000,98.49,98.5,98.1,98.26,4792937
2023-06-26,1687786200,98.5,98.5125,98.31,98.38,10632271
2023-06-27,1687872600,98.45,98.585,98.1,98.19,7803348
2023-06-28,1687959000,98.34,98.535,98.2,98.48,8622853
2023-06-29,1688045400,97.8,97.87,97.61,97.72,8877566
2023-06-30,1688131800,97.86,98.1,97.74,97.95,13417260
2023-07-03,1688391000,97.82,98.04,97.54,97.58,3691597
2023-07-05,1688563800,97.51,97.53,97.05,97.14,6046567
2023-07-06,1688650200,96.56,96.64,96.28,96.51,9534231
2023-07-07,1688736600,96.4247,96.75,96.4247,96.53,8311015
2023-07-10,1688995800,96.57,96.94,96.55,96.8,8827490
2023-07-11,1689082200,96.94,97.0999,96.855,97.01,5978640
2023-07-12,1689168600,97.51,97.8499,97.45,97.8,7189081
2023-07-13,1689255000,98.18,98.44,98.115,98.41,7458509
2023-07-14,1689341400,98.23,98.31,97.92,97.94,7208467
2023-07-17,1689600600,97.95,98.1,97.85,98.05,4689526
2023-07-18,1689687000,98.33,98.41,98.13,98.13,5593380
2023-07-19,1689773400,98.35,98.48,98.185,98.43,7467923
2023-07-20,1689859800,98.06,98.075,97.7344,97.92,12562376
2023-07-21,1689946200,98.11,98.15,97.94,97.99,7605261
2023-07-24,1690205400,98.1,98.155,97.79,97.81,6656685
2023-07-25,1690291800,97.58,97.79,97.57,97.7,5794830
2023-07-26,1690378200,97.93,98.065,97.68,98.02,5907376
2023-07-27,1690464600,97.84,97.93,97.105,97.18,6937871
2023-07-28,1690551000,97.39,97.59,97.3102,97.56,9233678
2023-07-31,1690810200,97.53,97.8,97.5219,97.68,11079096
2023-08-01,1690896600,97.01,97.09,96.71,96.77,8810799
2023-08-02,1690983000,96.48,96.56,96.23,96.54,8551942
2023-08-03,1691069400,95.93,96.0181,95.8,95.89,7532793
2023-08-04,1691155800,96.25,96.75,96.25,96.68,6400359
2023-08-07,1691415000,96.64,96.7,96.48,96.7,9732593
2023-08-08,1691501400,96.94,97.1092,96.835,96.93,6867329
2023-08-09,1691587800,97.01,97.1199,96.9136,97,5634703
2023-08-10,1691674200,97.06,97.22,96.37,96.37,15516098
2023-08-11,1691760600,96.12,96.415,96.07,96.07,9016684
2023-08-14,1692019800,95.98,96.22,95.83,96,7901458
2023-08-15,1692106200,95.81,96.07,95.74,95.74,6522465
2023-08-16,1692192600,95.76,95.93,95.45,95.51,8964587
2023-08-17,1692279000,95.5,95.5455,95.21,95.41,8162377
2023-08-18,1692365400,95.47,95.7475,95.43,95.62,6154612
2023-08-21,1692624600,95.255,95.3,95.04,95.14,13362274
2023-08-22,1692711000,95.17,95.32,95.06,95.24,6156222
2023-08-23,1692797400,95.75,96.15,95.731,96.15,7831606
2023-08-24,1692883800,95.99,96.12,95.85,95.93,8247712
2023-08-25,1692970200,95.82,96.08,95.5957,95.87,7917939
2023-08-28,1693229400,96.1,96.11,95.925,96.08,6544469
2023-08-29,1693315800,95.91,96.71,95.91,96.7,7386310
2023-08-30,1693402200,96.78,96.825,96.62,96.66,8752362
2023-08-31,1693488600,96.78,96.9557,96.715,96.8,7230076
2023-09-01,1693575000,96.54,96.57,95.9825,96.04,8132478
2023-09-05,1693920600,95.85,95.87,95.52,95.52,6111516
2023-09-06,1694007000,95.63,95.64,95.31,95.43,8379217
2023-09-07,1694093400,95.59,95.74,95.49,95.73,5077850
2023-09-08,1694179800,95.93,96.02,95.76,95.78,4774309
2023-09-11,1694439000,95.66,95.73,95.57,95.67,4077173
2023-09-12,1694525400,95.71,95.73,95.5743,95.7,4583413
2023-09-13,1694611800,95.61,95.95,95.59,95.84,5953577
2023-09-14,1694698200,95.96,95.975,95.6801,95.71,5952843
2023-09-15,1694784600,95.64,95.695,95.48,95.49,5667690
2023-09-18,1695043800,95.37,95.6399,95.36,95.63,6066168
2023-09-19,1695130200,95.54,95.59,95.35,95.35,5327873
2023-09-20,1695216600,95.57,95.6981,95.3,95.3,6282734
2023-09-21,1695303000,94.8,94.8059,94.64,94.65,8028921
2023-09-22,1695389400,94.78,95.09,94.73,95.05,7294228
2023-09-25,1695648600,94.49,94.6175,94.285,94.3,7485203
2023-09-26,1695735000,94.47,94.505,94.15,94.18,15549166
2023-09-27,1695821400,94.47,94.5122,93.6562,93.85,14560455
2023-09-28,1695907800,93.7,94.16,93.5299,94.13,13334180
2023-09-29,1695994200,94.5,94.565,93.97,94.04,13483638
2023-10-02,1696253400,93.43,93.51,93.1,93.13,8880050
2023-10-03,1696339800,92.99,93.086,92.3745,92.4,12058369
2023-10-04,1696426200,92.77,93.05,92.55,93.05,14097771
2023-10-05,1696512600,93.17,93.22,92.99,93.11,7129439
2023-10-06,1696599000,92.46,92.98,92.3708,92.75,9569518
2023-10-09,1696858200,93.22,93.72,93.15,93.71,4353218
2023-10-10,1696944600,93.39,93.805,93.255,93.62,14553560
2023-10-11,1697031000,93.94,94.05,93.76,94.05,15347037
2023-10-12,1697117400,93.87,93.91,93.17,93.24,11189794
2023-10-13,1697203800,93.68,93.79,93.5234,93.64,7516133
2023-10-16,1697463000,93.32,93.405,93.1,93.12,6332779
2023-10-17,1697549400,92.51,92.6873,92.35,92.45,8198418
2023-10-18,1697635800,92.29,92.375,91.94,92.02,9352743
2023-10-19,1697722200,91.89,92.165,91.61,91.67,11552719
2023-10-20,1697808600,91.94,92.135,91.9006,92,6630026
2023-10-23,1698067800,91.7,92.5,91.5819,92.36,12886000
2023-10-24,1698154200,92.43,92.69,92.28,92.69,9165301
2023-10-25,1698240600,92.33,92.35,91.92,92,8904428
2023-10-26,1698327000,92.12,92.64,92.105,92.62,11574571
2023-10-27,1698413400,92.56,92.6405,92.37,92.59,7650175
2023-10-30,1698672600,92.29,92.505,92.1523,92.37,8166711
2023-10-31,1698759000,92.45,92.63,92.31,92.31,12343606
2023-11-01,1698845400,92.23,93.05,92.23,93.05,14404642
2023-11-02,1698931800,93.68,93.76,93.37,93.61,11166742
2023-11-03,1699018200,94.54,94.685,94.14,94.18,11890348
2023-11-06,1699281000,93.93,93.99,93.634,93.71,8521632
2023-11-07,1699367400,93.94,94.36,93.91,94.21,7306930
2023-11-08,1699453800,94.27,94.6154,94.25,94.53,6932255
2023-11-09,1699540200,94.42,94.44,93.73,93.74,9163165
2023-11-10,1699626600,94.19,94.215,93.88,93.96,6101956
2023-11-13,1699885800,93.64,93.97,93.53,93.95,9679644
2023-11-14,1699972200,95.03,95.2,94.93,95.13,12149610
2023-11-15,1700058600,94.7,94.715,94.455,94.54,10956776
2023-11-16,1700145000,94.85,95.1979,94.85,95.06,10145390
2023-11-17,1700231400,95.21,95.36,95.025,95.25,9244042
2023-11-20,1700490600,95.07,95.42,95.07,95.4,10051654
2023-11-21,1700577000,95.45,95.5699,95.28,95.5,7393840
2023-11-22,1700663400,95.68,95.75,95.37,95.59,6329863
2023-11-24,1700836200,95.24,95.3158,95.12,95.15,2944257
2023-11-27,1701095400,95.36,95.72,95.33,95.69,8854641
2023-11-28,1701181800,95.61,96.13,95.565,96.11,9749395
2023-11-29,1701268200,96.42,96.665,96.3414,96.58,8006828
2023-11-30,1701354600,96.38,96.41,96.13,96.26,8889239
2023-12-01,1701441000,96,96.869,95.97,96.83,11774334
2023-12-04,1701700200,96.58,96.6678,96.3135,96.46,9440199
2023-12-05,1701786600,96.85,97.145,96.785,97.1,8850641
2023-12-06,1701873000,97.24,97.49,97.15,97.35,11111225
2023-12-07,1701959400,97.22,97.56,97.22,97.38,7157947
2023-12-08,1702045800,96.99,97.065,96.7217,96.89,6696783
2023-12-11,1702305000,96.8,96.95,96.6,96.9,15008723
2023-12-12,1702391400,96.94,97.19,96.8213,97.19,11711463
2023-12-13,1702477800,97.39,98.45,97.3299,98.41,11194420
2023-12-14,1702564200,98.68,99.04,98.6102,98.92,12651257
2023-12-15,1702650600,98.8,98.88,98.59,98.69,10079311
2023-12-18,1702909800,98.58,98.58,98.42,98.49,11521007
2023-12-19,1702996200,98.63,98.777,98.59,98.61,13787123
2023-12-20,1703082600,98.87,99.04,98.69,98.97,9994103
2023-12-21,1703169000,99.22,99.255,98.83,98.96,9099118
2023-12-22,1703255400,99.13,99.135,98.805,98.83,13234679
2023-12-26,1703601000,98.93,99.08,98.89,99.03,5418487
2023-12-27,1703687400,99.4,99.7,99.3127,99.66,6919952
2023-12-28,1703773800,99.54,99.65,99.3127,99.44,7172285
2023-12-29,1703860200,99.2,99.425,99.13,99.25,7327825
2024-01-02,1704205800,98.84,98.97,98.725,98.78,9754476
2024-01-03,1704292200,98.45,98.9367,98.3114,98.83,10002137
2024-01-04,1704378600,98.42,98.5499,98.325,98.43,9896688
2024-01-05,1704465000,98.13,98.69,98.0694,98.2,9038700
2024-01-08,1704724200,98.24,98.71,98.205,98.57,7946495
2024-01-09,1704810600,98.39,98.66,98.39,98.55,7157411
2024-01-10,1704897000,98.74,98.8,98.36,98.36,7679382
2024-01-11,1704983400,98.53,98.9599,98.41,98.92,7275940
2024-01-12,1705069800,99.14,99.36,98.96,99.1,6359407
2024-01-16,1705415400,98.72,98.85,98.2701,98.36,14489797
2024-01-17,1705501800,98.16,98.2099,97.94,98.09,8977600
2024-01-18,1705588200,98.16,98.195,97.89,98,10575151
2024-01-19,1705674600,97.89,98.02,97.6714,98.02,9126093
2024-01-22,1705933800,98.26,98.3556,98.1,98.2,8712582
2024-01-23,1706020200,97.99,98,97.82,97.96,5642997
2024-01-24,1706106600,98.29,98.33,97.7,97.74,11278509
2024-01-25,1706193000,98.01,98.2,97.96,98.18,16521614
2024-01-26,1706279400,98.2,98.2,97.984,98.07,5022843
2024-01-29,1706538600,98.3,98.53,98.1918,98.46,6423562
2024-01-30,1706625000,98.64,98.69,98.29,98.65,6740125
2024-01-31,1706711400,99,99.26,98.81,99.1,10829125
2024-02-01,1706797800,99.2,99.565,99.02,99.37,11937364
2024-02-02,1706884200,98.49,98.62,98.2616,98.46,8422612
2024-02-05,1707143400,97.89,97.91,97.56,97.65,7656888
2024-02-06,1707229800,97.79,98.2,97.775,98.16,6608583
2024-02-07,1707316200,97.99,98.28,97.94,97.96,8785226
2024-02-08,1707402600,97.78,97.84,97.62,97.66,12446860
2024-02-09,1707489000,97.54,97.63,97.495,97.63,7120463
2024-02-12,1707748200,97.7,97.745,97.52,97.65,5696254
2024-02-13,1707834600,97.04,97.095,96.75,96.75,15872616
2024-02-14,1707921000,96.84,97.215,96.84,97.18,8776901
2024-02-15,1708007400,97.49,97.55,97.2301,97.41,7194549
2024-02-16,1708093800,96.95,97.1,96.895,97.1,7723697
2024-02-20,1708439400,97.23,97.3575,97.16,97.19,8735680
2024-02-21,1708525800,97.28,97.28,96.8653,96.9,7785144
2024-02-22,1708612200,96.93,97.09,96.84,96.98,7538284
2024-02-23,1708698600,96.99,97.39,96.99,97.34,7738039
2024-02-26,1708957800,97.34,97.35,96.97,97.13,9374597
2024-02-27,1709044200,97.1,97.215,96.94,97,9065486
2024-02-28,1709130600,97.07,97.23,97.0133,97.19,7942456
2024-02-29,1709217000,97.38,97.555,97.29,97.35,16774092
2024-03-01,1709303400,96.99,97.55,96.81,97.53,8994931
2024-03-04,1709562600,97.26,97.3801,97.23,97.29,7428243
2024-03-05,1709649000,97.69,97.92,97.6,97.82,6815524
2024-03-06,1709735400,97.95,98.1601,97.91,97.97,16536204
2024-03-07,1709821800,98.22,98.24,97.97,98.18,7726663
2024-03-08,1709908200,98.34,98.405,98.19,98.27,7168723
2024-03-11,1710163800,98.28,98.305,98.09,98.16,11354561
2024-03-12,1710250200,98.02,98.04,97.8,97.91,7471902
2024-03-13,1710336600,97.82,97.93,97.73,97.73,5846648
2024-03-14,1710423000,97.48,97.48,97.1,97.11,10541000
2024-03-15,1710509400,97.15,97.195,97.02,97.1,5756900
2024-03-18,1710768600,97.07,97.12,96.92,97,5227228
2024-03-19,1710855000,97.15,97.3391,97.105,97.24,5076659
2024-03-20,1710941400,97.29,97.63,97.13,97.44,8681408
2024-03-21,1711027800,97.62,97.68,97.41,97.51,10100253
2024-03-22,1711114200,97.91,97.91,97.74,97.82,8359208
2024-03-25,1711373400,97.76,97.76,97.57,97.64,11037736
2024-03-26,1711459800,97.66,97.76,97.52,97.74,8830456
2024-03-27,1711546200,97.8,98.075,97.79,98.06,9366825
2024-03-28,1711632600,97.93,98.08,97.85,97.94,8863332
2024-04-01,1711978200,97.32,97.34,96.89,96.94,8667445
2024-04-02,1712064600,96.66,96.89,96.54,96.87,10624648
2024-04-03,1712151000,96.58,96.95,96.485,96.93,6919270
2024-04-04,1712237400,97.11,97.17,96.92,97.16,9327565
2024-04-05,1712323800,96.76,96.995,96.675,96.68,12343556
2024-04-08,1712583000,96.56,96.7,96.5,96.59,11457107
2024-04-09,1712669400,96.83,96.98,96.83,96.92,5736500
2024-04-10,1712755800,96.22,96.27,95.74,95.76,11248929
2024-04-11,1712842200,95.98,96.025,95.59,95.78,16217807
2024-04-12,1712928600,96.08,96.1963,95.96,95.96,17284702
2024-04-15,1713187800,95.47,95.53,95.205,95.38,11705252
2024-04-16,1713274200,95.01,95.175,94.9,95.11,17565923
2024-04-17,1713360600,95.4,95.61,95.25,95.55,7567782
2024-04-18,1713447000,95.55,95.57,95.2201,95.28,7717474
2024-04-19,1713533400,95.53,95.55,95.33,95.38,9121718
2024-04-22,1713792600,95.33,95.525,95.32,95.44,9029044
2024-04-23,1713879000,95.38,95.84,95.3,95.64,10837186
2024-04-24,1713965400,95.38,95.465,95.2001,95.39,7960989
2024-04-25,1714051800,94.94,95.14,94.85,95.12,6758125
2024-04-26,1714138200,95.32,95.4698,95.3,95.33,8442514
2024-04-29,1714397400,95.6,95.67,95.45,95.62,7384591
2024-04-30,1714483800,95.32,95.5,95.15,95.23,11228466
2024-05-01,1714570200,95.2,95.58,94.99,95.27,11017676
2024-05-02,1714656600,95.27,95.73,95.22,95.7,7607332
2024-05-03,1714743000,96.32,96.455,95.93,96.19,9146714
2024-05-06,1715002200,96.21,96.33,96.15,96.26,10155471
2024-05-07,1715088600,96.53,96.67,96.38,96.46,7686999
2024-05-08,1715175000,96.25,96.3453,96.2318,96.26,4587251
2024-05-09,1715261400,96.2,96.53,96.19,96.44,6732586
2024-05-10,1715347800,96.26,96.325,96.16,96.24,5326446
2024-05-13,1715607000,96.44,96.4674,96.28,96.29,5263260
2024-05-14,1715693400,96.5,96.64,96.42,96.55,5243275
2024-05-15,1715779800,97.11,97.28,96.9801,97.19,5846511
2024-05-16,1715866200,97.23,97.27,97.01,97.08,7894451
2024-05-17,1715952600,96.92,96.9986,96.77,96.77,5267144
2024-05-20,1716211800,96.71,96.76,96.665,96.68,5262987
2024-05-21,1716298200,96.92,96.945,96.83,96.86,5227948
2024-05-22,1716384600,96.66,96.8899,96.65,96.74,3823632
2024-05-23,1716471000,96.83,96.83,96.37,96.47,5094928
2024-05-24,1716557400,96.43,96.62,96.39,96.58,3072140
2024-05-28,1716903000,96.67,96.69,96.12,96.13,6046075
2024-05-29,1716989400,95.91,95.93,95.6317,95.76,8249084
2024-05-30,1717075800,96.08,96.23,96.02,96.21,5568856
2024-05-31,1717162200,96.46,96.5886,96.41,96.52,8762935
2024-06-03,1717421400,96.4,96.8,96.38,96.8,6095674
2024-06-04,1717507800,97,97.24,96.94,97.15,3979112
2024-06-05,1717594200,97.29,97.45,97.04,97.45,4602541
2024-06-06,1717680600,97.31,97.5,97.31,97.48,6568939
2024-06-07,1717767000,96.82,96.82,96.62,96.62,5364971
2024-06-10,1718026200,96.52,96.5875,96.4301,96.54,8235950
2024-06-11,1718112600,96.64,96.93,96.56,96.87,4650303
2024-06-12,1718199000,97.6,97.8116,97.31,97.33,7627065
2024-06-13,1718285400,97.7,97.93,97.58,97.82,7094817
2024-06-14,1718371800,97.85,98.045,97.85,97.92,6239526
2024-06-17,1718631000,97.57,97.6,97.445,97.57,5263748
2024-06-18,1718717400,97.7,98.04,97.6754,97.92,7030650
2024-06-20,1718890200,97.55,97.77,97.515,97.75,5621633
2024-06-21,1718976600,97.89,97.98,97.645,97.76,4715500
2024-06-24,1719235800,97.82,97.86,97.72,97.84,5017272
2024-06-25,1719322200,97.78,97.88,97.7118,97.83,5701669
2024-06-26,1719408600,97.43,97.49,97.37,97.39,4964125
2024-06-27,1719495000,97.56,97.67,97.535,97.55,5276457
2024-06-28,1719581400,97.77,97.795,97.07,97.07,12781548
2024-07-01,1719840600,96.43,96.66,96.22,96.25,12239104
2024-07-02,1719927000,96.64,96.6702,96.441,96.57,5441965
2024-07-03,1720013400,96.8,97.165,96.77,97.09,4061079
2024-07-05,1720186200,97.45,97.63,97.305,97.58,3490062
2024-07-08,1720445400,97.59,97.65,97.45,97.61,4603072
2024-07-09,1720531800,97.51,97.605,97.34,97.52,5004874
2024-07-10,1720618200,97.61,97.67,97.485,97.62,4586211
2024-07-11,1720704600,98.18,98.31,98.09,98.12,3790200
2024-07-12,1720791000,98.17,98.39,98.1302,98.39,6329054
2024-07-15,1721050200,98.15,98.28,98.025,98.05,6984734
2024-07-16,1721136600,98.18,98.45,98.14,98.45,8936096
2024-07-17,1721223000,98.26,98.57,98.23,98.52,5680415
2024-07-18,1721309400,98.37,98.56,98.21,98.25,10584197
2024-07-19,1721395800,98.04,98.0969,97.97,98.05,7735774
2024-07-22,1721655000,98.12,98.2,97.8625,98.01,11657644
2024-07-23,1721741400,98.095,98.18,97.98,98,7225976
2024-07-24,1721827800,97.82,98.19,97.7,97.7,6578527
2024-07-25,1721914200,97.84,98.135,97.82,97.97,12766232
2024-07-26,1722000600,98.29,98.3574,98.18,98.32,4243795
2024-07-29,1722259800,98.54,98.54,98.37,98.48,6822624
2024-07-30,1722346200,98.52,98.64,98.38,98.58,5845841
2024-07-31,1722432600,98.81,99.12,98.6493,99.11,11725122
2024-08-01,1722519000,99.01,99.32,99.005,99.22,9642741
2024-08-02,1722605400,99.88,100.37,99.8,100.33,9397607
2024-08-05,1722864600,100.82,100.89,100.0205,100.25,12066084
2024-08-06,1722951000,100.14,100.155,99.625,99.65,10945179
2024-08-07,1723037400,99.51,99.6142,99.24,99.35,8085207
2024-08-08,1723123800,99.11,99.28,99.07,99.2,5558079
2024-08-09,1723210200,99.64,99.7,99.48,99.55,3879241
2024-08-12,1723469400,99.47,99.78,99.41,99.72,7300711
2024-08-13,1723555800,100.04,100.12,99.93,100.12,3925473
2024-08-14,1723642200,100.15,100.4,100.14,100.3,9871619
2024-08-15,1723728600,99.7,99.9,99.65,99.88,8628478
2024-08-16,1723815000,100.03,100.12,99.85,100.12,6507875
2024-08-19,1724074200,100.07,100.3374,100.04,100.23,4690310
2024-08-20,1724160600,100.41,100.56,100.33,100.53,5516765
2024-08-21,1724247000,100.61,100.9,100.43,100.72,6366682
2024-08-22,1724333400,100.54,100.565,100.23,100.31,7893691
2024-08-23,1724419800,100.52,100.81,100.43,100.77,6179548
2024-08-26,1724679000,100.92,100.92,100.66,100.68,6653194
2024-08-27,1724765400,100.48,100.74,100.43,100.71,7965500
2024-08-28,1724851800,100.71,100.77,100.6,100.62,6960499
2024-08-29,1724938200,100.45,100.55,100.3506,100.49,6912660
2024-08-30,1725024600,100.51,100.64,100.22,100.25,7213235
2024-09-03,1725370200,100.32,100.53,100.23,100.36,6837399
2024-09-04,1725456600,100.43,100.85,100.4,100.8,10867812
2024-09-05,1725543000,101.02,101.115,100.75,101.06,11921947
2024-09-06,1725629400,101.13,101.595,100.97,101.19,8830177
2024-09-09,1725888600,101.15,101.429,101.05,101.34,7569256
2024-09-10,1725975000,101.34,101.7,101.31,101.65,5979509
2024-09-11,1726061400,101.51,101.85,101.46,101.62,4184407
2024-09-12,1726147800,101.56,101.65,101.38,101.53,6419517
2024-09-13,1726234200,101.76,101.82,101.62,101.74,5330629
2024-09-16,1726493400,101.83,102.04,101.7482,101.98,8425911
2024-09-17,1726579800,101.99,102.0301,101.825,101.88,9256001
2024-09-18,1726666200,101.68,102.03,101.53,101.56,6280106
2024-09-19,1726752600,101.41,101.6101,101.3701,101.57,5079896
2024-09-20,1726839000,101.43,101.65,101.315,101.48,8464907
2024-09-23,1727098200,101.34,101.59,101.185,101.44,8428058
2024-09-24,1727184600,101.27,101.619,101.22,101.58,5803587
2024-09-25,1727271000,101.42,101.4265,101.19,101.19,9259117
2024-09-26,1727357400,101.32,101.35,101,101.21,8124446
2024-09-27,1727443800,101.41,101.56,101.325,101.5,5033279
2024-09-30,1727703000,101.44,101.4794,101.14,101.27,9105421
2024-10-01,1727789400,101.27,101.445,101.15,101.23,8811488
2024-10-02,1727875800,100.88,101.1056,100.805,101.02,11700908
2024-10-03,1727962200,100.85,100.886693,100.59,100.61,8751191
2024-10-04,1728048600,100.1,100.14,99.8901,99.96,9641064
2024-10-07,1728307800,99.64,99.765,99.58,99.62,6382168
2024-10-08,1728394200,99.52,99.79,99.49,99.79,7340131
2024-10-09,1728480600,99.64,99.67,99.47,99.53,8218472
2024-10-10,1728567000,99.45,99.55,99.2338,99.47,5757678
2024-10-11,1728653400,99.41,99.62,99.36,99.5,4878672
2024-10-14,1728912600,99.2,99.42,99.1701,99.41,3512569
2024-10-15,1728999000,99.74,99.84,99.68,99.81,7158682
2024-10-16,1729085400,99.96,100.04,99.87,99.94,4741263
2024-10-17,1729171800,99.6,99.66,99.42,99.45,5306334
2024-10-18,1729258200,99.63,99.675,99.5,99.52,4973029
2024-10-21,1729517400,99.18,99.205,98.83,98.83,6874029
2024-10-22,1729603800,98.93,99.01,98.77,98.85,11401906
2024-10-23,1729690200,98.57,98.76,98.4815,98.6,19660142
2024-10-24,1729776600,98.68,98.95,98.6,98.79,7559385
2024-10-25,1729863000,98.97,98.99,98.54,98.59,9028548
2024-10-28,1730122200,98.64,98.65,98.2946,98.43,7363142
2024-10-29,1730208600,98.12,98.56,98.0871,98.54,5421716
2024-10-30,1730295000,98.75,98.94,98.4,98.44,11188376
2024-10-31,1730381400,98.32,98.5789,98.1501,98.42,12754774
2024-11-01,1730467800,98.29,98.38,97.6801,97.72,10387261
2024-11-04,1730730600,98.25,98.375,97.953766,98.13,6630091
2024-11-05,1730817000,98.09,98.39,97.86,98.36,6663038
2024-11-06,1730903400,97.43,97.8199,97.355,97.59,9158058
2024-11-07,1730989800,97.96,98.54,97.9,98.33,17402306
2024-11-08,1731076200,98.48,98.715,98.3748,98.5,6199838
2024-11-11,1731335400,98.3,98.33,98.16,98.28,4501340
2024-11-12,1731421800,97.98,98.14,97.6501,97.71,16775682
2024-11-13,1731508200,98.17,98.2,97.57,97.69,15834914
2024-11-14,1731594600,97.85,97.99,97.57,97.65,7312304
2024-11-15,1731681000,97.44,97.88,97.26,97.66,11844293
2024-11-18,1731940200,97.55,97.82,97.465,97.75,5260760
2024-11-19,1732026600,97.95,98.045,97.87,97.89,4735960
2024-11-20,1732113000,97.69,97.93,97.67,97.79,5551154
2024-11-21,1732199400,97.85,98.01,97.6701,97.74,6348553
2024-11-22,1732285800,97.87,97.92,97.72,97.81,4989634
2024-11-25,1732545000,98.53,98.7,98.43,98.69,9246256
2024-11-26,1732631400,98.49,98.54,98.3,98.54,11303243
2024-11-27,1732717800,98.8,98.9299,98.65,98.81,8749917
2024-11-29,1732890600,99.15,99.215,99.08,99.2,9623184
2024-12-02,1733149800,99.39,99.6,98.58,98.9,18397837
2024-12-03,1733236200,98.97,99.06,98.67,98.71,6889766
2024-12-04,1733322600,98.52,99.09,98.484,99.03,7448899
2024-12-05,1733409000,98.96,99.11,98.85,99.05,8787117
2024-12-06,1733495400,99.4,99.44,99.1397,99.33,12890676
2024-12-09,1733754600,99.2,99.22,99.03,99.04,10689040
2024-12-10,1733841000,98.87,98.99,98.804,98.92,5984610
2024-12-11,1733927400,99.08,99.1546,98.66,98.69,8095829
2024-12-12,1734013800,98.53,98.58,98.25,98.29,12353324
2024-12-13,1734100200,98.2,98.23,97.87,97.92,6566351
2024-12-16,1734359400,98.07,98.0998,97.8841,98.01,7124119
2024-12-17,1734445800,98,98.13,97.95,98.01,7239282
2024-12-18,1734532200,97.66,97.8,96.9,96.95,14261483
2024-12-19,1734618600,96.76,96.82,96.5045,96.7,15490128
2024-12-20,1734705000,97.05,97.22,96.94,96.96,8657695
2024-12-23,1734964200,96.95,96.9699,96.6,96.66,10540780
2024-12-24,1735050600,96.5,96.78,96.47,96.77,4739264
2024-12-26,1735223400,96.52,96.8799,96.51,96.84,10620327
2024-12-27,1735309800,96.79,96.89,96.61,96.64,8601525
2024-12-30,1735569000,97,97.08,96.96,97.02,10154727
2024-12-31,1735655400,97.15,97.2099,96.83,96.9,12276725
2025-01-02,1735828200,97.07,97.205,96.78,96.91,5547684
2025-01-03,1735914600,97.03,97.0676,96.79,96.81,5331125
2025-01-06,1736173800,96.72,96.7999,96.58,96.71,9248349
2025-01-07,1736260200,96.61,96.675,96.24,96.37,9153293
2025-01-08,1736346600,96.27,96.52,96.23,96.48,7444537
2025-01-10,1736519400,95.85,96.225,95.85,95.94,9822014
2025-01-13,1736778600,95.94,95.95,95.735,95.85,10420724
2025-01-14,1736865000,95.86,95.93,95.7501,95.88,5487559
2025-01-15,1736951400,96.94,96.94,96.552,96.71,9562977
2025-01-16,1737037800,96.63,97.025,96.5,96.92,9810870
2025-01-17,1737124200,97.07,97.095,96.87,96.92,5360235
2025-01-21,1737469800,97.15,97.28,97.09,97.24,7726045
2025-01-22,1737556200,97.21,97.25,96.96,97.01,7283359
2025-01-23,1737642600,96.77,96.92,96.72,96.85,7706998
2025-01-24,1737729000,96.87,97.1099,96.8,97.01,6459421
2025-01-27,1737988200,97.49,97.56,97.31,97.55,7601955
2025-01-28,1738074600,97.34,97.53,97.29,97.52,5730533
2025-01-29,1738161000,97.58,97.645,97.22,97.46,5912753
2025-01-30,1738247400,97.62,97.725,97.5198,97.6,6802911
2025-01-31,1738333800,97.62,97.73,97.26,97.4,10750147
2025-02-03,1738593000,97.34,97.5375,97.05,97.17,9977153
2025-02-04,1738679400,97.02,97.38,97.0001,97.35,8483497
2025-02-05,1738765800,97.7,97.995,97.66,97.87,9716763
2025-02-06,1738852200,97.77,97.8764,97.6318,97.77,6629549
2025-02-07,1738938600,97.52,97.59,97.36,97.46,6422344
2025-02-10,1739197800,97.57,97.68,97.41,97.49,6038721
2025-02-11,1739284200,97.27,97.34,97.2218,97.27,8001204
2025-02-12,1739370600,96.77,96.88,96.61,96.76,6404974
2025-02-13,1739457000,97.16,97.425,96.84,97.34,7041568
2025-02-14,1739543400,97.75,97.88,97.67,97.7,6257547
2025-02-18,1739889000,97.46,97.58,97.31,97.31,8159401
2025-02-19,1739975400,97.27,97.4999,97.27,97.45,5604824
2025-02-20,1740061800,97.54,97.6686,97.5,97.6,27958746
2025-02-21,1740148200,97.75,98.175,97.7,98.02,7070574
2025-02-24,1740407400,97.96,98.24,97.935,98.19,7298424
2025-02-25,1740493800,98.65,98.81,98.56,98.8,5801251
2025-02-26,1740580200,98.77,99.02,98.6549,98.96,5036046
2025-02-27,1740666600,98.77,98.9263,98.725,98.81,6263221
2025-02-28,1740753000,99.08,99.285,98.92,99.25,14453010
2025-03-03,1741012200,98.66,99.19,98.6,99.16,7533471
2025-03-04,1741098600,99.3,99.4,98.81,98.91,7532407
2025-03-05,1741185000,98.97,99.055,98.55,98.57,7302567
2025-03-06,1741271400,98.51,98.62,98.23,98.47,9946193
2025-03-07,1741357800,98.85,98.9752,98.3,98.35,6450705
2025-03-10,1741613400,98.81,98.99,98.73,98.82,12319023
2025-03-11,1741699800,98.77,98.94,98.42,98.47,10187879
2025-03-12,1741786200,98.3,98.43,98.16,98.18,8436677
2025-03-13,1741872600,98.09,98.5,98.012,98.48,7959567
2025-03-14,1741959000,98.34,98.42,98.25,98.28,8949789
2025-03-17,1742218200,98.49,98.65,98.345,98.41,10605915
2025-03-18,1742304600,98.3,98.62,98.28,98.51,9022067
2025-03-19,1742391000,98.42,98.8291,98.325,98.8,6764189
2025-03-20,1742477400,99.22,99.2499,98.8,98.86,6556791
2025-03-21,1742563800,98.96,99.035,98.74,98.74,5028775
2025-03-24,1742823000,98.6,98.64,98.32,98.36,4894841
2025-03-25,1742909400,98.37,98.56,98.34,98.45,5663057
2025-03-26,1742995800,98.36,98.4,98.2032,98.21,6744041
2025-03-27,1743082200,98.16,98.2299,98.01,98.16,9513010
2025-03-28,1743168600,98.54,98.82,98.455,98.73,8534084
2025-03-31,1743427800,98.98,99.09,98.7,98.92,13350746
2025-04-01,1743514200,98.81,99.13,98.6223,98.96,10295171
2025-04-02,1743600600,99.17,99.21,98.615,98.85,8225068
2025-04-03,1743687000,99.47,99.73,99.05,99.37,9905042
2025-04-04,1743773400,99.92,100.55,99.44,99.46,14914282
2025-04-07,1744032600,99.22,99.31,98,98.2,21796534
2025-04-08,1744119000,98.1,98.69,97.64,97.69,13173372
2025-04-09,1744205400,97.07,97.99,96.63,97.91,16244396
2025-04-10,1744291800,97.67,97.86,97.11,97.14,9940126
2025-04-11,1744378200,96.66,97.17,96.15,97.04,8437429
2025-04-14,1744637400,97.44,97.69,97.27,97.61,7940563
2025-04-15,1744723800,97.6,97.9612,97.51,97.81,10074372
2025-04-16,1744810200,97.88,98.19,97.72,98.12,10105021
2025-04-17,1744896600,98.06,98.1135,97.81,97.87,5589431
2025-04-21,1745242200,97.61,97.83,97.28,97.28,7925680
2025-04-22,1745328600,97.61,97.77,97.445,97.46,6521502
2025-04-23,1745415000,98.33,98.47,97.65,97.7,13376708
2025-04-24,1745501400,98.06,98.25,98,98.24,8524534
2025-04-25,1745587800,98.47,98.6283,98.3649,98.6,9058952
2025-04-28,1745847000,98.52,98.8999,98.5,98.87,4890765
2025-04-29,1745933400,98.76,99.11,98.75,99.11,6731098
2025-04-30,1746019800,98.99,99.165,98.8848,99.02,7370375
2025-05-01,1746106200,98.83,98.873,98.28,98.43,6912635
2025-05-02,1746192600,98.06,98.3417,97.82,97.95,9879165
2025-05-05,1746451800,97.9,97.91,97.645,97.78,14273806
2025-05-06,1746538200,97.78,98.02,97.65,98.02,11730109
2025-05-07,1746624600,98.16,98.3395,98.0907,98.17,6556985
2025-05-08,1746711000,98.21,98.23,97.65,97.66,7814291
2025-05-09,1746797400,97.86,97.97,97.74,97.76,5739278
2025-05-12,1747056600,97.45,97.6599,97.33,97.43,10768258
2025-05-13,1747143000,97.5,97.55,97.24,97.33,6305463
2025-05-14,1747229400,97.28,97.34,97.01,97.05,7350713
2025-05-15,1747315800,97.31,97.6,97.22,97.6,7638874
2025-05-16,1747402200,97.91,97.92,97.62,97.66,5262544
2025-05-19,1747661400,97.14,97.66,97.1,97.63,7232766
2025-05-20,1747747800,97.52,97.54,97.28,97.46,7496635
2025-05-21,1747834200,97.17,97.28,96.7444,96.82,12393433
2025-05-22,1747920600,96.77,97.11,96.66,97.1,6084846
2025-05-23,1748007000,97.34,97.38,97.08,97.24,5210517
2025-05-27,1748352600,97.51,97.74,97.42,97.68,7461471
2025-05-28,1748439000,97.56,97.6746,97.375,97.5,4909442
2025-05-29,1748525400,97.74,97.94,97.7,97.86,7724141
2025-05-30,1748611800,97.86,98.1,97.8,98.1,15488429
2025-06-02,1748871000,97.23,97.5955,97.23,97.52,28390079
2025-06-03,1748957400,97.6,97.7518,97.37,97.45,7177836
2025-06-04,1749043800,97.75,98.09,97.69,98.03,7761493
2025-06-05,1749130200,98.03,98.12,97.77,97.78,10456612
2025-06-06,1749216600,97.46,97.525,97.2505,97.28,6299934
2025-06-09,1749475800,97.29,97.54,97.27,97.4,7096604
2025-06-10,1749562200,97.72,97.7399,97.505,97.62,4990864
2025-06-11,1749648600,97.79,97.98,97.7,97.95,5992536
2025-06-12,1749735000,98.24,98.32,98.12,98.31,5726351
2025-06-13,1749821400,98.11,98.16,97.76,97.96,8050549
2025-06-16,1750080600,97.89,98.07,97.75,97.76,5680895
2025-06-17,1750167000,97.95,98.115,97.76,98.06,5312113
2025-06-18,1750253400,98.21,98.395,98.03,98.13,5907865
2025-06-20,1750426200,98,98.305,97.95,98.22,6213004
2025-06-23,1750685400,98.4,98.65,98.3,98.42,5884591
2025-06-24,1750771800,98.36,98.82,98.34,98.82,7907575
2025-06-25,1750858200,98.62,98.81,98.52,98.81,8434797
2025-06-26,1750944600,98.8,99.1,98.78,99.08,9775172
2025-06-27,1751031000,98.87,99.095,98.76,98.8,25931633
2025-06-30,1751290200,99.05,99.23,98.9444,99.2,14036866
2025-07-01,1751376600,98.87,98.9495,98.665,98.79,18480328
2025-07-02,1751463000,98.68,98.7,98.54,98.67,8755956
2025-07-03,1751549400,98.53,98.59,98.4057,98.47,4583196
2025-07-07,1751895000,98.32,98.33,98.06,98.12,8088095
2025-07-08,1751981400,97.95,98.08,97.93,98.08,7804229
2025-07-09,1752067800,98.21,98.49,98.13,98.49,11043652
2025-07-10,1752154200,98.42,98.48,98.3,98.46,5127152
2025-07-11,1752240600,98.17,98.2472,98.02,98.05,6106474
2025-07-14,1752499800,98.01,98.125,97.93,98.04,6231389
2025-07-15,1752586200,98.16,98.16,97.7,97.75,9680969
2025-07-16,1752672600,97.89,98.02,97.685,97.89,23556799
2025-07-17,1752759000,97.98,98.0567,97.86,97.93,8355454
2025-07-18,1752845400,98.15,98.17,98.0415,98.11,8443792
2025-07-21,1753104600,98.46,98.54,98.36,98.38,6865690
2025-07-22,1753191000,98.48,98.64,98.43,98.57,6172677
2025-07-23,1753277400,98.45,98.48,98.32,98.35,7467087
2025-07-24,1753363800,98.11,98.36,98.09,98.29,9644196
2025-07-25,1753450200,98.3,98.48,98.25,98.45,5530410
2025-07-28,1753709400,98.36,98.42,98.28,98.32,7032238
2025-07-29,1753795800,98.42,98.85,98.42,98.85,12015164
2025-07-30,1753882200,98.67,98.8199,98.52,98.57,8305360
2025-07-31,1753968600,98.72,98.83,98.57,98.62,19774718
2025-08-01,1754055000,98.87,99.16,98.85,99.14,12416285
2025-08-04,1754314200,99.16,99.24,99.03,99.22,6717955
2025-08-05,1754400600,99.13,99.31,99.105,99.25,9092372
2025-08-06,1754487000,99.14,99.29,98.835,99.21,8102718
2025-08-07,1754573400,99.23,99.3174,99.09,99.13,7869348
2025-08-08,1754659800,99,99.12,98.89,98.94,8238131
2025-08-11,1754919000,99.01,99.115,98.941,99.01,9698278
2025-08-12,1755005400,98.91,99.01,98.795,99.01,12239542
2025-08-13,1755091800,99.28,99.4135,99.2605,99.37,5386916
2025-08-14,1755178200,99.18,99.2698,99.02,99.09,5208674
2025-08-15,1755264600,99.07,99.1,98.874,98.94,6884785
2025-08-18,1755523800,98.99,99,98.75,98.83,7906363
2025-08-19,1755610200,98.94,99.04,98.91,99.02,9946958
2025-08-20,1755696600,98.99,99.1599,98.98,99.08,5615239
2025-08-21,1755783000,98.96,98.985,98.734,98.85,7129167
2025-08-22,1755869400,99.03,99.445,99,99.4,9451448
2025-08-25,1756128600,99.21,99.34,99.16,99.25,5625046
2025-08-26,1756215000,99.24,99.39,99.16,99.37,4695983
2025-08-27,1756301400,99.22,99.47,99.165,99.47,7320773
2025-08-28,1756387800,99.43,99.6099,99.405,99.59,7068538
2025-08-29,1756474200,99.47,99.54,99.4,99.46,9181441
2025-09-02,1756819800,98.82,98.945,98.785,98.87,8530146
2025-09-03,1756906200,98.95,99.3281,98.95,99.23,8399985
2025-09-04,1756992600,99.44,99.64,99.335,99.63,6297263
2025-09-05,1757079000,100.14,100.23,100.08,100.1,7617276
2025-09-08,1757338200,100.33,100.45,100.3028,100.44,7202666
2025-09-09,1757424600,100.38,100.455,100.163394,100.24,7090107
2025-09-10,1757511000,100.41,100.585,100.34,100.44,5952390
2025-09-11,1757597400,100.55,100.7799,100.53,100.63,6776518
2025-09-12,1757683800,100.48,100.54,100.335,100.54,6525926
2025-09-15,1757943000,100.67,100.74,100.6219,100.71,5038980
2025-09-16,1758029400,100.75,100.97,100.6501,100.75,8264633
2025-09-17,1758115800,100.87,101.02,100.49,100.57,7878394
2025-09-18,1758202200,100.265,100.4099,100.16,100.29,7123780
2025-09-19,1758288600,100.3,100.36,100.21,100.29,7238582
2025-09-22,1758547800,100.26,100.29,100.12,100.17,5642221
2025-09-23,1758634200,100.24,100.36,100.16,100.33,8095806
2025-09-24,1758720600,100.25,100.26,100.11,100.14,6610757
2025-09-25,1758807000,100,100.0599,99.85,100,8743587
2025-09-26,1758893400,100.09,100.205,99.9701,100.07,6868258
2025-09-29,1759152600,100.18,100.33,100.14,100.26,7751896
2025-09-30,1759239000,100.33,100.49,100.2,100.25,12400667
2025-10-01,1759325400,100.18,100.26,100.03,100.18,6961327
2025-10-02,1759411800,100.14,100.32,100.1,100.29,6055896
2025-10-03,1759498200,100.32,100.38,100.16,100.18,5268682
2025-10-06,1759757400,100,100.145,99.95,99.96,6950292
2025-10-07,1759843800,100.08,100.2299,100.02,100.13,6379424
2025-10-08,1759930200,100.31,100.33,100.1109,100.14,5726913
2025-10-09,1760016600,100.08,100.1,100,100.02,5199511
2025-10-10,1760103000,100.355,100.535,100.25367,100.43,10204147
2025-10-13,1760362200,100.46,100.63,100.355,100.62,8320524
2025-10-14,1760448600,100.57,100.79,100.53,100.78,8508742
2025-10-15,1760535000,100.82,100.93,100.6503,100.74,6297053
2025-10-16,1760621400,100.69,101.11,100.665,101.1,10035366
2025-10-17,1760707800,101.01,101.01,100.855,100.96,11738939
2025-10-20,1760967000,101.07,101.13,101.015,101.13,7299173
2025-10-21,1761053400,101.27,101.3499,101.2,101.23,12966016
2025-10-22,1761139800,101.16,101.24,101.0944,101.22,13263181
2025-10-23,1761226200,101.11,101.17,101.01,101.04,9975319
2025-10-24,1761312600,101.17,101.1999,101.02,101.14,6544551
2025-10-27,1761571800,101.08,101.21,100.9734,101.21,8527970
2025-10-28,1761658200,101.19,101.3,101.1401,101.27,10300923
2025-10-29,1761744600,101.25,101.25,100.76,100.79,9275654
2025-10-30,1761831000,100.48,100.76,100.46,100.6,13563858
2025-10-31,1761917400,100.66,100.7,100.5034,100.54,13111993
2025-11-03,1762180200,100.07,100.15,100,100.09,9042118
2025-11-04,1762266600,100.15,100.2772,100.13,100.14,29687556
2025-11-05,1762353000,100.1,100.105,99.8201,99.87,8164985
2025-11-06,1762439400,100.18,100.3,100.14,100.24,7247564
2025-11-07,1762525800,100.13,100.34,100.11,100.2,5708277
2025-11-10,1762785000,100.2,100.27,100.1,100.16,7944991
2025-11-11,1762871400,100.38,100.49,100.33,100.46,5186222
2025-11-12,1762957800,100.42,100.4969,100.355,100.42,6267263
2025-11-13,1763044200,100.24,100.33,100.12,100.12,7541607
2025-11-14,1763130600,100.3,100.325,99.98,100,6350455
2025-11-17,1763389800,100.05,100.1367,100.01,100.02,7821945
2025-11-18,1763476200,100.25,100.2699,100,100.08,7731817
2025-11-19,1763562600,100.2,100.2499,100.03,100.08,8951707
2025-11-20,1763649000,100.18,100.28,100.135,100.2,12968079
2025-11-21,1763735400,100.45,100.5,100.2801,100.44,9334905
2025-11-24,1763994600,100.51,100.6599,100.5,100.64,7717732
2025-11-25,1764081000,100.71,100.9499,100.7,100.8,16788420
2025-11-26,1764167400,100.78,100.97,100.66,100.96,8935197
2025-11-28,1764340200,100.91,100.9434,100.7001,100.82,5064814
2025-12-01,1764599400,100.07,100.1399,100.0232,100.06,7249251
2025-12-02,1764685800,100.07,100.22,100.04,100.19,7972078
2025-12-03,1764772200,100.3,100.39,100.21,100.38,9744487
2025-12-04,1764858600,100.25,100.31,100.11,100.14,6953210
2025-12-05,1764945000,100.17,100.1747,99.96,100.03,6870064
2025-12-08,1765204200,100.02,100.0333,99.7415,99.87,8039061
2025-12-09,1765290600,100.04,100.04,99.7736,99.78,5967960
2025-12-10,1765377000,99.77,100.13,99.76,100.1,9279664
2025-12-11,1765463400,100.32,100.35,100.0801,100.12,9961268
2025-12-12,1765549800,99.84,99.92,99.7801,99.81,7588508
2025-12-15,1765809000,100.01,100.08,99.88,99.91,9960413
2025-12-16,1765895400,99.87,100.15,99.86,100.1,8614448
2025-12-17,1765981800,100.03,100.135,100.015,100.07,12010954
2025-12-18,1766068200,100.32,100.37,100.215,100.32,8191080
2025-12-19,1766154600,99.89,99.95,99.8,99.84,6216568
2025-12-22,1766413800,99.82,99.83,99.74,99.8,6178745
2025-12-23,1766500200,99.6,99.815,99.58,99.8,9744231
2025-12-24,1766586600,99.9,100.04,99.8501,100.02,4483895
2025-12-26,1766759400,100.13,100.15,99.97,100.04,6503670
2025-12-29,1767018600,100.12,100.19,100.0601,100.16,7886660
2025-12-30,1767105000,100.06,100.18,100.0321,100.12,7955848
2025-12-31,1767191400,100.02,100.12,99.88,99.88,13535517
2026-01-02,1767364200,100,100.01,99.81,99.85,6730314
2026-01-05,1767623400,99.93,100.07,99.88,100.04,9364905
2026-01-06,1767709800,99.93,100.03,99.81,100.02,8573862
2026-01-07,1767796200,100.17,100.2,100.03,100.12,7151866
2026-01-08,1767882600,99.94,100.01,99.91,99.94,6184140
2026-01-09,1767969000,100.08,100.2697,99.97,100.16,9879943
2026-01-12,1768228200,100.06,100.21,100.025,100.11,9871275
2026-01-13,1768314600,100.24,100.24,100.0907,100.2,7561565
2026-01-14,1768401000,100.23,100.41,100.23,100.35,8585382
2026-01-15,1768487400,100.42,100.42,100.22,100.22,9923598
2026-01-16,1768573800,100.22,100.24,100.04,100.05,10332456
2026-01-20,1768919400,99.71,99.86,99.66,99.67,14337314
2026-01-21,1769005800,99.77,100.03,99.72,100,16939838
2026-01-22,1769092200,99.91,100.08,99.87,100.02,10154555
2026-01-23,1769178600,100.05,100.15,99.96,100.11,8621395
2026-01-26,1769437800,100.26,100.305,100.21,100.26,6527090
2026-01-27,1769524200,100.25,100.3272,100.165,100.19,7571771
2026-01-28,1769610600,100.15,100.17,100,100.15,14730062
2026-01-29,1769697000,100.1,100.24,100.01,100.15,10066549
2026-01-30,1769783400,100.16,100.22,100.11,100.13,12469668
2026-02-02,1770042600,99.84,99.8501,99.6598,99.69,13264310
2026-02-03,1770129000,99.62,99.715,99.59,99.7,9358818
2026-02-04,1770215400,99.62,99.75,99.595,99.64,12574247
2026-02-05,1770301800,99.87,100.11,99.805,100.07,11442183
2026-02-06,1770388200,100.09,100.135,99.98,100.13,9471919
2026-02-09,1770647400,100.04,100.17,100,100.16,9307581
2026-02-10,1770733800,100.4,100.5,100.37,100.45,8566531
2026-02-11,1770820200,100.22,100.4,100.193,100.22,8484945
2026-02-12,1770906600,100.4,100.7,100.3916,100.67,11167542
2026-02-13,1770993000,100.93,101.005,100.89,100.99,5927123
2026-02-17,1771338600,101,101.04,100.935,101,6588816
2026-02-18,1771425000,100.87,100.96,100.8395,100.86,5460232
2026-02-19,1771511400,100.79,100.94,100.77,100.88,6600713
2026-02-20,1771597800,100.9,100.93,100.74,100.9,8651032
2026-02-23,1771857000,100.96,101.18,100.95,101.1,9817257
2026-02-24,1771943400,101.09,101.15,101.01,101.09,7890464
2026-02-25,1772029800,101.01,101.13,101.01,101.04,6869033
2026-02-26,1772116200,101.09,101.21,101.084,101.2,8920792
2026-02-27,1772202600,101.37,101.4557,101.34,101.4,9033548
2026-03-02,1772461800,100.78,100.8001,100.56,100.68,10359067
2026-03-03,1772548200,100.26,100.707,100.24,100.57,10854969
2026-03-04,1772634600,100.58,100.62,100.475,100.53,13744079
2026-03-05,1772721000,100.22,100.3199,100.1537,100.24,8744174
2026-03-06,1772807400,99.97,100.3651,99.905,100.12,9356647
2026-03-09,1773063000,100.08,100.4799,99.96,100.44,8948538
2026-03-10,1773149400,100.36,100.4395,100.11,100.11,10177755
2026-03-11,1773235800,99.92,100,99.61,99.66,5933233
2026-03-12,1773322200,99.5,99.5678,99.18,99.29,10195965
2026-03-13,1773408600,99.45,99.535,99.14,99.21,8749921
2026-03-16,1773667800,99.59,99.65,99.4424,99.6,6168749
2026-03-17,1773754200,99.74,99.83,99.715,99.8,7377412
2026-03-18,1773840600,99.67,99.74,99.38,99.38,8241322
2026-03-19,1773927000,99.16,99.6156,99.135,99.49,13223735
2026-03-20,1774013400,99.14,99.165,98.66,98.66,14458777
2026-03-23,1774272600,98.86,99.235,98.765,99.03,27624889
2026-03-24,1774359000,98.63,98.965,98.57,98.76,16738670
2026-03-25,1774445400,99.15,99.21,98.995,99.11,16242712
2026-03-26,1774531800,98.84,98.97,98.545,98.55,12299448
2026-03-27,1774618200,98.34,98.6699,98.29,98.54,15511342
2026-03-30,1774877400,99.03,99.1966,98.95,99.04,12882721
2026-03-31,1774963800,99.28,99.475,99.18,99.27,23478538
2026-04-01,1775050200,98.97,99.165,98.915,99,20860917
2026-04-02,1775136600,98.89,99.29,98.88,99.23,12024569
2026-04-06,1775482200,99,99.17,99,99.05,14350282
2026-04-07,1775568600,99.07,99.22,98.74,99.17,14034115
2026-04-08,1775655000,99.67,99.72,99.3443,99.43,8882043
2026-04-09,1775741400,99.34,99.6399,99.22,99.49,8004988
2026-04-10,1775827800,99.46,99.4861,99.3,99.32,4512201
2026-04-13,1776087000,99.33,99.56,99.2701,99.52,5838924
2026-04-14,1776173400,99.53,99.79,99.5,99.78,5811240
2026-04-15,1776259800,99.68,99.7,99.5501,99.62,6536975
2026-04-16,1776346200,99.73,99.75,99.41,99.48,10659933
2026-04-17,1776432600,99.89,100,99.8101,99.85,5614179
2026-04-20,1776691800,99.88,99.88,99.7001,99.84,5687892
2026-04-21,1776778200,99.77,99.77,99.47,99.47,7583618
2026-04-22,1776864600,99.77,99.77,99.575,99.61,7874055
2026-04-23,1776951000,99.6,99.695,99.291,99.45,5063494
2026-04-24,1777037400,99.4,99.6396,99.32,99.59,4791849
2026-04-27,1777296600,99.52,99.58,99.3638,99.44,7852013
2026-04-28,1777383000,99.34,99.41,99.265,99.4,8672858
2026-04-29,1777469400,99.23,99.23,98.88,98.96,6764328
2026-04-30,1777555800,99.15,99.2155,99.03,99.1,13320143
2026-05-01,1777642200,98.84,99.13,98.7825,98.9,11661616
2026-05-04,1777901400,98.77,98.795,98.41,98.59,7580407
2026-05-05,1777987800,98.7,98.8499,98.6606,98.77,10045692
2026-05-06,1778074200,99.12,99.22,99.0629,99.19,6968841
2026-05-07,1778160600,99.34,99.39,98.9,98.95,10903136
2026-05-08,1778247000,99.21,99.2565,99.13,99.18,8205018
2026-05-11,1778506200,99.05,99.1052,98.92,98.92,6848275
2026-05-12,1778592600,98.71,98.73,98.61,98.63,6336367
2026-05-13,1778679000,98.62,98.69,98.48,98.67,5396308
2026-05-14,1778765400,98.86,98.885,98.625,98.64,5124043
2026-05-15,1778851800,98.14,98.2,98.005,98.02,8026908
2026-05-18,1779111000,98.11,98.21,97.855,98.01,7774550
2026-05-19,1779197400,97.65,97.795,97.515,97.63,8945503
2026-05-20,1779283800,97.69,98.275,97.6681,98.22,15851067
2026-05-21,1779370200,97.97,98.34,97.84,98.34,7072651
2026-05-22,1779456600,98.49,98.505,98.185,98.44,6950678
2026-05-26,1779802200,98.78,98.845,98.605,98.72,5334787
2026-05-27,1779888600,98.81,98.9,98.76,98.8,6899979
2026-05-28,1779975000,98.82,99.1,98.765,99,10302760
2026-05-29,1780061400,99.09,99.19,99.02,99.06,8936781
2026-06-01,1780320600,98.44,98.695,98.36,98.68,8816658
2026-06-02,1780407000,98.8,98.84,98.66,98.71,6863325
2026-06-03,1780493400,98.51,98.5855,98.41,98.5,7331019
2026-06-04,1780579800,98.71,98.9983,98.61,98.66,7001328
2026-06-05,1780666200,98.33,98.37,98.17,98.17,13805499
2026-06-08,1780925400,98.4,98.4297,98.15,98.17,8965395
2026-06-09,1781011800,98.33,98.4199,98.215,98.37,14475607
2026-06-10,1781098200,98.42,98.48,98.215,98.31,4781004
2026-06-11,1781184600,98.39,98.915,98.34,98.88,7137770
2026-06-12,1781271000,98.73,98.82,98.59,98.76,6317034
2026-06-15,1781530200,98.96,99.025,98.82,98.85,7115765
2026-06-16,1781616600,98.9,99.0856,98.88,98.97,6353242
2026-06-17,1781703000,99,99.07,98.57,98.61,9348575
2026-06-18,1781789400,99,99.11,98.87,98.9,4635657
2026-06-22,1782135000,98.74,98.77,98.58,98.63,6323332
2026-06-23,1782221400,98.73,98.85,98.7,98.71,12089071
2026-06-24,1782307800,99.1,99.24,99.07,99.19,6517082
2026-06-25,1782394200,99.32,99.4299,99.24,99.25,8178995
2026-06-26,1782480600,99.24,99.42,99.23,99.34,9920100
2026-06-29,1782739800,99.34,99.41,99.3048,99.37,8163694
2026-06-30,1782826200,99.3,99.3,98.95,98.98,19005169
2026-07-01,1782912600,98.48,98.61,98.422,98.5,10914676
2026-07-02,1782999000,98.54,98.66,98.49,98.61,8407130
2026-07-06,1783344600,98.6,98.67,98.4842,98.66,6837114
2026-07-07,1783431000,98.46,98.49,98.16,98.21,9137277
2026-07-08,1783517400,98.08,98.11,97.9,98.04,7482993
2026-07-09,1783603800,98.12,98.3099,98.04,98.18,9011059
2026-07-10,1783690200,98.41,98.48,98.02,98.08,7745449
2026-07-13,1783949400,97.93,98.02,97.71,97.71,8320066
2026-07-14,1784035800,97.98,98.125,97.9,98,6715091
2026-07-15,1784122200,98.06,98.26,98.06,98.14,11873004
2026-07-16,1784208600,98.03,98.17,97.99,98.13,6691804
2026-07-17,1784295000,98.32,98.3959,98.175,98.2,6552297
2026-07-20,1784554200,98.17,98.1842,97.895,97.95,4949442
2026-07-21,1784640600,97.85,97.8959,97.715,97.74,9518207
2026-07-22,1784727000,97.71,97.7399,97.58,97.58,6313323
2026-07-23,1784813400,97.32,97.4,97.27,97.34,6394374
2026-07-24,1784899800,97.45,97.635,97.405,97.46,5908311
2026-07-27,1785159000,97.64,97.73,97.585,97.69,7043943
2026-07-28,1785245400,97.79,98.01,97.765,97.92,12020859
2026-07-29,1785331800,97.83,97.8951,97.55,97.55,6320629
2026-07-30,1785418200,97.62,97.7075,97.5343,97.62,8661243
2026-07-31,1785504600,97.48,97.49,97.235,97.37,11043446
2026-08-03,1785763800,97.21,97.29,97.12,97.26,12320403
2026-08-04,1785850200,97.55,97.66,97.51,97.66,10963870
2026-08-05,1785936600,97.64,97.74,97.565,97.71,14452065
2026-08-06,1786023000,97.57,97.58,97.35,97.43,10147004
2026-08-07,1786109400,97.69,97.73,97.495,97.6,5859865
2026-08-10,1786368600,97.46,97.49,97.24,97.24,5880744
2026-08-11,1786455000,97.4,97.4774,97.32,97.32,11240993
2026-08-12,1786541400,97.57,97.62,97.3901,97.43,5970540
2026-08-13,1786627800,97.72,97.89,97.65,97.69,9597174
2026-08-14,1786714200,97.65,97.7288,97.41,97.48,7183660
2026-08-17,1786973400,97.38,97.47,97.23,97.25,10229021
2026-08-18,1787059800,97.19,97.39,97.135,97.35,5965670
2026-08-19,1787146200,97.75,97.82,97.57,97.82,6952033
2026-08-20,1787232600,97.49,97.635,97.425,97.49,5695758
2026-08-21,1787319000,97.46,97.49,97.32,97.35,5954486
2026-08-24,1787578200,97.49,97.625,97.455,97.55,5010841
2026-08-25,1787664600,97.79,98.01,97.76,98.01,5576095
2026-08-26,1787751000,97.86,97.88,97.76,97.86,5930440
2026-08-27,1787837400,97.86,97.9199,97.7445,97.83,6002650
2026-08-28,1787923800,97.75,97.96,97.48,97.49,9906858
2026-08-31,1788183000,97.41,97.4199,97.3,97.41,11784866
2026-09-01,1788269400,96.88,97.05,96.75,96.77,8665679
2026-09-02,1788355800,96.84,96.86,96.72,96.84,11775251
2026-09-03,1788442200,97.11,97.16,96.94,96.95,6727648
2026-09-04,1788528600,97,97.11,96.95,97,7810853
2026-09-08,1788874200,97.04,97.0499,96.82,96.9,6017546
2026-09-09,1788960600,96.85,96.925,96.6,96.68,8217817
2026-09-10,1789047000,96.26,96.355,96.04,96.05,13037230
2026-09-11,1789133400,96.26,96.305,95.943014,95.98,7338752
2026-09-14,1789392600,95.88,96.155,95.725,95.89,15495465
2026-09-15,1789479000,95.85,95.9,95.7818,95.85,12243721
2026-09-16,1789565400,96.02,96.23,95.79,95.81,9612152
2026-09-17,1789651800,96.21,96.33,96.1201,96.33,8035782
2026-09-18,1789738200,96.07,96.07,95.925,95.96,6148700
2026-09-21,1789997400,96.2,96.2375,96.112,96.21,9197627
2026-09-22,1790083800,96.27,96.31,96.09,96.25,7162669
2026-09-23,1790170200,96.08,96.085,95.25,95.41,17281654
2026-09-24,1790256600,95.47,95.525,94.93,94.95,10688723
2026-09-25,1790343000,95,95.1662,94.735,95.12,15486823
2026-09-28,1790602200,94.71,94.83,94.48,94.65,14249403
2026-09-29,1790688600,94.65,94.6998,94.325,94.6,16726799
2026-09-30,1790775000,94.74,94.75,94.35,94.54,17334021
