date,t,o,h,l,c,v
2007-05-30,1180531800,91.57998,91.6,91.5,91.6,1550
2007-05-31,1180618200,91.57998,91.6,91.57998,91.6,11200
2007-06-01,1180704600,91.62,91.62,91.62,91.62,1450
2007-06-04,1180963800,91.64002,91.64002,91.64002,91.64002,1050
2007-06-05,1181050200,91.66,91.68,91.64002,91.64002,3750
2007-06-06,1181136600,91.64002,91.68,91.64002,91.68,9750
2007-06-07,1181223000,91.64002,91.66,91.64002,91.66,12150
2007-06-08,1181309400,91.68,91.68,91.62,91.68,7850
2007-06-11,1181568600,91.68,91.72,91.68,91.72,2400
2007-06-12,1181655000,91.72,91.72,91.64002,91.64002,3900
2007-06-13,1181741400,91.64002,91.72,91.64002,91.72,3750
2007-06-14,1181827800,91.76,91.76,91.758,91.76,13400
2007-06-15,1181914200,91.79998,91.84,91.74,91.84,1050
2007-06-18,1182173400,91.82,91.88,91.8002,91.85998,28000
2007-06-19,1182259800,91.85998,91.85998,91.85998,91.85998,850
2007-06-20,1182346200,91.84,91.9,91.84,91.88,3100
2007-06-21,1182432600,91.85998,91.9,91.85998,91.88,850
2007-06-22,1182519000,91.9,91.96,91.9,91.96,2200
2007-06-25,1182778200,91.9,91.92002,91.9,91.92002,29700
2007-06-26,1182864600,91.92002,91.94,91.9,91.94,5100
2007-06-27,1182951000,91.96,91.96,91.92002,91.92002,8200
2007-06-28,1183037400,91.96,91.96,91.96,91.96,900
2007-06-29,1183123800,91.96,92,91.94,92,5650
2007-07-02,1183383000,91.62,91.70002,91.6,91.62,13050
2007-07-03,1183469400,91.56,91.62,91.56,91.62,3000
2007-07-05,1183642200,91.6,91.62,91.54,91.62,5450
2007-07-06,1183728600,91.64002,91.66,91.64002,91.66,3800
2007-07-09,1183987800,91.6,91.68,91.6,91.68,3950
2007-07-10,1184074200,91.66,91.70002,91.66,91.70002,5250
2007-07-11,1184160600,91.70002,91.70002,91.62,91.70002,9100
2007-07-12,1184247000,91.72,91.72,91.68,91.72,14700
2007-07-13,1184333400,91.72,91.74,91.70002,91.74,13050
2007-07-16,1184592600,91.78,91.78,91.72,91.76,16150
2007-07-17,1184679000,91.79998,91.79998,91.72,91.79998,46500
2007-07-18,1184765400,91.76,91.78,91.70002,91.78,5450
2007-07-19,1184851800,91.79998,91.82,91.74,91.79998,13900
2007-07-20,1184938200,91.85998,91.85998,91.83982,91.84,8000
2007-07-23,1185197400,91.84,91.85998,91.82,91.84,6950
2007-07-24,1185283800,91.84,91.85998,91.82,91.84,9350
2007-07-25,1185370200,91.85998,91.88,91.85998,91.86442,9800
2007-07-26,1185456600,91.85998,91.9,91.79998,91.88,41050
2007-07-27,1185543000,91.85998,92,91.62,91.92002,153750
2007-07-30,1185802200,91.9,91.94,91.84,91.84,10300
2007-07-31,1185888600,91.96,91.96,91.92002,91.96,54250
2007-08-01,1185975000,91.57998,91.6,91.5,91.56,18650
2007-08-02,1186061400,91.5,91.57998,91.48002,91.57998,49750
2007-08-03,1186147800,91.62,91.64002,91.54,91.54,26200
2007-08-06,1186407000,91.64002,91.66,91.6,91.64002,22300
2007-08-07,1186493400,91.66,91.68,91.57998,91.66,14550
2007-08-08,1186579800,91.66,91.68,91.6,91.62,19750
2007-08-09,1186666200,91.68,91.74,91.66,91.70002,103150
2007-08-10,1186752600,91.76,91.78,91.74,91.76,112100
2007-08-13,1187011800,91.76,91.79998,91.74,91.78,71800
2007-08-14,1187098200,91.76,91.79998,91.74,91.76,130650
2007-08-15,1187184600,91.79998,91.84,91.76,91.78,40400
2007-08-16,1187271000,91.78,92,91.78,91.9,122850
2007-08-17,1187357400,91.70002,91.98002,91.68,91.96,84750
2007-08-20,1187616600,91.92002,92.1,91.92002,92.04,19750
2007-08-21,1187703000,92.06,92.06,91.9,92.01998,157700
2007-08-22,1187789400,92.01998,92.01998,91.88018,92.01998,30000
2007-08-23,1187875800,91.98002,91.98002,91.88,91.96,40250
2007-08-24,1187962200,91.84,91.94,91.79998,91.94,14050
2007-08-27,1188221400,91.88,91.94,91.82,91.82,36050
2007-08-28,1188307800,91.84,91.92002,91.8328,91.92002,29250
2007-08-29,1188394200,91.96,91.98002,91.9,91.98002,10550
2007-08-30,1188480600,92.04,92.04,91.92002,91.99978,31650
2007-08-31,1188567000,91.88,91.98002,91.85998,91.98002,9650
2007-09-04,1188912600,91.62,91.66,91.54,91.64002,10900
2007-09-05,1188999000,91.66,91.68,91.6,91.66,21400
2007-09-06,1189085400,91.68,91.68,91.6,91.66,14500
2007-09-07,1189171800,91.72,91.74,91.64002,91.72,16150
2007-09-10,1189431000,91.70002,91.74,91.62,91.74,35100
2007-09-11,1189517400,91.64002,91.74,91.62,91.64002,10300
2007-09-12,1189603800,91.68,91.78,91.66,91.78,3450
2007-09-13,1189690200,91.64002,91.76,91.64002,91.76,25300
2007-09-14,1189776600,91.74,91.83982,91.74,91.82,32650
2007-09-17,1190035800,91.82,91.85998,91.68,91.85998,17350
2007-09-18,1190122200,91.82,91.9,91.70002,91.79998,232950
2007-09-19,1190208600,91.85998,91.85998,91.74,91.84,66750
2007-09-20,1190295000,91.88,91.888,91.78,91.78,22250
2007-09-21,1190381400,91.79998,91.88,91.78,91.82,23450
2007-09-24,1190640600,91.92002,91.94,91.79998,91.9,57850
2007-09-25,1190727000,91.79998,91.92002,91.79998,91.92002,59000
2007-09-26,1190813400,91.9,91.92002,91.82,91.82,21250
2007-09-27,1190899800,91.92002,91.94,91.82,91.84,30100
2007-09-28,1190986200,91.79998,91.9,91.79998,91.79998,122600
2007-10-01,1191245400,91.51998,91.6,91.5,91.5792,21900
2007-10-02,1191331800,91.54,91.62,91.51998,91.51998,78200
2007-10-03,1191418200,91.56,91.6376,91.51998,91.54,131200
2007-10-04,1191504600,91.62,91.64002,91.6,91.64002,4700
2007-10-05,1191591000,91.57998,91.70002,91.54,91.54,22200
2007-10-08,1191850200,91.57998,91.70002,91.56,91.68,8300
2007-10-09,1191936600,91.66,91.70002,91.62,91.62,364450
2007-10-10,1192023000,91.64002,91.72,91.64002,91.70002,21400
2007-10-11,1192109400,91.72,91.72,91.66,91.684,10200
2007-10-12,1192195800,91.74,91.74,91.66,91.70002,14250
2007-10-15,1192455000,91.70002,91.72,91.66,91.66,32450
2007-10-16,1192541400,91.70002,91.74,91.68,91.72,14350
2007-10-17,1192627800,91.72,91.76,91.682,91.7598,59350
2007-10-18,1192714200,91.82,91.84,91.76,91.76,12400
2007-10-19,1192800600,91.82,91.84,91.74,91.84,100550
2007-10-22,1193059800,91.78,91.82,91.72062,91.79998,185050
2007-10-23,1193146200,91.82,91.84,91.76,91.79998,12800
2007-10-24,1193232600,91.84,91.84,91.76,91.84,27500
2007-10-25,1193319000,91.84,91.84,91.78,91.82,12100
2007-10-26,1193405400,91.82,91.85998,91.78,91.78022,15900
2007-10-29,1193664600,91.82,91.85998,91.78022,91.85998,7600
2007-10-30,1193751000,91.88,91.88,91.82,91.82,5250
2007-10-31,1193837400,91.85998,91.88,91.82,91.83042,13200
2007-11-01,1193923800,91.56,91.62,91.54,91.6,32750
2007-11-02,1194010200,91.6,91.66,91.56022,91.66,8750
2007-11-05,1194273000,91.66,91.68,91.6,91.66,16800
2007-11-06,1194359400,91.66,91.66,91.57998,91.66,16800
2007-11-07,1194445800,91.6,91.79998,91.6,91.72,218812
2007-11-08,1194532200,91.68,91.74,91.64002,91.66,147400
2007-11-09,1194618600,91.78,91.7998,91.70002,91.74,9399
2007-11-12,1194877800,91.74,91.78,91.72,91.78,72400
2007-11-13,1194964200,91.76,91.79998,91.72,91.76682,31400
2007-11-14,1195050600,91.72,91.78,91.68,91.72022,100943
2007-11-15,1195137000,91.74,91.82,91.68,91.78,230900
2007-11-16,1195223400,91.79998,91.79998,91.74,91.78,24450
2007-11-19,1195482600,91.78,91.82,91.70002,91.82,59150
2007-11-20,1195569000,91.76,91.84,91.72,91.84,40950
2007-11-21,1195655400,91.84,91.88,91.78,91.88,33550
2007-11-23,1195828200,91.82,91.9,91.82,91.9,7650
2007-11-26,1196087400,91.96,91.96,91.78,91.84,24335
2007-11-27,1196173800,91.82,91.92002,91.82,91.92002,21100
2007-11-28,1196260200,91.92002,91.96,91.84,91.94,52700
2007-11-29,1196346600,91.85998,91.96,91.85998,91.88018,36550
2007-11-30,1196433000,91.98002,106.20002,91.84,91.9,274300
2007-12-03,1196692200,91.76,91.78,91.6,91.6,120050
2007-12-04,1196778600,91.62,91.70002,91.6,91.62,90750
2007-12-05,1196865000,91.62,91.68,91.6,91.62,27900
2007-12-06,1196951400,91.64002,91.70002,91.54,91.64002,288200
2007-12-07,1197037800,91.6,91.72,91.6,91.72,43880
2007-12-10,1197297000,91.72,94.24,91.66,91.66,206050
2007-12-11,1197383400,91.72,91.78,91.6,91.78,41800
2007-12-12,1197469800,91.76,91.79998,91.68,91.76,24700
2007-12-13,1197556200,91.32,91.82,91.32,91.79998,27300
2007-12-14,1197642600,91.79998,91.82,91.72,91.74,33000
2007-12-17,1197901800,91.74,91.84,91.72,91.772,44750
2007-12-18,1197988200,91.68,91.78,91.66,91.78,26500
2007-12-19,1198074600,91.82,91.84,91.68,91.8194,25800
2007-12-20,1198161000,91.76,91.88,91.76,91.85998,14700
2007-12-21,1198247400,91.88,91.9,91.82,91.85998,64050
2007-12-24,1198506600,91.88,91.88,91.80398,91.85998,2900
2007-12-26,1198679400,91.79998,91.88,91.79998,91.82,17750
2007-12-27,1198765800,91.9,91.9,91.79998,91.85998,7150
2007-12-28,1198852200,91.64002,91.66,91.6,91.6,59659
2007-12-31,1199111400,91.66,91.66,91.57998,91.57998,31681
2008-01-02,1199284200,91.64002,91.66,91.57998,91.66,29440
2008-01-03,1199370600,91.66,91.66,91.6,91.6,30455
2008-01-04,1199457000,91.70002,91.70002,91.54,91.58082,173167
2008-01-07,1199716200,91.6,91.6598,91.5802,91.6598,30300
2008-01-08,1199802600,91.64002,91.6798,91.56,91.596,18350
2008-01-09,1199889000,91.68,91.68,91.54,91.54,168500
2008-01-10,1199975400,91.62,91.64002,91.54,91.58082,12200
2008-01-11,1200061800,91.64002,91.70002,91.6,91.62,41615
2008-01-14,1200321000,91.66,91.72,91.62,91.70002,51883
2008-01-15,1200407400,91.72,91.72,91.62,91.68,26791
2008-01-16,1200493800,91.70002,91.72,91.54,91.68,254494
2008-01-17,1200580200,91.66,91.72,91.62,91.6402,380361
2008-01-18,1200666600,91.66,91.74,91.64002,91.70002,71419
2008-01-22,1201012200,91.76,91.82,91.66,91.74,116369
2008-01-23,1201098600,91.79998,91.85998,91.74,91.84,89136
2008-01-24,1201185000,91.76,91.88,91.74,91.88,47733
2008-01-25,1201271400,91.79998,91.92002,91.78,91.78,32694
2008-01-28,1201530600,91.94,91.94,91.82,91.82,26071
2008-01-29,1201617000,91.82,91.92002,91.78,91.9,66646
2008-01-30,1201703400,91.82,91.98002,91.79998,91.94,60073
2008-01-31,1201789800,91.84,91.98002,91.84,91.948,26150
2008-02-01,1201876200,92.29998,92.29998,91.6,91.70002,35463
2008-02-04,1202135400,91.62,91.72,91.62,91.72,50300
2008-02-05,1202221800,91.72,91.74,91.57998,91.66,38723
2008-02-06,1202308200,91.70002,91.74,91.66,91.74,18100
2008-02-07,1202394600,91.66,91.76,91.64002,91.72,30314
2008-02-08,1202481000,91.72,91.72,91.62,91.72,14226
2008-02-11,1202740200,91.66,91.74,91.66,91.74,26345
2008-02-12,1202826600,91.66,91.72,91.66,91.72,13530
2008-02-13,1202913000,91.72,91.74,91.68,91.74,46700
2008-02-14,1202999400,91.72,91.76,91.68,91.76,51151
2008-02-15,1203085800,91.74,91.78,91.7398,91.76,23297
2008-02-19,1203431400,91.74,91.772,91.70002,91.76,17768
2008-02-20,1203517800,91.72,91.79998,91.72,91.72,17419
2008-02-21,1203604200,91.76,91.79998,91.72,91.79998,39184
2008-02-22,1203690600,91.72,91.84,91.72,91.79998,90726
2008-02-25,1203949800,91.74,91.79998,91.74,91.76,14830
2008-02-26,1204036200,91.79998,91.82,91.70002,91.82,42371
2008-02-27,1204122600,91.72,91.84,91.72,91.84,84502
2008-02-28,1204209000,91.84,91.85998,91.78,91.84,20700
2008-02-29,1204295400,91.84,91.88,91.78,91.85998,17291
2008-03-03,1204554600,91.68,91.72,91.64002,91.72,31550
2008-03-04,1204641000,91.66,91.72,91.6402,91.72,73420
2008-03-05,1204727400,91.72,91.74,91.62078,91.70002,253810
2008-03-06,1204813800,91.74,91.7728,91.70002,91.74,41596
2008-03-07,1204900200,91.76,91.76,91.70002,91.74,50266
2008-03-10,1205155800,91.74,91.79998,91.68,91.74,22300
2008-03-11,1205242200,91.74,91.76,91.68,91.74,42180
2008-03-12,1205328600,91.74,91.76,91.72,91.76,13350
2008-03-13,1205415000,91.76,91.76,91.70002,91.74,41297
2008-03-14,1205501400,91.74,91.88,91.706,91.85998,82314
2008-03-17,1205760600,91.82,91.94,91.74,91.84078,136072
2008-03-18,1205847000,92.96,92.96,91.82,91.94,47351
2008-03-19,1205933400,91.96,91.96,91.88,91.96,31850
2008-03-20,1206019800,91.96,91.96,91.88,91.94,46750
2008-03-24,1206365400,91.96,91.96,91.85998,91.85998,38748
2008-03-25,1206451800,91.84,91.92002,91.79998,91.79998,39193
2008-03-26,1206538200,91.79998,91.88,91.79998,91.85998,9800
2008-03-27,1206624600,91.85998,91.88,91.79998,91.88,8275
2008-03-28,1206711000,91.9,91.9,91.79998,91.79998,33875
2008-03-31,1206970200,91.88,91.94,91.82,91.9,64905
2008-04-01,1207056600,91.76,91.76,91.64002,91.70002,83312
2008-04-02,1207143000,91.70002,91.74,91.70002,91.70002,65863
2008-04-03,1207229400,91.70002,91.74,91.68,91.70002,23557
2008-04-04,1207315800,91.74,91.76,91.72,91.74,44267
2008-04-07,1207575000,91.74,91.76,91.68,91.70002,46430
2008-04-08,1207661400,91.76,91.76,91.70002,91.76,24494
2008-04-09,1207747800,91.70002,91.78,91.70002,91.76,33896
2008-04-10,1207834200,91.78,91.78,91.76,91.7602,18750
2008-04-11,1207920600,91.76,91.82,91.76,91.76,39329
2008-04-14,1208179800,91.82,91.84,91.76,91.79998,16029
2008-04-15,1208266200,91.84,91.84,91.76,91.79998,60657
2008-04-16,1208352600,91.79998,91.79998,91.72,91.74,19547
2008-04-17,1208439000,91.74,91.79998,91.70002,91.74,31792
2008-04-18,1208525400,91.78,91.78,91.66,91.68,31754
2008-04-21,1208784600,91.76,91.78,91.68,91.72,26022
2008-04-22,1208871000,91.72,91.78,91.70002,91.74,35804
2008-04-23,1208957400,91.78,91.78,91.70002,91.74,23761
2008-04-24,1209043800,91.76,91.78,91.72,91.76,9798
2008-04-25,1209130200,91.72,91.76,91.70002,91.76,39666
2008-04-28,1209389400,91.76,91.79998,91.68,91.70002,35855
2008-04-29,1209475800,91.79998,91.79998,91.68,91.79998,21298
2008-04-30,1209562200,91.68,91.79998,91.68,91.70002,26955
2008-05-01,1209648600,91.72,91.72,91.62,91.66,20241
2008-05-02,1209735000,91.6,91.70002,91.57998,91.6,29132
2008-05-05,1209994200,91.64002,91.68,91.62,91.624,15495
2008-05-06,1210080600,91.68,91.68,91.57998,91.57998,103966
2008-05-07,1210167000,91.64002,91.64002,91.57998,91.64002,26383
2008-05-08,1210253400,91.64002,91.64678,91.5608,91.6,78916
2008-05-09,1210339800,91.57998,91.66,91.57998,91.64002,38014
2008-05-12,1210599000,91.62,91.66,91.6,91.64002,25314
2008-05-13,1210685400,91.64002,91.646,91.6,91.6,21255
2008-05-14,1210771800,91.64002,91.66,91.6,91.6,64164
2008-05-15,1210858200,91.64002,91.66,91.6,91.6,18328
2008-05-16,1210944600,91.64002,91.68,91.57998,91.62,40393
2008-05-19,1211203800,91.6,91.68,91.57998,91.62,22932
2008-05-20,1211290200,91.57998,91.64002,91.57998,91.57998,11702
2008-05-21,1211376600,91.66,91.68,91.57998,91.5802,48381
2008-05-22,1211463000,91.57998,91.70002,91.57998,91.64002,13194
2008-05-23,1211549400,91.64002,91.66,91.62,91.64002,16560
2008-05-27,1211895000,91.62,91.70002,91.62,91.64002,27243
2008-05-28,1211981400,91.62,91.70002,91.62,91.68,39191
2008-05-29,1212067800,91.70002,91.70002,91.62,91.64002,53496
2008-05-30,1212154200,91.68,91.70002,91.64002,91.68,9388
2008-06-02,1212413400,91.62,91.66,91.56022,91.66,41980
2008-06-03,1212499800,91.64002,91.68,91.57998,91.66,14817
2008-06-04,1212586200,91.64002,91.6568,91.57998,91.64002,21052
2008-06-05,1212672600,91.68,91.68,91.57998,91.57998,27763
2008-06-06,1212759000,91.66,91.66,91.6,91.6,40339
2008-06-09,1213018200,91.66,91.68,91.6,91.64002,43840
2008-06-10,1213104600,91.66,91.72,91.6,91.70002,151266
2008-06-11,1213191000,91.70002,91.76,91.656,91.76,183691
2008-06-12,1213277400,91.72,91.74,91.66,91.70002,26144
2008-06-13,1213363800,91.74,91.76,91.67678,91.75962,12749
2008-06-16,1213623000,91.76,91.78,91.72,91.76,186324
2008-06-17,1213709400,91.74,91.76,91.70002,91.74438,21618
2008-06-18,1213795800,91.76,91.79998,91.72,91.78,76632
2008-06-19,1213882200,91.78,91.79998,91.74,91.77038,45795
2008-06-20,1213968600,91.79998,91.82,91.74,91.79998,81378
2008-06-23,1214227800,91.79998,91.82,91.76,91.79998,20976
2008-06-24,1214314200,91.78,91.79998,91.76,91.79998,56143
2008-06-25,1214400600,91.78,91.82,91.76,91.82,44413
2008-06-26,1214487000,91.84,91.85998,91.78,91.82,99517
2008-06-27,1214573400,91.64002,91.98002,91.64002,91.85998,233127
2008-06-30,1214832600,91.85998,91.85998,91.74,91.80802,40935
2008-07-01,1214919000,91.74,91.74,91.64002,91.72,50664
2008-07-02,1215005400,91.74,91.74,91.64002,91.72,41546
2008-07-03,1215091800,91.74,91.74,91.64002,91.72,38276
2008-07-07,1215437400,91.72,91.74,91.62,91.70002,87859
2008-07-08,1215523800,91.72,91.76,91.66,91.66,47677
2008-07-09,1215610200,91.74,91.74,91.68,91.68,40655
2008-07-10,1215696600,91.68,91.78,91.68,91.7602,56367
2008-07-11,1215783000,91.79998,91.84,91.76,91.82,54098
2008-07-14,1216042200,91.78,91.84,91.74,91.82,64388
2008-07-15,1216128600,91.84,91.85998,91.78,91.84,98773
2008-07-16,1216215000,91.85998,91.88,91.79998,91.85998,375087
2008-07-17,1216301400,91.84,91.88,91.70002,91.72,134694
2008-07-18,1216387800,91.79998,91.88,91.76,91.84,71907
2008-07-21,1216647000,91.85998,91.85998,91.76,91.76,43151
2008-07-22,1216733400,91.85998,91.85998,91.78,91.80398,76298
2008-07-23,1216819800,91.78,91.84,91.72,91.84,223106
2008-07-24,1216906200,91.84,91.84,91.76,91.82,44467
2008-07-25,1216992600,91.84,91.84,91.78,91.84,56100
2008-07-28,1217251800,91.84,91.84,91.78,91.84,57100
2008-07-29,1217338200,91.84,91.85998,91.80718,91.84,70516
2008-07-30,1217424600,91.84,91.85998,91.78,91.85998,36725
2008-07-31,1217511000,91.84,91.85998,91.78,91.85998,48645
2008-08-01,1217597400,91.72,91.72,91.66,91.7002,44086
2008-08-04,1217856600,91.74,91.74,91.70002,91.72,190478
2008-08-05,1217943000,91.74,91.78,91.72,91.7352,86877
2008-08-06,1218029400,91.70002,91.76,91.68,91.70002,75367
2008-08-07,1218115800,91.70002,91.76,91.70002,91.76,41304
2008-08-08,1218202200,91.76,91.77978,91.68,91.74,68320
2008-08-11,1218461400,91.68,91.78,91.66,91.76,170256
2008-08-12,1218547800,91.76,91.78,91.6966,91.70002,68060
2008-08-13,1218634200,91.72,91.78,91.72,91.78,70412
2008-08-14,1218720600,91.74,91.78,91.74,91.76,72988
2008-08-15,1218807000,91.85998,91.85998,91.74,91.78,65422
2008-08-18,1219066200,91.79998,91.79998,91.72,91.72602,77428
2008-08-19,1219152600,91.74,91.79998,91.74,91.79998,34074
2008-08-20,1219239000,91.74,91.82,91.74,91.79998,60739
2008-08-21,1219325400,91.78,91.82,91.78,91.82,28258
2008-08-22,1219411800,91.82,91.84,91.78,91.84,38908
2008-08-25,1219671000,91.79998,91.84,91.79998,91.82,59940
2008-08-26,1219757400,91.84,91.85998,91.74,91.84,143599
2008-08-27,1219843800,91.79998,91.85998,91.78,91.84,50297
2008-08-28,1219930200,91.84,91.85998,91.79998,91.84,51930
2008-08-29,1220016600,91.85998,91.862,91.76,91.8056,46109
2008-09-02,1220362200,91.70002,91.78,91.66,91.74,603860
2008-09-03,1220448600,91.70002,91.74,91.70002,91.74,49901
2008-09-04,1220535000,91.68,91.74,91.68,91.74,55304
2008-09-05,1220621400,91.72,91.76,91.72,91.76,83575
2008-09-08,1220880600,91.74,91.76,91.72,91.76,30992
2008-09-09,1220967000,91.76,91.78,91.72,91.74,61946
2008-09-10,1221053400,91.76,91.79998,91.74,91.78,68559
2008-09-11,1221139800,91.78,91.79998,91.74,91.76,112736
2008-09-12,1221226200,91.76,91.82,91.7402,91.79998,96389
2008-09-15,1221485400,91.88,92.01998,91.78,91.89982,195174
2008-09-16,1221571800,91.76,91.96,91.76,91.94,424724
2008-09-17,1221658200,92,92.76,91.85998,92.3402,451271
2008-09-18,1221744600,92,92.79998,91.84,92.0708,916141
2008-09-19,1221831000,91.48002,97.85998,91.48002,91.76,813130
2008-09-22,1222090200,91.66,91.9,91.66,91.80802,760108
2008-09-23,1222176600,91.79998,92.1,91.78,92.1,238044
2008-09-24,1222263000,92.06,92.06,91.79998,91.82,89252
2008-09-25,1222349400,91.82,92.04,91.82,91.92002,132004
2008-09-26,1222435800,92.06,92.26,91.84,92.07998,185670
2008-09-29,1222695000,92.1,94.96,91.4,92.48002,388871
2008-09-30,1222781400,92.98002,92.98002,91.92002,92.14002,140829
2008-10-01,1222867800,92.42002,92.42002,91.78,92,265931
2008-10-02,1222954200,91.98002,92,91.85998,91.96,193626
2008-10-03,1223040600,91.82,92,91.79998,91.96,201455
2008-10-06,1223299800,92.72,92.72,91.6,91.94,324033
2008-10-07,1223386200,91.96,91.96,91.74,91.92002,146818
2008-10-08,1223472600,91.94,91.94,91.72,91.84,222126
2008-10-09,1223559000,91.84,91.98002,91.76,91.98002,177786
2008-10-10,1223645400,92,92.1,91.48002,92.06,351145
2008-10-13,1223904600,92,92.04,91.64002,91.70002,204579
2008-10-14,1223991000,91.6,91.88,91.54,91.85998,195120
2008-10-15,1224077400,91.79998,91.94,91.70002,91.888,204945
2008-10-16,1224163800,91.96,91.96,91.72,91.82998,200910
2008-10-17,1224250200,91.88,91.88,91.62,91.64002,157650
2008-10-20,1224509400,91.64002,91.88,91.64002,91.85998,145024
2008-10-21,1224595800,91.85998,91.88,91.72,91.85998,98019
2008-10-22,1224682200,91.84,91.94,91.70002,91.74,180878
2008-10-23,1224768600,91.74,91.85998,91.74,91.85998,151686
2008-10-24,1224855000,91.74,92.04,91.74,91.76,168134
2008-10-27,1225114200,91.9,91.9,91.78,91.9,149745
2008-10-28,1225200600,91.94,92.06,91.79998,91.88,186721
2008-10-29,1225287000,91.84,91.94,91.78,91.78,144262
2008-10-30,1225373400,91.76,91.9,91.76,91.9,110516
2008-10-31,1225459800,91.9,91.94,91.79998,91.79998,175208
2008-11-03,1225722600,91.82,91.82,91.68,91.68,158542
2008-11-04,1225809000,91.66,91.79998,91.66,91.72,96770
2008-11-05,1225895400,91.74,91.85998,91.72,91.76,133719
2008-11-06,1225981800,91.72,91.94,91.72,91.9,118057
2008-11-07,1226068200,91.9,91.9,91.82,91.9,83881
2008-11-10,1226327400,91.79998,91.88,91.79998,91.88,60919
2008-11-11,1226413800,91.82,91.9,91.79998,91.88,88358
2008-11-12,1226500200,91.88,91.92002,91.82,91.9,109034
2008-11-13,1226586600,91.9,91.94,91.84,91.9,132428
2008-11-14,1226673000,91.94,91.94,91.84,91.9,132154
2008-11-17,1226932200,91.88,91.94,91.84,91.94,170896
2008-11-18,1227018600,91.94,91.94,91.78,91.84,260611
2008-11-19,1227105000,91.92002,91.92002,91.82,91.82,81168
2008-11-20,1227191400,91.94,91.94,91.68,91.88,226125
2008-11-21,1227277800,91.88,91.9,91.79998,91.85998,233746
2008-11-24,1227537000,91.94,92.20002,91.85998,91.88,253401
2008-11-25,1227623400,91.9,91.92002,91.84,91.89802,68382
2008-11-26,1227709800,91.9,91.94,91.82,91.94,118101
2008-11-28,1227882600,91.94,91.94,91.66,91.66,39679
2008-12-01,1228141800,91.9,91.92002,91.76,91.85998,144978
2008-12-02,1228228200,91.88,91.94,91.79998,91.94,114628
2008-12-03,1228314600,91.9,91.9,91.79998,91.79998,92041
2008-12-04,1228401000,91.79998,91.85998,91.76,91.76,106235
2008-12-05,1228487400,91.9,91.9,91.74,91.76,147501
2008-12-08,1228746600,91.79998,91.85998,91.74,91.78,189988
2008-12-09,1228833000,91.85998,91.85998,91.72,91.74,241155
2008-12-10,1228919400,91.74,91.84,91.74,91.8002,281806
2008-12-11,1229005800,91.78,91.88,91.70002,91.70002,157986
2008-12-12,1229092200,91.74,91.84,91.74,91.74,171396
2008-12-15,1229351400,91.76,91.79998,91.72,91.72,120254
2008-12-16,1229437800,91.72,91.82,91.72,91.78,176185
2008-12-17,1229524200,91.72,91.79998,91.72,91.72,158890
2008-12-18,1229610600,91.78,91.82,91.5,91.6568,774146
2008-12-19,1229697000,91.78,91.84,91.66,91.72,202455
2008-12-22,1229956200,91.82,91.84,91.70002,91.84,116094
2008-12-23,1230042600,91.82,91.84,91.74,91.7436,155589
2008-12-24,1230129000,91.88,91.88,91.74,91.84,68056
2008-12-26,1230301800,91.76,91.88,91.76,91.84,70462
2008-12-29,1230561000,91.6,91.64002,91.4,91.4602,87096
2008-12-30,1230647400,91.70002,91.78,91.6,91.78,125179
2008-12-31,1230733800,91.66,91.72,91.48002,91.57998,163601
2009-01-02,1230906600,91.70002,91.78,91.6,91.6,110097
2009-01-05,1231165800,91.78,91.78,91.57998,91.6,196812
2009-01-06,1231252200,91.6,91.68,91.6,91.62,94197
2009-01-07,1231338600,91.62,91.78,91.62,91.76,214033
2009-01-08,1231425000,91.66,91.72,91.64002,91.66,64895
2009-01-09,1231511400,91.70002,91.82,91.64002,91.7276,87894
2009-01-12,1231770600,91.72,91.88,91.68,91.68,178679
2009-01-13,1231857000,91.76,91.88,91.70002,91.79998,1438550
2009-01-14,1231943400,91.84,91.84,91.76,91.82,4573607
2009-01-15,1232029800,91.76,91.84,91.70002,91.84,207793
2009-01-16,1232116200,91.72,91.82,91.72,91.78022,116481
2009-01-20,1232461800,91.82,91.88,91.62,91.62,1157897
2009-01-21,1232548200,91.68,91.78,91.64002,91.78,133360
2009-01-22,1232634600,91.68,91.79998,91.68,91.79998,116898
2009-01-23,1232721000,91.70002,91.79998,91.66,91.78,94558
2009-01-26,1232980200,91.79998,91.79998,91.68,91.76,98500
2009-01-27,1233066600,91.78,91.78,91.66,91.72,105118
2009-01-28,1233153000,91.76,91.76,91.66,91.68,67434
2009-01-29,1233239400,91.70002,91.74,91.64002,91.68,226414
2009-01-30,1233325800,91.68,91.76,91.68,91.7598,141766
2009-02-02,1233585000,91.74,91.82,91.66,91.79998,513876
2009-02-03,1233671400,91.76,91.78,91.70002,91.72,121847
2009-02-04,1233757800,91.72,91.78,91.68,91.78,67670
2009-02-05,1233844200,91.74,91.78,91.70002,91.74,121943
2009-02-06,1233930600,91.6,91.72,91.57998,91.6,1654106
2009-02-09,1234189800,91.70002,91.74,91.63198,91.716,164184
2009-02-10,1234276200,91.66,91.76,91.66,91.70002,198063
2009-02-11,1234362600,91.72,91.72,91.68,91.68,147747
2009-02-12,1234449000,91.72,91.74,91.68,91.68,161078
2009-02-13,1234535400,91.68,91.76,91.66,91.76,1087559
2009-02-17,1234881000,91.76,91.78,91.72,91.76,2978779
2009-02-18,1234967400,91.68,91.78,91.68,91.77978,666491
2009-02-19,1235053800,91.72,91.79998,91.70002,91.78,641791
2009-02-20,1235140200,91.72,91.78,91.72,91.78,227357
2009-02-23,1235399400,91.76,91.78,91.72,91.76,342348
2009-02-24,1235485800,91.76,91.76,91.64002,91.70002,3390131
2009-02-25,1235572200,91.72,91.74,91.66,91.66,1315147
2009-02-26,1235658600,91.74,91.74,91.68,91.68,201261
2009-02-27,1235745000,91.72,91.78,91.70002,91.74,142708
2009-03-02,1236004200,91.76,91.79998,91.72,91.78,325404
2009-03-03,1236090600,91.79998,91.79998,91.66,91.76998,397631
2009-03-04,1236177000,91.78,91.78,91.68,91.76,140869
2009-03-05,1236263400,91.74,91.78,91.70002,91.78,245992
2009-03-06,1236349800,91.72,91.78,91.72,91.76,278105
2009-03-09,1236605400,91.79998,91.79998,91.736,91.76,258643
2009-03-10,1236691800,91.78,91.78,91.70002,91.76,136839
2009-03-11,1236778200,91.72,91.76,91.66,91.76,281620
2009-03-12,1236864600,91.68,91.76,91.68,91.72,160513
2009-03-13,1236951000,91.72,91.75202,91.68,91.70002,299718
2009-03-16,1237210200,91.68,91.72,91.66,91.68,258782
2009-03-17,1237296600,91.68,91.74,91.68,91.74,141722
2009-03-18,1237383000,91.72,91.82,91.68,91.76,421083
2009-03-19,1237469400,91.72,91.76,91.68,91.70002,394993
2009-03-20,1237555800,91.76,91.76,91.72,91.74,198535
2009-03-23,1237815000,91.76,91.76,91.70002,91.76,165263
2009-03-24,1237901400,91.72,91.76,91.72,91.7456,133734
2009-03-25,1237987800,91.74,91.78,91.74,91.78,165193
2009-03-26,1238074200,91.72,91.78,91.72,91.76,464731
2009-03-27,1238160600,91.76,91.78,91.74,91.78,191725
2009-03-30,1238419800,91.78,91.78,91.74,91.76,173609
2009-03-31,1238506200,91.74,91.76,91.72,91.72,160605
2009-04-01,1238592600,91.72,91.78,91.702,91.72,218496
2009-04-02,1238679000,91.70002,91.74,91.66,91.66,1172467
2009-04-03,1238765400,91.66,91.72,91.66,91.72,274310
2009-04-06,1239024600,91.68,91.74,91.66,91.70002,242317
2009-04-07,1239111000,91.68,91.72,91.68,91.70002,152958
2009-04-08,1239197400,91.74,91.7598,91.68,91.74,150113
2009-04-09,1239283800,91.72,91.72,91.68,91.68,542469
2009-04-13,1239629400,91.68,91.74,91.68,91.74,243474
2009-04-14,1239715800,91.70002,91.72,91.68,91.70002,125598
2009-04-15,1239802200,91.72,91.74,91.68,91.70002,158941
2009-04-16,1239888600,91.72,91.76,91.68,91.76,175966
2009-04-17,1239975000,91.76,91.76,91.66,91.66,467941
2009-04-20,1240234200,91.70002,91.72,91.66,91.70002,115481
2009-04-21,1240320600,91.70002,91.72,91.68,91.68,118805
2009-04-22,1240407000,91.72,91.74,91.70002,91.74,95102
2009-04-23,1240493400,91.76,91.78,91.72022,91.78,182167
2009-04-24,1240579800,91.74,91.78,91.728,91.77978,98754
2009-04-27,1240839000,91.70002,91.78,91.70002,91.76,150989
2009-04-28,1240925400,91.72,91.78,91.72,91.78,300573
2009-04-29,1241011800,91.76,91.78,91.74,91.76,143450
2009-04-30,1241098200,91.76,91.78,91.72,91.76,183883
2009-05-01,1241184600,91.72,91.78,91.70002,91.78,62294
2009-05-04,1241443800,91.72,91.76,91.66,91.66,151306
2009-05-05,1241530200,91.70002,91.72,91.66,91.68,199136
2009-05-06,1241616600,91.66,91.74,91.66,91.66,97041
2009-05-07,1241703000,91.66,91.72,91.66,91.66,133763
2009-05-08,1241789400,91.68,91.70002,91.66,91.6752,187666
2009-05-11,1242048600,91.66,91.76,91.66,91.66,220029
2009-05-12,1242135000,91.66,91.76,91.66,91.74,152368
2009-05-13,1242221400,91.68,91.74,91.68,91.68,100311
2009-05-14,1242307800,91.68,91.72,91.68,91.70002,232844
2009-05-15,1242394200,91.74,91.74,91.68,91.70002,107185
2009-05-18,1242653400,91.68,91.76,91.68,91.76,342338
2009-05-19,1242739800,91.70002,91.74,91.68,91.74,122084
2009-05-20,1242826200,91.70002,91.72022,91.66,91.66,484843
2009-05-21,1242912600,91.68,91.74,91.68,91.72,293847
2009-05-22,1242999000,91.74,91.74,91.68,91.74,231470
2009-05-26,1243344600,91.74,91.76,91.70002,91.76,113688
2009-05-27,1243431000,91.70002,91.78,91.70002,91.76,175084
2009-05-28,1243517400,91.76,91.78,91.72,91.74,85349
2009-05-29,1243603800,91.74,91.76,91.74,91.76,105731
2009-06-01,1243863000,91.76,91.76,91.68,91.68,348054
2009-06-02,1243949400,91.70002,91.74,91.68,91.68,911969
2009-06-03,1244035800,91.68,91.76,91.68,91.72,76474
2009-06-04,1244122200,91.72,91.7398,91.68,91.7192,133983
2009-06-05,1244208600,91.72,91.72,91.66,91.69642,271865
2009-06-08,1244467800,91.70002,91.74,91.66,91.72,132169
2009-06-09,1244554200,91.68,91.72,91.68,91.70002,101612
2009-06-10,1244640600,91.72,91.74,91.68,91.72,124153
2009-06-11,1244727000,91.70002,91.72,91.66,91.66,98030
2009-06-12,1244813400,91.70002,91.74,91.68,91.74,216312
2009-06-15,1245072600,91.72,91.74,91.68,91.74,116833
2009-06-16,1245159000,91.74,91.76,91.70002,91.76,711446
2009-06-17,1245245400,91.76,91.76,91.7218,91.76,153366
2009-06-18,1245331800,91.76,91.76,91.72,91.74,330075
2009-06-19,1245418200,91.72,91.76,91.70002,91.76,232574
2009-06-22,1245677400,91.76,91.76,91.72,91.76,214862
2009-06-23,1245763800,91.76,91.76,91.74,91.76,242401
2009-06-24,1245850200,91.76,91.76,91.74,91.76,173301
2009-06-25,1245936600,91.74,91.78,91.74,91.76,322924
2009-06-26,1246023000,91.74,91.76,91.72,91.76,127303
2009-06-29,1246282200,91.76,91.76,91.74,91.76,136586
2009-06-30,1246368600,91.76,91.76,91.74,91.74,189533
2009-07-01,1246455000,91.74,91.76,91.74,91.74,94388
2009-07-02,1246541400,91.76,91.76,91.74,91.76,100099
2009-07-06,1246887000,91.74,91.76,91.74,91.74,113157
2009-07-07,1246973400,91.76,91.76,91.74,91.74,146062
2009-07-08,1247059800,91.76,91.76,91.74,91.76,170483
2009-07-09,1247146200,91.76,91.76,91.74,91.74,112968
2009-07-10,1247232600,91.74,91.76,91.74,91.74,246065
2009-07-13,1247491800,91.74,91.76,91.72,91.76,430706
2009-07-14,1247578200,91.76,91.76,91.74,91.76,143298
2009-07-15,1247664600,91.76,91.76,91.72,91.72,149006
2009-07-16,1247751000,91.72,91.76,91.72,91.76,204949
2009-07-17,1247837400,91.72,91.76,91.72,91.76,122737
2009-07-20,1248096600,91.72,91.74,91.72,91.72,269572
2009-07-21,1248183000,91.72,91.74,91.70002,91.72,509815
2009-07-22,1248269400,91.72,91.74,91.70002,91.74,266713
2009-07-23,1248355800,91.72,91.72,91.70002,91.72,461575
2009-07-24,1248442200,91.72,91.72,91.70002,91.70002,815751
2009-07-27,1248701400,91.70002,91.72,91.70002,91.70002,158584
2009-07-28,1248787800,91.72,91.72,91.70002,91.716,243467
2009-07-29,1248874200,91.72,91.74,91.70002,91.7218,134088
2009-07-30,1248960600,91.70002,91.76,91.70002,91.74,220097
2009-07-31,1249047000,91.72,91.74,91.68,91.68,102926
2009-08-03,1249306200,91.70002,91.72,91.68,91.70002,438021
2009-08-04,1249392600,91.72,91.72,91.68,91.72,239867
2009-08-05,1249479000,91.70002,91.72,91.68,91.70182,188889
2009-08-06,1249565400,91.70002,91.72,91.70002,91.70402,85502
2009-08-07,1249651800,91.70002,91.72,91.70002,91.70002,147249
2009-08-10,1249911000,91.72,91.72,91.68,91.70002,134497
2009-08-11,1249997400,91.72,91.72,91.70002,91.70002,88947
2009-08-12,1250083800,91.70002,91.74,91.70002,91.74,188459
2009-08-13,1250170200,91.72,91.74,91.70002,91.70002,148977
2009-08-14,1250256600,91.70002,91.74,91.68,91.74,129457
2009-08-17,1250515800,91.72,91.74,91.70002,91.70002,115502
2009-08-18,1250602200,91.74,91.74,91.70002,91.74,73430
2009-08-19,1250688600,91.70002,91.74,91.70002,91.70002,67038
2009-08-20,1250775000,91.74,91.74,91.70002,91.72,143100
2009-08-21,1250861400,91.70002,91.72,91.70002,91.70002,176088
2009-08-24,1251120600,91.70002,91.72,91.70002,91.70002,202283
2009-08-25,1251207000,91.70002,91.72,91.70002,91.70002,398524
2009-08-26,1251293400,91.70002,91.72,91.70002,91.72,90054
2009-08-27,1251379800,91.70002,91.74,91.70002,91.72,118714
2009-08-28,1251466200,91.72,91.76,91.70002,91.74,83543
2009-08-31,1251725400,91.74,91.74,91.72,91.74,153695
2009-09-01,1251811800,91.74,91.74,91.68,91.68,438452
2009-09-02,1251898200,91.74,91.76,91.68,91.76,334735
2009-09-03,1251984600,91.72,91.76,91.72,91.76,174683
2009-09-04,1252071000,91.72,91.76,91.72,91.76,78803
2009-09-08,1252416600,91.72,91.76,91.72,91.76,158970
2009-09-09,1252503000,91.74,91.76,91.70002,91.70002,119061
2009-09-10,1252589400,91.74,91.74,91.70002,91.72,148415
2009-09-11,1252675800,91.70002,91.72,91.70002,91.70002,211563
2009-09-14,1252935000,91.74,91.74,91.70002,91.70002,89529
2009-09-15,1253021400,91.70002,91.72,91.70002,91.70002,167491
2009-09-16,1253107800,91.70002,91.72,91.70002,91.70002,167870
2009-09-17,1253194200,91.72,91.74,91.70002,91.716,196681
2009-09-18,1253280600,91.70002,91.72,91.70002,91.70002,483240
2009-09-21,1253539800,91.70002,91.76,91.70002,91.76,101851
2009-09-22,1253626200,91.74,91.74,91.70002,91.70002,187171
2009-09-23,1253712600,91.72,91.74,91.70002,91.74,129739
2009-09-24,1253799000,91.74,91.74,91.70002,91.70002,98920
2009-09-25,1253885400,91.72,91.74,91.70002,91.74,80515
2009-09-28,1254144600,91.72,91.76,91.70402,91.76,198002
2009-09-29,1254231000,91.72,91.76,91.72,91.76,95515
2009-09-30,1254317400,91.72,91.78,91.72,91.76,142492
2009-10-01,1254403800,91.72,91.74398,91.70002,91.70002,591378
2009-10-02,1254490200,91.72,91.76,91.70002,91.70002,108756
2009-10-05,1254749400,91.72,91.74,91.70002,91.74,133745
2009-10-06,1254835800,91.74,91.74,91.70002,91.70002,227673
2009-10-07,1254922200,91.70002,91.74,91.70002,91.74,106502
2009-10-08,1255008600,91.72,91.736,91.70002,91.70002,109949
2009-10-09,1255095000,91.72,91.7402,91.7052,91.72,228864
2009-10-12,1255354200,91.72,91.74,91.70002,91.72,101832
2009-10-13,1255440600,91.72,91.72,91.70002,91.72,80232
2009-10-14,1255527000,91.70002,91.72,91.70002,91.70002,345422
2009-10-15,1255613400,91.70002,91.72,91.70002,91.70002,122140
2009-10-16,1255699800,91.70002,91.74,91.70002,91.74,88945
2009-10-19,1255959000,91.72,91.74,91.70002,91.72,100507
2009-10-20,1256045400,91.70002,91.72,91.70002,91.70002,132848
2009-10-21,1256131800,91.72,91.72,91.70002,91.70002,83683
2009-10-22,1256218200,91.70002,91.72,91.70002,91.70002,135261
2009-10-23,1256304600,91.70002,91.72,91.70002,91.70002,161729
2009-10-26,1256563800,91.70002,91.72,91.70002,91.7002,82933
2009-10-27,1256650200,91.72,91.74,91.70002,91.70002,111345
2009-10-28,1256736600,91.70002,91.72,91.70002,91.70002,79565
2009-10-29,1256823000,91.72,91.76,91.70002,91.72,210245
2009-10-30,1256909400,91.74,91.76,91.74,91.76,190910
2009-11-02,1257172200,91.76,91.76,91.74,91.76,245362
2009-11-03,1257258600,91.76,91.76,91.74,91.76,143410
2009-11-04,1257345000,91.74,91.78,91.72,91.74,638014
2009-11-05,1257431400,91.76,91.76,91.74,91.746,158647
2009-11-06,1257517800,91.74,91.76,91.74,91.76,78841
2009-11-09,1257777000,91.74,91.76,91.74,91.76,161139
2009-11-10,1257863400,91.76,91.76,91.70002,91.70002,162884
2009-11-11,1257949800,91.72,91.72518,91.70002,91.70002,196239
2009-11-12,1258036200,91.74,91.74,91.70002,91.70002,95269
2009-11-13,1258122600,91.70002,91.74,91.70002,91.70002,177336
2009-11-16,1258381800,91.74,91.74,91.70002,91.70002,199620
2009-11-17,1258468200,91.72,91.72,91.70002,91.70002,102070
2009-11-18,1258554600,91.72,91.74,91.70002,91.70002,110464
2009-11-19,1258641000,91.72,91.72,91.70002,91.70002,87371
2009-11-20,1258727400,91.70002,91.72,91.68,91.70002,205204
2009-11-23,1258986600,91.70002,91.72,91.70002,91.70002,63199
2009-11-24,1259073000,91.70002,91.72,91.70002,91.70002,197154
2009-11-25,1259159400,91.70002,91.72,91.70002,91.70002,59343
2009-11-27,1259332200,91.72,91.72,91.70002,91.72,14131
2009-11-30,1259591400,91.70002,91.76,91.70002,91.72,271797
2009-12-01,1259677800,91.74,91.74,91.70002,91.72,124620
2009-12-02,1259764200,91.74,91.74,91.70002,91.70002,100907
2009-12-03,1259850600,91.70002,91.74,91.70002,91.70002,80398
2009-12-04,1259937000,91.70002,91.74,91.70002,91.74,75138
2009-12-07,1260196200,91.70002,91.74,91.70002,91.70002,98467
2009-12-08,1260282600,91.72,91.72,91.70002,91.70002,162667
2009-12-09,1260369000,91.70002,91.74,91.70002,91.74,181513
2009-12-10,1260455400,91.74,91.74,91.70002,91.70002,55555
2009-12-11,1260541800,91.74,91.74,91.70002,91.70002,131801
2009-12-14,1260801000,91.70002,91.72,91.68,91.68,263412
2009-12-15,1260887400,91.70002,91.70002,91.68,91.68,145085
2009-12-16,1260973800,91.70002,91.74,91.70002,91.70002,72968
2009-12-17,1261060200,91.72,91.74,91.70002,91.70002,197683
2009-12-18,1261146600,91.70002,91.725,91.70002,91.70002,92384
2009-12-21,1261405800,91.72,91.72,91.70002,91.70002,95466
2009-12-22,1261492200,91.72,91.74,91.70002,91.70002,90641
2009-12-23,1261578600,91.70002,91.72,91.70002,91.70002,179720
2009-12-24,1261665000,91.70002,91.72,91.70002,91.72,69053
2009-12-28,1262010600,91.72,91.74,91.70002,91.70362,102817
2009-12-29,1262097000,91.70002,91.74,91.70002,91.70002,65010
2009-12-30,1262183400,91.72,91.74,91.70002,91.72,99186
2009-12-31,1262269800,91.72,91.74,91.70002,91.74,73671
2010-01-04,1262615400,91.70002,91.72,91.68,91.70002,192799
2010-01-05,1262701800,91.70002,91.72,91.68,91.68,105600
2010-01-06,1262788200,91.68,91.70002,91.68,91.68,450283
2010-01-07,1262874600,91.68,91.70002,91.68,91.68,264306
2010-01-08,1262961000,91.70002,91.70002,91.68,91.68,116662
2010-01-11,1263220200,91.68,91.70002,91.68,91.68,131087
2010-01-12,1263306600,91.70002,91.70002,91.68,91.68,142432
2010-01-13,1263393000,91.70002,91.72,91.68,91.72,133263
2010-01-14,1263479400,91.70002,91.72,91.70002,91.70002,53251
2010-01-15,1263565800,91.70002,91.72,91.70002,91.70002,83698
2010-01-19,1263911400,91.72,91.72,91.70002,91.70002,61240
2010-01-20,1263997800,91.72,91.72,91.70002,91.70002,76477
2010-01-21,1264084200,91.70002,91.72,91.70002,91.70002,188890
2010-01-22,1264170600,91.72,91.72,91.70002,91.70002,103821
2010-01-25,1264429800,91.72,91.72,91.6652,91.72,131958
2010-01-26,1264516200,91.72,91.72,91.68,91.72,136035
2010-01-27,1264602600,91.68,91.74,91.68,91.74,406841
2010-01-28,1264689000,91.70002,91.74,91.70002,91.72,117466
2010-01-29,1264775400,91.72,91.74,91.70002,91.74,190749
2010-02-01,1265034600,91.70002,91.74,91.70002,91.72,364339
2010-02-02,1265121000,91.72,91.74,91.70002,91.70002,170934
2010-02-03,1265207400,91.74,91.76,91.72,91.74,739359
2010-02-04,1265293800,91.72,91.74,91.72,91.74,155716
2010-02-05,1265380200,91.70002,91.74,91.70002,91.74,685359
2010-02-08,1265639400,91.72,91.74,91.72,91.74,215134
2010-02-09,1265725800,91.74,91.74,91.72,91.74,314818
2010-02-10,1265812200,91.72,91.74,91.70002,91.74,233909
2010-02-11,1265898600,91.74,91.74,91.72,91.74,109893
2010-02-12,1265985000,91.74,91.74,91.72,91.74,144389
2010-02-16,1266330600,91.74,91.74,91.72,91.74,155925
2010-02-17,1266417000,91.74,91.74,91.68,91.68,338866
2010-02-18,1266503400,91.70002,91.72,91.70002,91.72,103778
2010-02-19,1266589800,91.72,91.72,91.68,91.68,287542
2010-02-22,1266849000,91.72,91.72,91.70002,91.72,170232
2010-02-23,1266935400,91.72,91.72,91.68,91.68,86801
2010-02-24,1267021800,91.70002,91.72,91.68,91.72,144911
2010-02-25,1267108200,91.70002,91.72,91.70002,91.72,67204
2010-02-26,1267194600,91.70002,91.72,91.68,91.72,104221
2010-03-01,1267453800,91.72,91.72,91.68,91.68,265256
2010-03-02,1267540200,91.72,91.72,91.68,91.70002,82936
2010-03-03,1267626600,91.72,91.72,91.68,91.68,278875
2010-03-04,1267713000,91.70002,91.70002,91.68,91.68,137236
2010-03-05,1267799400,91.68,91.70002,91.68,91.68,285665
2010-03-08,1268058600,91.70002,91.70002,91.68,91.68,200613
2010-03-09,1268145000,91.68,91.70002,91.66,91.68,824175
2010-03-10,1268231400,91.68,91.70002,91.68,91.70002,127156
2010-03-11,1268317800,91.70002,91.70002,91.68,91.68,151034
2010-03-12,1268404200,91.70002,91.70002,91.68,91.68,106088
2010-03-15,1268659800,91.68,91.70002,91.68,91.68,143491
2010-03-16,1268746200,91.68,91.70002,91.68,91.68,98616
2010-03-17,1268832600,91.70002,91.70002,91.68,91.68,228220
2010-03-18,1268919000,91.68,91.70002,91.68,91.68,83378
2010-03-19,1269005400,91.68,91.70002,91.68,91.68,107094
2010-03-22,1269264600,91.68,91.70002,91.68,91.70002,204748
2010-03-23,1269351000,91.68,91.70002,91.68,91.70002,148439
2010-03-24,1269437400,91.68,91.70002,91.68,91.68,161762
2010-03-25,1269523800,91.70002,91.72,91.68,91.72,283270
2010-03-26,1269610200,91.70002,91.72,91.70002,91.72,127128
2010-03-29,1269869400,91.70002,91.72,91.68,91.68,173231
2010-03-30,1269955800,91.70002,91.72,91.68,91.68,231284
2010-03-31,1270042200,91.72,91.72,91.68,91.72,248096
2010-04-01,1270128600,91.68,91.72,91.68,91.72,520752
2010-04-05,1270474200,91.70002,91.72,91.68,91.68,464041
2010-04-06,1270560600,91.70002,91.702,91.68,91.68,275970
2010-04-07,1270647000,91.72,91.72,91.68,91.68,725051
2010-04-08,1270733400,91.68,91.70002,91.68,91.68,130208
2010-04-09,1270819800,91.70002,91.70002,91.68,91.68,195101
2010-04-12,1271079000,91.68,91.70002,91.68,91.68,102279
2010-04-13,1271165400,91.70002,91.70002,91.68,91.68,96307
2010-04-14,1271251800,91.68,91.70002,91.68,91.68,158462
2010-04-15,1271338200,91.68,91.70002,91.68,91.68,116722
2010-04-16,1271424600,91.68,91.70002,91.68,91.68,263232
2010-04-19,1271683800,91.68,91.70002,91.68,91.70002,100582
2010-04-20,1271770200,91.68,91.70002,91.68,91.68,69121
2010-04-21,1271856600,91.68,91.70002,91.68,91.68,120078
2010-04-22,1271943000,91.68,91.70002,91.68,91.68,113416
2010-04-23,1272029400,91.70002,91.70002,91.68,91.68,102968
2010-04-26,1272288600,91.68,91.70002,91.68,91.70002,222264
2010-04-27,1272375000,91.68,91.70002,91.68,91.68,579532
2010-04-28,1272461400,91.68,91.70002,91.68,91.70002,214915
2010-04-29,1272547800,91.68,91.70002,91.68,91.70002,76502
2010-04-30,1272634200,91.68,91.70002,91.68,91.68,191433
2010-05-03,1272893400,91.70002,91.70002,91.68,91.70002,228121
2010-05-04,1272979800,91.68,91.70002,91.68,91.68,97712
2010-05-05,1273066200,91.70002,91.70002,91.68,91.70002,286951
2010-05-06,1273152600,91.68,91.72,91.68,91.72,212438
2010-05-07,1273239000,91.70002,91.72,91.68,91.72,353286
2010-05-10,1273498200,91.70002,91.72,91.70002,91.72,219511
2010-05-11,1273584600,91.70002,91.72,91.70002,91.72,176222
2010-05-12,1273671000,91.72,91.72,91.70002,91.72,209415
2010-05-13,1273757400,91.72,91.72,91.70002,91.70002,1255813
2010-05-14,1273843800,91.72,91.72,91.70002,91.72,189014
2010-05-17,1274103000,91.72,91.72,91.70002,91.72,140259
2010-05-18,1274189400,91.72,91.72,91.70002,91.70002,187689
2010-05-19,1274275800,91.70002,91.72,91.70002,91.72,354782
2010-05-20,1274362200,91.72,91.72,91.70002,91.72,442617
2010-05-21,1274448600,91.72,91.72,91.70002,91.72,463109
2010-05-24,1274707800,91.72,91.72,91.70002,91.72,168569
2010-05-25,1274794200,91.70002,91.72,91.70002,91.72,343899
2010-05-26,1274880600,91.72,91.74,91.70002,91.74,662061
2010-05-27,1274967000,91.72,91.72,91.70002,91.70002,518674
2010-05-28,1275053400,91.72,91.72,91.70002,91.72,280729
2010-06-01,1275399000,91.70002,91.72,91.70002,91.72,550704
2010-06-02,1275485400,91.70002,91.74,91.70002,91.74,959780
2010-06-03,1275571800,91.70002,91.74,91.70002,91.70002,219859
2010-06-04,1275658200,91.70002,91.74,91.70002,91.74,495828
2010-06-07,1275917400,91.72,91.74,91.70002,91.716,158784
2010-06-08,1276003800,91.72,91.74,91.70002,91.74,306121
2010-06-09,1276090200,91.74,91.74,91.72,91.74,163908
2010-06-10,1276176600,91.72,91.74,91.72,91.74,100729
2010-06-11,1276263000,91.72,91.74,91.70002,91.74,144728
2010-06-14,1276522200,91.74,91.74,91.70002,91.70002,236603
2010-06-15,1276608600,91.72,91.74,91.70002,91.70002,382052
2010-06-16,1276695000,91.72,91.74,91.70002,91.70002,863665
2010-06-17,1276781400,91.72,91.72,91.70002,91.70002,317691
2010-06-18,1276867800,91.70002,91.72,91.70002,91.72,227533
2010-06-21,1277127000,91.70002,91.72,91.70002,91.70002,787598
2010-06-22,1277213400,91.70002,91.72,91.70002,91.72,140480
2010-06-23,1277299800,91.70002,91.72,91.70002,91.72,63778
2010-06-24,1277386200,91.70002,91.72,91.70002,91.72,290961
2010-06-25,1277472600,91.72,91.72,91.70002,91.72,93756
2010-06-28,1277731800,91.70002,91.72,91.70002,91.72,198769
2010-06-29,1277818200,91.72,91.72,91.70002,91.72,579508
2010-06-30,1277904600,91.70002,91.74,91.70002,91.736,1013854
2010-07-01,1277991000,91.72,91.72,91.70002,91.72,572469
2010-07-02,1278077400,91.70002,91.72,91.70002,91.72,139143
2010-07-06,1278423000,91.72,91.72,91.70002,91.70002,715875
2010-07-07,1278509400,91.72,91.72,91.70002,91.70002,873489
2010-07-08,1278595800,91.70002,91.72,91.70002,91.72,1255090
2010-07-09,1278682200,91.70002,91.72,91.70002,91.70002,222965
2010-07-12,1278941400,91.72,91.72,91.70002,91.72,979901
2010-07-13,1279027800,91.72,91.72,91.70002,91.72,164002
2010-07-14,1279114200,91.70002,91.72,91.70002,91.72,159163
2010-07-15,1279200600,91.70002,91.72,91.70002,91.72,122100
2010-07-16,1279287000,91.70002,91.72,91.70002,91.72,87704
2010-07-19,1279546200,91.72,91.72,91.70002,91.70002,803321
2010-07-20,1279632600,91.72,91.72,91.70002,91.70002,121342
2010-07-21,1279719000,91.70002,91.72,91.70002,91.70002,124354
2010-07-22,1279805400,91.70002,91.72,91.70002,91.70002,319604
2010-07-23,1279891800,91.72,91.72,91.70002,91.72,73557
2010-07-26,1280151000,91.72,91.72,91.68,91.68,881781
2010-07-27,1280237400,91.70002,91.70002,91.68,91.68,874791
2010-07-28,1280323800,91.68,91.70002,91.68,91.70002,118126
2010-07-29,1280410200,91.68,91.70002,91.68,91.68,110708
2010-07-30,1280496600,91.70002,91.70002,91.68,91.70002,67908
2010-08-02,1280755800,91.68,91.70002,91.68,91.68,794558
2010-08-03,1280842200,91.68,91.70002,91.68,91.68,1342095
2010-08-04,1280928600,91.68,91.70002,91.68,91.68,977152
2010-08-05,1281015000,91.68,91.72,91.68,91.68,500592
2010-08-06,1281101400,91.68,91.70002,91.68,91.68,131053
2010-08-09,1281360600,91.70002,91.72,91.68,91.68,94542
2010-08-10,1281447000,91.70002,91.70002,91.68,91.70002,125471
2010-08-11,1281533400,91.68,91.72,91.68,91.72,830490
2010-08-12,1281619800,91.70002,91.72,91.70002,91.72,955718
2010-08-13,1281706200,91.70002,91.72,91.70002,91.72,580543
2010-08-16,1281965400,91.72,91.72,91.70002,91.70002,59807
2010-08-17,1282051800,91.72,91.72,91.70002,91.72,193922
2010-08-18,1282138200,91.70002,91.72,91.70002,91.70002,102141
2010-08-19,1282224600,91.72,91.72,91.70002,91.70002,279986
2010-08-20,1282311000,91.72,91.72,91.70002,91.72,84783
2010-08-23,1282570200,91.70002,91.72,91.70002,91.70002,118568
2010-08-24,1282656600,91.70002,91.72,91.70002,91.70002,392451
2010-08-25,1282743000,91.72,91.72,91.70002,91.72,615096
2010-08-26,1282829400,91.72,91.72,91.70002,91.70002,130047
2010-08-27,1282915800,91.70002,91.72,91.70002,91.70002,134485
2010-08-30,1283175000,91.70002,91.72,91.70002,91.72,119202
2010-08-31,1283261400,91.72,91.72,91.70002,91.70002,290167
2010-09-01,1283347800,91.70002,91.72,91.70002,91.70402,599594
2010-09-02,1283434200,91.70002,91.72,91.70002,91.72,132408
2010-09-03,1283520600,91.70002,91.72,91.70002,91.72,652841
2010-09-07,1283866200,91.70002,91.72,91.70002,91.70002,105452
2010-09-08,1283952600,91.70002,91.72,91.70002,91.70002,697697
2010-09-09,1284039000,91.70002,91.72,91.70002,91.70002,100270
2010-09-10,1284125400,91.72,91.72,91.70002,91.70002,329891
2010-09-13,1284384600,91.70002,91.72,91.70002,91.70002,364477
2010-09-14,1284471000,91.70002,91.72,91.70002,91.72,46559
2010-09-15,1284557400,91.70002,91.72,91.70002,91.72,120296
2010-09-16,1284643800,91.70002,91.72,91.70002,91.72,213519
2010-09-17,1284730200,91.70002,91.72,91.70002,91.70002,168724
2010-09-20,1284989400,91.70002,91.72,91.70002,91.70002,371860
2010-09-21,1285075800,91.72,91.72,91.70002,91.70002,742115
2010-09-22,1285162200,91.72,91.72,91.70002,91.70002,521286
2010-09-23,1285248600,91.70002,91.72,91.70002,91.70002,209937
2010-09-24,1285335000,91.72,91.72,91.70002,91.72,100265
2010-09-27,1285594200,91.70002,91.72,91.70002,91.72,283236
2010-09-28,1285680600,91.70002,91.72,91.70002,91.70002,113191
2010-09-29,1285767000,91.70002,91.72,91.70002,91.70002,161460
2010-09-30,1285853400,91.70002,91.72,91.70002,91.70002,214152
2010-10-01,1285939800,91.70002,91.72,91.70002,91.70002,328148
2010-10-04,1286199000,91.70002,91.72,91.70002,91.72,198544
2010-10-05,1286285400,91.70002,91.72,91.70002,91.70002,420300
2010-10-06,1286371800,91.70002,91.72,91.70002,91.70002,744575
2010-10-07,1286458200,91.70002,91.72,91.70002,91.70002,524718
2010-10-08,1286544600,91.70002,91.72,91.70002,91.70002,115806
2010-10-11,1286803800,91.70002,91.72,91.70002,91.70002,64497
2010-10-12,1286890200,91.70002,91.72,91.70002,91.70002,425704
2010-10-13,1286976600,91.70002,91.72,91.70002,91.70002,397033
2010-10-14,1287063000,91.70002,91.72,91.70002,91.72,170271
2010-10-15,1287149400,91.70002,91.72,91.70002,91.70002,89319
2010-10-18,1287408600,91.70002,91.72,91.70002,91.72,187830
2010-10-19,1287495000,91.72,91.72,91.70002,91.70002,66168
2010-10-20,1287581400,91.72,91.72,91.70002,91.70002,633442
2010-10-21,1287667800,91.70002,91.72,91.70002,91.70002,625569
2010-10-22,1287754200,91.72,91.72,91.70002,91.72,114919
2010-10-25,1288013400,91.70002,91.72,91.70002,91.70002,135588
2010-10-26,1288099800,91.70002,91.72,91.70002,91.72,89472
2010-10-27,1288186200,91.70002,91.72,91.70002,91.72,114963
2010-10-28,1288272600,91.72,91.72,91.70002,91.70002,86595
2010-10-29,1288359000,91.70002,91.72,91.70002,91.72,57845
2010-11-01,1288618200,91.72,91.72,91.70002,91.71,242075
2010-11-02,1288704600,91.70002,91.72,91.68,91.68,226461
2010-11-03,1288791000,91.70002,91.72,91.70002,91.70002,229472
2010-11-04,1288877400,91.70002,91.72,91.70002,91.70002,934074
2010-11-05,1288963800,91.70002,91.72,91.70002,91.70002,327150
2010-11-08,1289226600,91.70002,91.72,91.70002,91.70002,198336
2010-11-09,1289313000,91.70002,91.72,91.70002,91.70002,223183
2010-11-10,1289399400,91.70002,91.72,91.70002,91.70002,243612
2010-11-11,1289485800,91.70002,91.72,91.68,91.68,49600
2010-11-12,1289572200,91.70002,91.72,91.70002,91.72,1456982
2010-11-15,1289831400,91.72,91.72,91.70002,91.71,201082
2010-11-16,1289917800,91.70002,91.72,91.70002,91.72,103449
2010-11-17,1290004200,91.70002,91.72,91.70002,91.72,55268
2010-11-18,1290090600,91.70002,91.72,91.70002,91.70002,96500
2010-11-19,1290177000,91.70002,91.72,91.70002,91.70002,154640
2010-11-22,1290436200,91.70002,91.72,91.70002,91.70002,226650
2010-11-23,1290522600,91.72,91.72,91.70002,91.70002,67979
2010-11-24,1290609000,91.70002,91.72,91.70002,91.72,86567
2010-11-26,1290781800,91.70002,91.72,91.70002,91.72,223741
2010-11-29,1291041000,91.70002,91.72,91.70002,91.72,250463
2010-11-30,1291127400,91.70002,91.72,91.70002,91.72,81251
2010-12-01,1291213800,91.72,91.72,91.70002,91.70002,75320
2010-12-02,1291300200,91.70002,91.72,91.70002,91.70002,188401
2010-12-03,1291386600,91.70002,91.72,91.70002,91.72,320263
2010-12-06,1291645800,91.70002,91.72,91.70002,91.70002,141300
2010-12-07,1291732200,91.70002,91.72,91.70002,91.70002,176466
2010-12-08,1291818600,91.70002,91.72,91.70002,91.70002,82417
2010-12-09,1291905000,91.70002,91.72,91.70002,91.72,185233
2010-12-10,1291991400,91.70002,91.72,91.70002,91.72,164425
2010-12-13,1292250600,91.70002,91.72,91.70002,91.72,130768
2010-12-14,1292337000,91.70002,91.72,91.70002,91.72,388468
2010-12-15,1292423400,91.70002,91.72,91.70002,91.70002,204542
2010-12-16,1292509800,91.70002,91.72,91.70002,91.70002,564588
2010-12-17,1292596200,91.70002,91.72,91.70002,91.72,241747
2010-12-20,1292855400,91.70002,91.72,91.70002,91.72,120561
2010-12-21,1292941800,91.72,91.72,91.70002,91.72,103307
2010-12-22,1293028200,91.7136,91.72,91.70002,91.70002,97204
2010-12-23,1293114600,91.70002,91.72,91.70002,91.70002,87952
2010-12-27,1293460200,91.70002,91.72,91.70002,91.70002,151055
2010-12-28,1293546600,91.70002,91.72,91.70002,91.72,115172
2010-12-29,1293633000,91.72,91.72,91.70002,91.70002,72126
2010-12-30,1293719400,91.70002,91.72,91.70002,91.72,217642
2010-12-31,1293805800,91.70002,91.72,91.70002,91.70002,119601
2011-01-03,1294065000,91.70002,91.72,91.70002,91.72,126845
2011-01-04,1294151400,91.72,91.72,91.70002,91.72,156704
2011-01-05,1294237800,91.70002,91.72,91.70002,91.72,184319
2011-01-06,1294324200,91.72,91.72,91.70002,91.72,64926
2011-01-07,1294410600,91.70002,91.72,91.70002,91.70002,124559
2011-01-10,1294669800,91.70002,91.72,91.70002,91.72,150530
2011-01-11,1294756200,91.72,91.72,91.70002,91.72,127262
2011-01-12,1294842600,91.70002,91.72,91.70002,91.70002,69378
2011-01-13,1294929000,91.70002,91.72,91.70002,91.70002,94560
2011-01-14,1295015400,91.70002,91.72,91.70002,91.70002,199411
2011-01-18,1295361000,91.70002,91.72,91.70002,91.70002,426586
2011-01-19,1295447400,91.72,91.72,91.70002,91.72,150845
2011-01-20,1295533800,91.72,91.72,91.70002,91.72,99647
2011-01-21,1295620200,91.70002,91.72,91.70002,91.70002,55069
2011-01-24,1295879400,91.70002,91.72,91.70002,91.70002,312098
2011-01-25,1295965800,91.72,91.72,91.70002,91.72,443056
2011-01-26,1296052200,91.72,91.72,91.70002,91.70002,87796
2011-01-27,1296138600,91.70002,91.72,91.70002,91.72,88952
2011-01-28,1296225000,91.70002,91.72,91.70002,91.70002,158507
2011-01-31,1296484200,91.70002,91.72,91.70002,91.70002,87241
2011-02-01,1296570600,91.70002,91.72,91.70002,91.70002,787564
2011-02-02,1296657000,91.70002,91.72,91.70002,91.70002,283544
2011-02-03,1296743400,91.72,91.72,91.70002,91.70002,91000
2011-02-04,1296829800,91.70002,91.72,91.70002,91.72,100967
2011-02-07,1297089000,91.72,91.72,91.70002,91.70002,131515
2011-02-08,1297175400,91.72,91.72,91.70002,91.70002,155391
2011-02-09,1297261800,91.72,91.72,91.70002,91.72,147688
2011-02-10,1297348200,91.70002,91.72,91.70002,91.70002,148634
2011-02-11,1297434600,91.72,91.72,91.70002,91.70002,138145
2011-02-14,1297693800,91.72,91.72,91.70002,91.70002,74414
2011-02-15,1297780200,91.72,91.72,91.70002,91.72,193160
2011-02-16,1297866600,91.72,91.72,91.70002,91.72,136791
2011-02-17,1297953000,91.70002,91.72,91.70002,91.72,68214
2011-02-18,1298039400,91.70002,91.72,91.70002,91.70002,93744
2011-02-22,1298385000,91.72,91.72,91.70002,91.70002,144014
2011-02-23,1298471400,91.72,91.72,91.70002,91.71,493464
2011-02-24,1298557800,91.72,91.72,91.70002,91.71,126733
2011-02-25,1298644200,91.72,91.72,91.70002,91.72,91318
2011-02-28,1298903400,91.72,91.72,91.70002,91.70002,145808
2011-03-01,1298989800,91.72,91.72,91.70002,91.70002,138372
2011-03-02,1299076200,91.72,91.72,91.70002,91.72,127972
2011-03-03,1299162600,91.72,91.72,91.70002,91.70002,139913
2011-03-04,1299249000,91.70002,91.72,91.70002,91.712,132267
2011-03-07,1299508200,91.72,91.72,91.70002,91.70002,95814
2011-03-08,1299594600,91.72,91.72,91.70002,91.70002,1178787
2011-03-09,1299681000,91.72,91.72,91.70002,91.70002,159766
2011-03-10,1299767400,91.70002,91.72,91.70002,91.70002,140155
2011-03-11,1299853800,91.70002,91.72,91.70002,91.72,77706
2011-03-14,1300109400,91.70002,91.74,91.70002,91.72,929629
2011-03-15,1300195800,91.74,91.74,91.70002,91.74,754266
2011-03-16,1300282200,91.72,91.74,91.72,91.74,122295
2011-03-17,1300368600,91.74,91.74,91.72,91.74,595413
2011-03-18,1300455000,91.72,91.74,91.72,91.74,222732
2011-03-21,1300714200,91.72,91.74,91.72,91.74,102312
2011-03-22,1300800600,91.70002,91.72,91.70002,91.70002,117101
2011-03-23,1300887000,91.70002,91.72,91.70002,91.72,156910
2011-03-24,1300973400,91.70002,91.72,91.70002,91.70002,557934
2011-03-25,1301059800,91.70002,91.72,91.70002,91.70002,1271886
2011-03-28,1301319000,91.70002,91.72,91.70002,91.72,733916
2011-03-29,1301405400,91.72,91.72,91.70002,91.70002,240914
2011-03-30,1301491800,91.72,91.72,91.70002,91.72,589918
2011-03-31,1301578200,91.70002,91.72,91.70002,91.70002,145190
2011-04-01,1301664600,91.72,91.72,91.70002,91.70002,148846
2011-04-04,1301923800,91.70002,91.73002,91.70002,91.70002,144700
2011-04-05,1302010200,91.72,91.72,91.70002,91.70002,164987
2011-04-06,1302096600,91.70002,91.72,91.70002,91.70002,116855
2011-04-07,1302183000,91.70002,91.72,91.70002,91.72,129439
2011-04-08,1302269400,91.72,91.72,91.70002,91.70002,1310744
2011-04-11,1302528600,91.70002,91.72,91.70002,91.70002,230838
2011-04-12,1302615000,91.72,91.74,91.70002,91.72,61054
2011-04-13,1302701400,91.72,91.74,91.70002,91.72,79174
2011-04-14,1302787800,91.74,91.74,91.70002,91.70002,245747
2011-04-15,1302874200,91.70002,91.72,91.70002,91.72,152594
2011-04-18,1303133400,91.70002,91.72,91.70002,91.70002,112275
2011-04-19,1303219800,91.70002,91.72,91.70002,91.70002,110630
2011-04-20,1303306200,91.72,91.72,91.70002,91.70002,102159
2011-04-21,1303392600,91.70002,91.72,91.70002,91.70002,89810
2011-04-25,1303738200,91.72,91.72,91.70002,91.70002,103139
2011-04-26,1303824600,91.72,91.72,91.70002,91.70002,41422
2011-04-27,1303911000,91.70002,91.72,91.70002,91.70002,105954
2011-04-28,1303997400,91.70002,91.72,91.70002,91.70002,97012
2011-04-29,1304083800,91.70002,91.72,91.70002,91.70002,74743
2011-05-02,1304343000,91.72,91.72,91.70002,91.70002,76231
2011-05-03,1304429400,91.72,91.72,91.70002,91.70002,127096
2011-05-04,1304515800,91.74,91.74,91.70002,91.74,449735
2011-05-05,1304602200,91.72,91.74,91.72,91.74,786534
2011-05-06,1304688600,91.72,91.74,91.72,91.74,143374
2011-05-09,1304947800,91.72,91.74,91.72,91.74,808464
2011-05-10,1305034200,91.74,91.74,91.72,91.74,182175
2011-05-11,1305120600,91.72,91.74,91.72,91.74,76111
2011-05-12,1305207000,91.74,91.74,91.72,91.74,88316
2011-05-13,1305293400,91.74,91.74,91.72,91.72,42906
2011-05-16,1305552600,91.74,91.74,91.72,91.72,905740
2011-05-17,1305639000,91.74,91.74,91.72,91.72,582668
2011-05-18,1305725400,91.70002,91.72,91.70002,91.70002,75504
2011-05-19,1305811800,91.70002,91.74,91.70002,91.74,71255
2011-05-20,1305898200,91.72,91.72,91.70002,91.72,443372
2011-05-23,1306157400,91.72,91.72,91.70002,91.72,328703
2011-05-24,1306243800,91.70002,91.72,91.70002,91.72,68245
2011-05-25,1306330200,91.72,91.72,91.70002,91.72,159752
2011-05-26,1306416600,91.72,91.72,91.70002,91.72,819512
2011-05-27,1306503000,91.70002,91.72,91.70002,91.72,161326
2011-05-31,1306848600,91.70002,91.72,91.70002,91.71,133669
2011-06-01,1306935000,91.70002,91.72,91.70002,91.70002,471891
2011-06-02,1307021400,91.70002,91.72,91.70002,91.70002,68985
2011-06-03,1307107800,91.70002,91.72,91.70002,91.70002,62736
2011-06-06,1307367000,91.72,91.72,91.70002,91.70002,655226
2011-06-07,1307453400,91.72,91.72,91.70002,91.72,882422
2011-06-08,1307539800,91.70002,91.72,91.70002,91.72,64923
2011-06-09,1307626200,91.72,91.72,91.70002,91.70002,376306
2011-06-10,1307712600,91.70002,91.72,91.70002,91.72,79387
2011-06-13,1307971800,91.72,91.72,91.70002,91.70002,94916
2011-06-14,1308058200,91.70002,91.72,91.70002,91.72,862394
2011-06-15,1308144600,91.72,91.72,91.70002,91.72,113616
2011-06-16,1308231000,91.72,91.72,91.70002,91.72,101882
2011-06-17,1308317400,91.72,91.72,91.70002,91.72,96717
2011-06-20,1308576600,91.72,91.72,91.70002,91.71,102895
2011-06-21,1308663000,91.72,91.72,91.70002,91.70002,433345
2011-06-22,1308749400,91.70002,91.72,91.70002,91.72,158654
2011-06-23,1308835800,91.72,91.72,91.70002,91.72,523725
2011-06-24,1308922200,91.72,91.72,91.70002,91.70002,357719
2011-06-27,1309181400,91.72,91.72,91.70002,91.70002,126933
2011-06-28,1309267800,91.72,91.72,91.70002,91.70002,289614
2011-06-29,1309354200,91.70002,91.72,91.70002,91.72,1148917
2011-06-30,1309440600,91.70002,91.72,91.70002,91.72,1730050
2011-07-01,1309527000,91.72,91.72,91.70002,91.70002,496357
2011-07-05,1309872600,91.72,91.72,91.70002,91.70002,786693
2011-07-06,1309959000,91.70002,91.72,91.70002,91.72,222301
2011-07-07,1310045400,91.70002,91.72,91.70002,91.70002,158801
2011-07-08,1310131800,91.70002,91.72,91.70002,91.70002,70648
2011-07-11,1310391000,91.72,91.72,91.68,91.685,147831
2011-07-12,1310477400,91.72,91.72,91.70002,91.70002,1149954
2011-07-13,1310563800,91.70002,91.72,91.70002,91.72,1115488
2011-07-14,1310650200,91.72,91.72,91.70002,91.72,216609
2011-07-15,1310736600,91.70002,91.72,91.70002,91.72,496032
2011-07-18,1310995800,91.70002,91.72,91.70002,91.72,803331
2011-07-19,1311082200,91.72,91.72,91.70002,91.72,789988
2011-07-20,1311168600,91.70002,91.72,91.70002,91.70002,162632
2011-07-21,1311255000,91.72,91.72,91.70002,91.70002,790406
2011-07-22,1311341400,91.70002,91.72,91.70002,91.72,162544
2011-07-25,1311600600,91.72,91.72,91.70002,91.72,72289
2011-07-26,1311687000,91.70002,91.72,91.70002,91.72,85796
2011-07-27,1311773400,91.72,91.72,91.70002,91.72,906023
2011-07-28,1311859800,91.70002,91.72,91.70002,91.72,802796
2011-07-29,1311946200,91.70002,91.72,91.70002,91.72,1060941
2011-08-01,1312205400,91.70002,91.72,91.68,91.72,290216
2011-08-02,1312291800,91.70002,91.72,91.68,91.72,1012598
2011-08-03,1312378200,91.72,91.72,91.70002,91.72,681106
2011-08-04,1312464600,91.72,91.72,91.70002,91.72,1335140
2011-08-05,1312551000,91.72,91.72,91.70002,91.72,438720
2011-08-08,1312810200,91.70002,91.72,91.70002,91.72,560555
2011-08-09,1312896600,91.72,91.72,91.70002,91.72,658445
2011-08-10,1312983000,91.70002,91.72,91.68,91.7114,374126
2011-08-11,1313069400,91.70002,91.72,91.68,91.72,224652
2011-08-12,1313155800,91.72,91.72,91.70002,91.72,779831
2011-08-15,1313415000,91.70002,91.72,91.70002,91.72,9127344
2011-08-16,1313501400,91.72,91.72,91.70002,91.72,368085
2011-08-17,1313587800,91.72,91.72,91.70002,91.72,331197
2011-08-18,1313674200,91.72,91.72,91.68,91.68,525421
2011-08-19,1313760600,91.72,91.72,91.70002,91.72,941702
2011-08-22,1314019800,91.70002,91.72,91.68,91.68,247873
2011-08-23,1314106200,91.70002,91.72,91.70002,91.72,709216
2011-08-24,1314192600,91.72,91.72,91.70002,91.72,190737
2011-08-25,1314279000,91.72,91.72,91.68,91.68,334768
2011-08-26,1314365400,91.72,91.72,91.70002,91.72,247948
2011-08-29,1314624600,91.72,91.72,91.70002,91.72,11294368
2011-08-30,1314711000,91.70002,91.72,91.70002,91.72,951954
2011-08-31,1314797400,91.72,91.72,91.70002,91.72,523727
2011-09-01,1314883800,91.70002,91.72,91.68,91.72,1048079
2011-09-02,1314970200,91.72,91.72,91.70002,91.72,479434
2011-09-06,1315315800,91.70002,91.72,91.68,91.70002,8617192
2011-09-07,1315402200,91.70002,91.70002,91.68,91.68,367914
2011-09-08,1315488600,91.68,91.70002,91.68,91.68,697988
2011-09-09,1315575000,91.68,91.72,91.68,91.70002,731034
2011-09-12,1315834200,91.68,91.70002,91.68,91.70002,287695
2011-09-13,1315920600,91.70002,91.70002,91.68,91.68,568508
2011-09-14,1316007000,91.70002,91.70002,91.68,91.68,307968
2011-09-15,1316093400,91.70002,91.72,91.68,91.68,923747
2011-09-16,1316179800,91.70002,91.70002,91.68,91.68,276414
2011-09-19,1316439000,91.70002,91.70002,91.68,91.70002,517065
2011-09-20,1316525400,91.68,91.70002,91.68,91.70002,372986
2011-09-21,1316611800,91.70002,91.70002,91.68,91.70002,314126
2011-09-22,1316698200,91.68,91.70002,91.68,91.68,1011608
2011-09-23,1316784600,91.70002,91.70002,91.68,91.70002,604133
2011-09-26,1317043800,91.70002,91.70002,91.68,91.70002,497373
2011-09-27,1317130200,91.68,91.70002,91.68,91.68,404116
2011-09-28,1317216600,91.70002,91.70002,91.68,91.70002,383642
2011-09-29,1317303000,91.70002,91.70002,91.68,91.70002,451636
2011-09-30,1317389400,91.70002,91.70002,91.68,91.70002,611420
2011-10-03,1317648600,91.70002,91.70002,91.68,91.70002,13151248
2011-10-04,1317735000,91.70002,91.70002,91.68,91.70002,691002
2011-10-05,1317821400,91.70002,91.70002,91.68,91.70002,689263
2011-10-06,1317907800,91.70002,91.70002,91.68,91.68,353364
2011-10-07,1317994200,91.68,91.70002,91.68,91.70002,750639
2011-10-10,1318253400,91.68,91.70002,91.66,91.68,1657339
2011-10-11,1318339800,91.68,91.70002,91.68,91.70002,562528
2011-10-12,1318426200,91.70002,91.70002,91.68,91.68,382975
2011-10-13,1318512600,91.68,91.70002,91.68,91.70002,494014
2011-10-14,1318599000,91.70002,91.70002,91.68,91.68,459217
2011-10-17,1318858200,91.68,91.70002,91.68,91.68,12224576
2011-10-18,1318944600,91.68,91.70002,91.68,91.70002,350614
2011-10-19,1319031000,91.68,91.70002,91.68,91.70002,294410
2011-10-20,1319117400,91.68,91.70002,91.68,91.70002,1126086
2011-10-21,1319203800,91.68,91.70002,91.68,91.68,583750
2011-10-24,1319463000,91.68,91.70002,91.68,91.68,8779728
2011-10-25,1319549400,91.68,91.70002,91.68,91.70002,482497
2011-10-26,1319635800,91.68,91.70002,91.68,91.70002,239421
2011-10-27,1319722200,91.68,91.70002,91.68,91.68,1490253
2011-10-28,1319808600,91.68,91.70002,91.68,91.68,404369
2011-10-31,1320067800,91.70002,91.70002,91.66,91.66,3112416
2011-11-01,1320154200,91.70002,91.70002,91.68,91.70002,1423127
2011-11-02,1320240600,91.70002,91.70002,91.68,91.68,284605
2011-11-03,1320327000,91.70002,91.70002,91.66,91.66,326786
2011-11-04,1320413400,91.70002,91.70002,91.68,91.68,202988
2011-11-07,1320676200,91.68,91.70002,91.68,91.70002,197555
2011-11-08,1320762600,91.68,91.70002,91.68,91.70002,537259
2011-11-09,1320849000,91.70002,91.70002,91.68,91.68,174181
2011-11-10,1320935400,91.68,91.70002,91.68,91.70002,362103
2011-11-11,1321021800,91.68,91.71,91.68,91.68,344378
2011-11-14,1321281000,91.70002,91.70002,91.68,91.70002,648952
2011-11-15,1321367400,91.70002,91.70002,91.68,91.68,232901
2011-11-16,1321453800,91.68,91.70002,91.68,91.70002,341280
2011-11-17,1321540200,91.68,91.70002,91.68,91.70002,843781
2011-11-18,1321626600,91.70002,91.70002,91.68,91.70002,274693
2011-11-21,1321885800,91.70002,91.70002,91.68,91.70002,2169058
2011-11-22,1321972200,91.70002,91.70002,91.68,91.68,631410
2011-11-23,1322058600,91.70002,91.70002,91.66,91.70002,877133
2011-11-25,1322231400,91.70002,91.70002,91.68,91.70002,268281
2011-11-28,1322490600,91.68,91.70002,91.68,91.70002,467544
2011-11-29,1322577000,91.68,91.70002,91.66,91.66,537667
2011-11-30,1322663400,91.68,91.68,91.66,91.68,1701846
2011-12-01,1322749800,91.66,91.68,91.66,91.66,2136994
2011-12-02,1322836200,91.68,91.68,91.66,91.68,353719
2011-12-05,1323095400,91.68,91.68,91.66,91.68,2240547
2011-12-06,1323181800,91.66,91.72,91.66,91.70002,211134
2011-12-07,1323268200,91.68,91.68,91.66,91.68,259936
2011-12-08,1323354600,91.68,91.68,91.66,91.68,248012
2011-12-09,1323441000,91.66,91.68,91.66,91.66,199787
2011-12-12,1323700200,91.66,91.68,91.66,91.66,11094096
2011-12-13,1323786600,91.66,91.68,91.66,91.66,399120
2011-12-14,1323873000,91.66,91.68,91.66,91.67002,1237606
2011-12-15,1323959400,91.68,91.68,91.66,91.66,535040
2011-12-16,1324045800,91.68,91.68,91.66,91.68,264152
2011-12-19,1324305000,91.66,91.68,91.66,91.68,348461
2011-12-20,1324391400,91.68,91.68,91.66,91.68,235475
2011-12-21,1324477800,91.68,91.68,91.66,91.68,299428
2011-12-22,1324564200,91.68,91.68,91.66,91.68,141820
2011-12-23,1324650600,91.68,91.68,91.51998,91.68,508267
2011-12-27,1324996200,91.66,91.68,91.66,91.66,158498
2011-12-28,1325082600,91.66,91.68,91.66,91.66,273569
2011-12-29,1325169000,91.66,91.68,91.66,91.66,196870
2011-12-30,1325255400,91.66,91.68,91.66,91.66,200318
2012-01-03,1325601000,91.66,91.68,91.64002,91.64002,4246642
2012-01-04,1325687400,91.66,91.66,91.64002,91.64002,443234
2012-01-05,1325773800,91.64002,91.66,91.64002,91.64002,489317
2012-01-06,1325860200,91.64002,91.66,91.64002,91.64002,476794
2012-01-09,1326119400,91.66,91.66,91.64002,91.65,490297
2012-01-10,1326205800,91.64002,91.66,91.64002,91.65,352206
2012-01-11,1326292200,91.66,91.66,91.64002,91.64002,401952
2012-01-12,1326378600,91.64002,91.66,91.64002,91.64002,344220
2012-01-13,1326465000,91.64002,91.66,91.64002,91.64002,581565
2012-01-17,1326810600,91.64002,91.66,91.64002,91.64002,210838
2012-01-18,1326897000,91.64002,91.66,91.64002,91.64002,1529650
2012-01-19,1326983400,91.64002,91.66,91.64002,91.6456,728059
2012-01-20,1327069800,91.64002,91.66,91.64002,91.64002,211364
2012-01-23,1327329000,91.66,91.66,91.64002,91.64002,224313
2012-01-24,1327415400,91.64002,91.66,91.64002,91.64002,216125
2012-01-25,1327501800,91.64002,91.66,91.64002,91.64002,269758
2012-01-26,1327588200,91.65,91.66,91.64002,91.64002,182172
2012-01-27,1327674600,91.64002,91.66,91.64002,91.64002,153817
2012-01-30,1327933800,91.64002,91.66,91.64002,91.66,256008
2012-01-31,1328020200,91.66,91.66,91.64002,91.64002,416779
2012-02-01,1328106600,91.64002,91.66,91.64002,91.64002,362587
2012-02-02,1328193000,91.64002,91.66,91.64002,91.64002,118960
2012-02-03,1328279400,91.64002,91.66,91.64002,91.64002,365154
2012-02-06,1328538600,91.64002,91.66,91.64002,91.66,184889
2012-02-07,1328625000,91.64002,91.66,91.64002,91.64002,189461
2012-02-08,1328711400,91.64002,91.66,91.64002,91.66,450460
2012-02-09,1328797800,91.64002,91.66,91.64002,91.64002,130107
2012-02-10,1328884200,91.66,91.66,91.64002,91.66,521277
2012-02-13,1329143400,91.64002,91.66,91.64002,91.64002,638563
2012-02-14,1329229800,91.64002,91.66,91.64002,91.66,173947
2012-02-15,1329316200,91.66,91.66,91.64002,91.64002,103609
2012-02-16,1329402600,91.66,91.66,91.64002,91.66,442196
2012-02-17,1329489000,91.64002,91.66,91.64002,91.64002,81355
2012-02-21,1329834600,91.64002,91.66,91.64002,91.64002,154721
2012-02-22,1329921000,91.64002,91.66,91.64002,91.64002,105312
2012-02-23,1330007400,91.66,91.66,91.64002,91.64002,156252
2012-02-24,1330093800,91.64002,91.66,91.64002,91.66,186513
2012-02-27,1330353000,91.66,91.66,91.64002,91.64002,955988
2012-02-28,1330439400,91.66,91.66,91.64002,91.64002,132037
2012-02-29,1330525800,91.64002,91.66,91.64002,91.66,453583
2012-03-01,1330612200,91.64002,91.64002,91.62,91.64002,218255
2012-03-02,1330698600,91.64002,91.64002,91.62,91.64002,186596
2012-03-05,1330957800,91.62,91.64002,91.62,91.64002,248880
2012-03-06,1331044200,91.64002,91.64002,91.62,91.64002,179739
2012-03-07,1331130600,91.64002,91.66,91.64002,91.64002,125363
2012-03-08,1331217000,91.64002,91.66,91.64002,91.66,711287
2012-03-09,1331303400,91.64002,91.66,91.64002,91.66,194288
2012-03-12,1331559000,91.66,91.66,91.64002,91.6598,124847
2012-03-13,1331645400,91.66,91.66,91.64002,91.66,205315
2012-03-14,1331731800,91.64002,91.66,91.64002,91.64002,127015
2012-03-15,1331818200,91.66,91.66,91.64002,91.64002,468014
2012-03-16,1331904600,91.64002,91.66,91.64002,91.64002,501147
2012-03-19,1332163800,91.66,91.66,91.64002,91.66,105113
2012-03-20,1332250200,91.64002,91.66,91.64002,91.66,117230
2012-03-21,1332336600,91.64002,91.66,91.64002,91.66,65794
2012-03-22,1332423000,91.66,91.66,91.64002,91.66,106121
2012-03-23,1332509400,91.64002,91.66,91.64002,91.65,103232
2012-03-26,1332768600,91.66,91.66,91.64002,91.66,1261292
2012-03-27,1332855000,91.66,91.66,91.64002,91.64002,185027
2012-03-28,1332941400,91.64002,91.66,91.64002,91.66,55793
2012-03-29,1333027800,91.64002,91.66,91.64002,91.64002,131023
2012-03-30,1333114200,91.64002,91.66,91.64002,91.64002,102238
2012-04-02,1333373400,91.64002,91.66,91.62,91.62,778233
2012-04-03,1333459800,91.62,91.64002,91.62,91.64002,871064
2012-04-04,1333546200,91.64002,91.64002,91.62,91.62,319833
2012-04-05,1333632600,91.64002,91.66,91.64002,91.64002,381092
2012-04-09,1333978200,91.64002,91.66,91.64002,91.66,1135990
2012-04-10,1334064600,91.64002,91.66,91.64002,91.66,520184
2012-04-11,1334151000,91.64002,91.66,91.64002,91.66,1014224
2012-04-12,1334237400,91.66,91.66,91.64002,91.64002,1015400
2012-04-13,1334323800,91.62,91.64002,91.62,91.62,148506
2012-04-16,1334583000,91.64002,91.66,91.62,91.64002,617203
2012-04-17,1334669400,91.64002,91.66,91.64002,91.64002,174452
2012-04-18,1334755800,91.64002,91.66,91.64002,91.64002,77459
2012-04-19,1334842200,91.64002,91.66,91.64002,91.66,38286
2012-04-20,1334928600,91.66,91.66,91.64002,91.64002,58399
2012-04-23,1335187800,91.64002,91.66,91.64002,91.66,1436321
2012-04-24,1335274200,91.66,91.66,91.64002,91.66,271477
2012-04-25,1335360600,91.64002,91.66,91.64002,91.64002,415786
2012-04-26,1335447000,91.66,91.66,91.64002,91.65,68409
2012-04-27,1335533400,91.64002,91.66,91.64002,91.64002,100143
2012-04-30,1335792600,91.64002,91.66,91.64002,91.66,85885
2012-05-01,1335879000,91.64002,91.66,91.64002,91.66,219470
2012-05-02,1335965400,91.64002,91.66,91.64002,91.66,123277
2012-05-03,1336051800,91.64002,91.66,91.64002,91.64002,84779
2012-05-04,1336138200,91.64002,91.66,91.64002,91.64002,111334
2012-05-07,1336397400,91.64002,91.66,91.64002,91.66,257727
2012-05-08,1336483800,91.66,91.66,91.64002,91.66,282938
2012-05-09,1336570200,91.64002,91.66,91.64002,91.66,921239
2012-05-10,1336656600,91.64002,91.66,91.64002,91.66,457004
2012-05-11,1336743000,91.66,91.66,91.64002,91.66,128014
2012-05-14,1337002200,91.64002,91.66,91.64002,91.66,221022
2012-05-15,1337088600,91.64002,91.66,91.64002,91.66,528640
2012-05-16,1337175000,91.66,91.66,91.64002,91.66,103919
2012-05-17,1337261400,91.66,91.66,91.64002,91.66,346475
2012-05-18,1337347800,91.64002,91.66,91.64002,91.65,575394
2012-05-21,1337607000,91.64002,91.66,91.64002,91.66,1053986
2012-05-22,1337693400,91.64002,91.66,91.62,91.63,649072
2012-05-23,1337779800,91.62,91.64002,91.62,91.63,127962
2012-05-24,1337866200,91.62,91.66,91.62,91.66,1778857
2012-05-25,1337952600,91.64002,91.66,91.64002,91.66,730228
2012-05-29,1338298200,91.66,91.66,91.64002,91.66,150940
2012-05-30,1338384600,91.66,91.66,91.64002,91.6568,433492
2012-05-31,1338471000,91.66,91.66,91.64002,91.66,292523
2012-06-01,1338557400,91.66,91.66,91.64002,91.66,290645
2012-06-04,1338816600,91.66,91.66,91.64002,91.66,518198
2012-06-05,1338903000,91.64002,91.66,91.64002,91.66,383252
2012-06-06,1338989400,91.66,91.66,91.62,91.64002,753312
2012-06-07,1339075800,91.66,91.66,91.6202,91.64002,441478
2012-06-08,1339162200,91.64002,91.66,91.64002,91.64002,158898
2012-06-11,1339421400,91.64002,91.66,91.64002,91.64002,119767
2012-06-12,1339507800,91.66,91.66,91.64002,91.66,245932
2012-06-13,1339594200,91.64002,91.66,91.64002,91.66,59548
2012-06-14,1339680600,91.64002,91.66,91.64002,91.66,169428
2012-06-15,1339767000,91.64002,91.66,91.64002,91.64002,107369
2012-06-18,1340026200,91.66,91.66,91.64002,91.66,132252
2012-06-19,1340112600,91.66,91.66,91.62,91.62,831732
2012-06-20,1340199000,91.62,91.64002,91.62,91.62,124089
2012-06-21,1340285400,91.62,91.66,91.62,91.66,918084
2012-06-22,1340371800,91.64002,91.66,91.64002,91.64002,66949
2012-06-25,1340631000,91.64002,91.66,91.64002,91.66,788239
2012-06-26,1340717400,91.64002,91.66,91.64002,91.66,127901
2012-06-27,1340803800,91.64002,91.66,91.64002,91.64002,118521
2012-06-28,1340890200,91.66,91.66,91.64002,91.66,348823
2012-06-29,1340976600,91.64002,91.66,91.62,91.62,1110920
2012-07-02,1341235800,91.62,91.64002,91.62,91.62,873858
2012-07-03,1341322200,91.62,91.64002,91.62,91.62,313013
2012-07-05,1341495000,91.62,91.64002,91.62,91.62,1299191
2012-07-06,1341581400,91.64002,91.64002,91.62,91.62,134737
2012-07-09,1341840600,91.64002,91.64002,91.62,91.62,417394
2012-07-10,1341927000,91.62,91.64002,91.62,91.62,451441
2012-07-11,1342013400,91.62,91.64002,91.62,91.62,124903
2012-07-12,1342099800,91.62,91.64002,91.62,91.62,260686
2012-07-13,1342186200,91.62,91.64002,91.62,91.64002,159745
2012-07-16,1342445400,91.62,91.64002,91.62,91.62,97988
2012-07-17,1342531800,91.62,91.64002,91.62,91.63,46504
2012-07-18,1342618200,91.64002,91.64002,91.62,91.62,108463
2012-07-19,1342704600,91.64002,91.64002,91.62,91.64002,160327
2012-07-20,1342791000,91.62,91.64002,91.62,91.62,121734
2012-07-23,1343050200,91.63378,91.64002,91.62,91.62,144517
2012-07-24,1343136600,91.62,91.64002,91.62,91.64002,225261
2012-07-25,1343223000,91.64002,91.66,91.62,91.65,1505730
2012-07-26,1343309400,91.64002,91.66,91.64002,91.64002,424847
2012-07-27,1343395800,91.64002,91.66,91.64002,91.66,179401
2012-07-30,1343655000,91.66,91.66,91.64002,91.66,372104
2012-07-31,1343741400,91.62,91.64002,91.62,91.62,150875
2012-08-01,1343827800,91.66,91.66,91.64002,91.64002,699726
2012-08-02,1343914200,91.64002,91.66,91.64002,91.64002,105577
2012-08-03,1344000600,91.64002,91.66,91.64002,91.64002,123325
2012-08-06,1344259800,91.64002,91.66,91.64002,91.66,208511
2012-08-07,1344346200,91.64002,91.66,91.62,91.64002,545294
2012-08-08,1344432600,91.64002,91.64002,91.62,91.62,205623
2012-08-09,1344519000,91.62,91.64002,91.62,91.62,65384
2012-08-10,1344605400,91.62,91.64002,91.62,91.62,246783
2012-08-13,1344864600,91.64002,91.64002,91.62,91.62,1007868
2012-08-14,1344951000,91.62,91.64002,91.62,91.62,179203
2012-08-15,1345037400,91.62,91.64002,91.62,91.62,85150
2012-08-16,1345123800,91.62,91.64002,91.62,91.62,538458
2012-08-17,1345210200,91.62,91.64002,91.62,91.62,190036
2012-08-20,1345469400,91.62,91.64002,91.62,91.62,116363
2012-08-21,1345555800,91.62,91.64002,91.62,91.62,152541
2012-08-22,1345642200,91.62,91.64002,91.62,91.62,102832
2012-08-23,1345728600,91.62,91.64002,91.62,91.62,134185
2012-08-24,1345815000,91.64002,91.64002,91.62,91.62,131151
2012-08-27,1346074200,91.62,91.64002,91.62,91.62,101274
2012-08-28,1346160600,91.62,91.64002,91.62,91.63,99489
2012-08-29,1346247000,91.62,91.64002,91.62,91.62,72341
2012-08-30,1346333400,91.64002,91.64002,91.62,91.62,137295
2012-08-31,1346419800,91.62,91.64002,91.62,91.63,183444
2012-09-04,1346765400,91.62,91.64002,91.62,91.62,122839
2012-09-05,1346851800,91.64002,91.64002,91.62,91.64002,357777
2012-09-06,1346938200,91.62,91.64002,91.62,91.64002,133514
2012-09-07,1347024600,91.62,91.64002,91.62,91.625,580841
2012-09-10,1347283800,91.62,91.64002,91.62,91.62,430658
2012-09-11,1347370200,91.64002,91.64002,91.62,91.62,49873
2012-09-12,1347456600,91.62,91.64002,91.62,91.62,192724
2012-09-13,1347543000,91.62,91.64002,91.62,91.62,553011
2012-09-14,1347629400,91.62,91.64002,91.62,91.62,97073
2012-09-17,1347888600,91.62,91.64002,91.62,91.62,141692
2012-09-18,1347975000,91.64002,91.64002,91.62,91.62,1879282
2012-09-19,1348061400,91.62,91.64002,91.62,91.62,178085
2012-09-20,1348147800,91.62,91.64002,91.62,91.62,229496
2012-09-21,1348234200,91.62,91.64002,91.62,91.63,1148714
2012-09-24,1348493400,91.64002,91.64002,91.62,91.62,123927
2012-09-25,1348579800,91.62,91.64002,91.62,91.62,276637
2012-09-26,1348666200,91.62,91.64002,91.62,91.63,150890
2012-09-27,1348752600,91.62,91.64002,91.62,91.64002,137989
2012-09-28,1348839000,91.64002,91.64002,91.62,91.62,165612
2012-10-01,1349098200,91.62,91.64002,91.62,91.62,165097
2012-10-02,1349184600,91.62,91.64002,91.62,91.64002,92936
2012-10-03,1349271000,91.62,91.64002,91.62,91.62,138451
2012-10-04,1349357400,91.62,91.64002,91.62,91.63,738546
2012-10-05,1349443800,91.64002,91.64002,91.62,91.62,541617
2012-10-08,1349703000,91.64002,91.64002,91.62,91.62,273763
2012-10-09,1349789400,91.62,91.64002,91.62,91.62,287412
2012-10-10,1349875800,91.62,91.64002,91.62,91.64002,253554
2012-10-11,1349962200,91.62,91.64002,91.62,91.64002,69863
2012-10-12,1350048600,91.64002,91.64002,91.62,91.62,189636
2012-10-15,1350307800,91.62,91.64002,91.62,91.64002,131796
2012-10-16,1350394200,91.62,91.64002,91.62,91.62,134753
2012-10-17,1350480600,91.62,91.64002,91.62,91.64002,48645
2012-10-18,1350567000,91.62,91.64002,91.62,91.62,96976
2012-10-19,1350653400,91.64002,91.64002,91.62,91.62,199479
2012-10-22,1350912600,91.62,91.64002,91.62,91.63,78560
2012-10-23,1350999000,91.64002,91.64002,91.62,91.64002,965626
2012-10-24,1351085400,91.62,91.64002,91.62,91.64002,183407
2012-10-25,1351171800,91.62,91.64002,91.62,91.63,223316
2012-10-26,1351258200,91.64002,91.64002,91.62,91.62658,45553
2012-10-31,1351690200,91.62,91.64002,91.62,91.64002,395321
2012-11-01,1351776600,91.64002,91.64002,91.62,91.64002,66507
2012-11-02,1351863000,91.64002,91.64002,91.62,91.64002,378393
2012-11-05,1352125800,91.62,91.64002,91.62,91.62,527968
2012-11-06,1352212200,91.62,91.64002,91.62,91.63,106473
2012-11-07,1352298600,91.62,91.64002,91.62,91.64002,1984602
2012-11-08,1352385000,91.64002,91.64002,91.62,91.64002,452735
2012-11-09,1352471400,91.62,91.64002,91.62,91.64002,1463209
2012-11-12,1352730600,91.64002,91.64002,91.62,91.64002,376618
2012-11-13,1352817000,91.62,91.64002,91.62,91.64002,2434998
2012-11-14,1352903400,91.62,91.64002,91.62,91.64002,312864
2012-11-15,1352989800,91.62,91.64002,91.62,91.64002,304444
2012-11-16,1353076200,91.62,91.64002,91.62,91.6398,148597
2012-11-19,1353335400,91.62,91.64002,91.62,91.64002,133647
2012-11-20,1353421800,91.62,91.64002,91.62,91.63,64901
2012-11-21,1353508200,91.62,91.64002,91.62,91.62,69776
2012-11-23,1353681000,91.62,91.64002,91.62,91.62,52875
2012-11-26,1353940200,91.62,91.64002,91.62,91.63,594664
2012-11-27,1354026600,91.62,91.64002,91.62,91.63,213124
2012-11-28,1354113000,91.62,91.64002,91.62,91.62,63949
2012-11-29,1354199400,91.62,91.64002,91.62,91.62,1176737
2012-11-30,1354285800,91.64002,91.64002,91.62,91.62,701307
2012-12-03,1354545000,91.62,91.64002,91.62,91.62,693960
2012-12-04,1354631400,91.64002,91.64002,91.62,91.62,217119
2012-12-05,1354717800,91.62,91.64002,91.62,91.62,141716
2012-12-06,1354804200,91.62,91.64002,91.62,91.62,137184
2012-12-07,1354890600,91.62,91.64002,91.62,91.62,376401
2012-12-10,1355149800,91.62,91.64002,91.62,91.62,356461
2012-12-11,1355236200,91.62,91.64002,91.62,91.62,308800
2012-12-12,1355322600,91.62,91.64002,91.62,91.62,269942
2012-12-13,1355409000,91.62,91.64002,91.62,91.62,151655
2012-12-14,1355495400,91.64002,91.64002,91.62,91.62,163337
2012-12-17,1355754600,91.62,91.64002,91.62,91.62,665256
2012-12-18,1355841000,91.62,91.64002,91.62,91.64002,254177
2012-12-19,1355927400,91.62,91.64002,91.62,91.62,150525
2012-12-20,1356013800,91.62,91.64002,91.62,91.62,189552
2012-12-21,1356100200,91.62,91.64002,91.62,91.62,153380
2012-12-24,1356359400,91.64002,91.64002,91.62,91.62,107447
2012-12-26,1356532200,91.62,91.64002,91.62,91.62,84963
2012-12-27,1356618600,91.64002,91.64002,91.62,91.63,62060
2012-12-28,1356705000,91.62,91.64002,91.62,91.64002,213329
2012-12-31,1356964200,91.64002,91.64002,91.62,91.62,373685
2013-01-02,1357137000,91.62,91.64002,91.62,91.62,1277899
2013-01-03,1357223400,91.64002,91.64002,91.62,91.62,294480
2013-01-04,1357309800,91.62,91.64002,91.62,91.64002,192676
2013-01-07,1357569000,91.6,91.62,91.6,91.6,179619
2013-01-08,1357655400,91.62,91.62,91.6,91.6,106602
2013-01-09,1357741800,91.6,91.62,91.6,91.6,197383
2013-01-10,1357828200,91.6,91.62,91.6,91.6,81076
2013-01-11,1357914600,91.62,91.62,91.6,91.6,58718
2013-01-14,1358173800,91.62,91.62,91.6,91.6,87226
2013-01-15,1358260200,91.6,91.62,91.6,91.6,72384
2013-01-16,1358346600,91.6,91.62,91.6,91.604,417529
2013-01-17,1358433000,91.6,91.62,91.6,91.62,739522
2013-01-18,1358519400,91.62,91.62,91.6,91.6,279379
2013-01-22,1358865000,91.6,91.62,91.6,91.6,139471
2013-01-23,1358951400,91.6,91.62,91.6,91.6,150228
2013-01-24,1359037800,91.6,91.62,91.6,91.60998,2557824
2013-01-25,1359124200,91.6,91.62,91.6,91.6,188751
2013-01-28,1359383400,91.6,91.62,91.6,91.6,285451
2013-01-29,1359469800,91.62,91.62,91.6,91.6,85258
2013-01-30,1359556200,91.6,91.62,91.6,91.6,160722
2013-01-31,1359642600,91.62,91.62,91.6,91.62,168412
2013-02-01,1359729000,91.6,91.62,91.6,91.6,171605
2013-02-04,1359988200,91.6,91.62,91.6,91.6,112511
2013-02-05,1360074600,91.6,91.62,91.6,91.62,165466
2013-02-06,1360161000,91.62,91.62,91.6,91.60998,282503
2013-02-07,1360247400,91.6,91.62,91.6,91.60998,50885
2013-02-08,1360333800,91.62,91.62,91.6,91.60998,579710
2013-02-11,1360593000,91.6,91.62,91.6,91.62,204956
2013-02-12,1360679400,91.62,91.62,91.6,91.62,195574
2013-02-13,1360765800,91.62,91.62,91.6,91.6,98284
2013-02-14,1360852200,91.6,91.62,91.6,91.62,116479
2013-02-15,1360938600,91.62,91.62,91.6,91.60018,51888
2013-02-19,1361284200,91.62,91.62,91.6,91.6,89170
2013-02-20,1361370600,91.62,91.62,91.6,91.60998,110415
2013-02-21,1361457000,91.62,91.62,91.6,91.6,290803
2013-02-22,1361543400,91.6,91.62,91.6,91.62,70768
2013-02-25,1361802600,91.62,91.62,91.6,91.6,125384
2013-02-26,1361889000,91.6,91.62,91.6,91.6,145247
2013-02-27,1361975400,91.6,91.62,91.6,91.62,101551
2013-02-28,1362061800,91.611,91.62,91.6,91.62,328476
2013-03-01,1362148200,91.62,91.62,91.6,91.62,67485
2013-03-04,1362407400,91.6,91.62,91.6,91.6,86676
2013-03-05,1362493800,91.6,91.62,91.6,91.62,133669
2013-03-06,1362580200,91.6,91.62,91.6,91.6,186762
2013-03-07,1362666600,91.6,91.62,91.6,91.616,58209
2013-03-08,1362753000,91.62,91.62,91.6,91.6,291364
2013-03-11,1363008600,91.6,91.62,91.6,91.60998,126659
2013-03-12,1363095000,91.6,91.62,91.6,91.6,159937
2013-03-13,1363181400,91.6,91.62,91.6,91.62,161268
2013-03-14,1363267800,91.62,91.62,91.6,91.62,105075
2013-03-15,1363354200,91.6,91.62,91.6,91.62,176761
2013-03-18,1363613400,91.62,91.62,91.6,91.6016,2238939
2013-03-19,1363699800,91.6,91.62,91.6,91.6,93512
2013-03-20,1363786200,91.6,91.62,91.6,91.6,140809
2013-03-21,1363872600,91.6,91.62,91.6,91.6,61609
2013-03-22,1363959000,91.6,91.62,91.6,91.62,83885
2013-03-25,1364218200,91.6,91.62,91.6,91.6,338538
2013-03-26,1364304600,91.62,91.62,91.6,91.62,119076
2013-03-27,1364391000,91.6,91.62,91.6,91.6,262849
2013-03-28,1364477400,91.6,91.62,91.6,91.62,97768
2013-04-01,1364823000,91.62,91.62,91.6,91.6,182055
2013-04-02,1364909400,91.62,91.62,91.6,91.62,139852
2013-04-03,1364995800,91.62,91.62,91.6,91.6,143342
2013-04-04,1365082200,91.6,91.62,91.6,91.6,91753
2013-04-05,1365168600,91.6,91.62,91.6,91.62,182239
2013-04-08,1365427800,91.62,91.62,91.6,91.62,113867
2013-04-09,1365514200,91.62,91.62,91.6,91.62,82286
2013-04-10,1365600600,91.62,91.62,91.6,91.62,74231
2013-04-11,1365687000,91.62,91.62,91.6,91.6,281865
2013-04-12,1365773400,91.62,91.62,91.6,91.62,91608
2013-04-15,1366032600,91.6,91.62,91.6,91.60998,146027
2013-04-16,1366119000,91.62,91.62,91.6,91.62,90329
2013-04-17,1366205400,91.6,91.62,91.6,91.62,73429
2013-04-18,1366291800,91.6,91.62,91.6,91.6,247061
2013-04-19,1366378200,91.62,91.62,91.6,91.62,90295
2013-04-22,1366637400,91.6,91.62,91.6,91.62,57202
2013-04-23,1366723800,91.6,91.62,91.6,91.62,355496
2013-04-24,1366810200,91.62,91.62,91.6,91.62,159893
2013-04-25,1366896600,91.6,91.62,91.6,91.6,104741
2013-04-26,1366983000,91.6,91.62,91.6,91.6,81452
2013-04-29,1367242200,91.62,91.62,91.6,91.6,117807
2013-04-30,1367328600,91.62,91.62,91.6,91.6,184415
2013-05-01,1367415000,91.6,91.62,91.6,91.6,704715
2013-05-02,1367501400,91.62,91.62,91.6,91.62,71777
2013-05-03,1367587800,91.62,91.62,91.6,91.6,263560
2013-05-06,1367847000,91.6,91.62,91.6,91.6,117296
2013-05-07,1367933400,91.6,91.62,91.6,91.6,51231
2013-05-08,1368019800,91.6,91.62,91.6,91.62,186715
2013-05-09,1368106200,91.6,91.62,91.6,91.60998,59758
2013-05-10,1368192600,91.6,91.62,91.6,91.6,77138
2013-05-13,1368451800,91.62,91.62,91.6,91.62,90678
2013-05-14,1368538200,91.62,91.62,91.6,91.6,441727
2013-05-15,1368624600,91.6,91.62,91.6,91.6,110114
2013-05-16,1368711000,91.62,91.62,91.6,91.6,163610
2013-05-17,1368797400,91.6,91.62,91.6,91.62,181572
2013-05-20,1369056600,91.6,91.62,91.6,91.6,239049
2013-05-21,1369143000,91.62,91.62,91.6,91.62,113064
2013-05-22,1369229400,91.6,91.62,91.6,91.62,120963
2013-05-23,1369315800,91.62,91.62,91.6,91.62,434304
2013-05-24,1369402200,91.62,91.62,91.6,91.62,55200
2013-05-28,1369747800,91.6,91.62,91.6,91.6,110259
2013-05-29,1369834200,91.62,91.62,91.6,91.62,230718
2013-05-30,1369920600,91.6,91.62,91.6,91.6,92433
2013-05-31,1370007000,91.6,91.62,91.6,91.62,1031037
2013-06-03,1370266200,91.6,91.62,91.6,91.62,453406
2013-06-04,1370352600,91.6,91.62,91.6,91.62,147154
2013-06-05,1370439000,91.6,91.62,91.6,91.62,123107
2013-06-06,1370525400,91.62,91.62,91.57998,91.6,2841771
2013-06-07,1370611800,91.57998,91.62,91.57998,91.62,275000
2013-06-10,1370871000,91.62,91.62,91.6,91.6,212797
2013-06-11,1370957400,91.62,91.62,91.6,91.60998,160328
2013-06-12,1371043800,91.62,91.62,91.6,91.6,490029
2013-06-13,1371130200,91.6,91.62,91.6,91.62,2133154
2013-06-14,1371216600,91.6,91.62,91.6,91.6,350334
2013-06-17,1371475800,91.6,91.62,91.6,91.6,105123
2013-06-18,1371562200,91.6,91.62,91.6,91.6,169662
2013-06-19,1371648600,91.62,91.62,91.6,91.6,116198
2013-06-20,1371735000,91.62,91.62,91.6,91.6,1520378
2013-06-21,1371821400,91.62,91.62,91.6,91.62,444063
2013-06-24,1372080600,91.6,91.62,91.6,91.60998,384481
2013-06-25,1372167000,91.6,91.62,91.6,91.62,3208472
2013-06-26,1372253400,91.6,91.62,91.6,91.62,473568
2013-06-27,1372339800,91.62,91.62,91.6,91.6,185221
2013-06-28,1372426200,91.62,91.62,91.57998,91.6,1420725
2013-07-01,1372685400,91.6,91.62,91.6,91.62,437199
2013-07-02,1372771800,91.62,91.62,91.6,91.6,378286
2013-07-03,1372858200,91.6102,91.62,91.6,91.62,208087
2013-07-05,1373031000,91.6138,91.62,91.6,91.62,342266
2013-07-08,1373290200,91.6,91.62,91.57998,91.57998,152259
2013-07-09,1373376600,91.57998,91.62,91.57998,91.57998,631594
2013-07-10,1373463000,91.57998,91.6,91.57998,91.57998,239343
2013-07-11,1373549400,91.57998,91.6,91.57998,91.57998,790016
2013-07-12,1373635800,91.57998,91.6,91.57998,91.57998,254548
2013-07-15,1373895000,91.57998,91.6,91.57998,91.57998,298665
2013-07-16,1373981400,91.6,91.6,91.57998,91.57998,146022
2013-07-17,1374067800,91.6,91.6,91.57998,91.57998,156571
2013-07-18,1374154200,91.6,91.6,91.57998,91.6,168665
2013-07-19,1374240600,91.57998,91.6,91.57998,91.6,85507
2013-07-22,1374499800,91.6,91.6,91.57998,91.6,421516
2013-07-23,1374586200,91.57998,91.6,91.57998,91.6,92888
2013-07-24,1374672600,91.6,91.62,91.57998,91.62,747200
2013-07-25,1374759000,91.6,91.62,91.57998,91.57998,149535
2013-07-26,1374845400,91.62,91.62,91.57998,91.59,378548
2013-07-29,1375104600,91.57998,91.6,91.57998,91.6,160611
2013-07-30,1375191000,91.57998,91.6,91.57998,91.57998,172422
2013-07-31,1375277400,91.6,91.6,91.57998,91.6,238777
2013-08-01,1375363800,91.57998,91.6,91.57998,91.57998,207459
2013-08-02,1375450200,91.57998,91.6,91.57998,91.6,273817
2013-08-05,1375709400,91.6,91.6,91.57998,91.6,149881
2013-08-06,1375795800,91.6,91.6,91.57998,91.6,89292
2013-08-07,1375882200,91.6,91.6,91.57998,91.57998,97094
2013-08-08,1375968600,91.57998,91.6,91.57998,91.57998,112033
2013-08-09,1376055000,91.57998,91.6,91.57998,91.59,172674
2013-08-12,1376314200,91.6,91.6,91.57998,91.6,118536
2013-08-13,1376400600,91.6,91.6,91.57998,91.6,60495
2013-08-14,1376487000,91.57998,91.6,91.57998,91.6,131376
2013-08-15,1376573400,91.6,91.6,91.57998,91.6,668494
2013-08-16,1376659800,91.6,91.6,91.57998,91.6,491953
2013-08-19,1376919000,91.6,91.6,91.57998,91.57998,233618
2013-08-20,1377005400,91.6,91.6,91.57998,91.6,207663
2013-08-21,1377091800,91.57998,91.6,91.57998,91.6,244306
2013-08-22,1377178200,91.6,91.6,91.57998,91.57998,240871
2013-08-23,1377264600,91.6,91.6,91.57998,91.6,86036
2013-08-26,1377523800,91.57998,91.6,91.57998,91.57998,249799
2013-08-27,1377610200,91.6,91.6,91.57998,91.57998,231238
2013-08-28,1377696600,91.57998,91.6,91.57998,91.57998,77970
2013-08-29,1377783000,91.6,91.6,91.57998,91.6,133937
2013-08-30,1377869400,91.57998,91.6,91.57998,91.6,500900
2013-09-03,1378215000,91.57998,91.6,91.57998,91.6,370914
2013-09-04,1378301400,91.57998,91.6,91.57998,91.6,206504
2013-09-05,1378387800,91.57998,91.6,91.57998,91.6,527005
2013-09-06,1378474200,91.57998,91.6,91.57998,91.6,265502
2013-09-09,1378733400,91.6,91.6,91.56,91.57,903174
2013-09-10,1378819800,91.6,91.6,91.57998,91.57998,275956
2013-09-11,1378906200,91.6,91.6,91.57998,91.57998,417222
2013-09-12,1378992600,91.6,91.6,91.57998,91.57998,97143
2013-09-13,1379079000,91.6,91.6,91.57998,91.59,355274
2013-09-16,1379338200,91.57998,91.6,91.57998,91.57998,185172
2013-09-17,1379424600,91.57998,91.6,91.57998,91.57998,158052
2013-09-18,1379511000,91.57998,91.6,91.57998,91.6,295730
2013-09-19,1379597400,91.57998,91.6,91.57998,91.6,206188
2013-09-20,1379683800,91.6,91.6,91.57998,91.57998,647574
2013-09-23,1379943000,91.57998,91.6,91.57998,91.57998,191279
2013-09-24,1380029400,91.6,91.6,91.57998,91.57998,160601
2013-09-25,1380115800,91.57998,91.6,91.57998,91.57998,83143
2013-09-26,1380202200,91.6,91.6,91.57998,91.57998,102073
2013-09-27,1380288600,91.57998,91.6,91.57998,91.57998,247321
2013-09-30,1380547800,91.57998,91.6,91.57998,91.57998,480963
2013-10-01,1380634200,91.6,91.6,91.56,91.6,2341054
2013-10-02,1380720600,91.6,91.6,91.57998,91.59,185017
2013-10-03,1380807000,91.6,91.6,91.57998,91.6,1240563
2013-10-04,1380893400,91.57998,91.6,91.57998,91.6,283783
2013-10-07,1381152600,91.6,91.6,91.57998,91.6,202975
2013-10-08,1381239000,91.57998,91.6,91.57998,91.59,215865
2013-10-09,1381325400,91.56,91.57998,91.56,91.57,325124
2013-10-10,1381411800,91.56,91.57998,91.56,91.56,939608
2013-10-11,1381498200,91.57998,91.57998,91.54,91.54,6366771
2013-10-14,1381757400,91.54,91.56,91.54,91.54,150483
2013-10-15,1381843800,91.56,91.56,91.54,91.54,562639
2013-10-16,1381930200,91.54,91.57998,91.54,91.56,945485
2013-10-17,1382016600,91.57998,91.57998,91.56,91.56,140366
2013-10-18,1382103000,91.56,91.57998,91.56,91.57998,197439
2013-10-21,1382362200,91.57998,91.57998,91.56,91.57998,215553
2013-10-22,1382448600,91.56,91.57998,91.56,91.57,100191
2013-10-23,1382535000,91.57998,91.57998,91.56,91.57998,259973
2013-10-24,1382621400,91.56,91.57998,91.56,91.56,149025
2013-10-25,1382707800,91.56,91.57998,91.56,91.57998,69646
2013-10-28,1382967000,91.56,91.58,91.56,91.58,88414
2013-10-29,1383053400,91.56,91.58,91.56,91.56,873696
2013-10-30,1383139800,91.56,91.58,91.56,91.56,399450
2013-10-31,1383226200,91.58,91.58,91.56,91.56,143916
2013-11-01,1383312600,91.58,91.58,91.56,91.56,539726
2013-11-04,1383575400,91.56,91.58,91.56,91.56,138084
2013-11-05,1383661800,91.58,91.58,91.56,91.56,85125
2013-11-06,1383748200,91.58,91.58,91.56,91.57,502803
2013-11-07,1383834600,91.56,91.58,91.56,91.56,156348
2013-11-08,1383921000,91.58,91.58,91.56,91.56,295979
2013-11-11,1384180200,91.56,91.58,91.56,91.58,125482
2013-11-12,1384266600,91.58,91.58,91.56,91.58,129585
2013-11-13,1384353000,91.56,91.58,91.56,91.58,117481
2013-11-14,1384439400,91.58,91.58,91.56,91.56,156689
2013-11-15,1384525800,91.58,91.58,91.56,91.56,91932
2013-11-18,1384785000,91.56,91.58,91.56,91.56,180216
2013-11-19,1384871400,91.56,91.58,91.56,91.56,93761
2013-11-20,1384957800,91.58,91.58,91.56,91.56,108321
2013-11-21,1385044200,91.58,91.58,91.56,91.58,287770
2013-11-22,1385130600,91.56,91.58,91.56,91.56,384995
2013-11-25,1385389800,91.58,91.58,91.56,91.56,630854
2013-11-26,1385476200,91.56,91.58,91.56,91.56,62525
2013-11-27,1385562600,91.58,91.58,91.56,91.58,145915
2013-11-29,1385735400,91.58,91.58,91.54,91.54,465771
2013-12-02,1385994600,91.56,91.58,91.56,91.56,187781
2013-12-03,1386081000,91.56,91.58,91.56,91.57,312867
2013-12-04,1386167400,91.58,91.58,91.56,91.58,329317
2013-12-05,1386253800,91.58,91.58,91.56,91.57,139785
2013-12-06,1386340200,91.58,91.58,91.56,91.58,188726
2013-12-09,1386599400,91.56,91.58,91.56,91.58,224303
2013-12-10,1386685800,91.56,91.58,91.56,91.56,66419
2013-12-11,1386772200,91.56,91.58,91.56,91.5768,95014
2013-12-12,1386858600,91.58,91.58,91.56,91.58,1124647
2013-12-13,1386945000,91.58,91.58,91.56,91.57,75845
2013-12-16,1387204200,91.58,91.58,91.56,91.56,412596
2013-12-17,1387290600,91.56,91.58,91.56,91.56,112380
2013-12-18,1387377000,91.56,91.58,91.56,91.58,114381
2013-12-19,1387463400,91.56,91.58,91.56,91.58,1356749
2013-12-20,1387549800,91.58,91.58,91.54,91.56,715803
2013-12-23,1387809000,91.56,91.58,91.56,91.56,284683
2013-12-24,1387895400,91.54,91.56,91.54,91.56,111324
2013-12-26,1388068200,91.58,91.58,91.56,91.56,81319
2013-12-27,1388154600,91.58,91.58,91.56,91.57,150599
2013-12-30,1388413800,91.58,91.58,91.56,91.57,83628
2013-12-31,1388500200,91.54,91.58,91.54,91.54,209283
2014-01-02,1388673000,91.54,91.56,91.54,91.54,265882
2014-01-03,1388759400,91.56,91.56,91.54,91.56,85851
2014-01-06,1389018600,91.54,91.56,91.54,91.54,166218
2014-01-07,1389105000,91.54,91.56,91.54,91.56,214691
2014-01-08,1389191400,91.56,91.56,91.54,91.55,120572
2014-01-09,1389277800,91.54,91.56,91.54,91.54,140681
2014-01-10,1389364200,91.56,91.56,91.54,91.56,100051
2014-01-13,1389623400,91.56,91.56,91.54,91.55,173528
2014-01-14,1389709800,91.54,91.56,91.54,91.56,188482
2014-01-15,1389796200,91.54,91.56,91.54,91.55,121490
2014-01-16,1389882600,91.56,91.56,91.54,91.56,176249
2014-01-17,1389969000,91.56,91.56,91.54,91.54,600433
2014-01-21,1390314600,91.54,91.56,91.54,91.56,216363
2014-01-22,1390401000,91.54,91.56,91.54,91.55,154410
2014-01-23,1390487400,91.54,91.56,91.54,91.55,174597
2014-01-24,1390573800,91.54,91.56,91.54,91.54,141677
2014-01-27,1390833000,91.54,91.56,91.54,91.54,332721
2014-01-28,1390919400,91.56,91.56,91.54,91.54,480165
2014-01-29,1391005800,91.54,91.56,91.54,91.56,146371
2014-01-30,1391092200,91.56,91.56,91.54,91.56,170055
2014-01-31,1391178600,91.56,91.56,91.54,91.54,336223
2014-02-03,1391437800,91.56,91.56,91.54,91.54,1180466
2014-02-04,1391524200,91.56,91.56,91.54,91.56,1322326
2014-02-05,1391610600,91.54,91.56,91.54,91.54,157631
2014-02-06,1391697000,91.54,91.56,91.54,91.54,253150
2014-02-07,1391783400,91.54,91.56,91.54,91.56,434316
2014-02-10,1392042600,91.54,91.56,91.52,91.53,1369130
2014-02-11,1392129000,91.52,91.56,91.52,91.54,915230
2014-02-12,1392215400,91.54,91.56,91.54,91.56,148041
2014-02-13,1392301800,91.54,91.56,91.54,91.56,471642
2014-02-14,1392388200,91.54,91.56,91.54,91.56,139630
2014-02-18,1392733800,91.56,91.56,91.54,91.54,303544
2014-02-19,1392820200,91.56,91.56,91.54,91.56,140083
2014-02-20,1392906600,91.54,91.56,91.54,91.56,240773
2014-02-21,1392993000,91.54,91.56,91.54,91.54,298054
2014-02-24,1393252200,91.54,91.56,91.54,91.56,613691
2014-02-25,1393338600,91.56,91.56,91.54,91.56,178000
2014-02-26,1393425000,91.54,91.56,91.54,91.55,87712
2014-02-27,1393511400,91.54,91.56,91.54,91.54,95313
2014-02-28,1393597800,91.54,91.56,91.54,91.56,167372
2014-03-03,1393857000,91.54,91.56,91.54,91.56,858472
2014-03-04,1393943400,91.54,91.56,91.54,91.54,490123
2014-03-05,1394029800,91.54,91.56,91.54,91.56,163594
2014-03-06,1394116200,91.54,91.56,91.54,91.56,159574
2014-03-07,1394202600,91.54,91.56,91.54,91.54,90565
2014-03-10,1394458200,91.54,91.56,91.54,91.54,293462
2014-03-11,1394544600,91.54,91.56,91.54,91.54,42257
2014-03-12,1394631000,91.54,91.56,91.54,91.54,115067
2014-03-13,1394717400,91.54,91.56,91.54,91.54,74728
2014-03-14,1394803800,91.54,91.56,91.54,91.54,1176050
2014-03-17,1395063000,91.54,91.56,91.54,91.54,504744
2014-03-18,1395149400,91.54,91.56,91.54,91.54,106406
2014-03-19,1395235800,91.54,91.56,91.54,91.5598,97953
2014-03-20,1395322200,91.54,91.56,91.54,91.54,71636
2014-03-21,1395408600,91.56,91.56,91.54,91.56,138217
2014-03-24,1395667800,91.54,91.56,91.54,91.56,254332
2014-03-25,1395754200,91.56,91.56,91.54,91.56,73600
2014-03-26,1395840600,91.56,91.56,91.54,91.54,874318
2014-03-27,1395927000,91.54,91.56,91.54,91.54,66095
2014-03-28,1396013400,91.54,91.56,91.54,91.54,195515
2014-03-31,1396272600,91.56,91.56,91.54,91.54,425910
2014-04-01,1396359000,91.54,91.56,91.54,91.54,1279352
2014-04-02,1396445400,91.54,91.56,91.54,91.54,455218
2014-04-03,1396531800,91.54,91.56,91.54,91.56,131733
2014-04-04,1396618200,91.54,91.56,91.54,91.54,80728
2014-04-07,1396877400,91.54,91.56,91.54,91.54,1296303
2014-04-08,1396963800,91.56,91.56,91.54,91.54,402037
2014-04-09,1397050200,91.54,91.56,91.54,91.54,99615
2014-04-10,1397136600,91.54,91.56,91.54,91.54,65994
2014-04-11,1397223000,91.54,91.56,91.54,91.54,166603
2014-04-14,1397482200,91.54,91.56,91.54,91.54,299614
2014-04-15,1397568600,91.54,91.56,91.54,91.54,226824
2014-04-16,1397655000,91.54,91.56,91.54,91.54,88365
2014-04-17,1397741400,91.56,91.56,91.54,91.56,136850
2014-04-21,1398087000,91.52,91.54,91.52,91.53,127046
2014-04-22,1398173400,91.52,91.54,91.52,91.52,92536
2014-04-23,1398259800,91.54,91.54,91.52,91.53,188493
2014-04-24,1398346200,91.52,91.54,91.52,91.54,262250
2014-04-25,1398432600,91.52,91.54,91.52,91.53,110904
2014-04-28,1398691800,91.54,91.56,91.54,91.54,81103
2014-04-29,1398778200,91.56,91.56,91.54,91.54,101073
2014-04-30,1398864600,91.54,91.56,91.54,91.54,230591
2014-05-01,1398951000,91.54,91.54,91.52,91.52,152938
2014-05-02,1399037400,91.52,91.54,91.52,91.53,71857
2014-05-05,1399296600,91.52,91.54,91.52,91.54,164597
2014-05-06,1399383000,91.54,91.54,91.52,91.52,74805
2014-05-07,1399469400,91.52,91.54,91.52,91.52,75904
2014-05-08,1399555800,91.5398,91.54,91.52,91.52,125318
2014-05-09,1399642200,91.52,91.54,91.52,91.54,71673
2014-05-12,1399901400,91.52,91.54,91.52,91.52,896240
2014-05-13,1399987800,91.52,91.54,91.52,91.53,173433
2014-05-14,1400074200,91.52,91.54,91.52,91.54,217879
2014-05-15,1400160600,91.52,91.54,91.52,91.53,192986
2014-05-16,1400247000,91.52,91.54,91.52,91.54,62542
2014-05-19,1400506200,91.52,91.54,91.52,91.54,265740
2014-05-20,1400592600,91.52,91.54,91.52,91.54,94860
2014-05-21,1400679000,91.54,91.54,91.52,91.52,65451
2014-05-22,1400765400,91.52,91.54,91.52,91.52,130953
2014-05-23,1400851800,91.54,91.54,91.52,91.54,101492
2014-05-27,1401197400,91.52,91.54,91.52,91.52,86979
2014-05-28,1401283800,91.54,91.54,91.52,91.54,89279
2014-05-29,1401370200,91.54,91.54,91.52,91.52,90172
2014-05-30,1401456600,91.52,91.54,91.52,91.54,212984
2014-06-02,1401715800,91.52,91.54,91.52,91.52,65987
2014-06-03,1401802200,91.52,91.54,91.52,91.52,135946
2014-06-04,1401888600,91.54,91.54,91.52,91.52,157997
2014-06-05,1401975000,91.54,91.54,91.52,91.52,147978
2014-06-06,1402061400,91.54,91.54,91.52,91.52,142940
2014-06-09,1402320600,91.52,91.54,91.52,91.54,80626
2014-06-10,1402407000,91.52,91.54,91.52,91.54,153770
2014-06-11,1402493400,91.52,91.54,91.52,91.52,64075
2014-06-12,1402579800,91.52,91.54,91.52,91.5338,96356
2014-06-13,1402666200,91.5,91.52,91.5,91.52,382656
2014-06-16,1402925400,91.5,91.54,91.5,91.54,601038
2014-06-17,1403011800,91.52,91.54,91.52,91.52,108481
2014-06-18,1403098200,91.52,91.54,91.52,91.54,205962
2014-06-19,1403184600,91.52,91.54,91.52,91.54,75690
2014-06-20,1403271000,91.54,91.54,91.52,91.54,116849
2014-06-23,1403530200,91.52,91.54,91.52,91.54,143390
2014-06-24,1403616600,91.54,91.54,91.52,91.54,86908
2014-06-25,1403703000,91.52,91.54,91.52,91.52,56801
2014-06-26,1403789400,91.54,91.54,91.52,91.52,120601
2014-06-27,1403875800,91.54,91.54,91.52,91.54,210547
2014-06-30,1404135000,91.52,91.54,91.52,91.52,89303
2014-07-01,1404221400,91.52,91.54,91.52,91.54,145628
2014-07-02,1404307800,91.52,91.54,91.52,91.54,217785
2014-07-03,1404394200,91.52,91.54,91.52,91.52,74107
2014-07-07,1404739800,91.52,91.54,91.52,91.54,357206
2014-07-08,1404826200,91.54,91.54,91.52,91.54,230920
2014-07-09,1404912600,91.54,91.54,91.52,91.52,84157
2014-07-10,1404999000,91.52,91.54,91.52,91.52,444408
2014-07-11,1405085400,91.52,91.54,91.5,91.52,63333
2014-07-14,1405344600,91.52,91.52,91.5,91.52,137462
2014-07-15,1405431000,91.5,91.52,91.5,91.51,122135
2014-07-16,1405517400,91.5,91.52,91.5,91.52,89259
2014-07-17,1405603800,91.5,91.52,91.5,91.51,69446
2014-07-18,1405690200,91.52,91.52,91.5,91.5,99174
2014-07-21,1405949400,91.5,91.52,91.5,91.52,190314
2014-07-22,1406035800,91.52,91.52,91.5,91.5,347519
2014-07-23,1406122200,91.5,91.52,91.5,91.52,167394
2014-07-24,1406208600,91.52,91.52,91.5,91.52,441046
2014-07-25,1406295000,91.5,91.52,91.5,91.52,73170
2014-07-28,1406554200,91.5,91.52,91.5,91.52,73147
2014-07-29,1406640600,91.52,91.52,91.5,91.52,123882
2014-07-30,1406727000,91.52,91.52,91.5,91.52,48512
2014-07-31,1406813400,91.52,91.52,91.5,91.5,185043
2014-08-01,1406899800,91.52,91.52,91.5,91.52,809652
2014-08-04,1407159000,91.5,91.52,91.5,91.52,385760
2014-08-05,1407245400,91.5,91.52,91.5,91.5,175364
2014-08-06,1407331800,91.5,91.52,91.5,91.5,108558
2014-08-07,1407418200,91.5,91.52,91.5,91.52,115560
2014-08-08,1407504600,91.52,91.52,91.5,91.5,351597
2014-08-11,1407763800,91.52,91.52,91.5,91.5,475705
2014-08-12,1407850200,91.5,91.52,91.5,91.5,103959
2014-08-13,1407936600,91.5,91.52,91.5,91.52,234715
2014-08-14,1408023000,91.52,91.52,91.5,91.5,463713
2014-08-15,1408109400,91.52,91.52,91.5,91.52,222988
2014-08-18,1408368600,91.5,91.52,91.5,91.5,526838
2014-08-19,1408455000,91.5,91.52,91.5,91.52,502558
2014-08-20,1408541400,91.5,91.52,91.5,91.5,63651
2014-08-21,1408627800,91.5,91.52,91.5,91.52,214705
2014-08-22,1408714200,91.52,91.52,91.5,91.52,84069
2014-08-25,1408973400,91.5,91.52,91.5,91.52,587278
2014-08-26,1409059800,91.5,91.52,91.5,91.52,100355
2014-08-27,1409146200,91.5,91.52,91.5,91.5,348061
2014-08-28,1409232600,91.5,91.52,91.5,91.52,145077
2014-08-29,1409319000,91.5,91.52,91.5,91.52,66957
2014-09-02,1409664600,91.5,91.52,91.5,91.5,598382
2014-09-03,1409751000,91.5,91.52,91.5,91.52,39450
2014-09-04,1409837400,91.5,91.52,91.5,91.5,105260
2014-09-05,1409923800,91.52,91.52,91.5,91.52,105208
2014-09-08,1410183000,91.52,91.52,91.5,91.5,116702
2014-09-09,1410269400,91.5,91.52,91.5,91.5,64600
2014-09-10,1410355800,91.5,91.52,91.5,91.51,78334
2014-09-11,1410442200,91.5,91.52,91.5,91.5,70420
2014-09-12,1410528600,91.5,91.52,91.5,91.5,163740
2014-09-15,1410787800,91.5,91.52,91.5,91.5,143233
2014-09-16,1410874200,91.52,91.52,91.5,91.5,115404
2014-09-17,1410960600,91.52,91.52,91.5,91.5,359324
2014-09-18,1411047000,91.52,91.52,91.5,91.52,92080
2014-09-19,1411133400,91.5,91.52,91.5,91.52,146073
2014-09-22,1411392600,91.5,91.52,91.5,91.52,1013777
2014-09-23,1411479000,91.5,91.52,91.5,91.52,112085
2014-09-24,1411565400,91.52,91.52,91.5,91.52,65156
2014-09-25,1411651800,91.5,91.52,91.5,91.52,109706
2014-09-26,1411738200,91.5,91.52,91.5,91.52,54732
2014-09-29,1411997400,91.52,91.52,91.5,91.5,139611
2014-09-30,1412083800,91.5,91.52,91.5,91.52,251144
2014-10-01,1412170200,91.52,91.52,91.5,91.52,663434
2014-10-02,1412256600,91.5,91.52,91.5,91.52,269909
2014-10-03,1412343000,91.52,91.52,91.48,91.48,650114
2014-10-06,1412602200,91.48,91.5,91.48,91.48,237076
2014-10-07,1412688600,91.5,91.5,91.48,91.5,134131
2014-10-08,1412775000,91.5,91.5,91.48,91.5,147563
2014-10-09,1412861400,91.48,91.5,91.48,91.5,978266
2014-10-10,1412947800,91.48,91.5,91.48,91.5,581077
2014-10-13,1413207000,91.5,91.5,91.48,91.5,722254
2014-10-14,1413293400,91.48,91.5,91.48,91.48,424145
2014-10-15,1413379800,91.48,91.5,91.48,91.48,369582
2014-10-16,1413466200,91.5,91.5,91.48,91.5,601088
2014-10-17,1413552600,91.5,91.5,91.48,91.5,683327
2014-10-20,1413811800,91.5,91.51,91.48,91.5,4556619
2014-10-21,1413898200,91.5,91.5,91.48,91.48,2076600
2014-10-22,1413984600,91.48,91.5,91.48,91.5,1261132
2014-10-23,1414071000,91.48,91.5,91.48,91.48,218108
2014-10-24,1414157400,91.48,91.5,91.48,91.48,197176
2014-10-27,1414416600,91.48,91.5,91.48,91.48,1660871
2014-10-28,1414503000,91.49,91.5,91.48,91.48,2536018
2014-10-29,1414589400,91.49,91.5,91.48,91.5,725951
2014-10-30,1414675800,91.48,91.5,91.48,91.48,284928
2014-10-31,1414762200,91.48,91.5,91.48,91.5,1133194
2014-11-03,1415025000,91.5,91.5,91.48,91.48,9501179
2014-11-04,1415111400,91.48,91.5,91.48,91.49,322331
2014-11-05,1415197800,91.5,91.5,91.48,91.48,663095
2014-11-06,1415284200,91.5,91.5,91.48,91.5,407219
2014-11-07,1415370600,91.5,91.5,91.48,91.4834,114012
2014-11-10,1415629800,91.5,91.5,91.48,91.5,185557
2014-11-11,1415716200,91.48,91.5,91.48,91.5,128395
2014-11-12,1415802600,91.5,91.5,91.48,91.5,644984
2014-11-13,1415889000,91.5,91.5,91.48,91.48,245252
2014-11-14,1415975400,91.48,91.5,91.48,91.48,231885
2014-11-17,1416234600,91.5,91.5,91.48,91.5,126499
2014-11-18,1416321000,91.48,91.5,91.48,91.48,794675
2014-11-19,1416407400,91.5,91.5,91.48,91.48,272732
2014-11-20,1416493800,91.48,91.5,91.48,91.48,275988
2014-11-21,1416580200,91.48,91.5,91.48,91.48,292708
2014-11-24,1416839400,91.48,91.5,91.48,91.5,891544
2014-11-25,1416925800,91.48,91.5,91.48,91.5,208979
2014-11-26,1417012200,91.48,91.5,91.48,91.48,897091
2014-11-28,1417185000,91.48,91.5,91.48,91.5,383221
2014-12-01,1417444200,91.48,91.5,91.48,91.48,424598
2014-12-02,1417530600,91.5,91.5,91.48,91.48,179133
2014-12-03,1417617000,91.48,91.5,91.48,91.48,685872
2014-12-04,1417703400,91.48,91.48,91.46,91.48,298649
2014-12-05,1417789800,91.48,91.5,91.46,91.5,540688
2014-12-08,1418049000,91.5,91.5,91.48,91.49,511479
2014-12-09,1418135400,91.5,91.5,91.48,91.4802,672131
2014-12-10,1418221800,91.48,91.5,91.48,91.48,1242790
2014-12-11,1418308200,91.48,91.5,91.48,91.48,409413
2014-12-12,1418394600,91.48,91.5,91.46,91.5,1708079
2014-12-15,1418653800,91.5,91.5,91.46,91.46,1886216
2014-12-16,1418740200,91.48,91.48,91.46,91.46,1782467
2014-12-17,1418826600,91.5,91.5,91.46,91.46,2119953
2014-12-18,1418913000,91.46,91.48,91.46,91.48,3397240
2014-12-19,1418999400,91.46,91.48,91.46,91.46,692269
2014-12-22,1419258600,91.46,91.48,91.46,91.46,5710211
2014-12-23,1419345000,91.48,91.48,91.46,91.46,1548392
2014-12-24,1419431400,91.46,91.48,91.46,91.48,769028
2014-12-26,1419604200,91.46,91.48,91.46,91.46,147508
2014-12-29,1419863400,91.46,91.48,91.46,91.46,1374007
2014-12-30,1419949800,91.48,91.48,91.46,91.46,1417932
2014-12-31,1420036200,91.48,91.48,91.46,91.48,348109
2015-01-02,1420209000,91.46,91.48,91.46,91.46,340982
2015-01-05,1420468200,91.46,91.48,91.46,91.48,2518329
2015-01-06,1420554600,91.46,91.48,91.46,91.46,541250
2015-01-07,1420641000,91.48,91.48,91.46,91.46,153810
2015-01-08,1420727400,91.48,91.48,91.46,91.46,236432
2015-01-09,1420813800,91.48,91.48,91.46,91.46,109672
2015-01-12,1421073000,91.46,91.48,91.46,91.46,221023
2015-01-13,1421159400,91.48,91.48,91.46,91.46,517292
2015-01-14,1421245800,91.46,91.48,91.46,91.46,57475
2015-01-15,1421332200,91.46,91.48,91.46,91.46,270170
2015-01-16,1421418600,91.46,91.48,91.46,91.46,738943
2015-01-20,1421764200,91.46,91.48,91.46,91.46,629383
2015-01-21,1421850600,91.46,91.48,91.46,91.48,952387
2015-01-22,1421937000,91.46,91.48,91.46,91.46,1430973
2015-01-23,1422023400,91.46,91.48,91.46,91.48,508000
2015-01-26,1422282600,91.48,91.48,91.46,91.48,320616
2015-01-27,1422369000,91.46,91.48,91.46,91.48,191422
2015-01-28,1422455400,91.46,91.48,91.46,91.46,268893
2015-01-29,1422541800,91.44,91.48,91.44,91.46,554552
2015-01-30,1422628200,91.46,91.48,91.46,91.46,205699
2015-02-02,1422887400,91.48,91.48,91.46,91.46,3557487
2015-02-03,1422973800,91.46,91.48,91.46,91.48,266084
2015-02-04,1423060200,91.46,91.48,91.46,91.46,214178
2015-02-05,1423146600,91.46,91.48,91.46,91.46,414793
2015-02-06,1423233000,91.48,91.48,91.46,91.46,291738
2015-02-09,1423492200,91.46,91.46,91.44,91.44,147068
2015-02-10,1423578600,91.46,91.46,91.44,91.46,170448
2015-02-11,1423665000,91.44,91.46,91.44,91.44,493192
2015-02-12,1423751400,91.44,91.46,91.44,91.44,87110
2015-02-13,1423837800,91.44,91.46,91.44,91.46,383123
2015-02-17,1424183400,91.46,91.46,91.44,91.46,402424
2015-02-18,1424269800,91.46,91.46,91.44,91.46,143060
2015-02-19,1424356200,91.44,91.46,91.44,91.46,167205
2015-02-20,1424442600,91.44,91.46,91.44,91.44,145458
2015-02-23,1424701800,91.46,91.46,91.44,91.46,607673
2015-02-24,1424788200,91.44,91.46,91.44,91.44,330274
2015-02-25,1424874600,91.44,91.46,91.44,91.46,522858
2015-02-26,1424961000,91.44,91.46,91.44,91.44,167015
2015-02-27,1425047400,91.46,91.46,91.44,91.46,200447
2015-03-02,1425306600,91.44,91.46,91.44,91.44,462633
2015-03-03,1425393000,91.46,91.46,91.44,91.46,503183
2015-03-04,1425479400,91.44,91.46,91.44,91.46,124480
2015-03-05,1425565800,91.44,91.46,91.44,91.46,130439
2015-03-06,1425652200,91.44,91.46,91.44,91.44,262503
2015-03-09,1425907800,91.46,91.46,91.44,91.46,986471
2015-03-10,1425994200,91.46,91.46,91.44,91.46,232159
2015-03-11,1426080600,91.44,91.46,91.44,91.45,170034
2015-03-12,1426167000,91.46,91.46,91.44,91.44,812314
2015-03-13,1426253400,91.44,91.46,91.44,91.46,415639
2015-03-16,1426512600,91.44,91.46,91.44,91.46,491351
2015-03-17,1426599000,91.44,91.46,91.44,91.46,429340
2015-03-18,1426685400,91.44,91.46,91.44,91.45,672572
2015-03-19,1426771800,91.44,91.46,91.44,91.46,459725
2015-03-20,1426858200,91.44,91.46,91.44,91.46,183428
2015-03-23,1427117400,91.44,91.46,91.44,91.44,552402
2015-03-24,1427203800,91.44,91.46,91.44,91.46,590439
2015-03-25,1427290200,91.44,91.46,91.44,91.44,983274
2015-03-26,1427376600,91.44,91.46,91.44,91.44,782947
2015-03-27,1427463000,91.44,91.46,91.44,91.4482,254329
2015-03-30,1427722200,91.46,91.46,91.42,91.42,648391
2015-03-31,1427808600,91.42,91.46,91.42,91.46,704390
2015-04-01,1427895000,91.44,91.44,91.42,91.42,598039
2015-04-02,1427981400,91.42,91.44,91.42,91.44,126506
2015-04-06,1428327000,91.44,91.44,91.42,91.44,302546
2015-04-07,1428413400,91.46,91.46,91.44,91.46,128104
2015-04-08,1428499800,91.46,91.46,91.44,91.46,244912
2015-04-09,1428586200,91.44,91.46,91.42,91.44,257732
2015-04-10,1428672600,91.42,91.44,91.42,91.44,159809
2015-04-13,1428931800,91.42,91.44,91.42,91.42,84540
2015-04-14,1429018200,91.44,91.44,91.42,91.44,72509
2015-04-15,1429104600,91.42,91.44,91.42,91.42,105941
2015-04-16,1429191000,91.42,91.44,91.42,91.44,187446
2015-04-17,1429277400,91.42,91.44,91.42,91.42,182565
2015-04-20,1429536600,91.44,91.44,91.42,91.42,130501
2015-04-21,1429623000,91.42,91.44,91.42,91.44,125836
2015-04-22,1429709400,91.44,91.44,91.42,91.42,186368
2015-04-23,1429795800,91.42,91.44,91.42,91.42,132170
2015-04-24,1429882200,91.42,91.44,91.42,91.42,119594
2015-04-27,1430141400,91.42,91.44,91.42,91.44,79480
2015-04-28,1430227800,91.42,91.44,91.42,91.44,79656
2015-04-29,1430314200,91.44,91.44,91.42,91.44,182614
2015-04-30,1430400600,91.42,91.44,91.42,91.44,388630
2015-05-01,1430487000,91.42,91.44,91.42,91.42,365686
2015-05-04,1430746200,91.44,91.44,91.42,91.44,296228
2015-05-05,1430832600,91.44,91.44,91.42,91.44,326731
2015-05-06,1430919000,91.44,91.44,91.42,91.44,442562
2015-05-07,1431005400,91.44,91.44,91.42,91.42,112864
2015-05-08,1431091800,91.42,91.44,91.42,91.44,289751
2015-05-11,1431351000,91.42,91.44,91.42,91.42,1544130
2015-05-12,1431437400,91.42,91.44,91.42,91.44,72435
2015-05-13,1431523800,91.42,91.44,91.42,91.44,173612
2015-05-14,1431610200,91.42,91.44,91.42,91.42,175943
2015-05-15,1431696600,91.44,91.44,91.42,91.42,101670
2015-05-18,1431955800,91.44,91.44,91.42,91.42,135015
2015-05-19,1432042200,91.44,91.44,91.42,91.42,470264
2015-05-20,1432128600,91.42,91.44,91.42,91.42,119041
2015-05-21,1432215000,91.42,91.44,91.42,91.44,651747
2015-05-22,1432301400,91.42,91.44,91.42,91.43,152313
2015-05-26,1432647000,91.44,91.44,91.42,91.44,503598
2015-05-27,1432733400,91.42,91.44,91.42,91.44,351211
2015-05-28,1432819800,91.44,91.44,91.42,91.42,148955
2015-05-29,1432906200,91.44,91.44,91.42,91.42,181060
2015-06-01,1433165400,91.44,91.44,91.42,91.42,352116
2015-06-02,1433251800,91.44,91.44,91.42,91.44,169684
2015-06-03,1433338200,91.44,91.44,91.42,91.44,2925686
2015-06-04,1433424600,91.44,91.44,91.42,91.42,241392
2015-06-05,1433511000,91.44,91.44,91.4,91.42,360725
2015-06-08,1433770200,91.42,91.42,91.4,91.4,209169
2015-06-09,1433856600,91.42,91.42,91.4,91.4,143873
2015-06-10,1433943000,91.4,91.42,91.4,91.42,664379
2015-06-11,1434029400,91.42,91.44,91.42,91.44,330078
2015-06-12,1434115800,91.44,91.44,91.42,91.42,66876
2015-06-15,1434375000,91.44,91.44,91.42,91.43,170798
2015-06-16,1434461400,91.4,91.42,91.4,91.4,177714
2015-06-17,1434547800,91.42,91.44,91.42,91.44,315575
2015-06-18,1434634200,91.44,91.44,91.4,91.4,207990
2015-06-19,1434720600,91.41,91.42,91.4,91.4064,59063
2015-06-22,1434979800,91.4,91.42,91.4,91.42,253563
2015-06-23,1435066200,91.4,91.42,91.4,91.4,423773
2015-06-24,1435152600,91.42,91.42,91.4,91.4,60747
2015-06-25,1435239000,91.42,91.42,91.4,91.42,240027
2015-06-26,1435325400,91.4,91.44,91.4,91.4,113443
2015-06-29,1435584600,91.4,91.42,91.4,91.42,2018159
2015-06-30,1435671000,91.42,91.42,91.4,91.42,362987
2015-07-01,1435757400,91.42,91.42,91.4,91.42,555652
2015-07-02,1435843800,91.42,91.42,91.4,91.42,623316
2015-07-06,1436189400,91.4,91.42,91.4,91.42,178395
2015-07-07,1436275800,91.4,91.42,91.4,91.4,430261
2015-07-08,1436362200,91.42,91.42,91.4,91.4,408128
2015-07-09,1436448600,91.4,91.42,91.4,91.4098,228880
2015-07-10,1436535000,91.42,91.42,91.4,91.4,208643
2015-07-13,1436794200,91.4,91.42,91.4,91.4,438211
2015-07-14,1436880600,91.4,91.42,91.4,91.42,482909
2015-07-15,1436967000,91.42,91.42,91.4,91.4,77244
2015-07-16,1437053400,91.4,91.42,91.4,91.4,679994
2015-07-17,1437139800,91.42,91.42,91.4,91.42,347198
2015-07-20,1437399000,91.4,91.42,91.4,91.4,299394
2015-07-21,1437485400,91.42,91.42,91.4,91.42,530506
2015-07-22,1437571800,91.42,91.42,91.4,91.4,940993
2015-07-23,1437658200,91.4,91.42,91.4,91.4,111076
2015-07-24,1437744600,91.4,91.42,91.4,91.42,148269
2015-07-27,1438003800,91.4,91.42,91.4,91.4,436891
2015-07-28,1438090200,91.42,91.42,91.4,91.4,471909
2015-07-29,1438176600,91.42,91.42,91.4,91.42,264423
2015-07-30,1438263000,91.4,91.42,91.4,91.42,125528
2015-07-31,1438349400,91.4,91.42,91.4,91.42,788857
2015-08-03,1438608600,91.42,91.42,91.4,91.42,501726
2015-08-04,1438695000,91.4,91.42,91.4,91.4,2544569
2015-08-05,1438781400,91.4,91.42,91.4,91.4,235716
2015-08-06,1438867800,91.42,91.42,91.4,91.4,147711
2015-08-07,1438954200,91.42,91.42,91.4,91.4,86680
2015-08-10,1439213400,91.4,91.42,91.4,91.42,396251
2015-08-11,1439299800,91.4,91.42,91.4,91.4,31083
2015-08-12,1439386200,91.42,91.42,91.4,91.4,258282
2015-08-13,1439472600,91.42,91.42,91.4,91.4,57472
2015-08-14,1439559000,91.4,91.4,91.38,91.38,275205
2015-08-17,1439818200,91.38,91.4,91.38,91.38,198959
2015-08-18,1439904600,91.38,91.42,91.38,91.4,196707
2015-08-19,1439991000,91.4,91.42,91.4,91.42,219181
2015-08-20,1440077400,91.38,91.4,91.38,91.39,117124
2015-08-21,1440163800,91.42,91.42,91.4,91.4,1321456
2015-08-24,1440423000,91.42,91.44,91.4,91.4,3923226
2015-08-25,1440509400,91.4,91.42,91.4,91.4,3951685
2015-08-26,1440595800,91.4,91.42,91.4,91.42,1379666
2015-08-27,1440682200,91.42,91.42,91.4,91.4,303351
2015-08-28,1440768600,91.41,91.42,91.4,91.42,2947146
2015-08-31,1441027800,91.42,91.42,91.4,91.42,2775459
2015-09-01,1441114200,91.42,91.42,91.4,91.42,1368354
2015-09-02,1441200600,91.4,91.42,91.4,91.4,610680
2015-09-03,1441287000,91.42,91.42,91.4,91.42,313503
2015-09-04,1441373400,91.4,91.42,91.4,91.4,461570
2015-09-08,1441719000,91.4,91.42,91.4,91.4,1896252
2015-09-09,1441805400,91.4,91.42,91.4,91.4,223493
2015-09-10,1441891800,91.4,91.4198,91.38,91.38,432758
2015-09-11,1441978200,91.38,91.4,91.38,91.4,273415
2015-09-14,1442237400,91.38,91.4,91.38,91.4,457048
2015-09-15,1442323800,91.42,91.42,91.38,91.38,201956
2015-09-16,1442410200,91.38,91.4,91.38,91.38,321429
2015-09-17,1442496600,91.38,91.4,91.38,91.38,425011
2015-09-18,1442583000,91.4,91.4,91.38,91.38,390493
2015-09-21,1442842200,91.38,91.4,91.38,91.4,281424
2015-09-22,1442928600,91.4,91.4,91.38,91.4,180831
2015-09-23,1443015000,91.4,91.4,91.38,91.38,223504
2015-09-24,1443101400,91.4,91.4,91.38,91.38,462763
2015-09-25,1443187800,91.38,91.4,91.38,91.38,554538
2015-09-28,1443447000,91.4,91.4,91.38,91.4,267090
2015-09-29,1443533400,91.38,91.4,91.38,91.4,1344366
2015-09-30,1443619800,91.4,91.4,91.38,91.38,494796
2015-10-01,1443706200,91.38,91.4,91.38,91.4,2686648
2015-10-02,1443792600,91.4,91.4,91.38,91.4,2358452
2015-10-05,1444051800,91.38,91.4,91.38,91.38,696855
2015-10-06,1444138200,91.38,91.4,91.38,91.38,1357725
2015-10-07,1444224600,91.38,91.4,91.38,91.38,716558
2015-10-08,1444311000,91.38,91.4,91.38,91.38,275093
2015-10-09,1444397400,91.38,91.4,91.38,91.38,774933
2015-10-12,1444656600,91.4,91.4,91.36,91.38,3216293
2015-10-13,1444743000,91.38,91.38,91.36,91.38,736389
2015-10-14,1444829400,91.38,91.38,91.36,91.38,370545
2015-10-15,1444915800,91.38,91.4,91.38,91.38,151868
2015-10-16,1445002200,91.4,91.4,91.38,91.38,577954
2015-10-19,1445261400,91.38,91.4,91.36,91.38,917179
2015-10-20,1445347800,91.38,91.38,91.36,91.36,546738
2015-10-21,1445434200,91.36,91.38,91.36,91.37,277096
2015-10-22,1445520600,91.38,91.38,91.36,91.38,327093
2015-10-23,1445607000,91.36,91.38,91.36,91.38,743549
2015-10-26,1445866200,91.38,91.38,91.36,91.36,1571870
2015-10-27,1445952600,91.36,91.38,91.36,91.36,231425
2015-10-28,1446039000,91.36,91.38,91.36,91.36,817915
2015-10-29,1446125400,91.38,91.38,91.36,91.36,428998
2015-10-30,1446211800,91.36,91.38,91.36,91.36,697886
2015-11-02,1446474600,91.36,91.38,91.34,91.36,8863434
2015-11-03,1446561000,91.37,91.38,91.36,91.38,532209
2015-11-04,1446647400,91.36,91.38,91.36,91.36,1298097
2015-11-05,1446733800,91.36,91.38,91.36,91.36,155985
2015-11-06,1446820200,91.36,91.38,91.36,91.36,955999
2015-11-09,1447079400,91.36,91.38,91.36,91.38,341653
2015-11-10,1447165800,91.38,91.38,91.36,91.36,1268392
2015-11-11,1447252200,91.36,91.38,91.36,91.38,268415
2015-11-12,1447338600,91.36,91.38,91.36,91.38,107291
2015-11-13,1447425000,91.38,91.38,91.36,91.36,357698
2015-11-16,1447684200,91.38,91.38,91.36,91.38,1754810
2015-11-17,1447770600,91.36,91.38,91.36,91.36,230105
2015-11-18,1447857000,91.36,91.38,91.36,91.36,454094
2015-11-19,1447943400,91.38,91.38,91.36,91.38,116100
2015-11-20,1448029800,91.38,91.38,91.36,91.36,536218
2015-11-23,1448289000,91.36,91.38,91.36,91.38,1124568
2015-11-24,1448375400,91.36,91.38,91.36,91.36,686551
2015-11-25,1448461800,91.36,91.38,91.36,91.36,695719
2015-11-27,1448634600,91.36,91.38,91.36,91.37,3610830
2015-11-30,1448893800,91.38,91.38,91.36,91.38,153540
2015-12-01,1448980200,91.38,91.38,91.36,91.36,183758
2015-12-02,1449066600,91.38,91.38,91.36,91.36,520788
2015-12-03,1449153000,91.38,91.38,91.36,91.38,529315
2015-12-04,1449239400,91.38,91.38,91.36,91.38,398828
2015-12-07,1449498600,91.36,91.38,91.36,91.38,239769
2015-12-08,1449585000,91.38,91.38,91.36,91.36,101127
2015-12-09,1449671400,91.36,91.36,91.34,91.34,411719
2015-12-10,1449757800,91.38,91.38,91.36,91.36,581693
2015-12-11,1449844200,91.36,91.38,91.36,91.38,673260
2015-12-14,1450103400,91.36,91.38,91.36,91.38,4853359
2015-12-15,1450189800,91.36,91.38,91.36,91.36,2550350
2015-12-16,1450276200,91.38,91.38,91.36,91.38,623385
2015-12-17,1450362600,91.36,91.38,91.36,91.36,1134559
2015-12-18,1450449000,91.36,91.38,91.36,91.38,877504
2015-12-21,1450708200,91.36,91.38,91.36,91.36,1594499
2015-12-22,1450794600,91.36,91.38,91.36,91.36,988408
2015-12-23,1450881000,91.38,91.38,91.36,91.36,247918
2015-12-24,1450967400,91.36,91.38,91.36,91.37,521072
2015-12-28,1451313000,91.38,91.38,91.36,91.36,243728
2015-12-29,1451399400,91.38,91.38,91.36,91.36,173067
2015-12-30,1451485800,91.38,91.38,91.36,91.38,299115
2015-12-31,1451572200,91.38,91.38,91.36,91.36,447803
2016-01-04,1451917800,91.38,91.38,91.36,91.38,1065786
2016-01-05,1452004200,91.36,91.38,91.36,91.38,4878434
2016-01-06,1452090600,91.36,91.36,91.34,91.34,377412
2016-01-07,1452177000,91.38,91.38,91.36,91.36,651342
2016-01-08,1452263400,91.36,91.38,91.36,91.36,585641
2016-01-11,1452522600,91.36,91.38,91.36,91.36,1457550
2016-01-12,1452609000,91.34,91.38,91.34,91.38,441903
2016-01-13,1452695400,91.36,91.38,91.34,91.36,2031474
2016-01-14,1452781800,91.38,91.38,91.34,91.34,1757429
2016-01-15,1452868200,91.34,91.36,91.34,91.34,601563
2016-01-19,1453213800,91.36,91.36,91.34,91.36,4424439
2016-01-20,1453300200,91.36,91.38,91.36,91.36,738683
2016-01-21,1453386600,91.36,91.38,91.36,91.38,1290659
2016-01-22,1453473000,91.38,91.38,91.34,91.34,1004368
2016-01-25,1453732200,91.36,91.36,91.34,91.36,605273
2016-01-26,1453818600,91.36,91.36,91.34,91.34,311776
2016-01-27,1453905000,91.36,91.36,91.34,91.36,1668317
2016-01-28,1453991400,91.34,91.36,91.34,91.36,163792
2016-01-29,1454077800,91.34,91.38,91.34,91.38,793210
2016-02-01,1454337000,91.36,91.38,91.34,91.34,844902
2016-02-02,1454423400,91.34,91.36,91.34,91.34,1627284
2016-02-03,1454509800,91.36,91.38,91.34,91.36,2395643
2016-02-04,1454596200,91.36,91.38,91.36,91.38,275470
2016-02-05,1454682600,91.38,91.38,91.36,91.38,324210
2016-02-08,1454941800,91.38,91.38,91.36,91.36,599455
2016-02-09,1455028200,91.37,91.38,91.36,91.38,869537
2016-02-10,1455114600,91.36,91.38,91.36,91.36,610948
2016-02-11,1455201000,91.38,91.38,91.36,91.37,465462
2016-02-12,1455287400,91.38,91.38,91.36,91.36,438831
2016-02-16,1455633000,91.38,91.38,91.36,91.36,392659
2016-02-17,1455719400,91.38,91.38,91.36,91.36,1282246
2016-02-18,1455805800,91.38,91.38,91.36,91.38,712270
2016-02-19,1455892200,91.38,91.38,91.36,91.38,911127
2016-02-22,1456151400,91.38,91.38,91.36,91.3798,201576
2016-02-23,1456237800,91.38,91.38,91.36,91.36,1000439
2016-02-24,1456324200,91.38,91.38,91.36,91.38,664956
2016-02-25,1456410600,91.36,91.38,91.36,91.36,1243207
2016-02-26,1456497000,91.36,91.38,91.36,91.36,883238
2016-02-29,1456756200,91.38,91.38,91.36,91.38,1613207
2016-03-01,1456842600,91.36,91.38,91.36,91.38,630606
2016-03-02,1456929000,91.38,91.38,91.36,91.36,1869965
2016-03-03,1457015400,91.36,91.38,91.36,91.38,1296956
2016-03-04,1457101800,91.38,91.38,91.36,91.38,2205542
2016-03-07,1457361000,91.38,91.38,91.36,91.38,908680
2016-03-08,1457447400,91.36,91.38,91.36,91.3602,542184
2016-03-09,1457533800,91.36,91.38,91.36,91.38,661391
2016-03-10,1457620200,91.36,91.38,91.36,91.38,198507
2016-03-11,1457706600,91.36,91.38,91.36,91.36,383621
2016-03-14,1457962200,91.36,91.38,91.36,91.36,292677
2016-03-15,1458048600,91.38,91.38,91.36,91.36,2669318
2016-03-16,1458135000,91.36,91.38,91.36,91.38,306256
2016-03-17,1458221400,91.38,91.4,91.36,91.36,199474
2016-03-18,1458307800,91.38,91.38,91.36,91.36,598814
2016-03-21,1458567000,91.36,91.38,91.36,91.38,1510582
2016-03-22,1458653400,91.36,91.38,91.36,91.37,286656
2016-03-23,1458739800,91.36,91.38,91.36,91.36,260387
2016-03-24,1458826200,91.36,91.38,91.36,91.38,711334
2016-03-28,1459171800,91.38,91.4,91.38,91.38,347954
2016-03-29,1459258200,91.38,91.4,91.38,91.38,631269
2016-03-30,1459344600,91.4,91.4,91.38,91.38,264002
2016-03-31,1459431000,91.38,91.4,91.38,91.38,2956785
2016-04-01,1459517400,91.38,91.4,91.38,91.38,942488
2016-04-04,1459776600,91.38,91.4,91.38,91.38,1619200
2016-04-05,1459863000,91.4,91.4,91.38,91.4,1829951
2016-04-06,1459949400,91.38,91.4,91.38,91.4,1081775
2016-04-07,1460035800,91.38,91.4,91.38,91.38,1306988
2016-04-08,1460122200,91.38,91.4,91.38,91.4,191969
2016-04-11,1460381400,91.38,91.4,91.38,91.38,587153
2016-04-12,1460467800,91.39,91.4,91.38,91.38,169605
2016-04-13,1460554200,91.38,91.4,91.38,91.4,182392
2016-04-14,1460640600,91.38,91.4,91.38,91.4,143952
2016-04-15,1460727000,91.4,91.4,91.38,91.38,219011
2016-04-18,1460986200,91.38,91.4,91.38,91.4,1972046
2016-04-19,1461072600,91.38,91.4,91.38,91.4,138402
2016-04-20,1461159000,91.4,91.4,91.38,91.4,199337
2016-04-21,1461245400,91.4,91.4,91.38,91.38,446302
2016-04-22,1461331800,91.4,91.4,91.38,91.4,388428
2016-04-25,1461591000,91.38,91.4,91.38,91.38,515327
2016-04-26,1461677400,91.38,91.4,91.38,91.4,249982
2016-04-27,1461763800,91.4,91.4,91.38,91.4,104067
2016-04-28,1461850200,91.38,91.4,91.38,91.4,274184
2016-04-29,1461936600,91.4,91.42,91.4,91.42,722107
2016-05-02,1462195800,91.42,91.42,91.4,91.4,370027
2016-05-03,1462282200,91.4,91.42,91.4,91.42,665865
2016-05-04,1462368600,91.4,91.42,91.4,91.4,700419
2016-05-05,1462455000,91.4,91.42,91.4,91.4,578497
2016-05-06,1462541400,91.4,91.42,91.4,91.42,2157175
2016-05-09,1462800600,91.42,91.42,91.4,91.42,108871
2016-05-10,1462887000,91.4,91.42,91.4,91.42,875047
2016-05-11,1462973400,91.4,91.4,91.38,91.38,156794
2016-05-12,1463059800,91.4,91.4,91.38,91.38,189903
2016-05-13,1463146200,91.38,91.4,91.38,91.38,512867
2016-05-16,1463405400,91.38,91.4,91.38,91.38,184521
2016-05-17,1463491800,91.4,91.4,91.38,91.38,410199
2016-05-18,1463578200,91.4,91.42,91.39,91.4,1319686
2016-05-19,1463664600,91.38,91.4,91.38,91.38,122158
2016-05-20,1463751000,91.4,91.42,91.38,91.4,389411
2016-05-23,1464010200,91.4,91.42,91.38,91.42,827427
2016-05-24,1464096600,91.4,91.42,91.38,91.38,612811
2016-05-25,1464183000,91.4,91.4,91.38,91.4,242095
2016-05-26,1464269400,91.4,91.42,91.38,91.4,284145
2016-05-27,1464355800,91.4,91.42,91.4,91.42,270380
2016-05-31,1464701400,91.42,91.42,91.38,91.42,498862
2016-06-01,1464787800,91.4,91.42,91.4,91.42,578392
2016-06-02,1464874200,91.4,91.42,91.4,91.4,175644
2016-06-03,1464960600,91.42,91.44,91.4,91.42,735673
2016-06-06,1465219800,91.42,91.44,91.42,91.44,365534
2016-06-07,1465306200,91.42,91.44,91.42,91.44,154610
2016-06-08,1465392600,91.42,91.44,91.42,91.44,250538
2016-06-09,1465479000,91.44,91.44,91.4,91.4,1767232
2016-06-10,1465565400,91.4,91.42,91.4,91.4,278103
2016-06-13,1465824600,91.42,91.42,91.4,91.4,159077
2016-06-14,1465911000,91.4,91.42,91.4,91.4,771286
2016-06-15,1465997400,91.42,91.42,91.4,91.4,683114
2016-06-16,1466083800,91.42,91.44,91.4,91.42,876420
2016-06-17,1466170200,91.42,91.44,91.4,91.4,463257
2016-06-20,1466429400,91.4,91.42,91.4,91.42,130917
2016-06-21,1466515800,91.42,91.44,91.4,91.42,965723
2016-06-22,1466602200,91.42,91.42,91.4,91.42,171246
2016-06-23,1466688600,91.4,91.42,91.4,91.42,1232703
2016-06-24,1466775000,91.4,91.42,91.4,91.4,640819
2016-06-27,1467034200,91.4,91.44,91.4,91.4,3124255
2016-06-28,1467120600,91.42,91.44,91.4,91.4,794053
2016-06-29,1467207000,91.44,91.44,91.4,91.4,1667554
2016-06-30,1467293400,91.42,91.44,91.4,91.4,690171
2016-07-01,1467379800,91.42,91.44,91.4,91.44,511571
2016-07-05,1467725400,91.42,91.44,91.4,91.44,1129208
2016-07-06,1467811800,91.44,91.44,91.4,91.42,734458
2016-07-07,1467898200,91.42,91.44,91.42,91.44,199969
2016-07-08,1467984600,91.44,91.44,91.4,91.42,724194
2016-07-11,1468243800,91.44,91.44,91.4,91.44,580127
2016-07-12,1468330200,91.42,91.42,91.4,91.4,1158203
2016-07-13,1468416600,91.4,91.42,91.4,91.42,422500
2016-07-14,1468503000,91.42,91.44,91.4,91.44,2044229
2016-07-15,1468589400,91.42,91.44,91.42,91.42,93385
2016-07-18,1468848600,91.42,91.436,91.42,91.42,167095
2016-07-19,1468935000,91.42,91.44,91.42,91.44,447382
2016-07-20,1469021400,91.42,91.44,91.42,91.44,167490
2016-07-21,1469107800,91.42,91.44,91.42,91.44,116702
2016-07-22,1469194200,91.42,91.44,91.42,91.44,180446
2016-07-25,1469453400,91.42,91.44,91.42,91.42,129065
2016-07-26,1469539800,91.42,91.44,91.42,91.42,180693
2016-07-27,1469626200,91.44,91.44,91.42,91.44,220309
2016-07-28,1469712600,91.42,91.44,91.42,91.42,136706
2016-07-29,1469799000,91.43,91.44,91.42,91.44,83981
2016-08-01,1470058200,91.42,91.44,91.42,91.42,96995
2016-08-02,1470144600,91.422,91.44,91.42,91.44,267119
2016-08-03,1470231000,91.42,91.44,91.42,91.42,659019
2016-08-04,1470317400,91.42,91.44,91.42,91.42,128770
2016-08-05,1470403800,91.42,91.44,91.42,91.42,192217
2016-08-08,1470663000,91.42,91.44,91.42,91.42,161405
2016-08-09,1470749400,91.44,91.44,91.42,91.42,1148812
2016-08-10,1470835800,91.42,91.44,91.42,91.42,100430
2016-08-11,1470922200,91.42,91.44,91.42,91.42,98910
2016-08-12,1471008600,91.44,91.44,91.42,91.42,101147
2016-08-15,1471267800,91.42,91.44,91.42,91.42,296648
2016-08-16,1471354200,91.42,91.44,91.42,91.42,100993
2016-08-17,1471440600,91.42,91.44,91.42,91.42,342807
2016-08-18,1471527000,91.42,91.44,91.42,91.44,109361
2016-08-19,1471613400,91.42,91.44,91.42,91.42,120205
2016-08-22,1471872600,91.42,91.44,91.42,91.42,1466207
2016-08-23,1471959000,91.44,91.44,91.42,91.42,124263
2016-08-24,1472045400,91.42,91.44,91.42,91.44,85093
2016-08-25,1472131800,91.44,91.44,91.42,91.42,154069
2016-08-26,1472218200,91.42,91.44,91.42,91.42,182065
2016-08-29,1472477400,91.44,91.46,91.42,91.44,330370
2016-08-30,1472563800,91.44,91.46,91.4272,91.44,299471
2016-08-31,1472650200,91.44,91.46,91.42,91.44,190012
2016-09-01,1472736600,91.44,91.46,91.42,91.44,174335
2016-09-02,1472823000,91.44,91.46,91.44,91.46,307008
2016-09-06,1473168600,91.44,91.46,91.44,91.46,352498
2016-09-07,1473255000,91.46,91.46,91.44,91.44,790671
2016-09-08,1473341400,91.44,91.46,91.42,91.44,497147
2016-09-09,1473427800,91.46,91.46,91.44,91.46,342822
2016-09-12,1473687000,91.46,91.46,91.42,91.42,724981
2016-09-13,1473773400,91.46,91.46,91.42,91.44,264627
2016-09-14,1473859800,91.46,91.46,91.44,91.44,202532
2016-09-15,1473946200,91.44,91.46,91.42,91.44,374139
2016-09-16,1474032600,91.46,91.46,91.44,91.44,425972
2016-09-19,1474291800,91.46,91.46,91.44,91.44,1269572
2016-09-20,1474378200,91.44,91.46,91.44,91.44,706782
2016-09-21,1474464600,91.44,91.46,91.44,91.44,536154
2016-09-22,1474551000,91.46,91.46,91.44,91.46,514943
2016-09-23,1474637400,91.46,91.48,91.44,91.46,369245
2016-09-26,1474896600,91.44,91.46,91.44,91.46,433403
2016-09-27,1474983000,91.46,91.46,91.44,91.44,453787
2016-09-28,1475069400,91.44,91.46,91.44,91.44,481202
2016-09-29,1475155800,91.44,91.46,91.44,91.44,878117
2016-09-30,1475242200,91.44,91.46,91.44,91.46,458353
2016-10-03,1475501400,91.46,91.46,91.44,91.44,231792
2016-10-04,1475587800,91.44,91.46,91.44,91.46,392424
2016-10-05,1475674200,91.44,91.46,91.44,91.46,518482
2016-10-06,1475760600,91.46,91.46,91.44,91.46,193848
2016-10-07,1475847000,91.46,91.46,91.44,91.46,139564
2016-10-10,1476106200,91.46,91.46,91.44,91.46,67033
2016-10-11,1476192600,91.46,91.46,91.44,91.44,374891
2016-10-12,1476279000,91.44,91.46,91.44,91.46,411548
2016-10-13,1476365400,91.46,91.46,91.44,91.44,156272
2016-10-14,1476451800,91.44,91.46,91.44,91.44,130090
2016-10-17,1476711000,91.46,91.46,91.44,91.44,237800
2016-10-18,1476797400,91.44,91.46,91.44,91.44,180365
2016-10-19,1476883800,91.44,91.46,91.44,91.46,138126
2016-10-20,1476970200,91.46,91.46,91.44,91.44,261886
2016-10-21,1477056600,91.44,91.46,91.44,91.44,424136
2016-10-24,1477315800,91.46,91.46,91.44,91.44,106816
2016-10-25,1477402200,91.46,91.46,91.44,91.44,175371
2016-10-26,1477488600,91.44,91.46,91.44,91.46,200882
2016-10-27,1477575000,91.46,91.46,91.44,91.44,184210
2016-10-28,1477661400,91.48,91.48,91.44,91.46,546565
2016-10-31,1477920600,91.46,91.48,91.46,91.48,735435
2016-11-01,1478007000,91.48,91.48,91.46,91.46,1208598
2016-11-02,1478093400,91.48,91.48,91.46,91.48,499739
2016-11-03,1478179800,91.48,91.48,91.46,91.46,212412
2016-11-04,1478266200,91.46,91.48,91.46,91.48,554121
2016-11-07,1478529000,91.48,91.48,91.46,91.46,1122214
2016-11-08,1478615400,91.46,91.48,91.46,91.48,360460
2016-11-09,1478701800,91.46,91.48,91.44,91.44,596828
2016-11-10,1478788200,91.44,91.46,91.44,91.44,966309
2016-11-11,1478874600,91.46,91.46,91.4,91.4,1164260
2016-11-14,1479133800,91.44,91.46,91.44,91.44,735513
2016-11-15,1479220200,91.46,91.46,91.44,91.46,1437106
2016-11-16,1479306600,91.46,91.46,91.44,91.46,611851
2016-11-17,1479393000,91.46,91.48,91.44,91.48,906647
2016-11-18,1479479400,91.46,91.48,91.46,91.46,554568
2016-11-21,1479738600,91.48,91.48,91.44,91.44,234790
2016-11-22,1479825000,91.46,91.46,91.44,91.44,1102711
2016-11-23,1479911400,91.44,91.46,91.44,91.44,454931
2016-11-25,1480084200,91.46,91.46,91.44,91.46,171327
2016-11-28,1480343400,91.48,91.48,91.44,91.44,122878
2016-11-29,1480429800,91.46,91.48,91.44,91.44,122440
2016-11-30,1480516200,91.44,91.46,91.44,91.44,503137
2016-12-01,1480602600,91.4,91.44,91.4,91.44,2137529
2016-12-02,1480689000,91.44,91.44,91.42,91.42,411625
2016-12-05,1480948200,91.44,91.44,91.42,91.42,897089
2016-12-06,1481034600,91.42,91.44,91.42,91.44,278859
2016-12-07,1481121000,91.42,91.44,91.42,91.44,431432
2016-12-08,1481207400,91.42,91.44,91.42,91.44,463698
2016-12-09,1481293800,91.44,91.44,91.42,91.44,389977
2016-12-12,1481553000,91.42,91.44,91.42,91.42,212831
2016-12-13,1481639400,91.4,91.44,91.4,91.44,531828
2016-12-14,1481725800,91.44,91.44,91.42,91.44,219142
2016-12-15,1481812200,91.44,91.44,91.42,91.44,221836
2016-12-16,1481898600,91.44,91.44,91.42,91.42,220902
2016-12-19,1482157800,91.42,91.44,91.42,91.44,188733
2016-12-20,1482244200,91.42,91.44,91.42,91.42,308112
2016-12-21,1482330600,91.44,91.44,91.42,91.44,217837
2016-12-22,1482417000,91.44,91.44,91.42,91.42,263062
2016-12-23,1482503400,91.42,91.44,91.42,91.42,237989
2016-12-27,1482849000,91.42,91.44,91.42,91.44,231866
2016-12-28,1482935400,91.42,91.42,91.4,91.42,190212
2016-12-29,1483021800,91.44,91.44,91.4,91.44,286667
2016-12-30,1483108200,91.42,91.42,91.4,91.4,156605
2017-01-03,1483453800,91.44,91.44,91.42,91.44,1769523
2017-01-04,1483540200,91.44,91.44,91.42,91.44,522739
2017-01-05,1483626600,91.44,91.44,91.42,91.42,627514
2017-01-06,1483713000,91.44,91.44,91.42,91.44,321570
2017-01-09,1483972200,91.42,91.44,91.42,91.44,198585
2017-01-10,1484058600,91.44,91.44,91.42,91.42,138991
2017-01-11,1484145000,91.42,91.44,91.42,91.44,707258
2017-01-12,1484231400,91.42,91.44,91.42,91.44,221373
2017-01-13,1484317800,91.42,91.44,91.42,91.44,159800
2017-01-17,1484663400,91.42,91.44,91.42,91.44,353240
2017-01-18,1484749800,91.42,91.44,91.42,91.42,235390
2017-01-19,1484836200,91.44,91.44,91.42,91.42,188708
2017-01-20,1484922600,91.42,91.44,91.42,91.44,153631
2017-01-23,1485181800,91.42,91.44,91.42,91.42,507189
2017-01-24,1485268200,91.42,91.44,91.42,91.42,588302
2017-01-25,1485354600,91.42,91.44,91.42,91.44,440095
2017-01-26,1485441000,91.44,91.46,91.42,91.46,357347
2017-01-27,1485527400,91.44,91.46,91.42,91.42,228001
2017-01-30,1485786600,91.42,91.46,91.42,91.46,272660
2017-01-31,1485873000,91.44,91.46,91.44,91.44,173776
2017-02-01,1485959400,91.4,91.44,91.4,91.42,264025
2017-02-02,1486045800,91.4,91.44,91.4,91.42,288019
2017-02-03,1486132200,91.42,91.44,91.4,91.4,414680
2017-02-06,1486391400,91.42,91.44,91.4002,91.44,206575
2017-02-07,1486477800,91.44,91.44,91.42,91.44,446836
2017-02-08,1486564200,91.42,91.44,91.42,91.44,265091
2017-02-09,1486650600,91.42,91.44,91.42,91.43,336533
2017-02-10,1486737000,91.44,91.44,91.42,91.42,566057
2017-02-13,1486996200,91.42,91.44,91.42,91.42,190993
2017-02-14,1487082600,91.44,91.44,91.42,91.44,124513
2017-02-15,1487169000,91.44,91.44,91.42,91.42,374354
2017-02-16,1487255400,91.42,91.44,91.42,91.42,122377
2017-02-17,1487341800,91.44,91.44,91.42,91.44,154311
2017-02-21,1487687400,91.42,91.44,91.42,91.42,296999
2017-02-22,1487773800,91.42,91.44,91.42,91.42,270342
2017-02-23,1487860200,91.42,91.44,91.42,91.42,402352
2017-02-24,1487946600,91.44,91.46,91.42,91.42,725453
2017-02-27,1488205800,91.42,91.46,91.42,91.42,177670
2017-02-28,1488292200,91.46,91.46,91.44,91.46,175169
2017-03-01,1488378600,91.4,91.42,91.4,91.4,230945
2017-03-02,1488465000,91.4,91.42,91.4,91.4,185852
2017-03-03,1488551400,91.42,91.42,91.4,91.42,332061
2017-03-06,1488810600,91.4,91.44,91.4,91.44,193983
2017-03-07,1488897000,91.44,91.44,91.4,91.4,95599
2017-03-08,1488983400,91.42,91.42,91.4,91.4,179946
2017-03-09,1489069800,91.4,91.42,91.4,91.4,298197
2017-03-10,1489156200,91.42,91.42,91.4,91.42,423813
2017-03-13,1489411800,91.42,91.42,91.4,91.4,300989
2017-03-14,1489498200,91.4,91.42,91.4,91.4,350677
2017-03-15,1489584600,91.4,91.42,91.4,91.42,740332
2017-03-16,1489671000,91.4,91.44,91.4,91.44,298298
2017-03-17,1489757400,91.4,91.44,91.4,91.44,182933
2017-03-20,1490016600,91.4,91.44,91.4,91.4196,147191
2017-03-21,1490103000,91.44,91.44,91.4,91.44,650286
2017-03-22,1490189400,91.4,91.44,91.4,91.44,555560
2017-03-23,1490275800,91.44,91.44,91.42,91.42,339548
2017-03-24,1490362200,91.42,91.44,91.42,91.44,184745
2017-03-27,1490621400,91.4,91.44,91.4,91.44,386839
2017-03-28,1490707800,91.44,91.44,91.42,91.44,894351
2017-03-29,1490794200,91.44,91.44,91.42,91.44,83389
2017-03-30,1490880600,91.44,91.44,91.42,91.44,539403
2017-03-31,1490967000,91.46,91.46,91.42,91.42,526628
2017-04-03,1491226200,91.38,91.42,91.38,91.4,2097913
2017-04-04,1491312600,91.4,91.42,91.4,91.4,714494
2017-04-05,1491399000,91.42,91.42,91.4,91.4,581733
2017-04-06,1491485400,91.4,91.42,91.4,91.4,246549
2017-04-07,1491571800,91.42,91.42,91.4,91.4,129317
2017-04-10,1491831000,91.44,91.44,91.4,91.4,429073
2017-04-11,1491917400,91.42,91.42,91.4,91.42,161031
2017-04-12,1492003800,91.44,91.44,91.4,91.4,270500
2017-04-13,1492090200,91.4,91.44,91.4,91.42,953325
2017-04-17,1492435800,91.4,91.44,91.4,91.42,753176
2017-04-18,1492522200,91.42,91.44,91.42,91.44,100437
2017-04-19,1492608600,91.42,91.44,91.42,91.44,114101
2017-04-20,1492695000,91.42,91.44,91.42,91.44,243749
2017-04-21,1492781400,91.44,91.46,91.44,91.44,250680
2017-04-24,1493040600,91.44,91.44,91.42,91.42,479142
2017-04-25,1493127000,91.44,91.44,91.42,91.42,405758
2017-04-26,1493213400,91.42,91.44,91.42,91.44,355461
2017-04-27,1493299800,91.42,91.44,91.42,91.42,376887
2017-04-28,1493386200,91.43,91.46,91.42,91.46,212354
2017-05-01,1493645400,91.44,91.44,91.4,91.42,390278
2017-05-02,1493731800,91.4,91.42,91.4,91.4,70899
2017-05-03,1493818200,91.4,91.42,91.4,91.4,226512
2017-05-04,1493904600,91.4,91.42,91.4,91.42,163452
2017-05-05,1493991000,91.4,91.42,91.4,91.4,254063
2017-05-08,1494250200,91.41,91.44,91.4,91.42,217522
2017-05-09,1494336600,91.44,91.44,91.42,91.42,493405
2017-05-10,1494423000,91.44,91.44,91.42,91.44,309450
2017-05-11,1494509400,91.42,91.46,91.42,91.44,397175
2017-05-12,1494595800,91.44,91.46,91.42,91.42,129256
2017-05-15,1494855000,91.44,91.46,91.44,91.44,376600
2017-05-16,1494941400,91.44,91.46,91.44,91.44,166191
2017-05-17,1495027800,91.44,91.46,91.44,91.46,1395324
2017-05-18,1495114200,91.44,91.46,91.44,91.46,1384918
2017-05-19,1495200600,91.44,91.46,91.44,91.44,106683
2017-05-22,1495459800,91.44,91.46,91.44,91.46,63920
2017-05-23,1495546200,91.44,91.46,91.44,91.46,195176
2017-05-24,1495632600,91.44,91.46,91.44,91.44,306983
2017-05-25,1495719000,91.44,91.46,91.44,91.46,136335
2017-05-26,1495805400,91.44,91.48,91.44,91.48,143637
2017-05-30,1496151000,91.46,91.48,91.44,91.44,190431
2017-05-31,1496237400,91.46,91.46,91.44,91.44,319577
2017-06-01,1496323800,91.4,91.42,91.4,91.42,225119
2017-06-02,1496410200,91.4,91.42,91.4,91.4,417892
2017-06-05,1496669400,91.4,91.42,91.4,91.42,275791
2017-06-06,1496755800,91.4,91.42,91.4,91.4,136339
2017-06-07,1496842200,91.4,91.44,91.4,91.44,257791
2017-06-08,1496928600,91.44,91.44,91.42,91.42,252484
2017-06-09,1497015000,91.42,91.44,91.42,91.44,184684
2017-06-12,1497274200,91.44,91.44,91.42,91.42,199583
2017-06-13,1497360600,91.42,91.44,91.42,91.44,552572
2017-06-14,1497447000,91.44,91.46,91.42,91.42,64366
2017-06-15,1497533400,91.42,91.44,91.42,91.42,380806
2017-06-16,1497619800,91.42,91.46,91.42,91.46,502716
2017-06-19,1497879000,91.44,91.46,91.44,91.44,289709
2017-06-20,1497965400,91.46,91.46,91.44,91.44,121047
2017-06-21,1498051800,91.46,91.46,91.44,91.46,140596
2017-06-22,1498138200,91.46,91.48,91.44,91.48,219976
2017-06-23,1498224600,91.48,91.48,91.46,91.46,67295
2017-06-26,1498483800,91.44,91.48,91.44,91.44,297830
2017-06-27,1498570200,91.46,91.46,91.44,91.44,125004
2017-06-28,1498656600,91.46,91.48,91.44,91.48,179208
2017-06-29,1498743000,91.44,91.48,91.44,91.46,466117
2017-06-30,1498829400,91.46,91.5,91.46,91.48,615318
2017-07-03,1499088600,91.42,91.44,91.42,91.44,186107
2017-07-05,1499261400,91.44,91.44,91.42,91.42,369385
2017-07-06,1499347800,91.42,91.44,91.42,91.44,445495
2017-07-07,1499434200,91.42,91.44,91.42,91.44,140961
2017-07-10,1499693400,91.42,91.44,91.42,91.44,185585
2017-07-11,1499779800,91.44,91.44,91.42,91.44,136888
2017-07-12,1499866200,91.42,91.44,91.42,91.42,403181
2017-07-13,1499952600,91.44,91.46,91.42,91.42,137284
2017-07-14,1500039000,91.42,91.46,91.42,91.46,255960
2017-07-17,1500298200,91.44,91.46,91.44,91.44,588917
2017-07-18,1500384600,91.44,91.46,91.44,91.44,61162
2017-07-19,1500471000,91.44,91.46,91.44,91.44,99336
2017-07-20,1500557400,91.44,91.46,91.44,91.44,71961
2017-07-21,1500643800,91.44,91.46,91.44,91.44,210982
2017-07-24,1500903000,91.44,91.46,91.44,91.44,140578
2017-07-25,1500989400,91.44,91.48,91.44,91.44,265872
2017-07-26,1501075800,91.44,91.48,91.44,91.46,232090
2017-07-27,1501162200,91.48,91.48,91.46,91.48,221678
2017-07-28,1501248600,91.46,91.48,91.46,91.46,159619
2017-07-31,1501507800,91.5,91.5,91.46,91.46,449596
2017-08-01,1501594200,91.4,91.42,91.4,91.42,315590
2017-08-02,1501680600,91.42,91.44,91.4,91.44,263820
2017-08-03,1501767000,91.4,91.44,91.4,91.44,158393
2017-08-04,1501853400,91.42,91.44,91.4,91.44,350694
2017-08-07,1502112600,91.4,91.44,91.4,91.44,130414
2017-08-08,1502199000,91.44,91.44,91.42,91.44,309823
2017-08-09,1502285400,91.44,91.44,91.42,91.44,142194
2017-08-10,1502371800,91.42,91.44,91.42,91.44,111157
2017-08-11,1502458200,91.44,91.46,91.421,91.46,211363
2017-08-14,1502717400,91.46,91.46,91.44,91.44,331157
2017-08-15,1502803800,91.44,91.46,91.44,91.46,192580
2017-08-16,1502890200,91.46,91.46,91.44,91.44,141266
2017-08-17,1502976600,91.44,91.46,91.44,91.46,363041
2017-08-18,1503063000,91.46,91.46,91.44,91.44,230886
2017-08-21,1503322200,91.4602,91.48,91.46,91.46,483812
2017-08-22,1503408600,91.46,91.48,91.46,91.48,208781
2017-08-23,1503495000,91.48,91.48,91.46,91.48,292744
2017-08-24,1503581400,91.46,91.48,91.46,91.48,1055478
2017-08-25,1503667800,91.46,91.48,91.46,91.46,310538
2017-08-28,1503927000,91.48,91.48,91.46,91.48,102044
2017-08-29,1504013400,91.48,91.5,91.46,91.48,130470
2017-08-30,1504099800,91.48,91.5,91.48,91.48,291132
2017-08-31,1504186200,91.48,91.5,91.48,91.5,1212829
2017-09-01,1504272600,91.44,91.44,91.42,91.44,373460
2017-09-05,1504618200,91.44,91.44,91.4,91.4,437828
2017-09-06,1504704600,91.42,91.44,91.42,91.44,927894
2017-09-07,1504791000,91.44,91.44,91.42,91.44,159375
2017-09-08,1504877400,91.42,91.44,91.42,91.42,514530
2017-09-11,1505136600,91.44,91.44,91.42,91.42,130955
2017-09-12,1505223000,91.42,91.46,91.42,91.45,258116
2017-09-13,1505309400,91.44,91.46,91.44,91.46,438190
2017-09-14,1505395800,91.44,91.46,91.44,91.44,238794
2017-09-15,1505482200,91.46,91.46,91.44,91.44,96544
2017-09-18,1505741400,91.46,91.48,91.44,91.44,276403
2017-09-19,1505827800,91.46,91.48,91.44,91.48,61304
2017-09-20,1505914200,91.48,91.48,91.46,91.48,129395
2017-09-21,1506000600,91.46,91.48,91.46,91.48,107998
2017-09-22,1506087000,91.48,91.48,91.46,91.48,133322
2017-09-25,1506346200,91.48,91.48,91.46,91.48,158195
2017-09-26,1506432600,91.46,91.48,91.46,91.48,255816
2017-09-27,1506519000,91.48,91.48,91.46,91.48,229285
2017-09-28,1506605400,91.46,91.48,91.46,91.46,76566
2017-09-29,1506691800,91.47,91.5,91.46,91.5,173124
2017-10-02,1506951000,91.44,91.44,91.42,91.44,158787
2017-10-03,1507037400,91.42,91.44,91.42,91.44,429233
2017-10-04,1507123800,91.42,91.44,91.42,91.42,1119397
2017-10-05,1507210200,91.42,91.44,91.42,91.44,186271
2017-10-06,1507296600,91.44,91.44,91.42,91.42,205440
2017-10-09,1507555800,91.42,91.44,91.42,91.42,141254
2017-10-10,1507642200,91.42,91.44,91.42,91.42,264059
2017-10-11,1507728600,91.44,91.44,91.42,91.42,148307
2017-10-12,1507815000,91.44,91.46,91.42,91.46,244474
2017-10-13,1507901400,91.46,91.46,91.44,91.46,78447
2017-10-16,1508160600,91.44,91.46,91.44,91.44,189911
2017-10-17,1508247000,91.44,91.48,91.44,91.46,227497
2017-10-18,1508333400,91.46,91.48,91.46,91.46,64158
2017-10-19,1508419800,91.46,91.48,91.44,91.46,199841
2017-10-20,1508506200,91.46,91.48,91.46,91.48,57144
2017-10-23,1508765400,91.48,91.48,91.46,91.46,136266
2017-10-24,1508851800,91.46,91.5,91.46,91.5,157373
2017-10-25,1508938200,91.48,91.5,91.48,91.5,293916
2017-10-26,1509024600,91.48,91.5,91.48,91.5,301070
2017-10-27,1509111000,91.48,91.5,91.48,91.5,1063485
2017-10-30,1509370200,91.48,91.5,91.48,91.48,286937
2017-10-31,1509456600,91.48,91.5,91.48,91.5,430347
2017-11-01,1509543000,91.44,91.44,91.42,91.44,586087
2017-11-02,1509629400,91.44,91.44,91.42,91.42,137405
2017-11-03,1509715800,91.42,91.44,91.42,91.42,222532
2017-11-06,1509978600,91.42,91.44,91.42,91.44,95227
2017-11-07,1510065000,91.42,91.44,91.42,91.44,89964
2017-11-08,1510151400,91.44,91.44,91.42,91.44,238771
2017-11-09,1510237800,91.44,91.44,91.42,91.42,518035
2017-11-10,1510324200,91.44,91.46,91.42,91.44,277981
2017-11-13,1510583400,91.46,91.46,91.44,91.44,229792
2017-11-14,1510669800,91.46,91.46,91.44,91.44,119433
2017-11-15,1510756200,91.44,91.46,91.44,91.44,278745
2017-11-16,1510842600,91.44,91.46,91.4398,91.46,232887
2017-11-17,1510929000,91.44,91.46,91.44,91.44,164538
2017-11-20,1511188200,91.44,91.48,91.44,91.46,372460
2017-11-21,1511274600,91.46,91.48,91.44,91.48,259081
2017-11-22,1511361000,91.46,91.48,91.46,91.48,153621
2017-11-24,1511533800,91.48,91.5,91.46,91.46,577027
2017-11-27,1511793000,91.46,91.48,91.46,91.46,373912
2017-11-28,1511879400,91.46,91.5,91.46,91.5,244710
2017-11-29,1511965800,91.48,91.5,91.46,91.48,366307
2017-11-30,1512052200,91.5,91.5,91.48,91.48,288234
2017-12-01,1512138600,91.43,91.43,91.42,91.42,283202
2017-12-04,1512397800,91.42,91.43,91.42,91.43,142684
2017-12-05,1512484200,91.43,91.44,91.42,91.44,532494
2017-12-06,1512570600,91.44,91.44,91.43,91.43,544935
2017-12-07,1512657000,91.43,91.44,91.43,91.44,145075
2017-12-08,1512743400,91.44,91.45,91.43,91.45,196250
2017-12-11,1513002600,91.45,91.45,91.44,91.44,138895
2017-12-12,1513089000,91.46,91.46,91.44,91.45,184995
2017-12-13,1513175400,91.45,91.45,91.44,91.44,375082
2017-12-14,1513261800,91.45,91.46,91.441,91.45,143245
2017-12-15,1513348200,91.45,91.46,91.45,91.46,389614
2017-12-18,1513607400,91.45,91.47,91.45,91.47,288479
2017-12-19,1513693800,91.38,91.39,91.37,91.39,287642
2017-12-20,1513780200,91.37,91.39,91.37,91.39,614222
2017-12-21,1513866600,91.38,91.4,91.38,91.39,233765
2017-12-22,1513953000,91.4,91.41,91.39,91.41,1997569
2017-12-26,1514298600,91.41,91.41,91.4,91.4,498320
2017-12-27,1514385000,91.41,91.42,91.4,91.42,320119
2017-12-28,1514471400,91.41,91.42,91.41,91.42,366172
2017-12-29,1514557800,91.41,91.43,91.4,91.4,415001
2018-01-02,1514903400,91.41,91.43,91.41,91.41,790043
2018-01-03,1514989800,91.43,91.43,91.42,91.43,218308
2018-01-04,1515076200,91.44,91.44,91.42,91.44,1098129
2018-01-05,1515162600,91.43,91.44,91.43,91.44,247630
2018-01-08,1515421800,91.43,91.45,91.43,91.45,199817
2018-01-09,1515508200,91.43,91.45,91.43,91.45,186330
2018-01-10,1515594600,91.44,91.45,91.44,91.45,222418
2018-01-11,1515681000,91.45,91.46,91.44,91.44,163803
2018-01-12,1515767400,91.46,91.47,91.45,91.47,531342
2018-01-16,1516113000,91.45,91.46,91.45,91.45,280328
2018-01-17,1516199400,91.45,91.47,91.45,91.47,229022
2018-01-18,1516285800,91.46,91.47,91.46,91.47,238903
2018-01-19,1516372200,91.47,91.48,91.47,91.48,273305
2018-01-22,1516631400,91.49,91.49,91.48,91.49,285186
2018-01-23,1516717800,91.49,91.49,91.48,91.49,706889
2018-01-24,1516804200,91.5,91.5,91.48,91.5,214644
2018-01-25,1516890600,91.5,91.5,91.49,91.5,493166
2018-01-26,1516977000,91.5,91.52,91.5,91.52,430651
2018-01-29,1517236200,91.52,91.52,91.5,91.5,696392
2018-01-30,1517322600,91.49,91.52,91.49,91.51,581330
2018-01-31,1517409000,91.51,91.52,91.51,91.52,258890
2018-02-01,1517495400,91.41,91.4401,91.41,91.43,1016441
2018-02-02,1517581800,91.44,91.44,91.43,91.44,459118
2018-02-05,1517841000,91.45,91.45,91.43,91.43,757045
2018-02-06,1517927400,91.42,91.45,91.42,91.44,1558608
2018-02-07,1518013800,91.43,91.5,91.41,91.45,1294947
2018-02-08,1518100200,91.43,91.46,91.43,91.44,1547196
2018-02-09,1518186600,91.43,91.46,91.43,91.46,2932570
2018-02-12,1518445800,91.46,91.46,91.45,91.46,2039339
2018-02-13,1518532200,91.44,91.47,91.44,91.46,4352436
2018-02-14,1518618600,91.45,91.46,91.45,91.46,549724
2018-02-15,1518705000,91.47,91.47,91.45,91.47,924879
2018-02-16,1518791400,91.46,91.48,91.46,91.48,920462
2018-02-20,1519137000,91.47,91.48,91.46,91.48,590118
2018-02-21,1519223400,91.48,91.48,91.47,91.47,1012408
2018-02-22,1519309800,91.48,91.49,91.47,91.48,468652
2018-02-23,1519396200,91.49,91.5,91.48,91.5,2653552
2018-02-26,1519655400,91.49,91.5,91.48,91.48,2981637
2018-02-27,1519741800,91.48,91.5,91.48,91.5,373580
2018-02-28,1519828200,91.5,91.51,91.49,91.51,882236
2018-03-01,1519914600,91.42,91.44,91.42,91.44,1260483
2018-03-02,1520001000,91.43,91.45,91.43,91.45,1353872
2018-03-05,1520260200,91.45,91.45,91.43,91.45,849195
2018-03-06,1520346600,91.45,91.45,91.43,91.45,232692
2018-03-07,1520433000,91.44,91.45,91.44,91.45,978694
2018-03-08,1520519400,91.44,91.45,91.44,91.44,257355
2018-03-09,1520605800,91.45,91.47,91.45,91.46,596475
2018-03-12,1520861400,91.47,91.47,91.45,91.47,506372
2018-03-13,1520947800,91.45,91.47,91.45,91.47,469423
2018-03-14,1521034200,91.45,91.47,91.45,91.47,245044
2018-03-15,1521120600,91.47,91.47,91.46,91.46,863792
2018-03-16,1521207000,91.47,91.48,91.47,91.48,1216937
2018-03-19,1521466200,91.47,91.49,91.47,91.48,466091
2018-03-20,1521552600,91.48,91.49,91.47,91.47,444527
2018-03-21,1521639000,91.48,91.49,91.48,91.49,336255
2018-03-22,1521725400,91.48,91.5,91.48,91.5,305560
2018-03-23,1521811800,91.5,91.51,91.5,91.51,633077
2018-03-26,1522071000,91.5,91.51,91.5,91.5,451257
2018-03-27,1522157400,91.52,91.52,91.5,91.52,1357329
2018-03-28,1522243800,91.52,91.53,91.52,91.53,3030199
2018-03-29,1522330200,91.53,91.55,91.53,91.55,740914
2018-04-02,1522675800,91.44,91.44,91.42,91.44,1681613
2018-04-03,1522762200,91.44,91.44,91.43,91.43,1893630
2018-04-04,1522848600,91.43,91.45,91.43,91.45,3535404
2018-04-05,1522935000,91.46,91.46,91.45,91.46,2245751
2018-04-06,1523021400,91.46,91.46,91.45,91.46,310425
2018-04-09,1523280600,91.47,91.47,91.46,91.47,238545
2018-04-10,1523367000,91.47,91.47,91.46,91.46,491308
2018-04-11,1523453400,91.48,91.48,91.47,91.48,249314
2018-04-12,1523539800,91.47,91.48,91.47,91.48,8103725
2018-04-13,1523626200,91.48,91.49,91.48,91.48,287865
2018-04-16,1523885400,91.5,91.5,91.48,91.5,321265
2018-04-17,1523971800,91.49,91.5,91.49,91.5,3474958
2018-04-18,1524058200,91.5,91.5,91.49,91.49,277901
2018-04-19,1524144600,91.51,91.51,91.5,91.51,473240
2018-04-20,1524231000,91.5,91.52,91.5,91.51,263977
2018-04-23,1524490200,91.51,91.52,91.51,91.51,1126076
2018-04-24,1524576600,91.51,91.53,91.51,91.52,1031569
2018-04-25,1524663000,91.52,91.53,91.52,91.53,1001683
2018-04-26,1524749400,91.53,91.55,91.53,91.54,1484483
2018-04-27,1524835800,91.54,91.55,91.54,91.55,295805
2018-04-30,1525095000,91.55,91.55,91.54,91.54,325886
2018-05-01,1525181400,91.43,91.45,91.43,91.44,1429828
2018-05-02,1525267800,91.44,91.45,91.44,91.45,398211
2018-05-03,1525354200,91.46,91.46,91.45,91.45,3642703
2018-05-04,1525440600,91.47,91.47,91.46,91.47,1208094
2018-05-07,1525699800,91.46,91.47,91.46,91.47,365503
2018-05-08,1525786200,91.47,91.48,91.47,91.48,432923
2018-05-09,1525872600,91.46,91.48,91.46,91.48,808232
2018-05-10,1525959000,91.48,91.49,91.48,91.48,4673602
2018-05-11,1526045400,91.5,91.5,91.48,91.48,348873
2018-05-14,1526304600,91.48,91.5,91.48,91.48,897594
2018-05-15,1526391000,91.49,91.5,91.49,91.5,1825814
2018-05-16,1526477400,91.5,91.51,91.49,91.51,1147731
2018-05-17,1526563800,91.51,91.51,91.5,91.51,2799439
2018-05-18,1526650200,91.52,91.52,91.51,91.52,1550139
2018-05-21,1526909400,91.52,91.53,91.51,91.52,509505
2018-05-22,1526995800,91.53,91.53,91.52,91.52,587955
2018-05-23,1527082200,91.54,91.54,91.52,91.53,244877
2018-05-24,1527168600,91.54,91.55,91.54,91.55,259992
2018-05-25,1527255000,91.55,91.56,91.55,91.56,479545
2018-05-29,1527600600,91.55,91.56,91.55,91.56,845670
2018-05-30,1527687000,91.55,91.56,91.55,91.55,450404
2018-05-31,1527773400,91.58,91.58,91.56,91.57,901820
2018-06-01,1527859800,91.45,91.45,91.44,91.45,707447
2018-06-04,1528119000,91.45,91.46,91.45,91.46,1174206
2018-06-05,1528205400,91.46,91.46,91.45,91.46,726920
2018-06-06,1528291800,91.46,91.46,91.45,91.45,594219
2018-06-07,1528378200,91.46,91.48,91.46,91.46,1595148
2018-06-08,1528464600,91.48,91.48,91.47,91.48,323303
2018-06-11,1528723800,91.48,91.49,91.47,91.49,871763
2018-06-12,1528810200,91.49,91.49,91.48,91.49,1142091
2018-06-13,1528896600,91.48,91.5,91.48,91.48,244088
2018-06-14,1528983000,91.5,91.51,91.5,91.51,440920
2018-06-15,1529069400,91.51,91.51,91.5,91.51,255438
2018-06-18,1529328600,91.52,91.52,91.5,91.5,1502886
2018-06-19,1529415000,91.52,91.52,91.51,91.52,207792
2018-06-20,1529501400,91.53,91.53,91.51,91.51,616056
2018-06-21,1529587800,91.54,91.54,91.52,91.52,782599
2018-06-22,1529674200,91.54,91.54,91.53,91.53,289437
2018-06-25,1529933400,91.55,91.55,91.54,91.55,1069712
2018-06-26,1530019800,91.54,91.56,91.54,91.54,908587
2018-06-27,1530106200,91.56,91.56,91.55,91.56,326072
2018-06-28,1530192600,91.56,91.57,91.56,91.56,467083
2018-06-29,1530279000,91.58,91.58,91.57,91.58,811569
2018-07-02,1530538200,91.45,91.46,91.44,91.44,1826915
2018-07-03,1530624600,91.45,91.46,91.45,91.46,1022351
2018-07-05,1530797400,91.46,91.47,91.46,91.46,1033632
2018-07-06,1530883800,91.47,91.48,91.47,91.48,1050600
2018-07-09,1531143000,91.47,91.49,91.47,91.48,388208
2018-07-10,1531229400,91.49,91.49,91.47,91.49,468065
2018-07-11,1531315800,91.48,91.49,91.48,91.49,960692
2018-07-12,1531402200,91.49,91.51,91.49,91.49,639171
2018-07-13,1531488600,91.51,91.51,91.5,91.5,628898
2018-07-16,1531747800,91.51,91.51,91.5,91.51,377769
2018-07-17,1531834200,91.52,91.52,91.5,91.51,862829
2018-07-18,1531920600,91.51,91.52,91.51,91.52,437408
2018-07-19,1532007000,91.52,91.54,91.52,91.53,352208
2018-07-20,1532093400,91.54,91.54,91.53,91.54,1845041
2018-07-23,1532352600,91.55,91.55,91.53,91.53,293176
2018-07-24,1532439000,91.54,91.55,91.54,91.55,450081
2018-07-25,1532525400,91.55,91.55,91.54,91.54,316207
2018-07-26,1532611800,91.57,91.57,91.55,91.55,269606
2018-07-27,1532698200,91.57,91.57,91.56,91.57,457511
2018-07-30,1532957400,91.58,91.58,91.56,91.56,377104
2018-07-31,1533043800,91.58,91.58,91.57,91.58,778693
2018-08-01,1533130200,91.44,91.45,91.44,91.45,1117523
2018-08-02,1533216600,91.46,91.46,91.45,91.46,691814
2018-08-03,1533303000,91.46,91.47,91.46,91.46,353513
2018-08-06,1533562200,91.48,91.48,91.46,91.47,710183
2018-08-07,1533648600,91.48,91.48,91.46,91.48,660816
2018-08-08,1533735000,91.48,91.48,91.47,91.47,741375
2018-08-09,1533821400,91.48,91.49,91.48,91.48,340516
2018-08-10,1533907800,91.5,91.5,91.49,91.5,287403
2018-08-13,1534167000,91.51,91.51,91.5,91.51,664544
2018-08-14,1534253400,91.51,91.51,91.49,91.49,339761
2018-08-15,1534339800,91.5,91.51,91.5,91.51,533002
2018-08-16,1534426200,91.52,91.53,91.51,91.51,539797
2018-08-17,1534512600,91.52,91.53,91.52,91.52,656641
2018-08-20,1534771800,91.52,91.53,91.52,91.52,600912
2018-08-21,1534858200,91.54,91.54,91.53,91.53,354116
2018-08-22,1534944600,91.54,91.54,91.53,91.53,735744
2018-08-23,1535031000,91.56,91.56,91.54,91.56,1007004
2018-08-24,1535117400,91.56,91.56,91.55,91.56,229818
2018-08-27,1535376600,91.56,91.57,91.55,91.57,323791
2018-08-28,1535463000,91.56,91.57,91.56,91.57,610686
2018-08-29,1535549400,91.58,91.58,91.56,91.56,908750
2018-08-30,1535635800,91.58,91.6,91.58,91.6,748464
2018-08-31,1535722200,91.59,91.6,91.59,91.59,494872
2018-09-04,1536067800,91.45,91.46,91.45,91.46,973863
2018-09-05,1536154200,91.46,91.47,91.45,91.45,883308
2018-09-06,1536240600,91.48,91.48,91.47,91.47,1809454
2018-09-07,1536327000,91.48,91.49,91.48,91.49,472548
2018-09-10,1536586200,91.48,91.49,91.48,91.49,593173
2018-09-11,1536672600,91.48,91.5,91.48,91.5,1580326
2018-09-12,1536759000,91.49,91.5,91.49,91.5,757782
2018-09-13,1536845400,91.52,91.52,91.5,91.5,458720
2018-09-14,1536931800,91.52,91.52,91.51,91.51,1126491
2018-09-17,1537191000,91.51,91.53,91.51,91.53,639145
2018-09-18,1537277400,91.53,91.53,91.52,91.53,457459
2018-09-19,1537363800,91.52,91.53,91.52,91.53,942313
2018-09-20,1537450200,91.54,91.55,91.54,91.55,449050
2018-09-21,1537536600,91.54,91.55,91.54,91.55,274451
2018-09-24,1537795800,91.55,91.56,91.55,91.56,1329606
2018-09-25,1537882200,91.55,91.56,91.55,91.56,662392
2018-09-26,1537968600,91.57,91.57,91.56,91.56,257005
2018-09-27,1538055000,91.58,91.58,91.57,91.58,343144
2018-09-28,1538141400,91.57,91.58,91.57,91.58,409842
2018-10-01,1538400600,91.44,91.44,91.43,91.44,3788878
2018-10-02,1538487000,91.44,91.45,91.44,91.45,584767
2018-10-03,1538573400,91.45,91.45,91.44,91.45,380099
2018-10-04,1538659800,91.47,91.47,91.46,91.47,1154561
2018-10-05,1538746200,91.48,91.48,91.47,91.48,4664357
2018-10-08,1539005400,91.48,91.48,91.47,91.48,638857
2018-10-09,1539091800,91.48,91.48,91.47,91.47,506438
2018-10-10,1539178200,91.49,91.49,91.48,91.49,2091075
2018-10-11,1539264600,91.5,91.5,91.49,91.5,1687589
2018-10-12,1539351000,91.5,91.51,91.5,91.5,741456
2018-10-15,1539610200,91.51,91.51,91.5,91.51,4029326
2018-10-16,1539696600,91.51,91.52,91.51,91.52,1265511
2018-10-17,1539783000,91.51,91.52,91.51,91.52,6981345
2018-10-18,1539869400,91.53,91.53,91.52,91.52,733912
2018-10-19,1539955800,91.53,91.54,91.53,91.53,693432
2018-10-22,1540215000,91.53,91.55,91.53,91.55,746865
2018-10-23,1540301400,91.53,91.55,91.53,91.55,1982619
2018-10-24,1540387800,91.56,91.56,91.55,91.56,1071634
2018-10-25,1540474200,91.56,91.58,91.56,91.57,3574773
2018-10-26,1540560600,91.58,91.58,91.57,91.58,6698855
2018-10-29,1540819800,91.58,91.58,91.57,91.58,1477394
2018-10-30,1540906200,91.59,91.59,91.58,91.58,1303065
2018-10-31,1540992600,91.59,91.59,91.58,91.59,2389399
2018-11-01,1541079000,91.46,91.46,91.45,91.46,2666627
2018-11-02,1541165400,91.45,91.46,91.45,91.46,2036711
2018-11-05,1541428200,91.46,91.47,91.46,91.47,2684090
2018-11-06,1541514600,91.47,91.47,91.46,91.47,1105174
2018-11-07,1541601000,91.48,91.48,91.47,91.48,1135074
2018-11-08,1541687400,91.49,91.51,91.49,91.49,1624815
2018-11-09,1541773800,91.5,91.51,91.49,91.51,3348310
2018-11-12,1542033000,91.51,91.51,91.5,91.5,601500
2018-11-13,1542119400,91.5,91.51,91.5,91.51,802167
2018-11-14,1542205800,91.51,91.51,91.5,91.5,2459485
2018-11-15,1542292200,91.53,91.53,91.52,91.53,1448315
2018-11-16,1542378600,91.54,91.54,91.53,91.54,7584284
2018-11-19,1542637800,91.54,91.54,91.53,91.53,1754277
2018-11-20,1542724200,91.55,91.55,91.54,91.55,5355447
2018-11-21,1542810600,91.58,91.58,91.56,91.57,1683191
2018-11-23,1542983400,91.57,91.58,91.56,91.57,544497
2018-11-26,1543242600,91.58,91.58,91.57,91.58,945320
2018-11-27,1543329000,91.58,91.59,91.57,91.58,701262
2018-11-28,1543415400,91.58,91.59,91.58,91.59,1464015
2018-11-29,1543501800,91.6,91.61,91.6,91.6,5720162
2018-11-30,1543588200,91.62,91.62,91.6,91.61,1795613
2018-12-03,1543847400,91.45,91.46,91.45,91.45,2369713
2018-12-04,1543933800,91.46,91.46,91.45,91.46,1610615
2018-12-06,1544106600,91.48,91.49,91.47,91.48,4606197
2018-12-07,1544193000,91.49,91.49,91.48,91.49,1924591
2018-12-10,1544452200,91.5,91.5,91.49,91.5,1474750
2018-12-11,1544538600,91.5,91.5,91.49,91.49,1734605
2018-12-12,1544625000,91.51,91.51,91.5,91.51,959255
2018-12-13,1544711400,91.52,91.52,91.51,91.52,1409965
2018-12-14,1544797800,91.52,91.53,91.52,91.53,939253
2018-12-17,1545057000,91.53,91.54,91.52,91.54,3563376
2018-12-18,1545143400,91.54,91.54,91.53,91.54,2394730
2018-12-19,1545229800,91.39,91.39,91.37,91.37,2636344
2018-12-20,1545316200,91.39,91.4,91.39,91.39,2938699
2018-12-21,1545402600,91.41,91.41,91.4,91.41,2612322
2018-12-24,1545661800,91.42,91.42,91.41,91.42,2979166
2018-12-26,1545834600,91.42,91.42,91.41,91.41,2752293
2018-12-27,1545921000,91.43,91.44,91.43,91.44,3096138
2018-12-28,1546007400,91.45,91.45,91.44,91.45,1835789
2018-12-31,1546266600,91.46,91.46,91.44,91.46,3489987
2019-01-02,1546439400,91.47,91.47,91.45,91.45,15671570
2019-01-03,1546525800,91.47,91.49,91.47,91.48,3316247
2019-01-04,1546612200,91.49,91.49,91.47,91.49,5482951
2019-01-07,1546871400,91.48,91.49,91.48,91.49,2840431
2019-01-08,1546957800,91.49,91.49,91.48,91.49,1923062
2019-01-09,1547044200,91.5,91.5,91.49,91.49,1486932
2019-01-10,1547130600,91.52,91.52,91.5,91.5,1865894
2019-01-11,1547217000,91.52,91.52,91.51,91.52,1329218
2019-01-14,1547476200,91.53,91.53,91.51,91.51,1986851
2019-01-15,1547562600,91.53,91.53,91.52,91.53,1177766
2019-01-16,1547649000,91.54,91.54,91.53,91.54,1310084
2019-01-17,1547735400,91.55,91.56,91.55,91.56,809392
2019-01-18,1547821800,91.56,91.57,91.55,91.56,1950722
2019-01-22,1548167400,91.56,91.57,91.55,91.57,1930680
2019-01-23,1548253800,91.58,91.58,91.57,91.57,1637681
2019-01-24,1548340200,91.59,91.6,91.59,91.6,1200830
2019-01-25,1548426600,91.59,91.6,91.59,91.59,2123699
2019-01-28,1548685800,91.61,91.61,91.6,91.6,1286086
2019-01-29,1548772200,91.6,91.61,91.6,91.6,964997
2019-01-30,1548858600,91.61,91.62,91.61,91.62,1785287
2019-01-31,1548945000,91.62,91.64,91.62,91.62,4576751
2019-02-01,1549031400,91.46,91.46,91.45,91.45,2534553
2019-02-04,1549290600,91.45,91.46,91.45,91.46,3375527
2019-02-05,1549377000,91.46,91.47,91.46,91.46,2471294
2019-02-06,1549463400,91.47,91.48,91.47,91.48,2135740
2019-02-07,1549549800,91.48,91.49,91.48,91.48,1894037
2019-02-08,1549636200,91.5,91.5,91.49,91.5,584748
2019-02-11,1549895400,91.5,91.5,91.49,91.49,1328213
2019-02-12,1549981800,91.5,91.51,91.5,91.51,986373
2019-02-13,1550068200,91.51,91.51,91.5,91.51,818799
2019-02-14,1550154600,91.53,91.54,91.53,91.53,2038560
2019-02-15,1550241000,91.54,91.54,91.53,91.53,1547699
2019-02-19,1550586600,91.55,91.55,91.54,91.55,1858686
2019-02-20,1550673000,91.55,91.55,91.54,91.55,4086704
2019-02-21,1550759400,91.57,91.57,91.56,91.56,1288206
2019-02-22,1550845800,91.57,91.58,91.57,91.58,3265502
2019-02-25,1551105000,91.58,91.58,91.57,91.57,1026527
2019-02-26,1551191400,91.58,91.59,91.58,91.58,1202434
2019-02-27,1551277800,91.59,91.59,91.58,91.59,1260324
2019-02-28,1551364200,91.6,91.61,91.6,91.61,1073797
2019-03-01,1551450600,91.45,91.45,91.44,91.45,2044163
2019-03-04,1551709800,91.44,91.45,91.44,91.44,1554545
2019-03-05,1551796200,91.45,91.46,91.45,91.45,2614088
2019-03-06,1551882600,91.46,91.46,91.45,91.46,706147
2019-03-07,1551969000,91.48,91.48,91.47,91.48,1106452
2019-03-08,1552055400,91.49,91.49,91.48,91.49,1065422
2019-03-11,1552311000,91.49,91.49,91.48,91.49,861088
2019-03-12,1552397400,91.5,91.5,91.49,91.5,938255
2019-03-13,1552483800,91.51,91.51,91.5,91.51,1796524
2019-03-14,1552570200,91.51,91.52,91.51,91.51,520146
2019-03-15,1552656600,91.52,91.53,91.51,91.52,1115400
2019-03-18,1552915800,91.52,91.53,91.52,91.53,1144149
2019-03-19,1553002200,91.54,91.54,91.53,91.53,3794353
2019-03-20,1553088600,91.54,91.54,91.53,91.53,1988536
2019-03-21,1553175000,91.55,91.56,91.55,91.56,1957560
2019-03-22,1553261400,91.56,91.56,91.55,91.56,2049594
2019-03-25,1553520600,91.57,91.57,91.56,91.56,1231820
2019-03-26,1553607000,91.57,91.58,91.57,91.57,661562
2019-03-27,1553693400,91.57,91.58,91.57,91.58,2214078
2019-03-28,1553779800,91.6,91.6,91.59,91.6,924149
2019-03-29,1553866200,91.6,91.61,91.6,91.6,1576091
2019-04-01,1554125400,91.43,91.44,91.43,91.44,2419239
2019-04-02,1554211800,91.44,91.44,91.43,91.43,1138752
2019-04-03,1554298200,91.44,91.45,91.44,91.44,1422420
2019-04-04,1554384600,91.46,91.47,91.46,91.47,1207991
2019-04-05,1554471000,91.46,91.47,91.46,91.47,655711
2019-04-08,1554730200,91.48,91.48,91.47,91.47,1349185
2019-04-09,1554816600,91.47,91.48,91.47,91.48,1437995
2019-04-10,1554903000,91.49,91.49,91.48,91.48,2261559
2019-04-11,1554989400,91.5,91.51,91.5,91.51,674925
2019-04-12,1555075800,91.5,91.51,91.5,91.51,890658
2019-04-15,1555335000,91.51,91.52,91.51,91.52,1087901
2019-04-16,1555421400,91.52,91.52,91.51,91.52,767859
2019-04-17,1555507800,91.54,91.55,91.54,91.54,691584
2019-04-18,1555594200,91.55,91.55,91.54,91.55,2976386
2019-04-22,1555939800,91.55,91.56,91.55,91.55,1171425
2019-04-23,1556026200,91.55,91.56,91.55,91.55,912094
2019-04-24,1556112600,91.57,91.57,91.56,91.57,1103543
2019-04-25,1556199000,91.59,91.59,91.58,91.59,1838460
2019-04-26,1556285400,91.59,91.59,91.58,91.58,2449407
2019-04-29,1556544600,91.59,91.6,91.59,91.59,667707
2019-04-30,1556631000,91.6,91.6,91.59,91.6,1161446
2019-05-01,1556717400,91.43,91.43,91.42,91.43,1237597
2019-05-02,1556803800,91.45,91.45,91.44,91.44,856065
2019-05-03,1556890200,91.45,91.46,91.45,91.45,1443502
2019-05-06,1557149400,91.46,91.46,91.45,91.46,879780
2019-05-07,1557235800,91.47,91.47,91.46,91.47,1217874
2019-05-08,1557322200,91.47,91.47,91.46,91.47,980925
2019-05-09,1557408600,91.49,91.49,91.48,91.48,2029937
2019-05-10,1557495000,91.5,91.5,91.49,91.5,966623
2019-05-13,1557754200,91.5,91.5,91.49,91.49,1953020
2019-05-14,1557840600,91.51,91.51,91.5,91.5,1097194
2019-05-15,1557927000,91.51,91.51,91.5,91.51,1062063
2019-05-16,1558013400,91.52,91.53,91.52,91.52,1681578
2019-05-17,1558099800,91.54,91.54,91.53,91.53,339273
2019-05-20,1558359000,91.55,91.55,91.54,91.54,524345
2019-05-21,1558445400,91.55,91.55,91.54,91.54,673667
2019-05-22,1558531800,91.56,91.56,91.55,91.56,1218455
2019-05-23,1558618200,91.57,91.58,91.57,91.58,1198911
2019-05-24,1558704600,91.58,91.59,91.58,91.58,1337064
2019-05-28,1559050200,91.59,91.59,91.58,91.59,981300
2019-05-29,1559136600,91.6,91.6,91.59,91.59,4239629
2019-05-30,1559223000,91.61,91.62,91.61,91.62,1223283
2019-05-31,1559309400,91.62,91.62,91.61,91.62,2770320
2019-06-03,1559568600,91.44,91.45,91.44,91.44,3486934
2019-06-04,1559655000,91.45,91.46,91.45,91.46,9008810
2019-06-05,1559741400,91.46,91.46,91.45,91.46,2028741
2019-06-06,1559827800,91.47,91.49,91.47,91.49,7013275
2019-06-07,1559914200,91.49,91.49,91.48,91.48,2299035
2019-06-10,1560173400,91.5,91.5,91.49,91.5,2795328
2019-06-11,1560259800,91.49,91.5,91.49,91.49,1563691
2019-06-12,1560346200,91.5,91.51,91.5,91.5,2308831
2019-06-13,1560432600,91.52,91.53,91.52,91.53,4044355
2019-06-14,1560519000,91.54,91.54,91.53,91.54,601267
2019-06-17,1560778200,91.54,91.55,91.54,91.54,3386041
2019-06-18,1560864600,91.54,91.55,91.54,91.54,3183130
2019-06-19,1560951000,91.55,91.56,91.55,91.56,521312
2019-06-20,1561037400,91.57,91.58,91.57,91.57,2524070
2019-06-21,1561123800,91.57,91.58,91.57,91.57,2016657
2019-06-24,1561383000,91.58,91.59,91.58,91.58,1223675
2019-06-25,1561469400,91.59,91.59,91.58,91.58,826603
2019-06-26,1561555800,91.59,91.6,91.59,91.6,1006382
2019-06-27,1561642200,91.6,91.61,91.6,91.6,615763
2019-06-28,1561728600,91.62,91.62,91.61,91.61,1113010
2019-07-01,1561987800,91.45,91.46,91.44,91.44,4008160
2019-07-02,1562074200,91.45,91.46,91.45,91.45,5031655
2019-07-03,1562160600,91.48,91.48,91.47,91.48,1988645
2019-07-05,1562333400,91.47,91.48,91.47,91.47,1294535
2019-07-08,1562592600,91.48,91.48,91.47,91.47,3557022
2019-07-09,1562679000,91.48,91.48,91.47,91.48,1612390
2019-07-10,1562765400,91.48,91.49,91.48,91.49,1257225
2019-07-11,1562851800,91.5,91.51,91.5,91.51,1230413
2019-07-12,1562938200,91.52,91.52,91.51,91.52,792939
2019-07-15,1563197400,91.52,91.52,91.51,91.52,520964
2019-07-16,1563283800,91.52,91.53,91.52,91.53,731478
2019-07-17,1563370200,91.53,91.53,91.52,91.53,650731
2019-07-18,1563456600,91.54,91.56,91.54,91.56,1229460
2019-07-19,1563543000,91.55,91.56,91.55,91.56,1509228
2019-07-22,1563802200,91.55,91.56,91.55,91.56,524414
2019-07-23,1563888600,91.55,91.56,91.55,91.55,1703357
2019-07-24,1563975000,91.56,91.57,91.56,91.57,793901
2019-07-25,1564061400,91.57,91.59,91.57,91.59,1428370
2019-07-26,1564147800,91.59,91.59,91.58,91.58,1202754
2019-07-29,1564407000,91.6,91.6,91.59,91.6,871334
2019-07-30,1564493400,91.59,91.6,91.59,91.6,2294153
2019-07-31,1564579800,91.61,91.61,91.6,91.61,3291124
2019-08-01,1564666200,91.47,91.48,91.46,91.48,5657356
2019-08-02,1564752600,91.48,91.48,91.47,91.48,5480615
2019-08-05,1565011800,91.48,91.49,91.47,91.47,2182891
2019-08-06,1565098200,91.48,91.49,91.48,91.48,4954980
2019-08-07,1565184600,91.48,91.5,91.48,91.5,2365093
2019-08-08,1565271000,91.51,91.51,91.5,91.51,1279002
2019-08-09,1565357400,91.5,91.51,91.5,91.5,2542210
2019-08-12,1565616600,91.51,91.52,91.51,91.52,2547351
2019-08-13,1565703000,91.51,91.53,91.51,91.53,904681
2019-08-14,1565789400,91.53,91.54,91.52,91.52,1988091
2019-08-15,1565875800,91.55,91.56,91.54,91.56,2998276
2019-08-16,1565962200,91.56,91.56,91.55,91.55,2471493
2019-08-19,1566221400,91.57,91.57,91.55,91.55,4950525
2019-08-20,1566307800,91.56,91.56,91.55,91.56,1675468
2019-08-21,1566394200,91.56,91.57,91.55,91.55,1433729
2019-08-22,1566480600,91.57,91.58,91.57,91.58,1162711
2019-08-23,1566567000,91.58,91.58,91.56,91.57,10788823
2019-08-26,1566826200,91.59,91.59,91.58,91.58,2234679
2019-08-27,1566912600,91.59,91.59,91.58,91.59,1616940
2019-08-28,1566999000,91.59,91.59,91.58,91.58,3861848
2019-08-29,1567085400,91.6,91.61,91.6,91.6,2276777
2019-08-30,1567171800,91.61,91.62,91.61,91.61,3418088
2019-09-03,1567517400,91.46,91.46,91.45,91.46,4846777
2019-09-04,1567603800,91.46,91.46,91.45,91.45,1895866
2019-09-05,1567690200,91.47,91.47,91.46,91.46,4888826
2019-09-06,1567776600,91.47,91.48,91.46,91.47,2094686
2019-09-09,1568035800,91.47,91.48,91.47,91.47,1064404
2019-09-10,1568122200,91.49,91.49,91.475,91.49,2325231
2019-09-11,1568208600,91.48,91.49,91.48,91.48,1437351
2019-09-12,1568295000,91.5,91.51,91.5,91.5,1867484
2019-09-13,1568381400,91.51,91.51,91.5,91.5,1638255
2019-09-16,1568640600,91.51,91.52,91.5,91.5,1119287
2019-09-17,1568727000,91.51,91.52,91.5,91.51,1033921
2019-09-18,1568813400,91.52,91.53,91.51,91.53,1094527
2019-09-19,1568899800,91.55,91.55,91.53,91.53,1980570
2019-09-20,1568986200,91.54,91.54,91.53,91.54,2298560
2019-09-23,1569245400,91.54,91.56,91.54,91.56,1669943
2019-09-24,1569331800,91.56,91.56,91.55,91.56,1661750
2019-09-25,1569418200,91.56,91.56,91.55,91.56,1362695
2019-09-26,1569504600,91.57,91.58,91.57,91.58,1741087
2019-09-27,1569591000,91.59,91.59,91.57,91.58,1033039
2019-09-30,1569850200,91.58,91.59,91.58,91.59,3144750
2019-10-01,1569936600,91.46,91.46,91.45,91.45,2016765
2019-10-02,1570023000,91.46,91.46,91.45,91.45,2410697
2019-10-03,1570109400,91.47,91.48,91.47,91.48,1101292
2019-10-04,1570195800,91.47,91.48,91.47,91.48,926586
2019-10-07,1570455000,91.49,91.49,91.48,91.49,687190
2019-10-08,1570541400,91.49,91.49,91.48,91.49,1216598
2019-10-09,1570627800,91.5,91.5,91.49,91.49,1713977
2019-10-10,1570714200,91.52,91.52,91.51,91.51,1408402
2019-10-11,1570800600,91.52,91.52,91.51,91.52,1446113
2019-10-14,1571059800,91.51,91.53,91.45,91.51,2720505
2019-10-15,1571146200,91.51,91.52,91.51,91.52,1630503
2019-10-16,1571232600,91.52,91.53,91.52,91.53,1620546
2019-10-17,1571319000,91.53,91.54,91.53,91.54,1351374
2019-10-18,1571405400,91.53,91.54,91.53,91.54,3141636
2019-10-21,1571664600,91.55,91.55,91.54,91.55,820876
2019-10-22,1571751000,91.55,91.55,91.54,91.55,1822092
2019-10-23,1571837400,91.54,91.55,91.54,91.55,707750
2019-10-24,1571923800,91.56,91.57,91.56,91.57,735780
2019-10-25,1572010200,91.56,91.57,91.56,91.57,858781
2019-10-28,1572269400,91.57,91.57,91.56,91.56,1938921
2019-10-29,1572355800,91.57,91.58,91.57,91.58,487602
2019-10-30,1572442200,91.58,91.59,91.57,91.59,1026436
2019-10-31,1572528600,91.59,91.6,91.59,91.6,1240975
2019-11-01,1572615000,91.46,91.47,91.46,91.46,5615469
2019-11-04,1572877800,91.46,91.47,91.46,91.47,2305944
2019-11-05,1572964200,91.46,91.47,91.46,91.46,1253360
2019-11-06,1573050600,91.47,91.48,91.47,91.47,1095841
2019-11-07,1573137000,91.48,91.49,91.48,91.49,1335797
2019-11-08,1573223400,91.49,91.49,91.48,91.49,728265
2019-11-11,1573482600,91.49,91.49,91.48,91.49,464743
2019-11-12,1573569000,91.5,91.5,91.49,91.5,1818383
2019-11-13,1573655400,91.5,91.5,91.49,91.5,1170714
2019-11-14,1573741800,91.5,91.51,91.5,91.51,3100363
2019-11-15,1573828200,91.51,91.51,91.5,91.5,2225761
2019-11-18,1574087400,91.51,91.52,91.51,91.52,1611108
2019-11-19,1574173800,91.515,91.52,91.51,91.51,928816
2019-11-20,1574260200,91.52,91.52,91.51,91.52,2396434
2019-11-21,1574346600,91.52,91.53,91.52,91.52,976650
2019-11-22,1574433000,91.53,91.54,91.53,91.53,1197977
2019-11-25,1574692200,91.53,91.54,91.53,91.53,955097
2019-11-26,1574778600,91.54,91.55,91.54,91.54,952047
2019-11-27,1574865000,91.55,91.56,91.55,91.56,776279
2019-11-29,1575037800,91.55,91.56,91.55,91.56,687546
2019-12-02,1575297000,91.44,91.45,91.44,91.45,985980
2019-12-03,1575383400,91.45,91.45,91.44,91.44,2004273
2019-12-04,1575469800,91.45,91.46,91.45,91.45,1007958
2019-12-05,1575556200,91.47,91.47,91.46,91.47,866099
2019-12-06,1575642600,91.46,91.47,91.46,91.47,1171348
2019-12-09,1575901800,91.47,91.48,91.47,91.48,776185
2019-12-10,1575988200,91.48,91.48,91.47,91.48,1040687
2019-12-11,1576074600,91.48,91.48,91.47,91.48,1288616
2019-12-12,1576161000,91.5,91.5,91.49,91.5,601856
2019-12-13,1576247400,91.49,91.5,91.48,91.48,753143
2019-12-16,1576506600,91.49,91.5,91.49,91.5,702757
2019-12-17,1576593000,91.5,91.51,91.49,91.49,2352993
2019-12-18,1576679400,91.51,91.51,91.5,91.51,1059947
2019-12-19,1576765800,91.51,91.52,91.51,91.52,1412949
2019-12-20,1576852200,91.41,91.41,91.4,91.41,1375764
2019-12-23,1577111400,91.4,91.41,91.4,91.41,2846579
2019-12-24,1577197800,91.42,91.42,91.41,91.42,1042650
2019-12-26,1577370600,91.41,91.43,91.41,91.43,956573
2019-12-27,1577457000,91.42,91.43,91.42,91.42,1325813
2019-12-30,1577716200,91.44,91.44,91.43,91.43,1381586
2019-12-31,1577802600,91.45,91.45,91.43,91.43,1406382
2020-01-02,1577975400,91.45,91.46,91.44,91.46,3167468
2020-01-03,1578061800,91.46,91.46,91.45,91.46,853176
2020-01-06,1578321000,91.46,91.47,91.45,91.45,2471905
2020-01-07,1578407400,91.46,91.46,91.45,91.45,1267391
2020-01-08,1578493800,91.46,91.47,91.46,91.47,1286106
2020-01-09,1578580200,91.48,91.48,91.47,91.48,984306
2020-01-10,1578666600,91.47,91.48,91.47,91.48,1137145
2020-01-13,1578925800,91.48,91.48,91.47,91.48,1459520
2020-01-14,1579012200,91.48,91.49,91.48,91.48,1056107
2020-01-15,1579098600,91.49,91.49,91.48,91.49,862337
2020-01-16,1579185000,91.49,91.51,91.49,91.51,1104232
2020-01-17,1579271400,91.51,91.51,91.5,91.5,1323163
2020-01-21,1579617000,91.51,91.51,91.5,91.51,3170786
2020-01-22,1579703400,91.51,91.51,91.5,91.51,1156887
2020-01-23,1579789800,91.52,91.53,91.52,91.52,893082
2020-01-24,1579876200,91.53,91.53,91.52,91.52,1243714
2020-01-27,1580135400,91.52,91.53,91.52,91.53,1463477
2020-01-28,1580221800,91.53,91.54,91.53,91.53,1707971
2020-01-29,1580308200,91.53,91.54,91.53,91.54,845238
2020-01-30,1580394600,91.54,91.55,91.54,91.54,787255
2020-01-31,1580481000,91.55,91.55,91.54,91.54,1760687
2020-02-03,1580740200,91.45,91.45,91.44,91.44,1826467
2020-02-04,1580826600,91.45,91.45,91.44,91.44,1013704
2020-02-05,1580913000,91.45,91.46,91.44,91.46,1015890
2020-02-06,1580999400,91.46,91.47,91.46,91.47,1156031
2020-02-07,1581085800,91.47,91.47,91.46,91.47,873085
2020-02-10,1581345000,91.47,91.48,91.46,91.46,636000
2020-02-11,1581431400,91.46,91.47,91.46,91.47,1153132
2020-02-12,1581517800,91.47,91.48,91.47,91.48,823581
2020-02-13,1581604200,91.49,91.49,91.48,91.49,1231136
2020-02-14,1581690600,91.5,91.5,91.48,91.49,1200794
2020-02-18,1582036200,91.49,91.5,91.49,91.5,895108
2020-02-19,1582122600,91.5,91.5,91.49,91.5,1327288
2020-02-20,1582209000,91.51,91.51,91.5,91.5,2327915
2020-02-21,1582295400,91.51,91.52,91.51,91.52,865148
2020-02-24,1582554600,91.52,91.52,91.51,91.51,3162717
2020-02-25,1582641000,91.52,91.52,91.51,91.51,4337324
2020-02-26,1582727400,91.53,91.53,91.52,91.53,4843582
2020-02-27,1582813800,91.53,91.55,91.53,91.55,7014534
2020-02-28,1582900200,91.54,91.55,91.54,91.54,10080488
2020-03-02,1583159400,91.46,91.48,91.46,91.47,8320656
2020-03-03,1583245800,91.47,91.51,91.46,91.49,6196286
2020-03-04,1583332200,91.51,91.53,91.5,91.53,7400312
2020-03-05,1583418600,91.54,91.55,91.53,91.55,4722164
2020-03-06,1583505000,91.54,91.57,91.54,91.55,4562184
2020-03-09,1583760600,91.58,91.63,91.56,91.59,14090055
2020-03-10,1583847000,91.57,91.61,91.56,91.57,10764325
2020-03-11,1583933400,91.57,91.61,91.57,91.59,19939911
2020-03-12,1584019800,91.57,95.965,91.57,91.6,20352217
2020-03-13,1584106200,91.6,91.63,91.59,91.62,11068994
2020-03-16,1584365400,91.64,91.64,91.6,91.63,11009095
2020-03-17,1584451800,91.64,91.64,91.6,91.63,10016912
2020-03-18,1584538200,91.65,91.67,91.62,91.65,11352332
2020-03-19,1584624600,91.64,91.65,91.6,91.63,10002902
2020-03-20,1584711000,91.63,91.66,91.62,91.66,14884715
2020-03-23,1584970200,91.62,91.64,91.61,91.64,7880872
2020-03-24,1585056600,91.62,91.64,91.58,91.64,7108393
2020-03-25,1585143000,91.63,91.64,91.62,91.64,6265865
2020-03-26,1585229400,91.62,91.64,91.62,91.64,5907793
2020-03-27,1585315800,91.64,91.64,91.62,91.62,5413791
2020-03-30,1585575000,91.63,91.63,91.62,91.62,4208628
2020-03-31,1585661400,91.63,91.63,91.61,91.63,6838273
2020-04-01,1585747800,91.58,91.58,91.56,91.57,3865760
2020-04-02,1585834200,91.57,91.58,91.56,91.58,4489336
2020-04-03,1585920600,91.56,91.57,91.55,91.55,4371174
2020-04-06,1586179800,91.57,91.57,91.55,91.56,3804183
2020-04-07,1586266200,91.57,91.57,91.54,91.54,4866153
2020-04-08,1586352600,91.55,91.56,91.55,91.55,3326624
2020-04-09,1586439000,91.55,91.56,91.53,91.53,7432675
2020-04-13,1586784600,91.53,91.56,91.53,91.55,4806720
2020-04-14,1586871000,91.53,91.56,91.53,91.56,7368801
2020-04-15,1586957400,91.55,91.56,91.54,91.55,5840078
2020-04-16,1587043800,91.55,91.56,91.54,91.54,5563276
2020-04-17,1587130200,91.55,91.56,91.55,91.56,4217441
2020-04-20,1587389400,91.56,91.56,91.55,91.55,5258700
2020-04-21,1587475800,91.57,91.57,91.55,91.55,3527183
2020-04-22,1587562200,91.56,91.56,91.55,91.55,2065224
2020-04-23,1587648600,91.56,91.56,91.55,91.56,1929009
2020-04-24,1587735000,91.56,91.56,91.55,91.55,1618099
2020-04-27,1587994200,91.55,91.56,91.54,91.55,2245095
2020-04-28,1588080600,91.56,91.56,91.55,91.55,2744830
2020-04-29,1588167000,91.56,91.56,91.54,91.54,5313536
2020-04-30,1588253400,91.54,91.56,91.54,91.56,7305696
2020-05-01,1588339800,91.55,91.55,91.53,91.53,3710250
2020-05-04,1588599000,91.55,91.55,91.53,91.53,5973478
2020-05-05,1588685400,91.53,91.55,91.53,91.53,2949254
2020-05-06,1588771800,91.55,91.55,91.53,91.54,1716338
2020-05-07,1588858200,91.55,91.55,91.53,91.53,2271181
2020-05-08,1588944600,91.53,91.55,91.53,91.53,3101013
2020-05-11,1589203800,91.53,91.54,91.53,91.54,3903990
2020-05-12,1589290200,91.53,91.54,91.53,91.54,3110453
2020-05-13,1589376600,91.54,91.54,91.53,91.54,3524835
2020-05-14,1589463000,91.54,91.55,91.53,91.55,4505199
2020-05-15,1589549400,91.54,91.54,91.53,91.53,2361844
2020-05-18,1589808600,91.53,91.54,91.53,91.53,2297586
2020-05-19,1589895000,91.54,91.54,91.53,91.53,6505816
2020-05-20,1589981400,91.54,91.54,91.53,91.53,1722441
2020-05-21,1590067800,91.53,91.54,91.53,91.54,2400878
2020-05-22,1590154200,91.54,91.54,91.53,91.53,1935619
2020-05-26,1590499800,91.54,91.54,91.53,91.54,4214248
2020-05-27,1590586200,91.53,91.54,91.53,91.53,3887387
2020-05-28,1590672600,91.53,91.54,91.53,91.53,5061249
2020-05-29,1590759000,91.53,91.54,91.53,91.53,3715787
2020-06-01,1591018200,91.53,91.54,91.5107,91.54,2919604
2020-06-02,1591104600,91.54,91.54,91.53,91.54,4644616
2020-06-03,1591191000,91.53,91.54,91.52,91.54,5447734
2020-06-04,1591277400,91.54,91.54,91.53,91.54,3574649
2020-06-05,1591363800,91.53,91.54,91.52,91.52,4809184
2020-06-08,1591623000,91.54,91.54,91.52,91.53,3937411
2020-06-09,1591709400,91.53,91.54,91.52,91.53,8989102
2020-06-10,1591795800,91.52,91.54,91.52,91.54,3090157
2020-06-11,1591882200,91.53,91.54,91.52,91.52,10544871
2020-06-12,1591968600,91.54,91.54,91.52,91.54,8819413
2020-06-15,1592227800,91.54,91.54,91.53,91.535,3392788
2020-06-16,1592314200,91.53,91.54,91.52,91.54,2417325
2020-06-17,1592400600,91.53,91.54,91.52,91.54,3992000
2020-06-18,1592487000,91.54,91.54,91.53,91.53,1837777
2020-06-19,1592573400,91.53,91.54,91.53,91.53,3115509
2020-06-22,1592832600,91.53,91.54,91.53,91.53,3091930
2020-06-23,1592919000,91.53,91.54,91.53,91.53,2897993
2020-06-24,1593005400,91.53,91.54,91.53,91.53,3778995
2020-06-25,1593091800,91.53,91.54,91.53,91.54,1767498
2020-06-26,1593178200,91.53,91.54,91.53,91.53,1350094
2020-06-29,1593437400,91.53,91.54,91.53,91.53,2431527
2020-06-30,1593523800,91.53,91.54,91.53,91.53,3381091
2020-07-01,1593610200,91.53,91.54,91.5208,91.53,3159993
2020-07-02,1593696600,91.54,91.54,91.53,91.54,2639728
2020-07-06,1594042200,91.53,91.54,91.53,91.53,4064740
2020-07-07,1594128600,91.53,91.54,91.53,91.53,2092687
2020-07-08,1594215000,91.54,91.54,91.53,91.53,4376841
2020-07-09,1594301400,91.53,91.54,91.53,91.53,1516626
2020-07-10,1594387800,91.54,91.54,91.53,91.54,1241818
2020-07-13,1594647000,91.53,91.54,91.53,91.54,2126684
2020-07-14,1594733400,91.54,91.54,91.53,91.54,1326013
2020-07-15,1594819800,91.53,91.54,91.53,91.54,2793085
2020-07-16,1594906200,91.54,91.54,91.5207,91.53,2395938
2020-07-17,1594992600,91.53,91.54,91.53,91.54,2551357
2020-07-20,1595251800,91.54,91.54,91.53,91.54,1276653
2020-07-21,1595338200,91.54,91.54,91.53,91.54,1882701
2020-07-22,1595424600,91.53,91.54,91.53,91.53,1479219
2020-07-23,1595511000,91.53,91.54,91.53,91.54,1118340
2020-07-24,1595597400,91.54,91.54,91.53,91.53,1009931
2020-07-27,1595856600,91.53,91.54,91.53,91.53,1412413
2020-07-28,1595943000,91.53,91.54,91.53,91.54,2012867
2020-07-29,1596029400,91.53,91.54,91.53,91.54,1418142
2020-07-30,1596115800,91.54,91.54,91.53,91.53,2403337
2020-07-31,1596202200,91.53,91.54,91.53,91.54,1099834
2020-08-03,1596461400,91.53,91.5493,91.53,91.53,1564813
2020-08-04,1596547800,91.54,91.54,91.53,91.54,1654735
2020-08-05,1596634200,91.53,91.54,91.53,91.53,1980238
2020-08-06,1596720600,91.53,91.54,91.53,91.53,1591365
2020-08-07,1596807000,91.54,91.54,91.53,91.54,2105431
2020-08-10,1597066200,91.53,91.54,91.53,91.54,887593
2020-08-11,1597152600,91.53,91.54,91.53,91.53,1734276
2020-08-12,1597239000,91.53,91.54,91.53,91.53,2876274
2020-08-13,1597325400,91.54,91.54,91.53,91.54,2350776
2020-08-14,1597411800,91.53,91.54,91.53,91.53,1206033
2020-08-17,1597671000,91.54,91.5497,91.53,91.53,2250098
2020-08-18,1597757400,91.54,91.54,91.53,91.54,3536186
2020-08-19,1597843800,91.54,91.54,91.53,91.54,1785472
2020-08-20,1597930200,91.53,91.54,91.53,91.54,1091012
2020-08-21,1598016600,91.54,91.54,91.53,91.54,1877075
2020-08-24,1598275800,91.53,91.54,91.53,91.54,1276831
2020-08-25,1598362200,91.53,91.54,91.53,91.53,1318266
2020-08-26,1598448600,91.53,91.54,91.53,91.53,1058441
2020-08-27,1598535000,91.53,91.54,91.53,91.53,1314512
2020-08-28,1598621400,91.53,91.54,91.53,91.54,1023040
2020-08-31,1598880600,91.53,91.54,91.53,91.54,1467208
2020-09-01,1598967000,91.54,91.54,91.5206,91.54,1091454
2020-09-02,1599053400,91.54,91.54,91.53,91.54,1549970
2020-09-03,1599139800,91.54,91.54,91.53,91.53,1942643
2020-09-04,1599226200,91.53,91.54,91.53,91.54,1946149
2020-09-08,1599571800,91.53,91.54,91.52,91.54,3647906
2020-09-09,1599658200,91.54,91.54,91.53,91.53,2261177
2020-09-10,1599744600,91.53,91.54,91.53,91.53,1667228
2020-09-11,1599831000,91.54,91.54,91.52,91.52,1213418
2020-09-14,1600090200,91.53,91.54,91.52,91.54,2103874
2020-09-15,1600176600,91.53,91.53,91.52,91.52,1513286
2020-09-16,1600263000,91.52,91.54,91.52,91.54,1248379
2020-09-17,1600349400,91.53,91.54,91.52,91.54,2402663
2020-09-18,1600435800,91.53,91.54,91.52,91.52,841761
2020-09-21,1600695000,91.52,91.54,91.52,91.52,1606005
2020-09-22,1600781400,91.54,91.54,91.52,91.52,1571557
2020-09-23,1600867800,91.53,91.54,91.52,91.52,2503274
2020-09-24,1600954200,91.53,91.54,91.53,91.53,2325836
2020-09-25,1601040600,91.53,91.54,91.52,91.52,1971196
2020-09-28,1601299800,91.53,91.54,91.52,91.53,4095153
2020-09-29,1601386200,91.52,91.53,91.52,91.53,2004624
2020-09-30,1601472600,91.53,91.53,91.52,91.52,2508144
2020-10-01,1601559000,91.52,91.54,91.5113,91.52,1030690
2020-10-02,1601645400,91.53,91.53,91.52,91.52,2053794
2020-10-05,1601904600,91.53,91.53,91.52,91.52,1286081
2020-10-06,1601991000,91.52,91.53,91.52,91.53,2457583
2020-10-07,1602077400,91.52,91.53,91.52,91.52,945290
2020-10-08,1602163800,91.52,91.53,91.52,91.52,832109
2020-10-09,1602250200,91.52,91.53,91.52,91.52,965391
2020-10-12,1602509400,91.52,91.53,91.52,91.53,2242468
2020-10-13,1602595800,91.53,91.53,91.52,91.52,1903924
2020-10-14,1602682200,91.52,91.53,91.52,91.52,1505220
2020-10-15,1602768600,91.53,91.53,91.52,91.52,1188766
2020-10-16,1602855000,91.53,91.53,91.52,91.53,1253461
2020-10-19,1603114200,91.53,91.53,91.52,91.53,788899
2020-10-20,1603200600,91.52,91.53,91.52,91.52,1401503
2020-10-21,1603287000,91.52,91.53,91.52,91.52,1065134
2020-10-22,1603373400,91.52,91.53,91.52,91.53,926878
2020-10-23,1603459800,91.53,91.53,91.52,91.53,995901
2020-10-26,1603719000,91.52,91.53,91.52,91.53,3162437
2020-10-27,1603805400,91.52,91.53,91.52,91.52,1034726
2020-10-28,1603891800,91.53,91.53,91.52,91.52,2147580
2020-10-29,1603978200,91.52,91.53,91.52,91.53,2664188
2020-10-30,1604064600,91.53,91.53,91.52,91.53,2486271
2020-11-02,1604327400,91.52,91.53,91.52,91.53,1380483
2020-11-03,1604413800,91.52,91.53,91.52,91.53,920076
2020-11-04,1604500200,91.53,91.53,91.52,91.52,2331140
2020-11-05,1604586600,91.52,91.53,91.52,91.53,2171361
2020-11-06,1604673000,91.53,91.53,91.52,91.52,1638900
2020-11-09,1604932200,91.53,91.53,91.52,91.53,3195702
2020-11-10,1605018600,91.52,91.53,91.52,91.52,2775736
2020-11-11,1605105000,91.52,91.53,91.52,91.52,960475
2020-11-12,1605191400,91.53,91.53,91.52,91.52,1124965
2020-11-13,1605277800,91.52,91.53,91.52,91.53,1039083
2020-11-16,1605537000,91.52,91.53,91.52,91.53,1092449
2020-11-17,1605623400,91.52,91.53,91.52,91.53,1679159
2020-11-18,1605709800,91.53,91.53,91.52,91.53,2600192
2020-11-19,1605796200,91.53,91.53,91.52,91.53,1110422
2020-11-20,1605882600,91.52,91.53,91.52,91.53,896172
2020-11-23,1606141800,91.53,91.53,91.52,91.53,1082434
2020-11-24,1606228200,91.52,91.53,91.52,91.53,2148138
2020-11-25,1606314600,91.52,91.53,91.52,91.52,991869
2020-11-27,1606487400,91.52,91.53,91.52,91.53,525059
2020-11-30,1606746600,91.52,91.53,91.52,91.52,1224757
2020-12-01,1606833000,91.51,91.53,91.51,91.51,2887933
2020-12-02,1606919400,91.51,91.53,91.51,91.52,3397440
2020-12-03,1607005800,91.52,91.53,91.52,91.52,1342723
2020-12-04,1607092200,91.52,91.53,91.52,91.53,1282972
2020-12-07,1607351400,91.52,91.53,91.51,91.51,1714923
2020-12-08,1607437800,91.51,91.53,91.51,91.51,2136150
2020-12-09,1607524200,91.52,91.52,91.51,91.51,2411340
2020-12-10,1607610600,91.52,91.52,91.51,91.51,802797
2020-12-11,1607697000,91.51,91.52,91.51,91.52,807374
2020-12-14,1607956200,91.51,91.52,91.51,91.51,1270336
2020-12-15,1608042600,91.51,91.52,91.51,91.51,1236547
2020-12-16,1608129000,91.51,91.52,91.51,91.52,1036594
2020-12-17,1608215400,91.51,91.52,91.51,91.52,1051844
2020-12-18,1608301800,91.52,91.52,91.51,91.52,1041449
2020-12-21,1608561000,91.51,91.52,91.51,91.52,1352868
2020-12-22,1608647400,91.52,91.52,91.51,91.52,1140750
2020-12-23,1608733800,91.51,91.52,91.51,91.51,1066137
2020-12-24,1608820200,91.52,91.52,91.51,91.52,580479
2020-12-28,1609165800,91.51,91.52,91.51,91.52,794580
2020-12-29,1609252200,91.52,91.52,91.51,91.52,1590401
2020-12-30,1609338600,91.51,91.52,91.51,91.51,1219427
2020-12-31,1609425000,91.51,91.52,91.51,91.52,1343889
2021-01-04,1609770600,91.52,91.52,91.51,91.52,1588007
2021-01-05,1609857000,91.51,91.52,91.51,91.51,940252
2021-01-06,1609943400,91.5141,91.52,91.51,91.52,1710926
2021-01-07,1610029800,91.51,91.52,91.51,91.52,1249366
2021-01-08,1610116200,91.51,91.52,91.51,91.51,1767550
2021-01-11,1610375400,91.51,91.52,91.51,91.52,1128775
2021-01-12,1610461800,91.52,91.52,91.51,91.51,4098770
2021-01-13,1610548200,91.51,91.52,91.51,91.51,3257329
2021-01-14,1610634600,91.51,91.52,91.51,91.52,2009296
2021-01-15,1610721000,91.51,91.52,91.51,91.52,2250395
2021-01-19,1611066600,91.51,91.52,91.51,91.52,1974638
2021-01-20,1611153000,91.51,91.52,91.51,91.52,641949
2021-01-21,1611239400,91.51,91.52,91.51,91.52,867110
2021-01-22,1611325800,91.51,91.52,91.51,91.51,780882
2021-01-25,1611585000,91.51,91.52,91.51,91.52,921381
2021-01-26,1611671400,91.51,91.52,91.51,91.51,1878350
2021-01-27,1611757800,91.52,91.52,91.51,91.51,1615400
2021-01-28,1611844200,91.5133,91.52,91.51,91.52,1965630
2021-01-29,1611930600,91.51,91.52,91.51,91.52,3702258
2021-02-01,1612189800,91.52,91.526822,91.51,91.52,1563057
2021-02-02,1612276200,91.51,91.52,91.51,91.51,1099455
2021-02-03,1612362600,91.52,91.52,91.51,91.51,1207858
2021-02-04,1612449000,91.51,91.52,91.51,91.52,944087
2021-02-05,1612535400,91.52,91.52,91.51,91.52,726367
2021-02-08,1612794600,91.51,91.52,91.51,91.52,1505252
2021-02-09,1612881000,91.51,91.52,91.51,91.52,1270048
2021-02-10,1612967400,91.52,91.52,91.51,91.51,1424715
2021-02-11,1613053800,91.51,91.52,91.51,91.52,696928
2021-02-12,1613140200,91.51,91.52,91.51,91.51,900936
2021-02-16,1613485800,91.51,91.52,91.51,91.52,1026318
2021-02-17,1613572200,91.51,91.52,91.51,91.52,781445
2021-02-18,1613658600,91.51,91.52,91.51,91.51,1406470
2021-02-19,1613745000,91.51,91.52,91.51,91.52,805203
2021-02-22,1614004200,91.51,91.52,91.51,91.51,1284601
2021-02-23,1614090600,91.51,91.52,91.51,91.51,1170013
2021-02-24,1614177000,91.51,91.51,91.5,91.5,861621
2021-02-25,1614263400,91.5,91.51,91.5,91.51,1370957
2021-02-26,1614349800,91.51,91.51,91.5,91.51,1971144
2021-03-01,1614609000,91.51,91.51,91.5,91.5,1288717
2021-03-02,1614695400,91.51,91.51,91.5,91.5,1588391
2021-03-03,1614781800,91.5,91.51,91.5,91.51,1801436
2021-03-04,1614868200,91.51,91.51,91.5,91.51,1452397
2021-03-05,1614954600,91.5,91.51,91.5,91.51,1248985
2021-03-08,1615213800,91.5,91.51,91.5,91.5,1075512
2021-03-09,1615300200,91.5,91.51,91.5,91.5,1518625
2021-03-10,1615386600,91.5,91.51,91.5,91.5,1100573
2021-03-11,1615473000,91.5,91.51,91.5,91.51,659436
2021-03-12,1615559400,91.5,91.51,91.5,91.5,737721
2021-03-15,1615815000,91.5,91.51,91.5,91.5,976445
2021-03-16,1615901400,91.5,91.51,91.5,91.5,1145041
2021-03-17,1615987800,91.5,91.51,91.5,91.51,1021848
2021-03-18,1616074200,91.5,91.51,91.5,91.5,955697
2021-03-19,1616160600,91.51,91.51,91.5,91.5,704323
2021-03-22,1616419800,91.5,91.51,91.5,91.5,676608
2021-03-23,1616506200,91.51,91.51,91.5,91.51,1691338
2021-03-24,1616592600,91.5,91.51,91.5,91.5,510501
2021-03-25,1616679000,91.5,91.51,91.5,91.5,1224201
2021-03-26,1616765400,91.5,91.51,91.5,91.5,797874
2021-03-29,1617024600,91.5,91.51,91.5,91.5,925728
2021-03-30,1617111000,91.5,91.51,91.5,91.51,606717
2021-03-31,1617197400,91.5,91.51,91.5,91.5,882380
2021-04-01,1617283800,91.51,91.51,91.485,91.51,2289169
2021-04-05,1617629400,91.5,91.5,91.49,91.5,1014779
2021-04-06,1617715800,91.49,91.5,91.49,91.49,672132
2021-04-07,1617802200,91.5,91.5,91.49,91.49,1039707
2021-04-08,1617888600,91.49,91.5,91.49,91.5,2910519
2021-04-09,1617975000,91.49,91.5,91.49,91.49,735823
2021-04-12,1618234200,91.49,91.5,91.49,91.49,866896
2021-04-13,1618320600,91.5,91.5,91.49,91.49,2840834
2021-04-14,1618407000,91.49,91.5,91.49,91.49,645218
2021-04-15,1618493400,91.5,91.5,91.49,91.5,794054
2021-04-16,1618579800,91.49,91.5,91.49,91.5,2055242
2021-04-19,1618839000,91.49,91.5,91.49,91.49,754266
2021-04-20,1618925400,91.49,91.5,91.49,91.49,1548574
2021-04-21,1619011800,91.49,91.5,91.49,91.49,980029
2021-04-22,1619098200,91.49,91.5,91.49,91.5,1226571
2021-04-23,1619184600,91.5,91.5,91.49,91.5,495487
2021-04-26,1619443800,91.49,91.5,91.49,91.49,1061383
2021-04-27,1619530200,91.49,91.5,91.49,91.5,787857
2021-04-28,1619616600,91.49,91.5,91.49,91.49,999188
2021-04-29,1619703000,91.49,91.5,91.49,91.49,899781
2021-04-30,1619789400,91.49,91.5,91.49,91.5,1064322
2021-05-03,1620048600,91.49,91.5,91.49,91.5,1169066
2021-05-04,1620135000,91.49,91.5,91.49,91.49,2178225
2021-05-05,1620221400,91.49,91.5,91.49,91.5,775672
2021-05-06,1620307800,91.49,91.5,91.49,91.5,1066557
2021-05-07,1620394200,91.48,91.49,91.48,91.49,1829271
2021-05-10,1620653400,91.48,91.49,91.48,91.49,723714
2021-05-11,1620739800,91.48,91.49,91.48,91.49,1157087
2021-05-12,1620826200,91.49,91.49,91.48,91.48,915682
2021-05-13,1620912600,91.48,91.5,91.48,91.48,5954557
2021-05-14,1620999000,91.48,91.49,91.48,91.48,1662908
2021-05-17,1621258200,91.48,91.49,91.48,91.49,867108
2021-05-18,1621344600,91.49,91.49,91.48,91.49,1047245
2021-05-19,1621431000,91.48,91.49,91.48,91.48,1675326
2021-05-20,1621517400,91.48,91.49,91.48,91.48,852442
2021-05-21,1621603800,91.48,91.49,91.48,91.49,785922
2021-05-24,1621863000,91.48,91.49,91.48,91.48,1014302
2021-05-25,1621949400,91.48,91.49,91.48,91.48,686886
2021-05-26,1622035800,91.49,91.49,91.48,91.48,998261
2021-05-27,1622122200,91.48,91.49,91.48,91.49,675624
2021-05-28,1622208600,91.48,91.49,91.48,91.49,928630
2021-06-01,1622554200,91.48,91.49,91.48,91.48,1121196
2021-06-02,1622640600,91.49,91.49,91.48,91.48,1752693
2021-06-03,1622727000,91.48,91.49,91.48,91.48,517373
2021-06-04,1622813400,91.48,91.49,91.48,91.49,962356
2021-06-07,1623072600,91.48,91.49,91.47,91.47,983568
2021-06-08,1623159000,91.47,91.48,91.47,91.47,833495
2021-06-09,1623245400,91.48,91.48,91.47,91.47,1122636
2021-06-10,1623331800,91.47,91.48,91.47,91.47,858018
2021-06-11,1623418200,91.47,91.48,91.47,91.48,732345
2021-06-14,1623677400,91.47,91.48,91.47,91.47,439290
2021-06-15,1623763800,91.47,91.48,91.47,91.47,1008622
2021-06-16,1623850200,91.47,91.48,91.47,91.48,575399
2021-06-17,1623936600,91.48,91.48,91.47,91.47,1458857
2021-06-18,1624023000,91.47,91.48,91.47,91.48,885270
2021-06-21,1624282200,91.48,91.48,91.47,91.47,846728
2021-06-22,1624368600,91.47,91.48,91.47,91.47,385991
2021-06-23,1624455000,91.47,91.48,91.47,91.47,651815
2021-06-24,1624541400,91.47,91.48,91.47,91.48,912391
2021-06-25,1624627800,91.47,91.48,91.47,91.48,1276520
2021-06-28,1624887000,91.48,91.48,91.47,91.47,592670
2021-06-29,1624973400,91.47,91.48,91.47,91.47,887137
2021-06-30,1625059800,91.48,91.48,91.47,91.47,555263
2021-07-01,1625146200,91.47,91.48,91.47,91.48,584003
2021-07-02,1625232600,91.47,91.47,91.46,91.47,638770
2021-07-06,1625578200,91.46,91.47,91.46,91.46,654213
2021-07-07,1625664600,91.46,91.47,91.46,91.46,820699
2021-07-08,1625751000,91.46,91.47,91.46,91.47,934211
2021-07-09,1625837400,91.47,91.47,91.46,91.47,632929
2021-07-12,1626096600,91.46,91.47,91.46,91.47,709371
2021-07-13,1626183000,91.46,91.47,91.46,91.47,1037709
2021-07-14,1626269400,91.46,91.47,91.46,91.46,583514
2021-07-15,1626355800,91.46,91.47,91.46,91.47,961817
2021-07-16,1626442200,91.46,91.47,91.46,91.47,618640
2021-07-19,1626701400,91.46,91.47,91.46,91.46,2751185
2021-07-20,1626787800,91.46,91.47,91.46,91.46,1726432
2021-07-21,1626874200,91.46,91.47,91.46,91.46,1123145
2021-07-22,1626960600,91.46,91.47,91.46,91.47,680523
2021-07-23,1627047000,91.46,91.47,91.46,91.46,1078252
2021-07-26,1627306200,91.46,91.47,91.46,91.47,712527
2021-07-27,1627392600,91.47,91.47,91.46,91.46,878730
2021-07-28,1627479000,91.46,91.47,91.46,91.46,1342123
2021-07-29,1627565400,91.46,91.47,91.46,91.47,903397
2021-07-30,1627651800,91.46,91.47,91.46,91.46,410792
2021-08-02,1627911000,91.46,91.47,91.46,91.46,597734
2021-08-03,1627997400,91.46,91.47,91.46,91.46,745059
2021-08-04,1628083800,91.46,91.47,91.46,91.46,1067746
2021-08-05,1628170200,91.46,91.47,91.46,91.46,488296
2021-08-06,1628256600,91.46,91.47,91.46,91.47,694220
2021-08-09,1628515800,91.46,91.47,91.46,91.47,1642880
2021-08-10,1628602200,91.47,91.47,91.46,91.46,937181
2021-08-11,1628688600,91.46,91.47,91.46,91.46,1080508
2021-08-12,1628775000,91.46,91.47,91.46,91.46,616541
2021-08-13,1628861400,91.47,91.47,91.46,91.47,1124656
2021-08-16,1629120600,91.46,91.47,91.45,91.45,1689680
2021-08-17,1629207000,91.47,91.47,91.45,91.45,1564055
2021-08-18,1629293400,91.45,91.47,91.45,91.45,925739
2021-08-19,1629379800,91.45,91.47,91.45,91.47,1720576
2021-08-20,1629466200,91.46,91.47,91.45,91.47,796178
2021-08-23,1629725400,91.46,91.46,91.45,91.45,470734
2021-08-24,1629811800,91.45,91.46,91.45,91.45,808173
2021-08-25,1629898200,91.45,91.46,91.45,91.45,555163
2021-08-26,1629984600,91.46,91.46,91.45,91.46,785762
2021-08-27,1630071000,91.46,91.46,91.45,91.46,479850
2021-08-30,1630330200,91.46,91.46,91.45,91.46,617915
2021-08-31,1630416600,91.45,91.46,91.45,91.45,1021285
2021-09-01,1630503000,91.46,91.46,91.45,91.45,1076935
2021-09-02,1630589400,91.45,91.47,91.45,91.47,673751
2021-09-03,1630675800,91.46,91.46,91.45,91.45,496299
2021-09-07,1631021400,91.46,91.46,91.45,91.45,1597092
2021-09-08,1631107800,91.45,91.46,91.45,91.45,1053484
2021-09-09,1631194200,91.45,91.46,91.45,91.45,735522
2021-09-10,1631280600,91.45,91.46,91.45,91.46,521662
2021-09-13,1631539800,91.45,91.46,91.45,91.46,5164615
2021-09-14,1631626200,91.46,91.46,91.45,91.45,4534279
2021-09-15,1631712600,91.45,91.46,91.45,91.45,1465480
2021-09-16,1631799000,91.46,91.46,91.45,91.46,1322626
2021-09-17,1631885400,91.45,91.46,91.45,91.45,810942
2021-09-20,1632144600,91.45,91.46,91.45,91.46,1087121
2021-09-21,1632231000,91.45,91.46,91.45,91.45,1462343
2021-09-22,1632317400,91.45,91.46,91.45,91.45,1062239
2021-09-23,1632403800,91.45,91.46,91.45,91.46,1108446
2021-09-24,1632490200,91.46,91.46,91.45,91.45,1912114
2021-09-27,1632749400,91.46,91.46,91.44,91.45,2605888
2021-09-28,1632835800,91.46,91.46,91.44,91.45,978754
2021-09-29,1632922200,91.45,91.46,91.45,91.46,787593
2021-09-30,1633008600,91.45,91.46,91.45,91.46,777692
2021-10-01,1633095000,91.46,91.46,91.44,91.46,1484680
2021-10-04,1633354200,91.45,91.45,91.44,91.44,757484
2021-10-05,1633440600,91.44,91.45,91.44,91.45,537807
2021-10-06,1633527000,91.44,91.45,91.44,91.45,1394867
2021-10-07,1633613400,91.44,91.45,91.44,91.45,775374
2021-10-08,1633699800,91.45,91.45,91.44,91.45,487554
2021-10-11,1633959000,91.44,91.45,91.44,91.45,622199
2021-10-12,1634045400,91.44,91.45,91.44,91.45,580231
2021-10-13,1634131800,91.44,91.45,91.44,91.45,934211
2021-10-14,1634218200,91.45,91.45,91.44,91.44,610462
2021-10-15,1634304600,91.44,91.45,91.44,91.45,798672
2021-10-18,1634563800,91.44,91.45,91.44,91.44,650094
2021-10-19,1634650200,91.44,91.45,91.44,91.44,585451
2021-10-20,1634736600,91.45,91.45,91.44,91.44,2241499
2021-10-21,1634823000,91.44,91.45,91.44,91.44,733494
2021-10-22,1634909400,91.44,91.45,91.43,91.44,720963
2021-10-25,1635168600,91.45,91.45,91.44,91.45,674138
2021-10-26,1635255000,91.44,91.45,91.43,91.43,1092606
2021-10-27,1635341400,91.44,91.45,91.43,91.43,779574
2021-10-28,1635427800,91.44,91.45,91.44,91.45,663821
2021-10-29,1635514200,91.44,91.45,91.43,91.45,886944
2021-11-01,1635773400,91.44,91.45,91.44,91.45,1121835
2021-11-02,1635859800,91.44,91.45,91.43,91.43,699367
2021-11-03,1635946200,91.44,91.44,91.43,91.43,1099457
2021-11-04,1636032600,91.44,91.45,91.43,91.44,791500
2021-11-05,1636119000,91.44,91.44,91.43,91.44,829074
2021-11-08,1636381800,91.44,91.45,91.43,91.45,1379295
2021-11-09,1636468200,91.44,91.44,91.43,91.43,962777
2021-11-10,1636554600,91.44,91.45,91.43,91.43,1147633
2021-11-11,1636641000,91.44,91.44,91.43,91.44,789270
2021-11-12,1636727400,91.43,91.44,91.43,91.44,558608
2021-11-15,1636986600,91.44,91.44,91.43,91.44,670800
2021-11-16,1637073000,91.44,91.44,91.43,91.43,1105894
2021-11-17,1637159400,91.43,91.44,91.43,91.43,1197200
2021-11-18,1637245800,91.43,91.44,91.43,91.44,801973
2021-11-19,1637332200,91.44,91.44,91.43,91.44,1430268
2021-11-22,1637591400,91.43,91.44,91.43,91.44,778859
2021-11-23,1637677800,91.43,91.44,91.43,91.43,771457
2021-11-24,1637764200,91.43,91.44,91.43,91.44,676966
2021-11-26,1637937000,91.43,91.44,91.43,91.43,735830
2021-11-29,1638196200,91.43,91.44,91.43,91.44,1067129
2021-11-30,1638282600,91.44,91.44,91.43,91.43,2554800
2021-12-01,1638369000,91.44,91.44,91.43,91.44,1989361
2021-12-02,1638455400,91.44,91.44,91.43,91.44,1502392
2021-12-03,1638541800,91.44,91.44,91.43,91.43,717928
2021-12-06,1638801000,91.44,91.44,91.43,91.43,796680
2021-12-07,1638887400,91.44,91.44,91.43,91.43,617896
2021-12-08,1638973800,91.43,91.44,91.43,91.44,1446597
2021-12-09,1639060200,91.43,91.44,91.43,91.43,1110692
2021-12-10,1639146600,91.44,91.44,91.43,91.44,935323
2021-12-13,1639405800,91.43,91.44,91.43,91.44,462637
2021-12-14,1639492200,91.44,91.44,91.43,91.44,817245
2021-12-15,1639578600,91.43,91.44,91.43,91.44,1653884
2021-12-16,1639665000,91.43,91.44,91.43,91.43,809563
2021-12-17,1639751400,91.44,91.44,91.43,91.44,1063885
2021-12-20,1640010600,91.43,91.44,91.43,91.43,2235072
2021-12-21,1640097000,91.43,91.44,91.42,91.42,2372256
2021-12-22,1640183400,91.43,91.44,91.42,91.42,1001906
2021-12-23,1640269800,91.42,91.43,91.42,91.42,571440
2021-12-27,1640615400,91.42,91.43,91.42,91.43,730397
2021-12-28,1640701800,91.43,91.43,91.42,91.42,1933107
2021-12-29,1640788200,91.42,91.43,91.42,91.42,1246326
2021-12-30,1640874600,91.42,91.43,91.42,91.43,836968
2021-12-31,1640961000,91.42,91.43,91.42,91.43,871356
2022-01-03,1641220200,91.43,91.43,91.42,91.42,1763954
2022-01-04,1641306600,91.42,91.43,91.42,91.43,2511866
2022-01-05,1641393000,91.43,91.43,91.42,91.43,1637334
2022-01-06,1641479400,91.43,91.43,91.42,91.43,1077863
2022-01-07,1641565800,91.43,91.43,91.42,91.43,766929
2022-01-10,1641825000,91.42,91.43,91.42,91.42,1846827
2022-01-11,1641911400,91.42,91.42,91.41,91.41,1847537
2022-01-12,1641997800,91.42,91.43,91.42,91.42,959742
2022-01-13,1642084200,91.42,91.43,91.42,91.43,1056470
2022-01-14,1642170600,91.42,91.43,91.42,91.43,563968
2022-01-18,1642516200,91.43,91.43,91.41,91.41,3068086
2022-01-19,1642602600,91.43,91.43,91.42,91.43,2074856
2022-01-20,1642689000,91.43,91.43,91.42,91.43,1628710
2022-01-21,1642775400,91.42,91.43,91.41,91.42,2937724
2022-01-24,1643034600,91.41,91.43,91.41,91.43,4854902
2022-01-25,1643121000,91.42,91.43,91.41,91.41,4776822
2022-01-26,1643207400,91.41,91.428,91.41,91.42,3694420
2022-01-27,1643293800,91.41,91.43,91.41,91.43,6218713
2022-01-28,1643380200,91.42,91.43,91.41,91.41,4811083
2022-01-31,1643639400,91.42,91.4313,91.41,91.43,26333328
2022-02-01,1643725800,91.41,91.43,91.41,91.42,6452697
2022-02-02,1643812200,91.42,91.43,91.42,91.43,2119831
2022-02-03,1643898600,91.42,91.43,91.41,91.43,2322977
2022-02-04,1643985000,91.42,91.42,91.41,91.41,6725993
2022-02-07,1644244200,91.42,91.42,91.41,91.41,1667495
2022-02-08,1644330600,91.42,91.42,91.41,91.42,24173903
2022-02-09,1644417000,91.41,91.42,91.41,91.41,4386781
2022-02-10,1644503400,91.41,91.42,91.4,91.41,6107148
2022-02-11,1644589800,91.41,91.42,91.4,91.41,3164565
2022-02-14,1644849000,91.41,91.42,91.4,91.4,1876418
2022-02-15,1644935400,91.41,91.42,91.41,91.42,923130
2022-02-16,1645021800,91.42,91.42,91.41,91.42,1057544
2022-02-17,1645108200,91.42,91.42,91.41,91.41,2324934
2022-02-18,1645194600,91.42,91.42,91.41,91.42,1485372
2022-02-22,1645540200,91.41,91.42,91.41,91.42,2188480
2022-02-23,1645626600,91.41,91.42,91.41,91.41,11535012
2022-02-24,1645713000,91.42,91.43,91.41,91.41,8393431
2022-02-25,1645799400,91.42,91.42,91.41,91.41,1846508
2022-02-28,1646058600,91.42,91.42,91.41,91.41,1769274
2022-03-01,1646145000,91.42,91.42,91.41,91.41,4195949
2022-03-02,1646231400,91.42,91.42,91.41,91.41,2298795
2022-03-03,1646317800,91.42,91.42,91.41,91.42,2265532
2022-03-04,1646404200,91.41,91.42,91.41,91.42,1237781
2022-03-07,1646663400,91.4,91.42,91.4,91.42,15932139
2022-03-08,1646749800,91.42,91.42,91.41,91.42,7738708
2022-03-09,1646836200,91.42,91.42,91.41,91.42,2580692
2022-03-10,1646922600,91.42,91.42,91.41,91.42,2353081
2022-03-11,1647009000,91.42,91.42,91.41,91.41,805083
2022-03-14,1647264600,91.41,91.42,91.41,91.42,3886760
2022-03-15,1647351000,91.42,91.42,91.4,91.4,6259725
2022-03-16,1647437400,91.41,91.42,91.4,91.42,1773220
2022-03-17,1647523800,91.41,91.42,91.41,91.42,5463376
2022-03-18,1647610200,91.42,91.42,91.41,91.41,3115342
2022-03-21,1647869400,91.41,91.42,91.41,91.41,3961402
2022-03-22,1647955800,91.42,91.42,91.41,91.41,3440149
2022-03-23,1648042200,91.41,91.43,91.41,91.43,2205557
2022-03-24,1648128600,91.42,91.43,91.42,91.43,1749551
2022-03-25,1648215000,91.43,91.43,91.41,91.41,2840144
2022-03-28,1648474200,91.42,91.42,91.41,91.41,2839375
2022-03-29,1648560600,91.42,91.43,91.41,91.41,4356421
2022-03-30,1648647000,91.41,91.43,91.41,91.43,5278355
2022-03-31,1648733400,91.43,91.43,91.42,91.43,4311591
2022-04-01,1648819800,91.42,91.43,91.41,91.43,2302479
2022-04-04,1649079000,91.41,91.42,91.41,91.42,2478592
2022-04-05,1649165400,91.41,91.42,91.41,91.41,2060903
2022-04-06,1649251800,91.42,91.42,91.41,91.42,2698868
2022-04-07,1649338200,91.41,91.42,91.41,91.42,2615047
2022-04-08,1649424600,91.41,91.42,91.41,91.41,4726233
2022-04-11,1649683800,91.42,91.42,91.41,91.42,3597076
2022-04-12,1649770200,91.41,91.42,91.41,91.42,5780445
2022-04-13,1649856600,91.41,91.42,91.41,91.42,3719154
2022-04-14,1649943000,91.41,91.42,91.41,91.41,1612695
2022-04-18,1650288600,91.41,91.42,91.41,91.42,2689015
2022-04-19,1650375000,91.41,91.42,91.41,91.41,3194934
2022-04-20,1650461400,91.41,91.43,91.41,91.43,1901727
2022-04-21,1650547800,91.43,91.43,91.42,91.43,3573678
2022-04-22,1650634200,91.41,91.43,91.41,91.42,2183289
2022-04-25,1650893400,91.41,91.43,91.41,91.43,10561917
2022-04-26,1650979800,91.42,91.43,91.42,91.42,4266944
2022-04-27,1651066200,91.42,91.43,91.42,91.42,7534822
2022-04-28,1651152600,91.42,91.44,91.42,91.44,5876873
2022-04-29,1651239000,91.43,91.43,91.42,91.42,2678683
2022-05-02,1651498200,91.44,91.44,91.42,91.43,7420849
2022-05-03,1651584600,91.44,91.44,91.42,91.42,5964338
2022-05-04,1651671000,91.42,91.44,91.42,91.44,3019440
2022-05-05,1651757400,91.44,91.44,91.43,91.44,4886780
2022-05-06,1651843800,91.43,91.44,91.43,91.44,4785765
2022-05-09,1652103000,91.45,91.45,91.43,91.43,8826980
2022-05-10,1652189400,91.44,91.45,91.43,91.43,8261231
2022-05-11,1652275800,91.43,91.45,91.43,91.43,6387065
2022-05-12,1652362200,91.44,91.45,91.43,91.44,9010979
2022-05-13,1652448600,91.43,91.45,91.43,91.45,14920587
2022-05-16,1652707800,91.44,91.44,91.43,91.44,2700385
2022-05-17,1652794200,91.43,91.45,91.43,91.44,2456574
2022-05-18,1652880600,91.44,91.45,91.43,91.44,4456327
2022-05-19,1652967000,91.45,91.46,91.44,91.46,4009022
2022-05-20,1653053400,91.45,91.46,91.44,91.46,3051648
2022-05-23,1653312600,91.45,91.46,91.45,91.46,2073249
2022-05-24,1653399000,91.46,91.46,91.45,91.45,3355304
2022-05-25,1653485400,91.45,91.46,91.45,91.46,1700715
2022-05-26,1653571800,91.45,91.48,91.45,91.48,3220490
2022-05-27,1653658200,91.47,91.47,91.45,91.46,2958531
2022-05-31,1654003800,91.47,91.47,91.4448,91.45,19779318
2022-06-01,1654090200,91.44,91.44,91.4181,91.42,18526178
2022-06-02,1654176600,91.43,91.44,91.42,91.44,1281963
2022-06-03,1654263000,91.43,91.44,91.42,91.42,3103992
2022-06-06,1654522200,91.43,91.43,91.42,91.43,1593377
2022-06-07,1654608600,91.43,91.44,91.42,91.42,1682072
2022-06-08,1654695000,91.44,91.44,91.43,91.43,2004563
2022-06-09,1654781400,91.44,91.44,91.43,91.44,1762579
2022-06-10,1654867800,91.44,91.44,91.42,91.42,7140378
2022-06-13,1655127000,91.43,91.4319,91.42,91.43,37231486
2022-06-14,1655213400,91.42,91.42,91.41,91.42,8434316
2022-06-15,1655299800,91.42,91.43,91.41,91.43,2895195
2022-06-16,1655386200,91.43,91.45,91.42,91.45,5284129
2022-06-17,1655472600,91.44,91.45,91.44,91.44,3422310
2022-06-21,1655818200,91.45,91.46,91.44,91.46,5266288
2022-06-22,1655904600,91.46,91.47,91.45,91.47,2871247
2022-06-23,1655991000,91.47,91.47,91.46,91.47,4669524
2022-06-24,1656077400,91.47,91.47,91.45,91.45,3544219
2022-06-27,1656336600,91.46,91.46,91.45,91.45,7641929
2022-06-28,1656423000,91.46,91.47,91.46,91.47,2885276
2022-06-29,1656509400,91.45,91.48,91.45,91.48,1893586
2022-06-30,1656595800,91.48,91.49,91.47,91.49,4423534
2022-07-01,1656682200,91.43,91.44,91.41,91.43,35879424
2022-07-05,1657027800,91.43,91.43,91.42,91.43,9036629
2022-07-06,1657114200,91.43,91.43,91.42,91.43,3783225
2022-07-07,1657200600,91.44,91.44,91.42,91.43,1840509
2022-07-08,1657287000,91.43,91.43,91.42,91.42,1363881
2022-07-11,1657546200,91.42,91.43,91.42,91.43,2316937
2022-07-12,1657632600,91.43,91.43,91.42,91.42,15559677
2022-07-13,1657719000,91.42,91.43,91.4,91.42,12606516
2022-07-14,1657805400,91.41,91.43,91.41,91.43,5037654
2022-07-15,1657891800,91.43,91.43,91.42,91.42,6939634
2022-07-18,1658151000,91.42,91.43,91.41,91.42,3639676
2022-07-19,1658237400,91.43,91.43,91.42,91.42,6771199
2022-07-20,1658323800,91.43,91.44,91.42,91.42,4695792
2022-07-21,1658410200,91.43,91.45,91.42,91.45,3627931
2022-07-22,1658496600,91.45,91.46,91.44,91.46,3511348
2022-07-25,1658755800,91.45,91.45,91.44,91.45,3172032
2022-07-26,1658842200,91.45,91.45,91.44,91.45,1477242
2022-07-27,1658928600,91.45,91.46,91.44,91.45,2611151
2022-07-28,1659015000,91.46,91.47,91.46,91.46,7732607
2022-07-29,1659101400,91.46,91.48,91.46,91.47,6626569
2022-08-01,1659360600,91.37,91.39,91.37,91.38,10760712
2022-08-02,1659447000,91.38,91.39,91.38,91.39,3115625
2022-08-03,1659533400,91.4,91.4,91.38,91.38,4216611
2022-08-04,1659619800,91.41,91.42,91.4,91.4,6491003
2022-08-05,1659706200,91.42,91.42,91.41,91.42,1852722
2022-08-08,1659965400,91.41,91.43,91.41,91.43,2745546
2022-08-09,1660051800,91.41,91.43,91.41,91.42,3834297
2022-08-10,1660138200,91.42,91.44,91.42,91.43,3782254
2022-08-11,1660224600,91.44,91.45,91.43,91.43,6543746
2022-08-12,1660311000,91.44,91.45,91.44,91.45,2110862
2022-08-15,1660570200,91.44,91.45,91.44,91.44,5605739
2022-08-16,1660656600,91.46,91.46,91.45,91.45,4336346
2022-08-17,1660743000,91.46,91.47,91.45,91.45,3673499
2022-08-18,1660829400,91.48,91.49,91.47,91.49,2227933
2022-08-19,1660915800,91.48,91.49,91.47,91.49,4136832
2022-08-22,1661175000,91.48,91.5,91.48,91.5,5597719
2022-08-23,1661261400,91.5,91.5,91.48,91.48,6860334
2022-08-24,1661347800,91.5,91.51,91.4901,91.51,2585844
2022-08-25,1661434200,91.51,91.52,91.51,91.52,3997726
2022-08-26,1661520600,91.51,91.53,91.51,91.52,5442884
2022-08-29,1661779800,91.52,91.53,91.52,91.52,7337569
2022-08-30,1661866200,91.53,91.5443,91.52,91.53,32133202
2022-08-31,1661952600,91.54,91.55,91.53,91.55,9405195
2022-09-01,1662039000,91.43,91.43,91.42,91.43,8175109
2022-09-02,1662125400,91.43,91.44,91.42,91.44,5871715
2022-09-06,1662471000,91.43,91.44,91.43,91.44,7990857
2022-09-07,1662557400,91.43,91.45,91.43,91.45,5180702
2022-09-08,1662643800,91.47,91.47,91.45,91.47,4564663
2022-09-09,1662730200,91.46,91.47,91.46,91.47,1905251
2022-09-12,1662989400,91.47,91.48,91.46,91.46,5377049
2022-09-13,1663075800,91.46,91.48,91.46,91.48,6223350
2022-09-14,1663162200,91.48,91.48,91.47,91.48,4226926
2022-09-15,1663248600,91.49,91.51,91.49,91.51,5787069
2022-09-16,1663335000,91.51,91.51,91.5,91.51,3512330
2022-09-19,1663594200,91.51,91.52,91.5,91.51,5158070
2022-09-20,1663680600,91.52,91.52,91.5,91.5,3792708
2022-09-21,1663767000,91.51,91.53,91.51,91.52,3739967
2022-09-22,1663853400,91.54,91.56,91.53,91.56,10975057
2022-09-23,1663939800,91.55,91.56,91.54,91.56,15103284
2022-09-26,1664199000,91.56,91.56,91.54,91.54,7695770
2022-09-27,1664285400,91.56,91.57,91.56,91.57,5871149
2022-09-28,1664371800,91.57,91.58,91.56,91.58,6710111
2022-09-29,1664458200,91.6,91.6,91.59,91.6,5973287
2022-09-30,1664544600,91.6,91.6,91.58,91.6,9858399
2022-10-03,1664803800,91.45,91.45,91.42,91.42,7300909
2022-10-04,1664890200,91.45,91.45,91.43,91.45,6583107
2022-10-05,1664976600,91.45,91.46,91.44,91.45,6425861
2022-10-06,1665063000,91.48,91.48,91.47,91.47,3415672
2022-10-07,1665149400,91.4743,91.48,91.47,91.47,5033711
2022-10-10,1665408600,91.49,91.49,91.48,91.48,5591104
2022-10-11,1665495000,91.48,91.49,91.48,91.48,7847118
2022-10-12,1665581400,91.49,91.49,91.48,91.48,4389339
2022-10-13,1665667800,91.5,91.51,91.5,91.51,5012885
2022-10-14,1665754200,91.51,91.51,91.5,91.51,3124280
2022-10-17,1666013400,91.52,91.52,91.51,91.51,6373192
2022-10-18,1666099800,91.51,91.52,91.51,91.51,4985930
2022-10-19,1666186200,91.52,91.52,91.51,91.51,4334648
2022-10-20,1666272600,91.53,91.55,91.53,91.55,4561899
2022-10-21,1666359000,91.55,91.56,91.54,91.56,4658633
2022-10-24,1666618200,91.55,91.56,91.55,91.55,2286675
2022-10-25,1666704600,91.55,91.57,91.55,91.55,7035322
2022-10-26,1666791000,91.56,91.57,91.56,91.57,8138626
2022-10-27,1666877400,91.59,91.6,91.58,91.6,4473955
2022-10-28,1666963800,91.6,91.6,91.5851,91.59,25494561
2022-10-31,1667223000,91.6,91.61,91.59,91.59,6145771
2022-11-01,1667309400,91.4053,91.41,91.39,91.39,6054480
2022-11-02,1667395800,91.415,91.42,91.41,91.42,3272726
2022-11-03,1667482200,91.44,91.45,91.43,91.45,8957807
2022-11-04,1667568600,91.46,91.47,91.45,91.47,9427707
2022-11-07,1667831400,91.47,91.47,91.46,91.46,6503873
2022-11-08,1667917800,91.47,91.48,91.47,91.47,5842979
2022-11-09,1668004200,91.505,91.52,91.5,91.52,3602526
2022-11-10,1668090600,91.52,91.53,91.52,91.53,5835670
2022-11-11,1668177000,91.525,91.53,91.52,91.52,6645404
2022-11-14,1668436200,91.54,91.54,91.52,91.52,10435379
2022-11-15,1668522600,91.54,91.54,91.53,91.54,9800775
2022-11-16,1668609000,91.54,91.55,91.54,91.55,7824129
2022-11-17,1668695400,91.57,91.58,91.57,91.58,4772984
2022-11-18,1668781800,91.57,91.58,91.57,91.58,7062934
2022-11-21,1669041000,91.59,91.59,91.58,91.59,3437283
2022-11-22,1669127400,91.59,91.61,91.59,91.61,5261176
2022-11-23,1669213800,91.62,91.64,91.62,91.63,4144440
2022-11-25,1669386600,91.64,91.64,91.63,91.63,2543090
2022-11-28,1669645800,91.64,91.65,91.64,91.64,4456155
2022-11-29,1669732200,91.66,91.67,91.65,91.67,3754663
2022-11-30,1669818600,91.661,91.67,91.66,91.67,5418275
2022-12-01,1669905000,91.43,91.44,91.43,91.43,10968003
2022-12-02,1669991400,91.45,91.45,91.44,91.44,10316345
2022-12-05,1670250600,91.45,91.46,91.45,91.45,8943739
2022-12-06,1670337000,91.47,91.48,91.46,91.48,9646932
2022-12-07,1670423400,91.49,91.5,91.48,91.48,9798553
2022-12-08,1670509800,91.51,91.54,91.51,91.54,3855858
2022-12-09,1670596200,91.53,91.54,91.53,91.53,7718939
2022-12-12,1670855400,91.55,91.55,91.54,91.54,4383623
2022-12-13,1670941800,91.55,91.56,91.54,91.54,6645767
2022-12-14,1671028200,91.56,91.57,91.54,91.57,6898429
2022-12-15,1671114600,91.58,91.59,91.58,91.59,7772108
2022-12-16,1671201000,91.6,91.6,91.59,91.59,4121690
2022-12-19,1671460200,91.34,91.34,91.33,91.33,8627050
2022-12-20,1671546600,91.35,91.35,91.34,91.34,5204285
2022-12-21,1671633000,91.36,91.36,91.35,91.35,6471770
2022-12-22,1671719400,91.39,91.41,91.39,91.41,6594154
2022-12-23,1671805800,91.4,91.41,91.4,91.41,3683089
2022-12-27,1672151400,91.41,91.42,91.41,91.41,4267948
2022-12-28,1672237800,91.44,91.44,91.42,91.44,4123246
2022-12-29,1672324200,91.47,91.48,91.47,91.48,5637384
2022-12-30,1672410600,91.47,91.47,91.46,91.47,6536978
2023-01-03,1672756200,91.48,91.48,91.47,91.48,12503054
2023-01-04,1672842600,91.48,91.49,91.47,91.47,9074489
2023-01-05,1672929000,91.5,91.51,91.49,91.5,6454130
2023-01-06,1673015400,91.5,91.51,91.49,91.49,4623537
2023-01-09,1673274600,91.5,91.51,91.5,91.51,9734546
2023-01-10,1673361000,91.51,91.52,91.5,91.5,5606657
2023-01-11,1673447400,91.51,91.52,91.5,91.5,8601349
2023-01-12,1673533800,91.56,91.57,91.56,91.57,8086875
2023-01-13,1673620200,91.57,91.58,91.57,91.58,5501731
2023-01-17,1673965800,91.58,91.59,91.58,91.58,9495439
2023-01-18,1674052200,91.59,91.6,91.59,91.59,4944801
2023-01-19,1674138600,91.62,91.63,91.62,91.63,6491335
2023-01-20,1674225000,91.64,91.64,91.63,91.64,4532379
2023-01-23,1674484200,91.65,91.65,91.64,91.64,9166448
2023-01-24,1674570600,91.66,91.66,91.65,91.65,5073702
2023-01-25,1674657000,91.67,91.68,91.66,91.66,7570284
2023-01-26,1674743400,91.7,91.71,91.7,91.71,5116540
2023-01-27,1674829800,91.72,91.72,91.71,91.72,5232054
2023-01-30,1675089000,91.72,91.73,91.72,91.72,4281510
2023-01-31,1675175400,91.73,91.74,91.73,91.73,7362580
2023-02-01,1675261800,91.42,91.42,91.4,91.4,9423976
2023-02-02,1675348200,91.44,91.45,91.44,91.44,11984466
2023-02-03,1675434600,91.46,91.46,91.45,91.46,8934696
2023-02-06,1675693800,91.47,91.47,91.46,91.47,5928213
2023-02-07,1675780200,91.48,91.48,91.47,91.48,4283241
2023-02-08,1675866600,91.49,91.49,91.48,91.48,4101519
2023-02-09,1675953000,91.51,91.52,91.51,91.51,4909424
2023-02-10,1676039400,91.52,91.53,91.52,91.52,4580836
2023-02-13,1676298600,91.54,91.54,91.53,91.54,8903955
2023-02-14,1676385000,91.54,91.55,91.54,91.54,4056633
2023-02-15,1676471400,91.56,91.56,91.55,91.56,4897020
2023-02-16,1676557800,91.61,91.61,91.6,91.61,5556380
2023-02-17,1676644200,91.62,91.62,91.61,91.62,4398602
2023-02-21,1676989800,91.63,91.635,91.62,91.62,17021270
2023-02-22,1677076200,91.63,91.65,91.63,91.65,18697179
2023-02-23,1677162600,91.68,91.68,91.67,91.68,4863169
2023-02-24,1677249000,91.69,91.69,91.68,91.69,7735469
2023-02-27,1677508200,91.69,91.7,91.69,91.7,7477368
2023-02-28,1677594600,91.71,91.71,91.7,91.71,8086877
2023-03-01,1677681000,91.47,91.47,91.46,91.46,11005645
2023-03-02,1677767400,91.5,91.5,91.49,91.49,9639282
2023-03-03,1677853800,91.5,91.51,91.5,91.51,7068260
2023-03-06,1678113000,91.52,91.52,91.51,91.52,6131236
2023-03-07,1678199400,91.53,91.54,91.52,91.52,4330695
2023-03-08,1678285800,91.54,91.54,91.53,91.54,8207040
2023-03-09,1678372200,91.56,91.57,91.56,91.56,6450460
2023-03-10,1678458600,91.58,91.59,91.58,91.58,13475706
2023-03-13,1678714200,91.63,91.63,91.6,91.6,21685163
2023-03-14,1678800600,91.62,91.63,91.61,91.61,35715154
2023-03-15,1678887000,91.65,91.66,91.64,91.66,11411672
2023-03-16,1678973400,91.69,91.7,91.69,91.7,9346998
2023-03-17,1679059800,91.69,91.72,91.69,91.72,8580305
2023-03-20,1679319000,91.72,91.73,91.71,91.73,8169649
2023-03-21,1679405400,91.72,91.74,91.72,91.73,7888533
2023-03-22,1679491800,91.74,91.75,91.74,91.75,8202639
2023-03-23,1679578200,91.77,91.79,91.77,91.79,5769458
2023-03-24,1679664600,91.8,91.81,91.79,91.81,7399618
2023-03-27,1679923800,91.8,91.81,91.8,91.8,6188622
2023-03-28,1680010200,91.82,91.83,91.82,91.82,6215010
2023-03-29,1680096600,91.82,91.84,91.82,91.82,4705650
2023-03-30,1680183000,91.84,91.85,91.82,91.84,9284749
2023-03-31,1680269400,91.84,91.84,91.82,91.82,11615498
2023-04-03,1680528600,91.48,91.48,91.47,91.47,12448638
2023-04-04,1680615000,91.48,91.49,91.48,91.48,10265808
2023-04-05,1680701400,91.53,91.54,91.53,91.53,6913877
2023-04-06,1680787800,91.55,91.55,91.54,91.54,4941406
2023-04-10,1681133400,91.56,91.56,91.55,91.55,5741944
2023-04-11,1681219800,91.56,91.57,91.56,91.56,7722550
2023-04-12,1681306200,91.58,91.59,91.57,91.58,8786248
2023-04-13,1681392600,91.62,91.63,91.62,91.63,8673892
2023-04-14,1681479000,91.63,91.64,91.62,91.63,9391111
2023-04-17,1681738200,91.64,91.65,91.64,91.65,5173786
2023-04-18,1681824600,91.65,91.67,91.65,91.66,4540656
2023-04-19,1681911000,91.68,91.68,91.67,91.67,5901933
2023-04-20,1681997400,91.72,91.74,91.71,91.74,6034406
2023-04-21,1682083800,91.73,91.73,91.72,91.73,5880897
2023-04-24,1682343000,91.75,91.75,91.73,91.74,8195934
2023-04-25,1682429400,91.74,91.75,91.73,91.73,4222514
2023-04-26,1682515800,91.74,91.75,91.74,91.75,7365235
2023-04-27,1682602200,91.78,91.79,91.77,91.78,5585429
2023-04-28,1682688600,91.77,91.78,91.77,91.78,6539074
2023-05-01,1682947800,91.44,91.45,91.43,91.43,11273342
2023-05-02,1683034200,91.44,91.44,91.41,91.41,5495889
2023-05-03,1683120600,91.43,91.43,91.42,91.42,5533058
2023-05-04,1683207000,91.46,91.46,91.44,91.45,8052718
2023-05-05,1683293400,91.47,91.49,91.46,91.47,7170198
2023-05-08,1683552600,91.48,91.49,91.48,91.48,5508603
2023-05-09,1683639000,91.5,91.5,91.49,91.49,6850301
2023-05-10,1683725400,91.51,91.52,91.5,91.5,4831812
2023-05-11,1683811800,91.56,91.57,91.55,91.56,6159808
2023-05-12,1683898200,91.58,91.58,91.57,91.58,4328558
2023-05-15,1684157400,91.58,91.59,91.58,91.59,4056073
2023-05-16,1684243800,91.59,91.6,91.58,91.58,8530375
2023-05-17,1684330200,91.6,91.61,91.6,91.6,5415399
2023-05-18,1684416600,91.64,91.65,91.63,91.65,6433957
2023-05-19,1684503000,91.66,91.66,91.64,91.65,6447435
2023-05-22,1684762200,91.66,91.66,91.65,91.66,8404900
2023-05-23,1684848600,91.66,91.67,91.66,91.66,5050528
2023-05-24,1684935000,91.67,91.68,91.66,91.66,4762054
2023-05-25,1685021400,91.73,91.73,91.72,91.72,5264007
2023-05-26,1685107800,91.75,91.76,91.74,91.74,5923209
2023-05-30,1685453400,91.76,91.77,91.75,91.75,11529270
2023-05-31,1685539800,91.77,91.78,91.77,91.77,9807373
2023-06-01,1685626200,91.45,91.45,91.44,91.45,10700452
2023-06-02,1685712600,91.46,91.46,91.44,91.46,10257549
2023-06-05,1685971800,91.47,91.47,91.45,91.46,10103633
2023-06-06,1686058200,91.48,91.49,91.47,91.48,6120926
2023-06-07,1686144600,91.49,91.51,91.49,91.49,6483083
2023-06-08,1686231000,91.53,91.54,91.53,91.54,8802012
2023-06-09,1686317400,91.54,91.55,91.54,91.55,6456740
2023-06-12,1686576600,91.56,91.57,91.56,91.56,3781329
2023-06-13,1686663000,91.57,91.58,91.57,91.58,6784247
2023-06-14,1686749400,91.59,91.6,91.58,91.6,5756288
2023-06-15,1686835800,91.64,91.65,91.64,91.64,9827278
2023-06-16,1686922200,91.66,91.66,91.65,91.65,4765337
2023-06-20,1687267800,91.66,91.67,91.66,91.67,6174256
2023-06-21,1687354200,91.68,91.69,91.67,91.67,4945331
2023-06-22,1687440600,91.71,91.72,91.71,91.71,4704645
2023-06-23,1687527000,91.72,91.73,91.72,91.72,3851471
2023-06-26,1687786200,91.74,91.75,91.73,91.73,7241346
2023-06-27,1687872600,91.75,91.76,91.75,91.75,5476342
2023-06-28,1687959000,91.77,91.77,91.76,91.76,4486792
2023-06-29,1688045400,91.8,91.81,91.79,91.79,5728011
2023-06-30,1688131800,91.82,91.83,91.82,91.82,8054807
2023-07-03,1688391000,91.46,91.47,91.46,91.47,7158185
2023-07-05,1688563800,91.48,91.49,91.47,91.48,7987862
2023-07-06,1688650200,91.51,91.52,91.51,91.51,7569955
2023-07-07,1688736600,91.52,91.53,91.52,91.52,6490997
2023-07-10,1688995800,91.53,91.54,91.53,91.54,4185982
2023-07-11,1689082200,91.55,91.56,91.55,91.55,5569134
2023-07-12,1689168600,91.56,91.57,91.56,91.57,7188077
2023-07-13,1689255000,91.6,91.61,91.6,91.61,5902610
2023-07-14,1689341400,91.61,91.62,91.61,91.62,6505849
2023-07-17,1689600600,91.63,91.63,91.62,91.63,3932615
2023-07-18,1689687000,91.64,91.64,91.63,91.63,4791005
2023-07-19,1689773400,91.65,91.66,91.65,91.65,5132137
2023-07-20,1689859800,91.69,91.7,91.68,91.7,5047573
2023-07-21,1689946200,91.7,91.71,91.7,91.7,4087140
2023-07-24,1690205400,91.71,91.72,91.71,91.71,3752360
2023-07-25,1690291800,91.73,91.73,91.72,91.72,4170511
2023-07-26,1690378200,91.74,91.74,91.73,91.73,4699978
2023-07-27,1690464600,91.77,91.78,91.77,91.78,4727801
2023-07-28,1690551000,91.79,91.8,91.79,91.79,3714538
2023-07-31,1690810200,91.8,91.81,91.8,91.8,6722741
2023-08-01,1690896600,91.43,91.43,91.42,91.43,13371033
2023-08-02,1690983000,91.44,91.44,91.43,91.44,8217435
2023-08-03,1691069400,91.48,91.48,91.47,91.48,5729211
2023-08-04,1691155800,91.49,91.5,91.49,91.5,6200044
2023-08-07,1691415000,91.51,91.51,91.5,91.5,5977994
2023-08-08,1691501400,91.52,91.52,91.51,91.52,6517873
2023-08-09,1691587800,91.53,91.54,91.53,91.53,4293045
2023-08-10,1691674200,91.56,91.58,91.56,91.58,5120647
2023-08-11,1691760600,91.58,91.59,91.58,91.59,3669147
2023-08-14,1692019800,91.59,91.6,91.59,91.6,6596068
2023-08-15,1692106200,91.6,91.61,91.6,91.61,4853142
2023-08-16,1692192600,91.62,91.63,91.62,91.63,7890326
2023-08-17,1692279000,91.66,91.67,91.66,91.67,5621651
2023-08-18,1692365400,91.68,91.68,91.67,91.68,6774433
2023-08-21,1692624600,91.69,91.69,91.68,91.69,5959691
2023-08-22,1692711000,91.71,91.71,91.7,91.7,5790320
2023-08-23,1692797400,91.71,91.72,91.71,91.72,9529319
2023-08-24,1692883800,91.75,91.76,91.75,91.75,6746698
2023-08-25,1692970200,91.76,91.77,91.76,91.77,4882975
2023-08-28,1693229400,91.78,91.79,91.78,91.79,4264068
2023-08-29,1693315800,91.8,91.8,91.78,91.78,9168234
2023-08-30,1693402200,91.8,91.81,91.79,91.8,6427024
2023-08-31,1693488600,91.85,91.86,91.85,91.86,7771549
2023-09-01,1693575000,91.469,91.47,91.46,91.47,21540522
2023-09-05,1693920600,91.489,91.49,91.48,91.49,8316301
2023-09-06,1694007000,91.5,91.5,91.49,91.49,6524802
2023-09-07,1694093400,91.53,91.54,91.53,91.54,6808090
2023-09-08,1694179800,91.54,91.55,91.54,91.55,6420359
2023-09-11,1694439000,91.57,91.57,91.55,91.55,8027074
2023-09-12,1694525400,91.57,91.58,91.57,91.58,9948398
2023-09-13,1694611800,91.58,91.59,91.58,91.59,4696195
2023-09-14,1694698200,91.62,91.63,91.62,91.62,4214826
2023-09-15,1694784600,91.64,91.64,91.63,91.64,4688759
2023-09-18,1695043800,91.66,91.66,91.65,91.65,7376159
2023-09-19,1695130200,91.66,91.67,91.66,91.66,4357493
2023-09-20,1695216600,91.67,91.68,91.67,91.67,5946196
2023-09-21,1695303000,91.71,91.72,91.71,91.72,7526646
2023-09-22,1695389400,91.73,91.74,91.73,91.73,15684404
2023-09-25,1695648600,91.75,91.75,91.74,91.74,7491954
2023-09-26,1695735000,91.75,91.76,91.75,91.75,7130600
2023-09-27,1695821400,91.78,91.78,91.76,91.78,7669707
2023-09-28,1695907800,91.8,91.82,91.8,91.81,8426352
2023-09-29,1695994200,91.82,91.83,91.82,91.82,9081532
2023-10-02,1696253400,91.45,91.45,91.44,91.44,22550368
2023-10-03,1696339800,91.46,91.46,91.45,91.46,10648812
2023-10-04,1696426200,91.46,91.47,91.46,91.47,26575749
2023-10-05,1696512600,91.52,91.53,91.52,91.53,8295301
2023-10-06,1696599000,91.54,91.54,91.53,91.53,9856139
2023-10-09,1696858200,91.54,91.55,91.53,91.54,5972285
2023-10-10,1696944600,91.55,91.56,91.54,91.54,8463658
2023-10-11,1697031000,91.55,91.56,91.55,91.56,6839359
2023-10-12,1697117400,91.6,91.6,91.59,91.6,7528682
2023-10-13,1697203800,91.61,91.62,91.61,91.62,15044288
2023-10-16,1697463000,91.64,91.64,91.62,91.63,8181787
2023-10-17,1697549400,91.64,91.65,91.64,91.64,5363207
2023-10-18,1697635800,91.65,91.66,91.65,91.65,6069544
2023-10-19,1697722200,91.69,91.7,91.69,91.69,4551547
2023-10-20,1697808600,91.71,91.71,91.7,91.71,4887085
2023-10-23,1698067800,91.73,91.73,91.72,91.72,14352697
2023-10-24,1698154200,91.74,91.74,91.73,91.73,12544151
2023-10-25,1698240600,91.75,91.75,91.74,91.74,12375965
2023-10-26,1698327000,91.79,91.79,91.78,91.78,9919980
2023-10-27,1698413400,91.8,91.82,91.8,91.81,28351222
2023-10-30,1698672600,91.81,91.82,91.81,91.82,25136882
2023-10-31,1698759000,91.82,91.83,91.82,91.82,16748409
2023-11-01,1698845400,91.44,91.44,91.43,91.44,25791850
2023-11-02,1698931800,91.471,91.48,91.47,91.47,11970792
2023-11-03,1699018200,91.48,91.49,91.48,91.48,13721127
2023-11-06,1699281000,91.495,91.5,91.49,91.49,28039215
2023-11-07,1699367400,91.51,91.52,91.51,91.51,6950988
2023-11-08,1699453800,91.525,91.53,91.52,91.52,9180829
2023-11-09,1699540200,91.56,91.57,91.56,91.57,11886828
2023-11-10,1699626600,91.58,91.59,91.58,91.58,5574226
2023-11-13,1699885800,91.59,91.6,91.59,91.59,6166730
2023-11-14,1699972200,91.6,91.61,91.6,91.6,11126530
2023-11-15,1700058600,91.63,91.63,91.62,91.62,10552705
2023-11-16,1700145000,91.66,91.67,91.66,91.66,7802852
2023-11-17,1700231400,91.67,91.68,91.67,91.68,6794144
2023-11-20,1700490600,91.685,91.69,91.68,91.68,8516563
2023-11-21,1700577000,91.72,91.72,91.71,91.71,13067070
2023-11-22,1700663400,91.76,91.76,91.75,91.75,7628016
2023-11-24,1700836200,91.76,91.77,91.76,91.76,2838982
2023-11-27,1701095400,91.77,91.78,91.77,91.77,9166036
2023-11-28,1701181800,91.79,91.8,91.79,91.79,7244736
2023-11-29,1701268200,91.8,91.81,91.8,91.8,6942212
2023-11-30,1701354600,91.84,91.85,91.84,91.84,18629938
2023-12-01,1701441000,91.45,91.45,91.44,91.44,21247844
2023-12-04,1701700200,91.45,91.46,91.44,91.44,15502991
2023-12-05,1701786600,91.47,91.47,91.46,91.46,6463431
2023-12-06,1701873000,91.47,91.48,91.47,91.47,6941736
2023-12-07,1701959400,91.51,91.52,91.51,91.51,7369288
2023-12-08,1702045800,91.53,91.54,91.53,91.53,5730106
2023-12-11,1702305000,91.55,91.55,91.54,91.55,5613480
2023-12-12,1702391400,91.56,91.56,91.55,91.55,7885886
2023-12-13,1702477800,91.56,91.57,91.56,91.56,6781752
2023-12-14,1702564200,91.6,91.61,91.6,91.6,13475435
2023-12-15,1702650600,91.62,91.63,91.62,91.63,6917564
2023-12-18,1702909800,91.22,91.22,91.21,91.22,8910931
2023-12-19,1702996200,91.225,91.235,91.22,91.22,6977328
2023-12-20,1703082600,91.24,91.25,91.24,91.24,8098694
2023-12-21,1703169000,91.29,91.3,91.29,91.3,5055220
2023-12-22,1703255400,91.3,91.31,91.3,91.31,7471575
2023-12-26,1703601000,91.33,91.33,91.32,91.33,4638805
2023-12-27,1703687400,91.33,91.34,91.33,91.33,4717657
2023-12-28,1703773800,91.38,91.39,91.38,91.39,5605061
2023-12-29,1703860200,91.4,91.4,91.39,91.39,5588567
2024-01-02,1704205800,91.4,91.41,91.4,91.4,9445457
2024-01-03,1704292200,91.41,91.43,91.41,91.43,6793453
2024-01-04,1704378600,91.46,91.47,91.46,91.46,5840204
2024-01-05,1704465000,91.48,91.48,91.47,91.47,4991770
2024-01-08,1704724200,91.48,91.49,91.48,91.48,4889873
2024-01-09,1704810600,91.495,91.5,91.49,91.49,5080805
2024-01-10,1704897000,91.51,91.52,91.51,91.51,8798589
2024-01-11,1704983400,91.56,91.57,91.56,91.56,5947134
2024-01-12,1705069800,91.57,91.58,91.57,91.58,5049228
2024-01-16,1705415400,91.59,91.6,91.59,91.59,6485231
2024-01-17,1705501800,91.6,91.61,91.6,91.61,5915682
2024-01-18,1705588200,91.64,91.65,91.64,91.65,5270513
2024-01-19,1705674600,91.66,91.66,91.65,91.66,5444552
2024-01-22,1705933800,91.67,91.68,91.67,91.67,6114020
2024-01-23,1706020200,91.68,91.69,91.68,91.68,4961785
2024-01-24,1706106600,91.691,91.7,91.69,91.69,6486095
2024-01-25,1706193000,91.74,91.74,91.73,91.74,6059517
2024-01-26,1706279400,91.75,91.75,91.74,91.75,5612929
2024-01-29,1706538600,91.76,91.77,91.76,91.76,5646110
2024-01-30,1706625000,91.77,91.78,91.77,91.77,30704159
2024-01-31,1706711400,91.785,91.79,91.78,91.78,10964444
2024-02-01,1706797800,91.42,91.43,91.42,91.42,14759198
2024-02-02,1706884200,91.44,91.44,91.43,91.44,8157678
2024-02-05,1707143400,91.45,91.45,91.44,91.44,6923421
2024-02-06,1707229800,91.46,91.46,91.45,91.46,5037906
2024-02-07,1707316200,91.48,91.48,91.47,91.47,8475361
2024-02-08,1707402600,91.52,91.52,91.51,91.51,5406347
2024-02-09,1707489000,91.52,91.53,91.52,91.52,5087015
2024-02-12,1707748200,91.54,91.54,91.53,91.54,7216834
2024-02-13,1707834600,91.54,91.55,91.54,91.54,7655093
2024-02-14,1707921000,91.56,91.57,91.56,91.56,6028047
2024-02-15,1708007400,91.62,91.62,91.61,91.61,4800582
2024-02-16,1708093800,91.62,91.63,91.62,91.63,6052632
2024-02-20,1708439400,91.65,91.65,91.64,91.64,4841054
2024-02-21,1708525800,91.65,91.66,91.65,91.65,5167987
2024-02-22,1708612200,91.69,91.7,91.69,91.7,7474034
2024-02-23,1708698600,91.7,91.71,91.7,91.71,5608617
2024-02-26,1708957800,91.715,91.72,91.71,91.71,4644794
2024-02-27,1709044200,91.73,91.74,91.73,91.73,6027487
2024-02-28,1709130600,91.74,91.75,91.74,91.74,3917619
2024-02-29,1709217000,91.78,91.79,91.78,91.78,13028942
2024-03-01,1709303400,91.44,91.45,91.44,91.45,13095372
2024-03-04,1709562600,91.455,91.46,91.45,91.46,8628321
2024-03-05,1709649000,91.47,91.47,91.46,91.46,10329533
2024-03-06,1709735400,91.49,91.49,91.48,91.48,6751956
2024-03-07,1709821800,91.53,91.53,91.52,91.52,4388642
2024-03-08,1709908200,91.53,91.54,91.53,91.53,4298947
2024-03-11,1710163800,91.55,91.55,91.54,91.54,5117938
2024-03-12,1710250200,91.56,91.57,91.56,91.57,4136599
2024-03-13,1710336600,91.58,91.58,91.57,91.57,4478385
2024-03-14,1710423000,91.61,91.62,91.61,91.61,4602968
2024-03-15,1710509400,91.63,91.63,91.62,91.63,4445587
2024-03-18,1710768600,91.64,91.64,91.63,91.64,5594431
2024-03-19,1710855000,91.65,91.66,91.65,91.66,5681897
2024-03-20,1710941400,91.66,91.67,91.66,91.67,4398241
2024-03-21,1711027800,91.7,91.71,91.7,91.7,7534914
2024-03-22,1711114200,91.71,91.72,91.71,91.71,4686398
2024-03-25,1711373400,91.74,91.74,91.73,91.73,4049959
2024-03-26,1711459800,91.74,91.75,91.74,91.74,4275961
2024-03-27,1711546200,91.79,91.8,91.79,91.8,5350734
2024-03-28,1711632600,91.8,91.81,91.8,91.8,10199202
2024-04-01,1711978200,91.42,91.43,91.42,91.42,14208235
2024-04-02,1712064600,91.435,91.44,91.43,91.44,8902535
2024-04-03,1712151000,91.45,91.45,91.44,91.44,8433880
2024-04-04,1712237400,91.48,91.49,91.48,91.48,6620414
2024-04-05,1712323800,91.5,91.5,91.49,91.5,5463180
2024-04-08,1712583000,91.515,91.52,91.51,91.51,4983819
2024-04-09,1712669400,91.52,91.53,91.52,91.52,5578078
2024-04-10,1712755800,91.53,91.54,91.53,91.54,4799657
2024-04-11,1712842200,91.57,91.58,91.57,91.57,5081524
2024-04-12,1712928600,91.58,91.59,91.58,91.58,7030175
2024-04-15,1713187800,91.59,91.6,91.59,91.6,7376723
2024-04-16,1713274200,91.62,91.62,91.61,91.61,8427001
2024-04-17,1713360600,91.63,91.63,91.62,91.62,10975341
2024-04-18,1713447000,91.66,91.67,91.66,91.67,7379151
2024-04-19,1713533400,91.68,91.68,91.67,91.68,6855085
2024-04-22,1713792600,91.695,91.7,91.69,91.7,6628445
2024-04-23,1713879000,91.71,91.71,91.7,91.71,5991946
2024-04-24,1713965400,91.71,91.72,91.71,91.71,7103529
2024-04-25,1714051800,91.76,91.76,91.75,91.76,5351054
2024-04-26,1714138200,91.77,91.77,91.76,91.76,6842826
2024-04-29,1714397400,91.78,91.79,91.78,91.78,7880036
2024-04-30,1714483800,91.79,91.8,91.79,91.79,13723641
2024-05-01,1714570200,91.425,91.43,91.42,91.42,13814723
2024-05-02,1714656600,91.47,91.47,91.46,91.47,8928181
2024-05-03,1714743000,91.48,91.48,91.47,91.48,7417903
2024-05-06,1715002200,91.49,91.49,91.48,91.48,8050964
2024-05-07,1715088600,91.5,91.5,91.49,91.49,5471718
2024-05-08,1715175000,91.51,91.52,91.51,91.51,4992461
2024-05-09,1715261400,91.55,91.56,91.55,91.56,5300426
2024-05-10,1715347800,91.56,91.57,91.56,91.56,4157590
2024-05-13,1715607000,91.57,91.58,91.57,91.58,4583692
2024-05-14,1715693400,91.6,91.6,91.59,91.59,6834419
2024-05-15,1715779800,91.61,91.61,91.6,91.6,6416111
2024-05-16,1715866200,91.65,91.65,91.64,91.64,8627377
2024-05-17,1715952600,91.66,91.66,91.65,91.65,4260460
2024-05-20,1716211800,91.67,91.68,91.67,91.67,4460536
2024-05-21,1716298200,91.69,91.69,91.68,91.68,3358350
2024-05-22,1716384600,91.7,91.71,91.69,91.7,5629592
2024-05-23,1716471000,91.75,91.76,91.75,91.76,5209963
2024-05-24,1716557400,91.76,91.77,91.76,91.77,4187414
2024-05-28,1716903000,91.76,91.77,91.76,91.76,4940918
2024-05-29,1716989400,91.77,91.78,91.77,91.78,4961205
2024-05-30,1717075800,91.79,91.8,91.79,91.8,5727284
2024-05-31,1717162200,91.82,91.83,91.82,91.82,12454843
2024-06-03,1717421400,91.449,91.45,91.43,91.43,15275151
2024-06-04,1717507800,91.445,91.46,91.44,91.45,8302257
2024-06-05,1717594200,91.47,91.47,91.46,91.46,8099310
2024-06-06,1717680600,91.48,91.48,91.47,91.47,4720806
2024-06-07,1717767000,91.51,91.52,91.51,91.51,5032614
2024-06-10,1718026200,91.52,91.53,91.52,91.53,4095844
2024-06-11,1718112600,91.55,91.55,91.54,91.54,4831680
2024-06-12,1718199000,91.56,91.56,91.55,91.56,6373619
2024-06-13,1718285400,91.58,91.58,91.57,91.57,5132557
2024-06-14,1718371800,91.6,91.62,91.6,91.62,5226529
2024-06-17,1718631000,91.63,91.63,91.62,91.63,5333222
2024-06-18,1718717400,91.64,91.65,91.64,91.65,6273184
2024-06-20,1718890200,91.66,91.67,91.66,91.67,5238822
2024-06-21,1718976600,91.7,91.71,91.7,91.7,5431875
2024-06-24,1719235800,91.72,91.72,91.71,91.72,5280395
2024-06-25,1719322200,91.73,91.74,91.72,91.72,3547887
2024-06-26,1719408600,91.73,91.74,91.73,91.73,4098083
2024-06-27,1719495000,91.75,91.76,91.75,91.75,4487234
2024-06-28,1719581400,91.78,91.79,91.78,91.78,10410825
2024-07-01,1719840600,91.42,91.42,91.41,91.42,11882656
2024-07-02,1719927000,91.43,91.43,91.42,91.43,8228057
2024-07-03,1720013400,91.46,91.46,91.45,91.46,4240077
2024-07-05,1720186200,91.5,91.5,91.49,91.49,4316494
2024-07-08,1720445400,91.5,91.52,91.5,91.51,4748083
2024-07-09,1720531800,91.52,91.53,91.51,91.51,4323263
2024-07-10,1720618200,91.54,91.54,91.52,91.53,4653501
2024-07-11,1720704600,91.54,91.55,91.54,91.54,5960308
2024-07-12,1720791000,91.58,91.59,91.58,91.58,5871959
2024-07-15,1721050200,91.59,91.6,91.59,91.6,6130484
2024-07-16,1721136600,91.61,91.61,91.6,91.6,5457006
2024-07-17,1721223000,91.62,91.63,91.61,91.63,7883424
2024-07-18,1721309400,91.63,91.64,91.62,91.64,5746039
2024-07-19,1721395800,91.68,91.68,91.67,91.67,4604884
2024-07-22,1721655000,91.68,91.69,91.68,91.69,6777721
2024-07-23,1721741400,91.69,91.71,91.69,91.69,8687910
2024-07-24,1721827800,91.72,91.72,91.71,91.72,5548031
2024-07-25,1721914200,91.72,91.73,91.72,91.72,5926523
2024-07-26,1722000600,91.77,91.77,91.75,91.77,4299275
2024-07-29,1722259800,91.78,91.78,91.77,91.77,4097449
2024-07-30,1722346200,91.79,91.79,91.78,91.78,6748041
2024-07-31,1722432600,91.79,91.8,91.79,91.8,12395013
2024-08-01,1722519000,91.41,91.42,91.41,91.42,18244894
2024-08-02,1722605400,91.46,91.47,91.45,91.47,14492034
2024-08-05,1722864600,91.47,91.48,91.47,91.47,21054236
2024-08-06,1722951000,91.48,91.49,91.48,91.49,9774271
2024-08-07,1723037400,91.5,91.51,91.49,91.51,14277119
2024-08-08,1723123800,91.51,91.52,91.51,91.52,6945964
2024-08-09,1723210200,91.54,91.55,91.54,91.54,7714465
2024-08-12,1723469400,91.55,91.57,91.55,91.57,6167053
2024-08-13,1723555800,91.57,91.58,91.57,91.58,7486712
2024-08-14,1723642200,91.58,91.6,91.58,91.59,5103806
2024-08-15,1723728600,91.6,91.61,91.59,91.6,6864965
2024-08-16,1723815000,91.63,91.65,91.63,91.65,8828859
2024-08-19,1724074200,91.66,91.66,91.65,91.65,5960003
2024-08-20,1724160600,91.66,91.67,91.66,91.67,5868897
2024-08-21,1724247000,91.69,91.69,91.6799,91.69,4315703
2024-08-22,1724333400,91.69,91.7,91.69,91.69,5643979
2024-08-23,1724419800,91.73,91.74,91.73,91.73,6458023
2024-08-26,1724679000,91.74,91.75,91.74,91.74,6712331
2024-08-27,1724765400,91.76,91.76,91.75,91.76,6549617
2024-08-28,1724851800,91.77,91.77,91.76,91.77,6373558
2024-08-29,1724938200,91.78,91.79,91.77,91.77,4766820
2024-08-30,1725024600,91.825,91.83,91.82,91.82,12422235
2024-09-03,1725370200,91.45,91.46,91.44,91.46,18003278
2024-09-04,1725456600,91.47,91.47,91.46,91.47,6427394
2024-09-05,1725543000,91.48,91.49,91.47,91.48,7293030
2024-09-06,1725629400,91.53,91.53,91.52,91.53,7105225
2024-09-09,1725888600,91.54,91.54,91.53,91.53,5391773
2024-09-10,1725975000,91.54,91.56,91.54,91.56,4815259
2024-09-11,1726061400,91.56,91.57,91.56,91.56,7429469
2024-09-12,1726147800,91.57,91.58,91.57,91.57,5189827
2024-09-13,1726234200,91.61,91.62,91.61,91.62,8183467
2024-09-16,1726493400,91.63,91.64,91.63,91.64,6037391
2024-09-17,1726579800,91.66,91.66,91.65,91.65,9658206
2024-09-18,1726666200,91.66,91.68,91.66,91.67,7621151
2024-09-19,1726752600,91.68,91.69,91.68,91.69,8001060
2024-09-20,1726839000,91.72,91.73,91.72,91.73,6438670
2024-09-23,1727098200,91.74,91.74,91.73,91.74,6998757
2024-09-24,1727184600,91.75,91.76,91.75,91.75,11580222
2024-09-25,1727271000,91.76,91.77,91.76,91.77,5875805
2024-09-26,1727357400,91.77,91.78,91.77,91.77,4937719
2024-09-27,1727443800,91.8,91.81,91.8,91.8,8616730
2024-09-30,1727703000,91.81,91.82,91.81,91.81,11440961
2024-10-01,1727789400,91.46,91.46,91.45,91.46,13695697
2024-10-02,1727875800,91.47,91.47,91.46,91.47,7391816
2024-10-03,1727962200,91.48,91.49,91.48,91.49,5394932
2024-10-04,1728048600,91.515,91.52,91.51,91.51,6248676
2024-10-07,1728307800,91.52,91.53,91.52,91.53,6735471
2024-10-08,1728394200,91.54,91.54,91.53,91.53,5266476
2024-10-09,1728480600,91.54,91.55,91.54,91.54,6200816
2024-10-10,1728567000,91.56,91.56,91.55,91.55,4717768
2024-10-11,1728653400,91.6,91.6,91.585,91.6,6011019
2024-10-14,1728912600,91.6,91.61,91.59,91.59,4174902
2024-10-15,1728999000,91.61,91.62,91.6,91.62,5906416
2024-10-16,1729085400,91.63,91.63,91.62,91.62,5757294
2024-10-17,1729171800,91.64,91.64,91.63,91.64,4395799
2024-10-18,1729258200,91.68,91.68,91.66,91.67,5286810
2024-10-21,1729517400,91.68,91.69,91.67,91.69,5874668
2024-10-22,1729603800,91.7,91.7,91.69,91.7,4191457
2024-10-23,1729690200,91.71,91.71,91.7,91.7,5462296
2024-10-24,1729776600,91.72,91.72,91.71,91.71,4688959
2024-10-25,1729863000,91.74,91.75,91.74,91.75,6048352
2024-10-28,1730122200,91.76,91.76,91.75,91.75,5718610
2024-10-29,1730208600,91.77,91.78,91.76,91.77,4704757
2024-10-30,1730295000,91.78,91.79,91.78,91.78,4965759
2024-10-31,1730381400,91.79,91.8,91.79,91.8,12141684
2024-11-01,1730467800,91.48,91.48,91.47,91.48,15201456
2024-11-04,1730730600,91.5,91.5,91.49,91.5,9477075
2024-11-05,1730817000,91.5,91.51,91.5,91.5,4689473
2024-11-06,1730903400,91.51,91.52,91.51,91.52,9978203
2024-11-07,1730989800,91.52,91.53,91.52,91.53,7827884
2024-11-08,1731076200,91.565,91.58,91.56,91.58,8280947
2024-11-11,1731335400,91.57,91.58,91.57,91.57,8165699
2024-11-12,1731421800,91.58,91.59,91.58,91.58,5526251
2024-11-13,1731508200,91.59,91.6,91.59,91.6,4860484
2024-11-14,1731594600,91.61,91.61,91.6,91.6,6138386
2024-11-15,1731681000,91.64,91.64,91.63,91.63,9715678
2024-11-18,1731940200,91.65,91.66,91.64,91.64,7411016
2024-11-19,1732026600,91.66,91.67,91.65,91.67,7470650
2024-11-20,1732113000,91.67,91.68,91.67,91.68,5538237
2024-11-21,1732199400,91.69,91.69,91.68,91.69,5889666
2024-11-22,1732285800,91.71,91.72,91.71,91.72,6694305
2024-11-25,1732545000,91.72,91.73,91.72,91.73,5107671
2024-11-26,1732631400,91.73,91.74,91.73,91.73,6691983
2024-11-27,1732717800,91.75,91.76,91.75,91.76,6120741
2024-11-29,1732890600,91.78,91.8,91.78,91.78,9410504
2024-12-02,1733149800,91.47,91.47,91.46,91.47,12973949
2024-12-03,1733236200,91.48,91.49,91.48,91.49,5673466
2024-12-04,1733322600,91.51,91.51,91.5,91.5,5963411
2024-12-05,1733409000,91.52,91.52,91.51,91.51,5880194
2024-12-06,1733495400,91.55,91.55,91.54,91.55,5706612
2024-12-09,1733754600,91.56,91.57,91.56,91.56,8793111
2024-12-10,1733841000,91.57,91.58,91.57,91.58,5400294
2024-12-11,1733927400,91.58,91.59,91.58,91.59,5845891
2024-12-12,1734013800,91.6,91.61,91.6,91.61,4770228
2024-12-13,1734100200,91.64,91.64,91.63,91.64,6271898
2024-12-16,1734359400,91.65,91.65,91.64,91.65,6761745
2024-12-17,1734445800,91.66,91.66,91.65,91.66,5827373
2024-12-18,1734532200,91.66,91.67,91.66,91.66,9268213
2024-12-19,1734618600,91.3,91.3,91.29,91.29,13876413
2024-12-20,1734705000,91.32,91.33,91.32,91.33,12689995
2024-12-23,1734964200,91.33,91.34,91.33,91.33,6572846
2024-12-24,1735050600,91.35,91.36,91.35,91.35,4145575
2024-12-26,1735223400,91.37,91.37,91.36,91.37,6209339
2024-12-27,1735309800,91.41,91.41,91.4,91.41,6143543
2024-12-30,1735569000,91.41,91.42,91.41,91.41,8990109
2024-12-31,1735655400,91.44,91.44,91.43,91.43,7301458
2025-01-02,1735828200,91.445,91.45,91.44,91.45,10756930
2025-01-03,1735914600,91.475,91.475,91.46,91.46,7837946
2025-01-06,1736173800,91.47,91.48,91.47,91.47,7827119
2025-01-07,1736260200,91.49,91.5,91.48,91.49,6956798
2025-01-08,1736346600,91.51,91.51,91.5,91.51,6673080
2025-01-10,1736519400,91.55,91.55,91.54,91.54,10112191
2025-01-13,1736778600,91.55,91.56,91.55,91.55,7854368
2025-01-14,1736865000,91.56,91.57,91.56,91.57,6078338
2025-01-15,1736951400,91.58,91.58,91.57,91.58,7253802
2025-01-16,1737037800,91.59,91.59,91.58,91.58,6997772
2025-01-17,1737124200,91.62,91.63,91.62,91.63,7745463
2025-01-21,1737469800,91.63,91.64,91.63,91.63,10266168
2025-01-22,1737556200,91.64,91.65,91.64,91.65,6019215
2025-01-23,1737642600,91.66,91.66,91.65,91.65,6561518
2025-01-24,1737729000,91.69,91.69,91.68,91.69,7242209
2025-01-27,1737988200,91.69,91.7,91.69,91.7,7909563
2025-01-28,1738074600,91.71,91.71,91.7,91.7,6485527
2025-01-29,1738161000,91.72,91.72,91.71,91.71,5688820
2025-01-30,1738247400,91.73,91.73,91.72,91.72,7369880
2025-01-31,1738333800,91.75,91.76,91.75,91.75,13675867
2025-02-03,1738593000,91.45,91.45,91.44,91.45,17508899
2025-02-04,1738679400,91.46,91.46,91.45,91.45,9295883
2025-02-05,1738765800,91.46,91.47,91.46,91.46,6249634
2025-02-06,1738852200,91.48,91.48,91.47,91.48,8308294
2025-02-07,1738938600,91.51,91.51,91.5,91.5,6391119
2025-02-10,1739197800,91.52,91.52,91.51,91.51,5466481
2025-02-11,1739284200,91.52,91.53,91.52,91.52,6959355
2025-02-12,1739370600,91.53,91.54,91.53,91.53,6275670
2025-02-13,1739457000,91.55,91.55,91.54,91.55,6340489
2025-02-14,1739543400,91.58,91.59,91.58,91.58,6058947
2025-02-18,1739889000,91.59,91.6,91.59,91.6,8777164
2025-02-19,1739975400,91.61,91.61,91.6,91.61,5685822
2025-02-20,1740061800,91.62,91.63,91.62,91.63,5454920
2025-02-21,1740148200,91.65,91.66,91.65,91.66,7185895
2025-02-24,1740407400,91.67,91.67,91.66,91.67,9061427
2025-02-25,1740493800,91.68,91.68,91.67,91.67,8348278
2025-02-26,1740580200,91.685,91.69,91.68,91.69,8610608
2025-02-27,1740666600,91.7,91.7,91.69,91.7,6620550
2025-02-28,1740753000,91.72,91.73,91.72,91.72,13721503
2025-03-03,1741012200,91.45,91.45,91.44,91.45,17874415
2025-03-04,1741098600,91.46,91.46,91.45,91.45,12187385
2025-03-05,1741185000,91.46,91.47,91.46,91.46,11850807
2025-03-06,1741271400,91.48,91.48,91.47,91.47,10301673
2025-03-07,1741357800,91.5,91.51,91.5,91.51,10375693
2025-03-10,1741613400,91.51,91.52,91.51,91.52,29758961
2025-03-11,1741699800,91.52,91.53,91.52,91.53,19162992
2025-03-12,1741786200,91.54,91.54,91.53,91.54,20095782
2025-03-13,1741872600,91.54,91.56,91.54,91.56,14549104
2025-03-14,1741959000,91.58,91.59,91.58,91.58,15908978
2025-03-17,1742218200,91.6,91.6,91.59,91.6,9386370
2025-03-18,1742304600,91.6,91.61,91.6,91.6,8773134
2025-03-19,1742391000,91.61,91.62,91.61,91.61,8833157
2025-03-20,1742477400,91.62,91.63,91.62,91.63,8490976
2025-03-21,1742563800,91.66,91.66,91.65,91.66,6544310
2025-03-24,1742823000,91.67,91.67,91.66,91.66,8056300
2025-03-25,1742909400,91.67,91.68,91.67,91.67,18837101
2025-03-26,1742995800,91.69,91.69,91.68,91.68,7207499
2025-03-27,1743082200,91.69,91.7,91.69,91.7,8399330
2025-03-28,1743168600,91.72,91.73,91.72,91.73,10052245
2025-03-31,1743427800,91.73,91.74,91.73,91.73,22045840
2025-04-01,1743514200,91.43,91.43,91.42,91.43,19110156
2025-04-02,1743600600,91.43,91.44,91.43,91.44,9035476
2025-04-03,1743687000,91.45,91.45,91.44,91.45,24029524
2025-04-04,1743773400,91.48,91.49,91.47,91.48,33920185
2025-04-07,1744032600,91.495,91.5,91.48,91.49,37205967
2025-04-08,1744119000,91.49,91.52,91.49,91.51,21800865
2025-04-09,1744205400,91.5,91.51,91.5,91.51,22907025
2025-04-10,1744291800,91.51,91.52,91.51,91.52,23678142
2025-04-11,1744378200,91.55,91.56,91.54,91.56,34807587
2025-04-14,1744637400,91.56,91.56,91.55,91.56,18027069
2025-04-15,1744723800,91.57,91.58,91.56,91.58,10082103
2025-04-16,1744810200,91.58,91.59,91.58,91.59,12016201
2025-04-17,1744896600,91.63,91.64,91.62,91.63,8243801
2025-04-21,1745242200,91.63,91.64,91.63,91.64,10032163
2025-04-22,1745328600,91.64,91.65,91.64,91.64,9201231
2025-04-23,1745415000,91.66,91.66,91.65,91.66,8478518
2025-04-24,1745501400,91.66,91.67,91.66,91.66,20381674
2025-04-25,1745587800,91.69,91.7,91.69,91.7,11894109
2025-04-28,1745847000,91.7,91.71,91.7,91.71,9934414
2025-04-29,1745933400,91.71,91.72,91.71,91.71,19478867
2025-04-30,1746019800,91.72,91.73,91.72,91.72,17498419
2025-05-01,1746106200,91.43,91.43,91.42,91.43,15747591
2025-05-02,1746192600,91.45,91.46,91.45,91.46,14267358
2025-05-05,1746451800,91.47,91.47,91.46,91.46,26580773
2025-05-06,1746538200,91.47,91.48,91.47,91.48,8429264
2025-05-07,1746624600,91.48,91.49,91.48,91.48,6226615
2025-05-08,1746711000,91.49,91.5,91.49,91.5,9354591
2025-05-09,1746797400,91.53,91.53,91.52,91.53,9062438
2025-05-12,1747056600,91.53,91.54,91.53,91.53,14491950
2025-05-13,1747143000,91.55,91.55,91.54,91.55,23455708
2025-05-14,1747229400,91.55,91.56,91.55,91.55,9141920
2025-05-15,1747315800,91.57,91.57,91.56,91.56,6657063
2025-05-16,1747402200,91.6,91.6,91.59,91.6,8755973
2025-05-19,1747661400,91.6,91.61,91.6,91.6,7618150
2025-05-20,1747747800,91.61,91.62,91.61,91.62,7925405
2025-05-21,1747834200,91.63,91.64,91.63,91.63,12007364
2025-05-22,1747920600,91.64,91.65,91.64,91.65,7876470
2025-05-23,1748007000,91.68,91.69,91.68,91.69,14805890
2025-05-27,1748352600,91.69,91.7,91.69,91.69,8996482
2025-05-28,1748439000,91.7,91.71,91.7,91.7,9887592
2025-05-29,1748525400,91.71,91.72,91.71,91.71,7530202
2025-05-30,1748611800,91.74,91.75,91.74,91.74,19202143
2025-06-02,1748871000,91.45,91.45,91.44,91.44,17013885
2025-06-03,1748957400,91.45,91.46,91.45,91.46,8454734
2025-06-04,1749043800,91.46,91.47,91.46,91.46,14872205
2025-06-05,1749130200,91.47,91.48,91.47,91.47,7863576
2025-06-06,1749216600,91.5,91.51,91.5,91.5,7582061
2025-06-09,1749475800,91.51,91.52,91.51,91.52,8127967
2025-06-10,1749562200,91.52,91.53,91.52,91.53,9514613
2025-06-11,1749648600,91.53,91.54,91.53,91.53,7435673
2025-06-12,1749735000,91.54,91.55,91.54,91.54,5315909
2025-06-13,1749821400,91.575,91.58,91.57,91.58,6221318
2025-06-16,1750080600,91.59,91.59,91.58,91.58,8456926
2025-06-17,1750167000,91.59,91.6,91.59,91.6,5518281
2025-06-18,1750253400,91.61,91.62,91.61,91.62,5063812
2025-06-20,1750426200,91.645,91.65,91.64,91.64,6516931
2025-06-23,1750685400,91.65,91.66,91.65,91.66,6474150
2025-06-24,1750771800,91.66,91.67,91.66,91.66,16266628
2025-06-25,1750858200,91.68,91.68,91.67,91.67,7119547
2025-06-26,1750944600,91.68,91.69,91.68,91.68,7976074
2025-06-27,1751031000,91.72,91.73,91.72,91.72,6878897
2025-06-30,1751290200,91.735,91.74,91.73,91.73,16763414
2025-07-01,1751376600,91.44,91.44,91.43,91.44,18374221
2025-07-02,1751463000,91.45,91.45,91.44,91.45,6569183
2025-07-03,1751549400,91.49,91.51,91.49,91.5,4860755
2025-07-07,1751895000,91.5,91.51,91.5,91.51,11518445
2025-07-08,1751981400,91.51,91.52,91.51,91.51,10532382
2025-07-09,1752067800,91.52,91.53,91.52,91.52,10322884
2025-07-10,1752154200,91.53,91.54,91.53,91.54,9514439
2025-07-11,1752240600,91.56,91.57,91.56,91.56,5713912
2025-07-14,1752499800,91.58,91.58,91.57,91.57,6587124
2025-07-15,1752586200,91.58,91.59,91.58,91.58,6166514
2025-07-16,1752672600,91.59,91.6,91.59,91.6,6745178
2025-07-17,1752759000,91.61,91.61,91.6,91.6,6559948
2025-07-18,1752845400,91.63,91.65,91.63,91.64,6681363
2025-07-21,1753104600,91.655,91.66,91.65,91.66,6678707
2025-07-22,1753191000,91.67,91.67,91.66,91.67,4792133
2025-07-23,1753277400,91.67,91.68,91.67,91.68,6437313
2025-07-24,1753363800,91.68,91.69,91.68,91.68,4807687
2025-07-25,1753450200,91.71,91.72,91.71,91.71,5153871
2025-07-28,1753709400,91.728,91.73,91.72,91.72,6305339
2025-07-29,1753795800,91.73,91.74,91.73,91.73,7664348
2025-07-30,1753882200,91.74,91.75,91.74,91.74,6895082
2025-07-31,1753968600,91.75,91.76,91.75,91.75,11795120
2025-08-01,1754055000,91.465,91.47,91.46,91.47,20144832
2025-08-04,1754314200,91.48,91.48,91.47,91.48,20328030
2025-08-05,1754400600,91.49,91.49,91.48,91.48,8588430
2025-08-06,1754487000,91.5,91.51,91.49,91.51,7208805
2025-08-07,1754573400,91.51,91.52,91.51,91.51,7157927
2025-08-08,1754659800,91.545,91.55,91.54,91.54,6243476
2025-08-11,1754919000,91.55,91.56,91.55,91.55,8361380
2025-08-12,1755005400,91.56,91.57,91.56,91.56,6601652
2025-08-13,1755091800,91.57,91.58,91.57,91.57,6791520
2025-08-14,1755178200,91.59,91.59,91.58,91.58,6475803
2025-08-15,1755264600,91.62,91.62,91.61,91.62,5354597
2025-08-18,1755523800,91.62,91.63,91.62,91.62,15606181
2025-08-19,1755610200,91.64,91.64,91.63,91.64,11862669
2025-08-20,1755696600,91.65,91.66,91.65,91.66,6916013
2025-08-21,1755783000,91.66,91.67,91.66,91.66,4655992
2025-08-22,1755869400,91.7,91.7,91.69,91.69,7468111
2025-08-25,1756128600,91.7,91.71,91.7,91.7,7319848
2025-08-26,1756215000,91.72,91.72,91.71,91.71,8729619
2025-08-27,1756301400,91.72,91.73,91.72,91.72,4919409
2025-08-28,1756387800,91.73,91.74,91.73,91.73,5490307
2025-08-29,1756474200,91.77,91.78,91.77,91.77,11546491
2025-09-02,1756819800,91.47,91.47,91.46,91.47,13477101
2025-09-03,1756906200,91.48,91.48,91.47,91.48,7040690
2025-09-04,1756992600,91.49,91.5,91.48,91.5,9180575
2025-09-05,1757079000,91.52,91.53,91.52,91.53,10223048
2025-09-08,1757338200,91.54,91.55,91.54,91.54,9201216
2025-09-09,1757424600,91.55,91.55,91.54,91.55,8740752
2025-09-10,1757511000,91.55,91.56,91.55,91.56,9027224
2025-09-11,1757597400,91.565,91.57,91.56,91.57,9714279
2025-09-12,1757683800,91.59,91.6,91.59,91.6,7154204
2025-09-15,1757943000,91.6,91.61,91.6,91.61,8876159
2025-09-16,1758029400,91.62,91.63,91.62,91.62,7036433
2025-09-17,1758115800,91.63,91.64,91.63,91.63,5395879
2025-09-18,1758202200,91.645,91.65,91.64,91.64,6032912
2025-09-19,1758288600,91.68,91.68,91.67,91.68,6689775
2025-09-22,1758547800,91.68,91.69,91.68,91.69,6255236
2025-09-23,1758634200,91.69,91.7,91.69,91.69,7854733
2025-09-24,1758720600,91.7,91.71,91.7,91.71,6711459
2025-09-25,1758807000,91.71,91.72,91.71,91.71,11455135
2025-09-26,1758893400,91.74,91.74,91.73,91.74,7888818
2025-09-29,1759152600,91.74,91.75,91.74,91.75,6928540
2025-09-30,1759239000,91.75,91.76,91.75,91.75,14165796
2025-10-01,1759325400,91.46,91.46,91.45,91.46,15501352
2025-10-02,1759411800,91.47,91.47,91.46,91.47,7225201
2025-10-03,1759498200,91.5,91.5,91.49,91.49,6177597
2025-10-06,1759757400,91.51,91.51,91.5,91.51,7041180
2025-10-07,1759843800,91.51,91.52,91.51,91.51,7071890
2025-10-08,1759930200,91.53,91.53,91.52,91.53,7236340
2025-10-09,1760016600,91.53,91.54,91.53,91.53,9389837
2025-10-10,1760103000,91.56,91.57,91.56,91.57,14647983
2025-10-13,1760362200,91.57,91.58,91.56,91.58,13286035
2025-10-14,1760448600,91.59,91.59,91.58,91.58,8281841
2025-10-15,1760535000,91.6,91.6,91.59,91.59,11747891
2025-10-16,1760621400,91.6,91.6,91.59,91.6,7811843
2025-10-17,1760707800,91.63,91.63,91.62,91.62,10183451
2025-10-20,1760967000,91.64,91.64,91.63,91.64,8215427
2025-10-21,1761053400,91.65,91.65,91.64,91.64,6989615
2025-10-22,1761139800,91.66,91.66,91.65,91.66,13191440
2025-10-23,1761226200,91.66,91.67,91.66,91.67,7399494
2025-10-24,1761312600,91.695,91.7,91.69,91.7,8743117
2025-10-27,1761571800,91.7,91.71,91.7,91.7,11472440
2025-10-28,1761658200,91.72,91.72,91.71,91.71,13039430
2025-10-29,1761744600,91.72,91.74,91.72,91.74,13416272
2025-10-30,1761831000,91.74,91.75,91.74,91.74,7897153
2025-10-31,1761917400,91.76,91.77,91.76,91.76,14371020
2025-11-03,1762180200,91.47,91.47,91.47,91.47,17922825
2025-11-04,1762266600,91.48,91.48,91.47,91.48,12162133
2025-11-05,1762353000,91.5,91.5,91.485,91.49,7973159
2025-11-06,1762439400,91.5,91.51,91.5,91.5,15915822
2025-11-07,1762525800,91.53,91.54,91.53,91.53,11524997
2025-11-10,1762785000,91.55,91.55,91.54,91.55,13043674
2025-11-11,1762871400,91.55,91.55,91.54,91.54,6181174
2025-11-12,1762957800,91.55,91.56,91.55,91.55,6371181
2025-11-13,1763044200,91.562,91.57,91.56,91.56,6625925
2025-11-14,1763130600,91.6,91.6,91.59,91.6,10192246
2025-11-17,1763389800,91.6,91.61,91.6,91.6,9766975
2025-11-18,1763476200,91.615,91.62,91.61,91.62,9642597
2025-11-19,1763562600,91.63,91.63,91.62,91.62,6206233
2025-11-20,1763649000,91.63,91.64,91.62,91.64,10933880
2025-11-21,1763735400,91.66,91.66,91.655,91.66,9431841
2025-11-24,1763994600,91.66,91.67,91.66,91.66,7347137
2025-11-25,1764081000,91.68,91.68,91.67,91.68,8992406
2025-11-26,1764167400,91.7,91.7,91.69,91.69,6749472
2025-11-28,1764340200,91.72,91.73,91.72,91.72,10775168
2025-12-01,1764599400,91.46,91.46,91.45,91.45,16856813
2025-12-02,1764685800,91.47,91.48,91.46,91.48,7403391
2025-12-03,1764772200,91.48,91.49,91.48,91.49,6530873
2025-12-04,1764858600,91.5,91.51,91.5,91.5,7236673
2025-12-05,1764945000,91.53,91.53,91.52,91.52,7308351
2025-12-08,1765204200,91.53,91.54,91.53,91.53,7578991
2025-12-09,1765290600,91.55,91.55,91.54,91.55,9285593
2025-12-10,1765377000,91.55,91.56,91.55,91.55,6974239
2025-12-11,1765463400,91.56,91.57,91.56,91.56,7144470
2025-12-12,1765549800,91.6,91.6,91.59,91.6,6040672
2025-12-15,1765809000,91.6,91.61,91.6,91.6,6058074
2025-12-16,1765895400,91.61,91.62,91.61,91.61,7212176
2025-12-17,1765981800,91.62,91.625,91.62,91.62,9641151
2025-12-18,1766068200,91.27,91.27,91.26,91.27,10277304
2025-12-19,1766154600,91.29,91.3,91.29,91.3,7581829
2025-12-22,1766413800,91.3,91.31,91.3,91.3,11026869
2025-12-23,1766500200,91.31,91.31,91.3,91.3,7111246
2025-12-24,1766586600,91.33,91.33,91.32,91.33,5073527
2025-12-26,1766759400,91.35,91.36,91.35,91.36,5588851
2025-12-29,1767018600,91.36,91.37,91.36,91.36,7988908
2025-12-30,1767105000,91.37,91.38,91.37,91.37,7852902
2025-12-31,1767191400,91.39,91.39,91.38,91.38,11225947
2026-01-02,1767364200,91.42,91.42,91.41,91.42,8517884
2026-01-05,1767623400,91.42,91.43,91.42,91.42,11770220
2026-01-06,1767709800,91.43,91.44,91.43,91.43,9135810
2026-01-07,1767796200,91.44,91.45,91.44,91.45,8767154
2026-01-08,1767882600,91.45,91.45,91.45,91.45,7116528
2026-01-09,1767969000,91.47,91.48,91.47,91.47,7776620
2026-01-12,1768228200,91.48,91.49,91.48,91.48,6189724
2026-01-13,1768314600,91.49,91.495,91.49,91.49,7777437
2026-01-14,1768401000,91.5,91.5,91.49,91.5,8005885
2026-01-15,1768487400,91.51,91.51,91.5,91.5,8938430
2026-01-16,1768573800,91.54,91.54,91.54,91.54,7648170
2026-01-20,1768919400,91.55,91.555,91.54,91.54,9335066
2026-01-21,1769005800,91.56,91.56,91.55,91.55,8153822
2026-01-22,1769092200,91.565,91.57,91.56,91.56,7679160
2026-01-23,1769178600,91.59,91.6,91.59,91.59,8147658
2026-01-26,1769437800,91.6,91.605,91.59,91.59,10052839
2026-01-27,1769524200,91.6,91.61,91.6,91.6,8178351
2026-01-28,1769610600,91.61,91.62,91.61,91.61,6265487
2026-01-29,1769697000,91.62,91.63,91.62,91.63,10237344
2026-01-30,1769783400,91.64,91.65,91.64,91.65,14545830
2026-02-02,1770042600,91.39,91.39,91.38,91.39,21391673
2026-02-03,1770129000,91.39,91.4,91.39,91.39,11836069
2026-02-04,1770215400,91.4,91.41,91.4,91.41,9216570
2026-02-05,1770301800,91.41,91.42,91.41,91.41,9393922
2026-02-06,1770388200,91.44,91.44,91.44,91.44,12369829
2026-02-09,1770647400,91.44,91.45,91.44,91.44,9180305
2026-02-10,1770733800,91.46,91.46,91.45,91.45,7085342
2026-02-11,1770820200,91.46,91.47,91.46,91.47,5732270
2026-02-12,1770906600,91.48,91.48,91.47,91.47,6366270
2026-02-13,1770993000,91.5,91.51,91.5,91.51,9832514
2026-02-17,1771338600,91.52,91.52,91.51,91.52,6709963
2026-02-18,1771425000,91.52,91.53,91.52,91.53,8752803
2026-02-19,1771511400,91.53,91.54,91.53,91.53,4941787
2026-02-20,1771597800,91.57,91.57,91.56,91.56,6518152
2026-02-23,1771857000,91.57,91.57,91.56,91.56,7714949
2026-02-24,1771943400,91.58,91.58,91.57,91.58,5476101
2026-02-25,1772029800,91.59,91.59,91.58,91.59,6009103
2026-02-26,1772116200,91.59,91.6,91.59,91.6,6447688
2026-02-27,1772202600,91.62,91.63,91.62,91.62,11530646
2026-03-02,1772461800,91.39,91.39,91.38,91.39,15489297
2026-03-03,1772548200,91.4,91.4,91.39,91.4,11602918
2026-03-04,1772634600,91.405,91.41,91.4,91.41,9932489
2026-03-05,1772721000,91.42,91.42,91.41,91.42,9248953
2026-03-06,1772807400,91.45,91.45,91.44,91.44,8733211
2026-03-09,1773063000,91.46,91.46,91.45,91.45,13422931
2026-03-10,1773149400,91.46,91.46,91.45,91.46,9226831
2026-03-11,1773235800,91.46,91.47,91.46,91.46,6613371
2026-03-12,1773322200,91.47,91.48,91.47,91.48,10138893
2026-03-13,1773408600,91.51,91.51,91.5,91.51,11181989
2026-03-16,1773667800,91.52,91.52,91.51,91.51,8509098
2026-03-17,1773754200,91.525,91.53,91.52,91.52,7548340
2026-03-18,1773840600,91.53,91.54,91.53,91.54,15874042
2026-03-19,1773927000,91.54,91.54,91.53,91.54,14920974
2026-03-20,1774013400,91.565,91.57,91.56,91.57,14839085
2026-03-23,1774272600,91.58,91.58,91.57,91.58,30253899
2026-03-24,1774359000,91.58,91.59,91.58,91.59,17380225
2026-03-25,1774445400,91.59,91.6,91.58,91.58,16949531
2026-03-26,1774531800,91.6,91.6,91.59,91.6,13198921
2026-03-27,1774618200,91.62,91.63,91.62,91.63,11244001
2026-03-30,1774877400,91.63,91.64,91.63,91.64,12479995
2026-03-31,1774963800,91.64,91.65,91.64,91.64,20279772
2026-04-01,1775050200,91.4,91.4,91.39,91.4,22095214
2026-04-02,1775136600,91.43,91.44,91.42,91.42,11510320
2026-04-06,1775482200,91.43,91.44,91.43,91.44,17291492
2026-04-07,1775568600,91.45,91.45,91.44,91.45,9231608
2026-04-08,1775655000,91.455,91.46,91.45,91.45,13839398
2026-04-09,1775741400,91.46,91.47,91.46,91.46,15586488
2026-04-10,1775827800,91.49,91.5,91.49,91.49,10595159
2026-04-13,1776087000,91.5,91.51,91.49,91.49,9906239
2026-04-14,1776173400,91.5,91.51,91.5,91.5,21667638
2026-04-15,1776259800,91.51,91.52,91.51,91.51,18583608
2026-04-16,1776346200,91.52,91.53,91.52,91.52,17779779
2026-04-17,1776432600,91.55,91.555,91.54,91.55,13604094
2026-04-20,1776691800,91.56,91.56,91.55,91.56,7961377
2026-04-21,1776778200,91.57,91.57,91.56,91.57,8177563
2026-04-22,1776864600,91.57,91.58,91.57,91.57,9669318
2026-04-23,1776951000,91.58,91.59,91.58,91.59,6740989
2026-04-24,1777037400,91.62,91.62,91.61,91.61,7270202
2026-04-27,1777296600,91.62,91.63,91.62,91.62,8616049
2026-04-28,1777383000,91.63,91.64,91.63,91.63,6500482
2026-04-29,1777469400,91.64,91.64,91.63,91.63,9227133
2026-04-30,1777555800,91.64,91.65,91.64,91.64,14975113
2026-05-01,1777642200,91.405,91.41,91.4,91.4,14126115
2026-05-04,1777901400,91.41,91.42,91.41,91.42,10297737
2026-05-05,1777987800,91.43,91.43,91.42,91.43,9783262
2026-05-06,1778074200,91.42,91.43,91.42,91.42,8293501
2026-05-07,1778160600,91.435,91.44,91.43,91.44,8040805
2026-05-08,1778247000,91.46,91.47,91.46,91.46,8043370
2026-05-11,1778506200,91.48,91.48,91.47,91.48,6150378
2026-05-12,1778592600,91.49,91.49,91.48,91.49,7332067
2026-05-13,1778679000,91.49,91.5,91.49,91.49,7467267
2026-05-14,1778765400,91.5,91.51,91.5,91.51,6763993
2026-05-15,1778851800,91.53,91.54,91.53,91.53,9441176
2026-05-18,1779111000,91.54,91.55,91.53,91.53,7274132
2026-05-19,1779197400,91.55,91.56,91.54,91.55,9718061
2026-05-20,1779283800,91.56,91.57,91.56,91.57,8725732
2026-05-21,1779370200,91.58,91.58,91.56,91.57,7791428
2026-05-22,1779456600,91.6,91.6,91.59,91.59,10871606
2026-05-26,1779802200,91.6,91.61,91.6,91.61,9903738
2026-05-27,1779888600,91.62,91.62,91.61,91.62,6672225
2026-05-28,1779975000,91.62,91.63,91.62,91.63,10206009
2026-05-29,1780061400,91.645,91.66,91.64,91.66,16056544
2026-06-01,1780320600,91.4,91.4,91.39,91.4,17997255
2026-06-02,1780407000,91.4,91.4,91.39,91.39,9532599
2026-06-03,1780493400,91.41,91.41,91.4,91.41,14556580
2026-06-04,1780579800,91.42,91.42,91.41,91.41,7054637
2026-06-05,1780666200,91.45,91.45,91.44,91.45,12907958
2026-06-08,1780925400,91.46,91.46,91.45,91.46,11085863
2026-06-09,1781011800,91.46,91.47,91.46,91.46,10442622
2026-06-10,1781098200,91.48,91.48,91.47,91.47,8003168
2026-06-11,1781184600,91.48,91.48,91.47,91.48,8700914
2026-06-12,1781271000,91.51,91.51,91.5,91.51,18789540
2026-06-15,1781530200,91.52,91.52,91.51,91.51,11771989
2026-06-16,1781616600,91.53,91.53,91.52,91.52,10456491
2026-06-17,1781703000,91.54,91.54,91.53,91.53,8300086
2026-06-18,1781789400,91.56,91.57,91.56,91.57,7807760
2026-06-22,1782135000,91.575,91.58,91.57,91.57,10548857
2026-06-23,1782221400,91.59,91.59,91.58,91.58,10017023
2026-06-24,1782307800,91.6,91.6,91.59,91.59,10144807
2026-06-25,1782394200,91.6,91.61,91.6,91.6,8458597
2026-06-26,1782480600,91.63,91.63,91.62,91.63,7481130
2026-06-29,1782739800,91.64,91.64,91.63,91.64,11999712
2026-06-30,1782826200,91.64,91.65,91.64,91.64,15835720
2026-07-01,1782912600,91.4,91.4,91.39,91.4,17069134
2026-07-02,1782999000,91.43,91.44,91.42,91.44,10416106
2026-07-06,1783344600,91.45,91.45,91.43,91.43,14904991
2026-07-07,1783431000,91.45,91.45,91.44,91.45,9221700
2026-07-08,1783517400,91.46,91.46,91.45,91.45,8695965
2026-07-09,1783603800,91.46,91.47,91.46,91.46,6627229
2026-07-10,1783690200,91.49,91.5,91.49,91.5,8434279
2026-07-13,1783949400,91.505,91.51,91.5,91.5,6733012
2026-07-14,1784035800,91.5,91.51,91.5,91.51,6089129
2026-07-15,1784122200,91.52,91.52,91.51,91.52,11497161
2026-07-16,1784208600,91.52,91.53,91.52,91.53,9655218
2026-07-17,1784295000,91.55,91.56,91.54,91.55,15104640
2026-07-20,1784554200,91.56,91.57,91.56,91.56,7275612
2026-07-21,1784640600,91.57,91.57,91.56,91.56,6698366
2026-07-22,1784727000,91.58,91.58,91.57,91.58,6641745
2026-07-23,1784813400,91.585,91.59,91.58,91.58,8378477
2026-07-24,1784899800,91.61,91.61,91.6,91.61,6414998
2026-07-27,1785159000,91.61,91.62,91.61,91.62,9280945
2026-07-28,1785245400,91.63,91.63,91.62,91.63,8817010
2026-07-29,1785331800,91.63,91.64,91.63,91.64,6755149
2026-07-30,1785418200,91.655,91.66,91.65,91.65,10448443
2026-07-31,1785504600,91.68,91.69,91.67,91.68,14721053
2026-08-03,1785763800,91.42,91.43,91.41,91.42,21920441
2026-08-04,1785850200,91.42,91.43,91.42,91.42,12643803
2026-08-05,1785936600,91.433,91.44,91.43,91.43,10380639
2026-08-06,1786023000,91.45,91.45,91.44,91.45,7547294
2026-08-07,1786109400,91.47,91.48,91.46,91.48,8262941
2026-08-10,1786368600,91.49,91.49,91.48,91.48,7700423
2026-08-11,1786455000,91.5,91.5,91.48,91.49,7396014
2026-08-12,1786541400,91.5,91.51,91.49,91.51,8753642
2026-08-13,1786627800,91.51,91.51,91.5,91.51,6803741
2026-08-14,1786714200,91.54,91.54,91.53,91.53,6063333
2026-08-17,1786973400,91.54,91.55,91.54,91.55,7166629
2026-08-18,1787059800,91.56,91.56,91.55,91.56,8747368
2026-08-19,1787146200,91.56,91.57,91.56,91.57,8441014
2026-08-20,1787232600,91.57,91.58,91.57,91.57,6654695
2026-08-21,1787319000,91.59,91.6,91.59,91.6,7324104
2026-08-24,1787578200,91.61,91.61,91.6,91.61,6038538
2026-08-25,1787664600,91.61,91.62,91.61,91.62,7515715
2026-08-26,1787751000,91.62,91.63,91.62,91.63,7363452
2026-08-27,1787837400,91.63,91.64,91.63,91.63,7761984
2026-08-28,1787923800,91.66,91.66,91.65,91.65,7214258
2026-08-31,1788183000,91.66,91.67,91.66,91.66,13829343
2026-09-01,1788269400,91.4,91.4,91.39,91.39,15247166
2026-09-02,1788355800,91.4,91.4,91.39,91.4,8971271
2026-09-03,1788442200,91.41,91.42,91.4,91.42,10052350
2026-09-04,1788528600,91.45,91.45,91.44,91.45,7382589
2026-09-08,1788874200,91.46,91.46,91.45,91.46,7759625
2026-09-09,1788960600,91.46,91.47,91.46,91.46,7588624
2026-09-10,1789047000,91.47,91.48,91.47,91.47,8363303
2026-09-11,1789133400,91.499,91.5,91.49,91.5,13945319
2026-09-14,1789392600,91.5,91.51,91.49,91.5,12227753
2026-09-15,1789479000,91.51,91.51,91.5,91.51,8746254
2026-09-16,1789565400,91.52,91.52,91.51,91.51,8273751
2026-09-17,1789651800,91.53,91.53,91.52,91.53,11014905
2026-09-18,1789738200,91.56,91.56,91.55,91.55,11328653
2026-09-21,1789997400,91.563,91.57,91.56,91.57,9437774
2026-09-22,1790083800,91.57,91.58,91.57,91.57,14463674
2026-09-23,1790170200,91.59,91.59,91.58,91.59,10056153
2026-09-24,1790256600,91.59,91.6,91.58,91.58,11046408
2026-09-25,1790343000,91.61,91.62,91.61,91.62,7758018
2026-09-28,1790602200,91.62,91.63,91.62,91.63,11688860
2026-09-29,1790688600,91.64,91.65,91.63,91.65,30621752
2026-09-30,1790775000,91.64,91.65,91.64,91.64,18277474
2026-10-01,1790865000,91.41000366210938,91.41000366210938,91.4000015258789,91.41000366210938,21016700.0
2026-10-02,1790951400,91.43000030517578,91.43000030517578,91.41999816894531,91.43000030517578,11827100.0
2026-10-05,1791210600,91.44000244140625,91.44999694824219,91.43000030517578,91.44000244140625,8528400.0
2026-10-06,1791297000,91.44999694824219,91.44999694824219,91.44000244140625,91.44999694824219,7851200.0
2026-10-07,1791383400,91.45999908447266,91.45999908447266,91.44999694824219,91.45999908447266,8191500.0
2026-10-08,1791469800,91.47000122070312,91.47000122070312,91.45999908447266,91.47000122070312,9292000.0
2026-10-09,1791556200,91.51000213623047,91.51000213623047,91.5,91.51000213623047,5997400.0
