date,t,o,h,l,c,v
2006-11-13,1163428200,70.88,71.02,70.71001,70.77,4064600
2006-11-14,1163514600,71.44,71.5899,70.88,71.55,6901699
2006-11-15,1163601000,71.10001,71.64,71,71.53,2810700
2006-11-16,1163687400,71.42,71.45,71.17999,71.38,3451900
2006-11-17,1163773800,70.62,71.17,70.45,71.17,3346200
2006-11-20,1164033000,70.53999,70.74001,70.44,70.63,3933700
2006-11-21,1164119400,70.78999,71.03999,70.67999,70.98,3291700
2006-11-22,1164205800,71.56,71.7,71.38989,71.67,4944602
2006-11-24,1164378600,71.42999,71.67,71.28999,71.28999,3341800
2006-11-27,1164637800,71.45,71.5,70.63,70.7,4631898
2006-11-28,1164724200,70.8,71.36,70.78,71.33,5369000
2006-11-29,1164810600,71.95,72.17,71.74001,72.14,4843500
2006-11-30,1164897000,72.5,72.66,72.19,72.45,7738398
2006-12-01,1164983400,72.53999,72.57001,71.83,72.36,4977801
2006-12-04,1165242600,72.3,72.95,72.2,72.83,4143500
2006-12-05,1165329000,72.94,73.3,72.81,73.24001,13172500
2006-12-06,1165415400,72.95,73.23,72.8524,73.08,4641000
2006-12-07,1165501800,73.66,73.72,73.25,73.33,3735000
2006-12-08,1165588200,73.45,73.62,72.9899,73.14999,5172699
2006-12-11,1165847400,73.07001,73.63,73.03,73.45,2909400
2006-12-12,1165933800,73.56,73.8,73.23,73.75,4247898
2006-12-13,1166020200,73.88,74.03,73.73,74.03,3111900
2006-12-14,1166106600,74.13,74.37,74.05009,74.33,6839699
2006-12-15,1166193000,74.53,74.53,73.88,74.03,6932398
2006-12-18,1166452200,74.3,74.3,73.8,73.92,3569600
2006-12-19,1166538600,73.77,74.33,73.69009,74.25,6391602
2006-12-20,1166625000,74.53,74.66,74.05,74.12,4919801
2006-12-21,1166711400,72.60001,72.85001,72.42,72.55,6433602
2006-12-22,1166797800,72.81,72.81,72.08,72.38,5377898
2006-12-26,1167143400,72.45,72.62,72.2,72.36,3353800
2006-12-27,1167229800,72.86,73.25,72.841,73.25,3522400
2006-12-28,1167316200,73.41,73.44,73.05,73.3,4539602
2006-12-29,1167402600,73.17999,73.45,73.10001,73.22,5536000
2007-01-03,1167834600,73.96001,74.07001,73.28,73.50999,12081398
2007-01-04,1167921000,73.31,73.47,73.02,73.32001,8674000
2007-01-05,1168007400,72.78999,72.78999,72.10001,72.2,8961500
2007-01-08,1168266600,72.47,72.47,72.11,72.3,6584102
2007-01-09,1168353000,72.64999,72.6676,72.03,72.37,8505699
2007-01-10,1168439400,71.7,71.92,71.5,71.82001,5273602
2007-01-11,1168525800,71.82001,72.5201,71.75999,72.28,4562000
2007-01-12,1168612200,72.61,73.16,72.58,73.10001,6266301
2007-01-16,1168957800,73.28999,73.38,72.87,73.00999,6903500
2007-01-17,1169044200,72.92,73.32001,72.82001,73.05,3764900
2007-01-18,1169130600,73.39999,73.49001,72.8,72.8,7925898
2007-01-19,1169217000,73.12,73.78,73.09,73.69,7582602
2007-01-22,1169476200,73.92,74,73.2,73.32001,6171500
2007-01-23,1169562600,73.64999,74.13,73.60001,73.97,5401500
2007-01-24,1169649000,74.10001,74.50999,74.06,74.45,7744398
2007-01-25,1169735400,74.12,74.17,73.10001,73.24001,5003801
2007-01-26,1169821800,73.39999,73.48,72.97,73.38,6217398
2007-01-29,1170081000,73.39999,73.66,73.25999,73.46001,5772602
2007-01-30,1170167400,73.73,73.98,73.61,73.96001,4124801
2007-01-31,1170253800,73.45,74.33,73.28,74.24001,5358500
2007-02-01,1170340200,74.74001,74.92999,74.56,74.86,7254102
2007-02-02,1170426600,74.75,74.81,74.5,74.71001,7174500
2007-02-05,1170685800,74.28999,74.57001,74.2132,74.47,3339100
2007-02-06,1170772200,74.99001,75.11,74.67,75.05,4497699
2007-02-07,1170858600,75.17999,75.45,75.03,75.25999,5121801
2007-02-08,1170945000,74.59,75,74.46001,74.96001,3842600
2007-02-09,1171031400,75.07001,75.14999,74.42999,74.64,4636301
2007-02-12,1171290600,74.53,74.57001,74.22,74.35001,5846992
2007-02-13,1171377000,74.83,75.34,74.77,75.3,4569105
2007-02-14,1171463400,75.66,76.39999,75.63,76.32001,5538957
2007-02-15,1171549800,76.39,76.52,76.17,76.41,4191199
2007-02-16,1171636200,76.32001,76.94,75.5,76.38,4899398
2007-02-20,1171981800,76.32001,77,76,76.49001,7949699
2007-02-21,1172068200,75.84,76.38,75.7,76.10001,6819199
2007-02-22,1172154600,76.28,76.46001,76.17,76.44,4327602
2007-02-23,1172241000,76.55,76.78999,76.48,76.67999,3728100
2007-02-26,1172500200,77.16,77.17999,76.71001,76.72,5972070
2007-02-27,1172586600,75.66,76,73.00999,73.63,12980102
2007-02-28,1172673000,74,74.66,73.88,74.17999,8136301
2007-03-01,1172759400,72.98,73.66,72,73.39,11055855
2007-03-02,1172845800,72.89999,73.17999,72.34,72.39999,6951000
2007-03-05,1173105000,71.46001,72.24001,70.89999,70.89999,8279398
2007-03-06,1173191400,72.44,73.25,72.25,73.10001,8908398
2007-03-07,1173277800,73.07001,73.59,72.94,73.12,6005699
2007-03-08,1173364200,73.77,74.2,73.75,73.98,5305699
2007-03-09,1173450600,74.17999,74.3,73.78,74.10001,8451699
2007-03-12,1173706200,74.14,74.64,73.98,74.57001,5143102
2007-03-13,1173792600,73.97,74.17999,72.69,72.8,5769602
2007-03-14,1173879000,72.33,72.91,71.42999,72.83,9299898
2007-03-15,1173965400,72.7,73.31,72.66,73.16,4313699
2007-03-16,1174051800,73.42999,73.84,73.06,73.25,4659398
2007-03-19,1174311000,74.02,74.38,73.88,74.38,6262199
2007-03-20,1174397400,74.24001,75.08,74.2,75.00999,4477898
2007-03-21,1174483800,75.25,76.72,75.00999,76.61,6514699
2007-03-22,1174570200,76.58,76.67999,76.14999,76.32001,4099398
2007-03-23,1174656600,76.5,76.7,76.37,76.5,5361602
2007-03-26,1174915800,76.47,76.64,75.81,76.53,4736398
2007-03-27,1175002200,76.53,76.53,75.95,76.19,4700699
2007-03-28,1175088600,75.71001,75.88,75.3,75.52,7258801
2007-03-29,1175175000,76.27,76.38,75.75,76.17999,6979512
2007-03-30,1175261400,76.16,76.49001,76.08,76.25999,8504641
2007-04-02,1175520600,76.3,76.63,76.05,76.5,7702398
2007-04-03,1175607000,76.82001,77.61,76.77,77.14,5387461
2007-04-04,1175693400,77.25,77.5,77.06,77.46001,7886375
2007-04-05,1175779800,77.5,77.88,77.42999,77.74001,3051566
2007-04-09,1176125400,77.75,77.85001,77.53,77.67999,4103133
2007-04-10,1176211800,78.05,78.41,77.97,78.25999,5112188
2007-04-11,1176298200,78.39999,78.45,77.67999,77.88,7729539
2007-04-12,1176384600,77.67999,78.49001,77.53,78.39999,6007168
2007-04-13,1176471000,78.53999,78.69,78.24001,78.66,3711635
2007-04-16,1176730200,79.25,79.67,79.22,79.49001,12053984
2007-04-17,1176816600,79.49001,79.6199,79.14999,79.5,24911104
2007-04-18,1176903000,79.3,79.73,79.18739,79.47,5797859
2007-04-19,1176989400,78.66,79.38,78.62,79.17,6385867
2007-04-20,1177075800,79.82001,80.08,79.64,80.08,6654090
2007-04-23,1177335000,79.60001,79.67999,79.24001,79.3,6250047
2007-04-24,1177421400,79.19,79.35001,78.88,79.25,8063844
2007-04-25,1177507800,79.64999,80.03,79.31,79.99001,6584109
2007-04-26,1177594200,79.95,79.95,79.25,79.62,9558684
2007-04-27,1177680600,79.3,79.59,79.1084,79.45,3837665
2007-04-30,1177939800,79.42,79.8,78.99001,79.16,6285309
2007-05-01,1178026200,79.35001,79.39999,78.64,79.08,5349801
2007-05-02,1178112600,79.3,79.75,79.2,79.67999,6366000
2007-05-03,1178199000,79.71001,79.78999,79.41,79.78999,5519973
2007-05-04,1178285400,80.2,80.56,80.19949,80.53999,6404750
2007-05-07,1178544600,80.67999,80.8,80.60001,80.66,4647449
2007-05-08,1178631000,80.05,80.06,79.56,80,8882742
2007-05-09,1178717400,80.08,80.49001,79.94,80.44,7718078
2007-05-10,1178803800,79.71001,79.99001,78.66,78.85001,7110605
2007-05-11,1178890200,79.34,80.24001,79.34,80.17999,5240988
2007-05-14,1179149400,80.69,80.69,79.53,79.88,5662852
2007-05-15,1179235800,79.72,80.55,79.63,80.02,6407805
2007-05-16,1179322200,80.12,80.2,79.59,80.14,5397875
2007-05-17,1179408600,79.67,79.92,79.46001,79.73,3868053
2007-05-18,1179495000,80.14,80.5,79.98,80.35001,3817784
2007-05-21,1179754200,80.14999,80.28,79.9485,79.97,7652773
2007-05-22,1179840600,80.39,80.44,80.03999,80.03999,3605467
2007-05-23,1179927000,80.84,80.98,80.33,80.45,11083793
2007-05-24,1180013400,80.48,80.64,79.45,79.67999,6064398
2007-05-25,1180099800,79.95,80.19,79.78999,80.19,6213004
2007-05-29,1180445400,80.52,80.67,79.94,80.28999,5330898
2007-05-30,1180531800,79.60001,80.63,79.56,80.63,5249703
2007-05-31,1180618200,80.89999,81.14,80.8,81.03,9318391
2007-06-01,1180704600,81.36,81.60001,81.31,81.56,3408388
2007-06-04,1180963800,81.53,81.78999,81.53,81.78,4870000
2007-06-05,1181050200,81.67,81.73,81.00999,81.36,4021939
2007-06-06,1181136600,81.05,81.10001,80.08,80.19,5453629
2007-06-07,1181223000,78.83,80.19,78.67999,78.82001,10025898
2007-06-08,1181309400,79.03999,79.77,78.75,79.67999,5170578
2007-06-11,1181568600,79.48,80.14,79.34,79.95,3701842
2007-06-12,1181655000,79.08,79.61,78.48,78.53,6530348
2007-06-13,1181741400,78.8,79.64,78.71001,79.55,8119500
2007-06-14,1181827800,79.67999,80.25,79.61,80.14,7109117
2007-06-15,1181914200,81.03,81.31,80.78999,80.78999,4871484
2007-06-18,1182173400,81.41,81.48,80.98,81.24001,4333719
2007-06-19,1182259800,81.12,81.42,80.98,81.32001,3557892
2007-06-20,1182346200,81.67,81.74001,80.32001,80.36,5157453
2007-06-21,1182432600,80.5,81.45,80.25999,81.09,4977902
2007-06-22,1182519000,80.8,80.84,79.8,79.97,7624547
2007-06-25,1182778200,80.06,80.7,79.683,79.95,6233344
2007-06-26,1182864600,80.42,80.5,79.55,79.55,8359875
2007-06-27,1182951000,79.27,80.14999,79.22,80.12,6194859
2007-06-28,1183037400,80.28,80.71001,80.10001,80.25999,7796754
2007-06-29,1183123800,80.77,81.16,80.34,80.77,10251500
2007-07-02,1183383000,81.45,81.98,81.19,81.94,6358242
2007-07-03,1183469400,82.17999,82.61,82.07001,82.33,2146286
2007-07-05,1183642200,82.2,82.3,81.64,81.92,6216250
2007-07-06,1183728600,82.12,82.56,81.9622,82.50999,3310514
2007-07-09,1183987800,82.78,82.92,82.61,82.71001,6013148
2007-07-10,1184074200,82.25,82.48,81.61,81.7,5759926
2007-07-11,1184160600,82,82.52,81.87,82.47,5451602
2007-07-12,1184247000,82.62,83.8,82.62,83.62,5022773
2007-07-13,1184333400,83.11,88.71001,83.09,83.56,5230957
2007-07-16,1184592600,83.56,83.70261,83.28,83.37,3502935
2007-07-17,1184679000,83.27,83.48,83.09,83.09,4005281
2007-07-18,1184765400,82.8,83.09,82.22,82.8,10019867
2007-07-19,1184851800,83.48,83.69,83.19,83.27,5586285
2007-07-20,1184938200,83.2,83.27,82.17999,82.41,5625602
2007-07-23,1185197400,82.99001,83.27,82.8,82.91,5016672
2007-07-24,1185283800,82.67999,82.67999,81.27,81.66,9805551
2007-07-25,1185370200,81.96001,82.00999,80.84,81.44,8867473
2007-07-26,1185456600,81.05,81.05,78.03999,78.73,13657766
2007-07-27,1185543000,78.64999,79,77.53,77.64,9884938
2007-07-30,1185802200,78.77,79.31,78.37,79.02,9021047
2007-07-31,1185888600,79.77,80.16,78.8,78.92,11469449
2007-08-01,1185975000,78.64999,79.64,77.77,79.05,11344258
2007-08-02,1186061400,79,79.37,78.55,79.28999,9016301
2007-08-03,1186147800,78.67999,79.00999,77.53,77.86,7883121
2007-08-06,1186407000,78.28999,78.95,77.8,78.71001,7220867
2007-08-07,1186493400,78.14999,79.42,78.08,78.98,8305699
2007-08-08,1186579800,79.75,80.67999,79.67,80.25999,8609484
2007-08-09,1186666200,78.25999,78.95,77.81,77.97,8844098
2007-08-10,1186752600,76.3,77.34,76,76.63,11124270
2007-08-13,1187011800,77.56,77.77,76.78,76.78,5942898
2007-08-14,1187098200,77.39,77.424,75.77,76.03999,8082906
2007-08-15,1187184600,75.08,76.52,74.08,74.25999,11236277
2007-08-16,1187271000,71,74,67.5,73.94,22832480
2007-08-17,1187357400,74.95,75.38,73.81,74.62,11580617
2007-08-20,1187616600,75.14999,75.22,74.14999,74.86,7638191
2007-08-21,1187703000,74.75,75.25,74.60001,74.81,6882488
2007-08-22,1187789400,76.06,76.67,75.96001,76.58,8277449
2007-08-23,1187875800,77.42,77.44,76.47,76.92,4939465
2007-08-24,1187962200,77.10001,78.3,77.02,78.25999,4861898
2007-08-27,1188221400,77.96001,77.98,77.42999,77.42999,7691438
2007-08-28,1188307800,77.12,77.16,75.53999,75.87,8262078
2007-08-29,1188394200,76.69,77.75,76.42999,77.61,5959301
2007-08-30,1188480600,76.8,77.7,76.39999,77.07001,6076801
2007-08-31,1188567000,78.71001,78.97,78.17999,78.42,7313398
2007-09-04,1188912600,78.22,79.48,78.10001,79.14,5454344
2007-09-05,1188999000,78.14,78.22,77.6499,77.99001,7351391
2007-09-06,1189085400,78.05,78.69,77.25,78.28,4949988
2007-09-07,1189171800,77.48,77.72,77.03,77.33,7795961
2007-09-10,1189431000,77.55,77.59,76.39999,77.00999,4198164
2007-09-11,1189517400,77.63,78.36,77.53999,78.34,7243199
2007-09-12,1189603800,77.96001,78.67999,77.88,78.42,5002637
2007-09-13,1189690200,78.72,79.07001,78.46001,78.75,7211055
2007-09-14,1189776600,77.89,78.53,77.77,78.28999,5239723
2007-09-17,1190035800,77.55,77.83,76.92,77.19,5785156
2007-09-18,1190122200,77.78999,79.81,77.50999,79.7,10021289
2007-09-19,1190208600,80.5,80.92,80.17999,80.42,6846168
2007-09-20,1190295000,80.56,80.87,80.00999,80.35001,7612297
2007-09-21,1190381400,80.86,81.2,80.7,80.7,5809441
2007-09-24,1190640600,81.25,81.91,80.75,80.88,5901734
2007-09-25,1190727000,80.39999,81.05,80.39999,80.98,4832859
2007-09-26,1190813400,81.45,81.62,81.03999,81.38,5547027
2007-09-27,1190899800,82.42,82.52,80.4617,82.46001,6117031
2007-09-28,1190986200,82.57001,82.92999,82.17,82.59,12619203
2007-10-01,1191245400,82.74001,83.95,82.64999,83.64999,8508012
2007-10-02,1191331800,83.60001,83.67,83.08,83.44,5801355
2007-10-03,1191418200,83.42,83.45,82.92999,83.06,6839691
2007-10-04,1191504600,83.34,83.59,83.02,83.35001,3061394
2007-10-05,1191591000,83.64999,84.44,83.64999,84.2,5486613
2007-10-08,1191850200,82.62,85.2,82.57001,83.42,3801313
2007-10-09,1191936600,83.57001,84.39,83.57001,84.35001,4796160
2007-10-10,1192023000,83.7,84.33,83.21001,84.19,5993340
2007-10-11,1192109400,85.60001,85.60001,84.25999,84.58,7069492
2007-10-12,1192195800,84.53,85.09,84.42999,84.95,4354508
2007-10-15,1192455000,84.87,84.91,83.85001,84.25999,5437555
2007-10-16,1192541400,83.25,83.37,82.89999,82.96001,7389762
2007-10-17,1192627800,83.95,84.09,83.17,83.84,6810246
2007-10-18,1192714200,83.64999,84.14,83.60001,84.03999,3925001
2007-10-19,1192800600,83.60001,83.60001,82.14,82.19,9232324
2007-10-22,1193059800,81.32001,82.10001,81.31,82.09,6704000
2007-10-23,1193146200,83.13,83.41,82.60001,83.25,7096910
2007-10-24,1193232600,82.88,83.12,81.84,83.07001,9818102
2007-10-25,1193319000,83.28999,83.45,82.75999,83.45,8531500
2007-10-26,1193405400,84.42999,85.02,84.25,84.96001,5992898
2007-10-29,1193664600,85.25999,85.7,85.17,85.58,5745102
2007-10-30,1193751000,85,85.34,84.85001,84.89999,8347699
2007-10-31,1193837400,85.36,86.5,85.23,86.10001,8751266
2007-11-01,1193923800,84.75999,84.89999,84,84.28999,9412699
2007-11-02,1194010200,84.28,84.75999,83.73,84.75999,9559699
2007-11-05,1194273000,83.48,83.78,83.03,83.41,6818398
2007-11-06,1194359400,84.03,84.67999,83.95,84.67,6589934
2007-11-07,1194445800,84,84.42999,82.94,83.2,7956246
2007-11-08,1194532200,83.00999,83.78,82.53999,83.35001,9869293
2007-11-09,1194618600,82.75999,82.75999,81.5,81.73,8292941
2007-11-12,1194877800,80.8,81.55,80.3,80.39,7366938
2007-11-13,1194964200,81.5,82.75,81.5,82.55,6677914
2007-11-14,1195050600,83.74001,83.74001,82.12,82.42,9712266
2007-11-15,1195137000,81.55,81.88,80.53999,81.06,10754250
2007-11-16,1195223400,81.57001,81.58,80.64,81.32001,13421406
2007-11-19,1195482600,81,81,78,79.17,12391574
2007-11-20,1195569000,80.27,81.21001,80.03,80.94,11649168
2007-11-21,1195655400,79.38,79.98,78.75999,79.11,11096586
2007-11-23,1195828200,80.3,81.12,80.3,81.10001,3629552
2007-11-26,1196087400,81.22,81.49001,79.67,79.83,9880332
2007-11-27,1196173800,80.98,81.13,80.11,80.91,10679754
2007-11-28,1196260200,81.39999,83.63,81.05,83.21001,12647887
2007-11-29,1196346600,82.10001,83,82.10001,82.53,8475914
2007-11-30,1196433000,83.89,83.91,82.46001,82.98,14157680
2007-12-03,1196692200,83.11,83.11,82.53,82.67,11526047
2007-12-04,1196778600,82.05,82.32001,81.89999,82.14999,8960902
2007-12-05,1196865000,82.75999,83.42,82.75999,83.10001,8764043
2007-12-06,1196951400,82.85001,83.96001,82.72,83.89,8493973
2007-12-07,1197037800,83.75999,83.8,83.42999,83.56,9451867
2007-12-10,1197297000,84.03,84.52,83.91,84.42,14407762
2007-12-11,1197383400,84.28999,84.53999,82.10001,82.22,15626398
2007-12-12,1197469800,84.5,84.67,83.09,83.87,12330328
2007-12-13,1197556200,82.24001,82.45,81.39,82.16,26822192
2007-12-14,1197642600,80.57001,80.96001,79.94,79.94,18638768
2007-12-17,1197901800,79.10001,79.28,78.21001,78.24001,21842752
2007-12-18,1197988200,79.59,79.61,78.12,79.22,18508832
2007-12-19,1198074600,78.92999,79.145,78.14,78.57001,13308641
2007-12-20,1198161000,78.96001,79.13,78.49001,79.13,13827570
2007-12-21,1198247400,79.83,80.25999,79.62,80.25999,26845152
2007-12-24,1198506600,79.3,79.3,78,78.58,5156500
2007-12-26,1198679400,78.84,79.13,78.52299,78.8,7051723
2007-12-27,1198765800,78.88,78.94,78.2599,78.32001,9729305
2007-12-28,1198852200,79.23,79.27,78.85001,78.99001,6358219
2007-12-31,1199111400,79.23,79.24001,78.14,78.5,14091441
2008-01-02,1199284200,79.03,79.22,78.02,78.22,13770453
2008-01-03,1199370600,78.34,78.64999,78.2,78.35001,13924684
2008-01-04,1199457000,78.02,78.02,76.5,76.57001,11883836
2008-01-07,1199716200,77.05,77.11,76.28999,76.64999,18197296
2008-01-08,1199802600,77.42999,77.78,76.09,76.22,15632516
2008-01-09,1199889000,76.22,76.86,75.75,76.77,14863891
2008-01-10,1199975400,75.87,77.02,75.72,76.69,14018172
2008-01-11,1200061800,75.82001,75.91,74.92,75.16,10759809
2008-01-14,1200321000,76.60001,76.63,76.02,76.36,10030938
2008-01-15,1200407400,75.19,75.25999,73.74001,73.8801,12630523
2008-01-16,1200493800,73.35001,73.95,72.14,72.39,16323277
2008-01-17,1200580200,73.17,73.39999,71.00999,71.3,22477616
2008-01-18,1200666600,72.60001,72.96989,71.1501,71.71001,21939504
2008-01-22,1201012200,66.5,69.94,66.13,69.7101,24636960
2008-01-23,1201098600,66.25,69.37,65.63,69.3,33609936
2008-01-24,1201185000,70.45,71.73,69.96001,71.73,14648934
2008-01-25,1201271400,72.73,72.78,70.21001,70.69,15052816
2008-01-28,1201530600,70.53999,71.53,69.8,71.48,17770032
2008-01-29,1201617000,71.81,71.98,71.14999,71.91,12914309
2008-01-30,1201703400,71.34,73.07001,70.88,71.58009,15417082
2008-01-31,1201789800,70.25,72.75999,70.21001,72.34,18976256
2008-02-01,1201876200,72.96001,73.55,72.55,73.55,13916758
2008-02-04,1202135400,73.41,73.42999,72.72,72.8,11102277
2008-02-05,1202221800,70.98,71.07001,69.39999,69.4599,15488320
2008-02-06,1202308200,70.21001,70.53999,69.32001,69.39999,15261027
2008-02-07,1202394600,68.7,69.53,68.31,69.0499,14439570
2008-02-08,1202481000,68.35001,69.02,67.89999,68.34,12543789
2008-02-11,1202740200,68.64999,68.82001,67.82001,68.7,11886809
2008-02-12,1202826600,69.75999,70.71001,69.62,70.17999,14223922
2008-02-13,1202913000,70.44,70.86819,69.83,70.66,10031168
2008-02-14,1202999400,71.28,71.34,70.27,70.34,9046117
2008-02-15,1203085800,70.3,70.61,69.95,70.60001,9362113
2008-02-19,1203431400,72.19,72.23,71.08,71.28999,10561922
2008-02-20,1203517800,69.89,71.22,69.83,70.92,20118288
2008-02-21,1203604200,71.69,71.84,70.74001,70.78999,11478863
2008-02-22,1203690600,71.67,71.69,70.36,71.69,12524574
2008-02-25,1203949800,71.92,72.86,71.53,72.83,12643602
2008-02-26,1204036200,72.89,74.24001,72.64,73.91,11409227
2008-02-27,1204122600,73.39999,74.53,73.37,74.14999,12680652
2008-02-28,1204209000,73.56,73.87,73.21001,73.44,9345535
2008-02-29,1204295400,72.53999,72.60001,71.46001,71.6001,16244234
2008-03-03,1204554600,71.52,72.19,71.09,71.81,11907105
2008-03-04,1204641000,70.53,70.98,69.94,70.72,14390113
2008-03-05,1204727400,71.32001,72.06,70.96001,71.57001,11441199
2008-03-06,1204813800,71.60001,71.73,70.53,70.55,11643703
2008-03-07,1204900200,69.95,70.74001,69.4518,69.72,10738461
2008-03-10,1205155800,70.2,72.5,68.97,69.37,25495248
2008-03-11,1205242200,71.08,71.56,70.05,71.56,14641816
2008-03-12,1205328600,71.81,72,71.25,71.56,15803117
2008-03-13,1205415000,70.44,71.95,70.14,71.67999,11435238
2008-03-14,1205501400,71.64,71.78999,69.42999,69.94991,13901277
2008-03-17,1205760600,68.16,69.47,67.88,68.89,17473632
2008-03-18,1205847000,70.05,71,69.8,71,18299936
2008-03-19,1205933400,70.34,70.64999,68.31,68.4299,13885703
2008-03-20,1206019800,68,69.58,67.78999,69.46001,14106703
2008-03-24,1206365400,69.77,71.08,69.77,70.7299,13955797
2008-03-25,1206451800,71.3,71.92,70.88,71.75999,18299648
2008-03-26,1206538200,71.78999,72.07001,71.39,71.75999,12468406
2008-03-27,1206624600,72.86,72.86,71.67999,71.7,10316598
2008-03-28,1206711000,72.12,72.28999,71.56,71.64,11224547
2008-03-31,1206970200,71.69,72.39,71.62,71.89999,15065453
2008-04-01,1207056600,72.89999,74.24001,72.74001,74.1701,18535504
2008-04-02,1207143000,74.14999,74.59,73.78,74.33,10982676
2008-04-03,1207229400,73.85001,74.81,73.81,74.55,7069586
2008-04-04,1207315800,74.78,75.14,74.25999,74.8,9901555
2008-04-07,1207575000,75.5,75.62,75.10001,75.25999,7494609
2008-04-08,1207661400,74.24001,74.64999,74.14,74.47,7533938
2008-04-09,1207747800,74.45,74.49001,73.74159,73.86,11749426
2008-04-10,1207834200,73.67999,74.03999,73.24001,73.63,12777629
2008-04-11,1207920600,73.2,73.45,72.64,72.64,7246871
2008-04-14,1208179800,72.87,73.11,72.58,72.8,7161703
2008-04-15,1208266200,73.25999,73.34,72.74001,73.31,10849402
2008-04-16,1208352600,74.48,75.62,74.41,75.61549,10529039
2008-04-17,1208439000,74.39999,74.89,74.3,74.78,17629984
2008-04-18,1208525400,75.25999,75.666,75.009,75.31,19354896
2008-04-21,1208784600,75.47,75.92999,75.28999,75.89999,6355059
2008-04-22,1208871000,75.35001,75.45,74.82001,75.108,7264082
2008-04-23,1208957400,75.10001,75.64,74.69,75.5,10522965
2008-04-24,1209043800,74.74001,75.42999,74.24001,75.00999,8145180
2008-04-25,1209130200,75.78999,75.98,75.34,75.63,17699808
2008-04-28,1209389400,76.25,76.37,76.00999,76.07401,7686391
2008-04-29,1209475800,75.57001,75.66,75.28999,75.39999,7570082
2008-04-30,1209562200,75.63,76.39999,75.62,75.81,9457953
2008-05-01,1209648600,75.39999,76.34,75.34,76.27,11560285
2008-05-02,1209735000,76.8,76.89999,76.09,76.48,15374504
2008-05-05,1209994200,76.7,76.78,76.42,76.61,7669895
2008-05-06,1210080600,76.35001,77.27,76.27,77.17999,8318215
2008-05-07,1210167000,76.69,76.87,75.73,75.83,9339152
2008-05-08,1210253400,76.42999,76.77,76.23,76.49001,6971336
2008-05-09,1210339800,75.73,76.14999,75.63,75.88,5649289
2008-05-12,1210599000,76.14999,76.77,76.03,76.64,6293152
2008-05-13,1210685400,76.41,76.47,76.05,76.38,8349848
2008-05-14,1210771800,76.57001,76.97,76.38,76.38,7236254
2008-05-15,1210858200,76.97,77.74001,76.83,77.67999,6406629
2008-05-16,1210944600,78,78.53,77.802,78.5202,8314141
2008-05-19,1211203800,78.56,78.77,78.08,78.2,7394090
2008-05-20,1211290200,77.96001,78.00999,77.37,77.48,11190855
2008-05-21,1211376600,77.57001,77.69,76.53,76.60001,13505297
2008-05-22,1211463000,77.46001,77.73,77.25,77.49001,9171742
2008-05-23,1211549400,77.33,77.34,76.5,76.61,7093941
2008-05-27,1211895000,76.14,76.47,75.91,76.46001,7625723
2008-05-28,1211981400,76.37,76.49001,75.85001,76.45,7705883
2008-05-29,1212067800,75.87,76.5625,75.8,76.28,9804109
2008-05-30,1212154200,76.60001,76.89999,76.53999,76.71001,8651539
2008-06-02,1212413400,76.08,76.14999,75.64999,75.91,9327688
2008-06-03,1212499800,76.08,76.28999,75.31,75.75,9969570
2008-06-04,1212586200,75.28,75.8,75.13,75.31,8132188
2008-06-05,1212672600,75.5,76.56,75.3,76.56,8738129
2008-06-06,1212759000,75.59,75.64,74.35001,74.36,9983832
2008-06-09,1213018200,75,75.00999,73.89,74.256,8157871
2008-06-10,1213104600,72.97,73.48,72.82001,73,8925027
2008-06-11,1213191000,72.89999,72.99001,71.97,72.07001,13177867
2008-06-12,1213277400,71.85001,72.25,71.53999,71.82001,11209461
2008-06-13,1213363800,71.7,72.48,71.58,72.48,10236270
2008-06-16,1213623000,72.39999,72.94,72.28999,72.85001,9815551
2008-06-17,1213709400,73.66,73.66,72.89999,73.07001,7012922
2008-06-18,1213795800,72.33,72.62,72.0699,72.47,14861059
2008-06-19,1213882200,72.09,72.5,71.85001,72.33,25369904
2008-06-20,1213968600,71.3,71.36,70.60001,70.75,14909617
2008-06-23,1214227800,70.81,70.9073,70.42999,70.74001,12942727
2008-06-24,1214314200,70.31,70.86,70,70.42,18684960
2008-06-25,1214400600,69.64999,70.48,69.64999,69.84599,21445920
2008-06-26,1214487000,69.2,69.3,68.08,68.08,18484560
2008-06-27,1214573400,68.71001,68.81,68.06,68.25999,28977152
2008-06-30,1214832600,68.71001,69.06,68.64999,68.67,16126000
2008-07-01,1214919000,67.55,67.97,66.89,67.92999,19350864
2008-07-02,1215005400,68.35001,68.37,66.67,66.85001,16759840
2008-07-03,1215091800,67.5,67.57001,66.63,67.28,14423766
2008-07-07,1215437400,67.03999,67.42999,66.27,66.7,13827563
2008-07-08,1215523800,66.41,67.09,65.9301,67.05,13983281
2008-07-09,1215610200,67.38,67.5,66.17999,66.17999,12121711
2008-07-10,1215696600,66.39,66.81,66.06,66.75,14732590
2008-07-11,1215783000,65.69,66.11,64.98,65.7,15132742
2008-07-14,1216042200,66.39999,66.39999,65.39,65.56,9231797
2008-07-15,1216128600,64.64,65.2,64.07001,64.50999,21612752
2008-07-16,1216215000,64.25,65.8,64.08,65.7,16201965
2008-07-17,1216301400,66.62,66.87,66.16901,66.7,13884012
2008-07-18,1216387800,66.77,67.16,66.46001,67.13,14274617
2008-07-21,1216647000,67.73,67.75,67.19,67.52,9319934
2008-07-22,1216733400,66.67,67.78,66.61,67.75,10336328
2008-07-23,1216819800,67.97501,68.39,67.82001,68,10398926
2008-07-24,1216906200,67.95,67.95,66.67999,66.75999,9628105
2008-07-25,1216992600,66.87,67.22,66.552,66.89999,7867598
2008-07-28,1217251800,66.97,66.97,65.72,65.78,11142098
2008-07-29,1217338200,65.69,66.46001,65.67,66.42999,10323598
2008-07-30,1217424600,66.75,67.09,66.46001,67.05,14376852
2008-07-31,1217511000,66.7,67,66.24001,66.39,11372723
2008-08-01,1217597400,66.14999,66.19,65.28999,65.39999,11859430
2008-08-04,1217856600,65.35001,65.38,64.73,64.78,8556605
2008-08-05,1217943000,65.64999,66.42999,65.48,66.42,14263871
2008-08-06,1218029400,65.96001,66.55,65.74001,66.44,11507676
2008-08-07,1218115800,65.91,65.92,65,65.11,8099809
2008-08-08,1218202200,64.24001,65.55,64.07001,65.38,10579156
2008-08-11,1218461400,65.433,65.73,65.14999,65.32001,10024324
2008-08-12,1218547800,65.32001,65.34,64.62,64.85001,9630867
2008-08-13,1218634200,63.99001,64.24001,63.32001,63.83,12559219
2008-08-14,1218720600,63.36,63.98,63.25,63.58,10306680
2008-08-15,1218807000,63.19,63.45,62.94,63.16,8640512
2008-08-18,1219066200,63.78,63.8,62.60001,62.84,11538727
2008-08-19,1219152600,62.10001,62.22,61.75999,62.13,11853160
2008-08-20,1219239000,62.3,62.5,61.89999,62.5,15433480
2008-08-21,1219325400,62.34,62.905,62.24001,62.75,8964191
2008-08-22,1219411800,62.83,63.19,62.7,63.03999,6582215
2008-08-25,1219671000,62.92,62.99001,61.91,62.05,10955004
2008-08-26,1219757400,62.12,62.64999,61.92999,62.36,7745063
2008-08-27,1219843800,62.69,63.00999,62.5,62.95,9294984
2008-08-28,1219930200,63.72,63.83,63.50999,63.75999,11283352
2008-08-29,1220016600,63.89,64.14999,63.50999,63.57001,11079961
2008-09-02,1220362200,63.42,63.53999,62.541,62.59,14645375
2008-09-03,1220448600,62.35001,62.61,61.98,62.33,10642781
2008-09-04,1220535000,61.61,61.67999,59.62,59.66,16723051
2008-09-05,1220621400,59.35001,59.67999,58.67,59.44,17546304
2008-09-08,1220880600,61.33,61.39,59.96001,60.77,19143424
2008-09-09,1220967000,60.33,60.53999,58.77,58.8,12860699
2008-09-10,1221053400,59.67999,59.83,59.06,59.37,15264582
2008-09-11,1221139800,58,59.28999,57.73,59.24001,16722340
2008-09-12,1221226200,59.36,60.5,59.07001,60.39999,16526852
2008-09-15,1221485400,57.75,58.87,57.25,57.83,31607744
2008-09-16,1221571800,56.16,57.71001,55.75,57.39999,26092496
2008-09-17,1221658200,56.32001,56.75,54.85001,55.21001,31228240
2008-09-18,1221744600,56.63,58.16,55.25999,57.72,30061952
2008-09-19,1221831000,60.69,63.74001,59.47,61.81,38923200
2008-09-22,1222090200,61.36,61.61,59.7,59.7,27789760
2008-09-23,1222176600,59.7,60.16,58.44,58.86,14861914
2008-09-24,1222263000,59.67999,59.75999,58.75,59.03,12657172
2008-09-25,1222349400,59.78999,60.53799,59.69,60.39,16568074
2008-09-26,1222435800,59.10001,59.82001,58.89,59.75,22570464
2008-09-29,1222695000,56.78,56.85001,52,53.08,35675760
2008-09-30,1222781400,55.24001,56.3,54.84,56.3,29246864
2008-10-01,1222867800,55.55,56.42,54.91,55.88,27953056
2008-10-02,1222954200,54.81,54.95,53.3,53.44,23232656
2008-10-03,1223040600,53.55,55.47,53.09,53.23,34435856
2008-10-06,1223299800,51.17999,51.25,48.14999,50.22,53409488
2008-10-07,1223386200,51.3,51.49001,47.87,47.87,37325936
2008-10-08,1223472600,47.14999,48.84,46.3,46.8,42426944
2008-10-09,1223559000,48.14,48.31,43.63,44.002,35533312
2008-10-10,1223645400,41.31,43.75999,40.02,42.36,59719328
2008-10-13,1223904600,45.64999,49.52,45.32001,49.09,57780192
2008-10-14,1223991000,50.41,50.89,47.06,48.08,41811488
2008-10-15,1224077400,46.85001,47,42.91,42.95,35975328
2008-10-16,1224163800,44.25999,45.53999,41.98,45.48,44651280
2008-10-17,1224250200,43.41,46.5,43.21001,44.50999,31032368
2008-10-20,1224509400,45.66,47.35001,45.36,47.35001,29347456
2008-10-21,1224595800,45.67,46.34,44.53999,44.67999,34623728
2008-10-22,1224682200,43.21001,43.34,40.46001,41.42,31546640
2008-10-23,1224768600,41.62,42.77,40.23,42.33,33626592
2008-10-24,1224855000,38.48,40.78,38.19,39.59,32920512
2008-10-27,1225114200,38.10001,39.46001,37.5,37.50999,31682336
2008-10-28,1225200600,39.78999,43.05,38.33,42.67999,41688336
2008-10-29,1225287000,42.19,44.2,41.81,42.78,34384640
2008-10-30,1225373400,44.92,45.05,43.17999,44.28,33312032
2008-10-31,1225459800,43.28999,45.28,43.02,44.57001,40976720
2008-11-03,1225722600,44.38,45.03999,44.25999,44.75,20436016
2008-11-04,1225809000,46.2,47.89999,46.08,47.82001,29640544
2008-11-05,1225895400,46.94,47.75,45.12,45.22,29660640
2008-11-06,1225981800,44.77,45.06,41.92,42.3,35121248
2008-11-07,1226068200,43.84,44.81,43.60001,44.69,28171104
2008-11-10,1226327400,45.45,45.49001,43.31,44.02,25589968
2008-11-11,1226413800,43.03,43.32001,41.82001,42.57001,34095088
2008-11-12,1226500200,41.61,41.81,40.25,40.28,35248800
2008-11-13,1226586600,40.8,43.71001,39.31,43.71001,51117984
2008-11-14,1226673000,41.67999,42.74001,40.77,41.2,48148048
2008-11-17,1226932200,40.75999,41.64999,40.03751,40.45,30056912
2008-11-18,1227018600,40,41.03,39.5,40.52,44628000
2008-11-19,1227105000,40.10001,40.5,37.74001,37.81,45216016
2008-11-20,1227191400,37.67999,38.4796,35.53,35.73,54184192
2008-11-21,1227277800,37.71001,38.33,35.84,38.27,49796928
2008-11-24,1227537000,39.09,41.50999,38.75,40.56,41988416
2008-11-25,1227623400,41.83,41.98,40.14999,41.3,46001952
2008-11-26,1227709800,40.19,41.89999,40.11,41.75,34099888
2008-11-28,1227882600,41.28999,41.91,41.09,41.73,17630448
2008-12-01,1228141800,40.31,40.39999,38.17999,38.32001,50271936
2008-12-02,1228228200,39.74001,40.59,39.24001,40.39999,44399008
2008-12-03,1228314600,39.17999,40.94,39.03999,40.94,41980336
2008-12-04,1228401000,39.63,40.515,38.82001,39.67999,41836400
2008-12-05,1228487400,38.95,40.35001,38.09,40.17999,41084176
2008-12-08,1228746600,41.35001,42.39999,41.12,42.09,46281984
2008-12-09,1228833000,41.81,42.63,41.44,41.7,38618928
2008-12-10,1228919400,42.46001,43,42.05,42.798,40155952
2008-12-11,1229005800,42.94,43.64,42.3,42.61,36845424
2008-12-12,1229092200,41.82001,43.3,41.72,43.03,42760656
2008-12-15,1229351400,43.22,43.32001,42.47,43.14,44527632
2008-12-16,1229437800,43.05,45.78999,43.05,45.62,47026896
2008-12-17,1229524200,44.59,45.78,44.50999,45.39,45791408
2008-12-18,1229610600,45.28,45.3,43.44,44,42315120
2008-12-19,1229697000,43.64,44.12,43.02,43.36,38355920
2008-12-22,1229956200,43.62,43.7,42.45,43.06,36928224
2008-12-23,1230042600,42.88,42.98,41.97,42.2,32562512
2008-12-24,1230129000,42.66,42.83,42.31,42.75999,16114590
2008-12-26,1230301800,42.88,43.24001,42.599,42.96001,13297520
2008-12-29,1230561000,43.59,43.66,42.69,42.97,29150032
2008-12-30,1230647400,43.45,44.33,43.31,44.25999,28477504
2008-12-31,1230733800,44.12,45.14999,43.89,44.86,26881168
2009-01-02,1230906600,44.59,45.62,44.45,45.44,21936528
2009-01-05,1231165800,44.69,45.06,44.41,44.71001,27957776
2009-01-06,1231252200,44.89999,45.5,44.53,45.19,23289424
2009-01-07,1231338600,44.85001,44.99001,44.13,44.41,23943792
2009-01-08,1231425000,44.47,45.10001,44.14,45.07001,19883776
2009-01-09,1231511400,44.55,44.60001,43.47,43.50999,31773472
2009-01-12,1231770600,43.28,43.32001,42.2599,42.46001,28816352
2009-01-13,1231857000,41.62,42.03,41.27,41.67999,29424048
2009-01-14,1231943400,40.57001,40.59,39.71001,39.97,37268352
2009-01-15,1232029800,40.24001,40.71001,39.21001,40.33,42044432
2009-01-16,1232116200,41.25,41.31,39.71001,40.57001,39032496
2009-01-20,1232461800,39.14,39.2,37.57001,37.60001,58657216
2009-01-21,1232548200,38.39999,39.48,37.89999,39.44,48048192
2009-01-22,1232634600,38.14,38.81,37.67999,38.52,40891376
2009-01-23,1232721000,37.11,38.53,37,38.25,37917488
2009-01-26,1232980200,38.62,39.52,38.47,39,38347776
2009-01-27,1233066600,39.41,39.92999,39.14999,39.75999,35276160
2009-01-28,1233153000,40.75,41.24001,40.5,40.92999,37603488
2009-01-29,1233239400,39.89999,39.94,38.96001,39.07001,26066000
2009-01-30,1233325800,39.49001,39.58,38.50999,38.7,33246064
2009-02-02,1233585000,37.97,38.60001,37.88,38.32001,29679344
2009-02-03,1233671400,38.81,39.77,38.48,39.42,28452528
2009-02-04,1233757800,39.55,40.2,39.02,39.22,29281552
2009-02-05,1233844200,38.99001,40.11,38.67999,39.78,31645568
2009-02-06,1233930600,39.94,40.8912,39.85001,40.7,28635888
2009-02-09,1234189800,40.67999,40.96001,40.41,40.69,27143424
2009-02-10,1234276200,40.25,40.50999,38.48,38.67,35169360
2009-02-11,1234362600,39.28,39.44,38.50999,39.09,24101584
2009-02-12,1234449000,38.25999,39,37.87,38.97,40755792
2009-02-13,1234535400,38.78999,39.08,38.48,38.55,21184112
2009-02-17,1234881000,36.92999,37.05,36.37,36.5,32955504
2009-02-18,1234967400,36.78,36.78999,36.03,36.47,35001344
2009-02-19,1235053800,37.28999,37.44,36.25,36.42,25955040
2009-02-20,1235140200,35.3,36.33,35.25,35.89,52151712
2009-02-23,1235399400,36.17999,36.2,34.52,34.52,38219760
2009-02-24,1235485800,34.86,36.10001,34.58,35.96001,36859328
2009-02-25,1235572200,35.42999,35.61,34.50999,34.97,39171296
2009-02-26,1235658600,35.58,35.8,34.61,34.67999,27208416
2009-02-27,1235745000,34.33,35.36,34.33,34.67999,38503936
2009-03-02,1236004200,33.64,33.8,32.61,32.69,42423936
2009-03-03,1236090600,33.19501,33.21001,32.19,32.56,38727792
2009-03-04,1236177000,33.36,34.45,33.22,34.00999,52341408
2009-03-05,1236263400,33.06,33.46001,32.3,32.64,36086336
2009-03-06,1236349800,33.08,33.45,31.87,32.58,42253824
2009-03-09,1236605400,31.60001,32.36,31.56,31.7,36486816
2009-03-10,1236691800,32.98,34.02,32.92,33.83,50262128
2009-03-11,1236778200,34.25,34.53,33.63,34.02,34253216
2009-03-12,1236864600,33.66,34.88,33.34,34.78999,32384944
2009-03-13,1236951000,34.96001,35.14,34.42,35.02,31335344
2009-03-16,1237210200,35.61,36.23,35.31,35.39999,29486864
2009-03-17,1237296600,35.28,36.39999,35.10001,36.33,33233104
2009-03-18,1237383000,35.91,37.55,35.55,37.37,40963360
2009-03-19,1237469400,38.25,38.28999,37.28999,37.35001,36731536
2009-03-20,1237555800,37.39999,37.56,36.66,36.83,35560496
2009-03-23,1237815000,38.12,39.50999,37.92,39.48,42114832
2009-03-24,1237901400,38.46001,39.03,38.17999,38.24001,30868832
2009-03-25,1237987800,38.56,39.46001,38.02,38.83,30873536
2009-03-26,1238074200,39.13,39.56,38.75999,39.35001,30230400
2009-03-27,1238160600,38.33,38.48,37.97,38.09,34325904
2009-03-30,1238419800,36.96001,37,36.31,36.64,25835680
2009-03-31,1238506200,37.35001,38.09,37.11,37.59,32838272
2009-04-01,1238592600,37.36,38.74001,37.28,38.57001,25661632
2009-04-02,1238679000,39.89999,40.96001,39.86,40.31,57242352
2009-04-03,1238765400,40.14,40.53999,39.8,40.53999,41385200
2009-04-06,1239024600,39.67999,39.86501,39.2,39.7,27320304
2009-04-07,1239111000,39.09,39.35001,38.74001,38.87,19333824
2009-04-08,1239197400,39.2,39.61,38.81,39.25999,22120832
2009-04-09,1239283800,40.14999,40.36,39.83,40.31,23172416
2009-04-13,1239629400,40.12,40.99001,40.061,40.71001,21135648
2009-04-14,1239715800,40.35001,40.89999,40.21001,40.32001,41502448
2009-04-15,1239802200,40.16,40.95,40.07001,40.85001,25622928
2009-04-16,1239888600,41.02,41.39999,40.64999,41.11,25014368
2009-04-17,1239975000,41.19,41.22,40.75999,40.97,61325760
2009-04-20,1240234200,40.02,40.07001,39.28,39.28999,26049664
2009-04-21,1240320600,38.94,40.23,38.89999,40.19,25499776
2009-04-22,1240407000,39.56,40.58,39.42,39.87,25023344
2009-04-23,1240493400,40.42,40.87,40.07001,40.87,30545360
2009-04-24,1240579800,41.49001,41.78999,41.23,41.5,25969360
2009-04-27,1240839000,40.89,41.545,40.71001,41.00999,26745280
2009-04-28,1240925400,40.22,41.03,40.17,40.62,18633968
2009-04-29,1241011800,41.31,42.12,41.24001,41.66,20786144
2009-04-30,1241098200,42.25999,42.61,41.61,41.92,26982192
2009-05-01,1241184600,42.14999,42.5,41.86,42.41,17786704
2009-05-04,1241443800,42.89,44.19,42.87,44.17,23451136
2009-05-05,1241530200,44.03,44.12,43.49001,43.73,22298560
2009-05-06,1241616600,44.59,44.905,43.97,44.78999,21090448
2009-05-07,1241703000,45.17,45.22,43.74001,44.03999,23949136
2009-05-08,1241789400,45.02,46.02,44.75999,45.95,22988400
2009-05-11,1242048600,44.84,45.11,44.62,44.78,17460864
2009-05-12,1242135000,45.38,45.485,44.67,45.25999,26284976
2009-05-13,1242221400,44.22,44.28,43.58501,43.72,23260288
2009-05-14,1242307800,43.69,44.46001,43.58,44.14999,27380576
2009-05-15,1242394200,44.25,44.57001,43.57001,43.75,20457904
2009-05-18,1242653400,44.67999,45.5,44.53,45.42,18602848
2009-05-19,1242739800,45.62,46.11,45.49001,45.83,19521936
2009-05-20,1242826200,46.25999,46.85001,46.03,46.13,18872816
2009-05-21,1242912600,45.55,45.92999,45.3,45.78,20082784
2009-05-22,1242999000,46.21001,46.34,45.8499,46.03999,14279031
2009-05-26,1243344600,45.39,47.08,45.36,46.96001,16247301
2009-05-27,1243431000,46.96001,47.02,45.96001,46.05,16287637
2009-05-28,1243517400,46.39999,46.71899,45.77,46.52,15523492
2009-05-29,1243603800,47.17999,47.45,46.81,47.45,24526160
2009-06-01,1243863000,48.36,49,48.27,48.62,22592752
2009-06-02,1243949400,48.47,49.12,48.38,49.03999,22182752
2009-06-03,1244035800,48.06,48.14,47.16,47.58,20937760
2009-06-04,1244122200,47.72,48,47.44,47.88,17158704
2009-06-05,1244208600,48,48.03999,47.10001,47.28999,19216448
2009-06-08,1244467800,46.77,47.49001,46.42999,47.19,13936977
2009-06-09,1244554200,47.47,47.94,47.21001,47.77,15957395
2009-06-10,1244640600,48.49001,48.52,47.28,47.86,18467984
2009-06-11,1244727000,48.25999,49.17999,48.25,48.67999,20225456
2009-06-12,1244813400,48.16,48.50999,47.91991,48.42999,21097920
2009-06-15,1245072600,47.39,47.45,46.32001,46.69,31484000
2009-06-16,1245159000,47.02,47.05,46.10001,46.14999,23388912
2009-06-17,1245245400,46.17999,46.64999,45.69,46.28,23803984
2009-06-18,1245331800,46.16,46.74001,45.97,46.2,22429232
2009-06-19,1245418200,46.92999,47.13,46.67,46.92999,19576224
2009-06-22,1245677400,46.11,46.14999,45.25999,45.42,21491936
2009-06-23,1245763800,44.94,45.25,44.53011,45.06,26980496
2009-06-24,1245850200,45.58,45.99001,44.92999,45.10001,25708576
2009-06-25,1245936600,44.84,46.06,44.72,46.05,23606784
2009-06-26,1246023000,45.92,46.179,45.67,45.96001,20799744
2009-06-29,1246282200,46.16,46.57899,45.92,46.35001,21139376
2009-06-30,1246368600,46.35001,46.45,45.48109,45.81,31291696
2009-07-01,1246455000,46.49001,46.98,46.42,46.57001,20169120
2009-07-02,1246541400,45.63499,45.67999,45.06,45.23,20744560
2009-07-06,1246887000,44.66,45.28999,44.58,45.28999,17299104
2009-07-07,1246973400,45.02,45.07001,44.11,44.19,20032640
2009-07-08,1247059800,44.28999,44.42,43.49001,44.00999,24263456
2009-07-09,1247146200,44.52,44.7025,44.2,44.55,22637040
2009-07-10,1247232600,43.88,45.14999,43.29201,44.03,16245539
2009-07-13,1247491800,44.13,44.92799,43.82001,44.8,19678672
2009-07-14,1247578200,45.06,45.19,44.63,45.03999,15240973
2009-07-15,1247664600,46.00999,46.69,45.94,46.58,21318688
2009-07-16,1247751000,46.58,47.12,46.39999,46.99001,15476578
2009-07-17,1247837400,46.69,46.96001,46.50999,46.82001,16180891
2009-07-20,1248096600,47.58,47.83,47.28,47.73,15950621
2009-07-21,1248183000,48.31,48.32001,47.5,48.03,19663856
2009-07-22,1248269400,47.64999,48.37199,47.63,48.14999,16927232
2009-07-23,1248355800,48.07001,49.22,48.03,48.96001,19940064
2009-07-24,1248442200,48.87,49.28999,48.62,49.25999,15432625
2009-07-27,1248701400,49.07001,49.37,48.75999,49.31,14808871
2009-07-28,1248787800,48.94,49.2,48.52,49.10001,18334992
2009-07-29,1248874200,48.96001,49.11,48.45,48.7,20032096
2009-07-30,1248960600,49.59,50.10001,49.42999,49.64999,19166848
2009-07-31,1249047000,49.92,50.53,49.7,50.41,20636080
2009-08-03,1249306200,51.22,51.71001,51.05499,51.58,22364704
2009-08-04,1249392600,51.09,51.5799,50.38,51.5,18395216
2009-08-05,1249479000,51.38,51.39999,50.60001,51.28999,18679024
2009-08-06,1249565400,51.42,51.5,50.59,50.97,16284863
2009-08-07,1249651800,51.16,51.3,50.81,50.92,19822336
2009-08-10,1249911000,50.7,50.86,50.35001,50.61,14593715
2009-08-11,1249997400,50.39,50.44,50.03,50.32001,13047230
2009-08-12,1250083800,50.3,51.28999,50.27,50.89,18246336
2009-08-13,1250170200,51.60001,51.8,51.17,51.67,17806784
2009-08-14,1250256600,51.78999,51.78999,50.8399,51.23,17854960
2009-08-17,1250515800,49.7,49.75999,49.411,49.58,23357632
2009-08-18,1250602200,49.91,50.63,49.69,50.44,17125168
2009-08-19,1250688600,49.83,51.06,49.8,50.87,18921888
2009-08-20,1250775000,50.85001,51.5,50.75999,51.23,14815422
2009-08-21,1250861400,51.99001,52.53,51.95,52.35001,20819264
2009-08-24,1251120600,52.57001,52.85001,52.21001,52.34,19597152
2009-08-25,1251207000,52.89,53.24001,52.71001,52.86,20685792
2009-08-26,1251293400,52.42999,52.67,52.17,52.64,16828352
2009-08-27,1251379800,52.59,53.25999,52.03,53.03999,18975936
2009-08-28,1251466200,53.52,53.63,52.8401,53.07001,17008864
2009-08-31,1251725400,52.44,52.75999,52.28999,52.67999,18793888
2009-09-01,1251811800,52.14,52.89,51.23,51.37,33136032
2009-09-02,1251898200,51.09,51.62,51.03999,51.31,20632032
2009-09-03,1251984600,51.83,51.85001,51.25,51.71001,14848777
2009-09-04,1252071000,51.78999,52.61,51.53999,52.5,13321004
2009-09-08,1252416600,53.64999,53.7,53.28,53.53999,17093008
2009-09-09,1252503000,53.87,54.41,50.07001,54.2,21244080
2009-09-10,1252589400,54.10001,54.78,53.75,54.67999,17004368
2009-09-11,1252675800,54.87,55.02,54.41,54.61,16105359
2009-09-14,1252935000,54,54.75,53.97,54.72,18704336
2009-09-15,1253021400,54.45,54.89999,54.08,54.73,24528160
2009-09-16,1253107800,55.36,55.83,55.12,55.81,22163216
2009-09-17,1253194200,55.39999,55.89,55.21001,55.45,20942896
2009-09-18,1253280600,55.85001,55.88,55.3501,55.60001,15181629
2009-09-21,1253539800,54.64999,55.14,54.485,55.00999,17452768
2009-09-22,1253626200,55.87,55.92,55.53999,55.77,13734992
2009-09-23,1253712600,55.99001,56.31,55.17999,55.28999,22848256
2009-09-24,1253799000,55.64999,55.78,54.17101,54.48,27612560
2009-09-25,1253885400,54.36,54.84,54.12,54.25,22919408
2009-09-28,1254144600,54.44,55.37,54.37,54.99001,15652977
2009-09-29,1254231000,54.84,55.05,54.42,54.66,16359730
2009-09-30,1254317400,55.11,55.19,54.25,54.67999,25293168
2009-10-01,1254403800,54.34,54.38,53.19,53.25,22406064
2009-10-02,1254490200,52.45,53.11,52.42,52.66,27674752
2009-10-05,1254749400,52.69,53.62,52.60001,53.42,15838777
2009-10-06,1254835800,54.03999,54.72951,54,54.32001,18768112
2009-10-07,1254922200,54.28999,54.53,54.10001,54.52,20064176
2009-10-08,1255008600,55.22,55.64999,54.89999,55.31,14930336
2009-10-09,1255095000,55.11,55.2496,54.875,55.17,9190156
2009-10-12,1255354200,55.73,55.89999,55.39,55.5,9631793
2009-10-13,1255440600,55.47,55.53999,55,55.38,11697387
2009-10-14,1255527000,56.46001,56.76939,56.21001,56.71001,16624582
2009-10-15,1255613400,56.42999,56.97,56.37,56.97,16062313
2009-10-16,1255699800,56.02,56.34,55.7475,56.11,19457328
2009-10-19,1255959000,56.64999,57.19,56.39999,57.00999,16129672
2009-10-20,1256045400,57.17999,57.19,56.3,56.71001,14700387
2009-10-21,1256131800,56.59,57.46001,56.46001,56.52,19720096
2009-10-22,1256218200,56.48,57.23,56.03,57.07001,15890367
2009-10-23,1256304600,56.92,56.92999,55.89999,56.17,19382928
2009-10-26,1256563800,56.37,56.78999,55.10001,55.32001,21031296
2009-10-27,1256650200,55.42999,55.63,54.8,54.88,23312928
2009-10-28,1256736600,54.35001,54.60989,53.41,53.56,25441840
2009-10-29,1256823000,54.56,55.33,54.1167,55.14,21274384
2009-10-30,1256909400,54.78,54.96001,53.21001,53.3,31478672
2009-11-02,1257172200,53.77,54.56,53.21001,53.82001,25877968
2009-11-03,1257258600,52.85001,53.72,52.78,53.61,19568496
2009-11-04,1257345000,54.31,54.67,53.9825,54.14999,24342720
2009-11-05,1257431400,54.67999,55.14,54.50999,54.85001,13491949
2009-11-06,1257517800,54.47,55.09,54.35001,55.00999,12750234
2009-11-09,1257777000,56,56.56,55.91,56.55,17554416
2009-11-10,1257863400,55.97,56.39,55.88,56.25,19583760
2009-11-11,1257949800,56.64,56.9097,56.14999,56.418,14746152
2009-11-12,1258036200,56.2,56.49001,55.49001,55.60001,18176928
2009-11-13,1258122600,55.92999,56.56,55.61501,56.38,20597136
2009-11-16,1258381800,56.87,57.61,56.84,57.28,18104912
2009-11-17,1258468200,56.69,56.95,56.35001,56.89999,15368504
2009-11-18,1258554600,56.94,56.98,56.39999,56.72,12114352
2009-11-19,1258641000,55.91,55.91,55.21001,55.64999,21816448
2009-11-20,1258727400,54.97,55.39,54.92599,55.34,15379219
2009-11-23,1258986600,56.46001,56.77,56.17,56.33,17112768
2009-11-24,1259073000,56.2,56.33,55.681,56.10001,23601440
2009-11-25,1259159400,56.57001,56.89,56.3,56.85001,15282992
2009-11-27,1259332200,54.52,55.62,54.44,55.21001,14507539
2009-11-30,1259591400,55.24001,55.75,54.89999,55.39,20856928
2009-12-01,1259677800,56.47,57.0901,56.37,56.91,17952192
2009-12-02,1259764200,56.88,57.31,56.758,57,13034547
2009-12-03,1259850600,57.33,57.625,56.71001,56.87,15714027
2009-12-04,1259937000,57.36,57.66,56.3,56.67,17862528
2009-12-07,1260196200,56.31,56.83,56.25999,56.36,13057578
2009-12-08,1260282600,55.78999,55.8,55.23,55.38,16547672
2009-12-09,1260369000,55.25,55.5,54.72,55.31,16435258
2009-12-10,1260455400,55.60001,55.78,54.7666,55.48,12430797
2009-12-11,1260541800,55.64999,55.74001,55.33,55.46001,22797248
2009-12-14,1260801000,55.86,56.02,55.64,56,23188480
2009-12-15,1260887400,55.28999,55.71001,55.24001,55.38,16211398
2009-12-16,1260973800,55.91,56.31,55.85001,56.03,17313344
2009-12-17,1261060200,55.02,55.13,54.57001,54.71001,20345552
2009-12-18,1261146600,54.94,55.06,54.23,54.84,18769632
2009-12-21,1261405800,54.95,55.28,54.89101,55.00101,15019641
2009-12-22,1261492200,54.7704,54.98,54.58,54.85001,15589113
2009-12-23,1261578600,55.14999,55.35001,54.91,55.35001,10683473
2009-12-24,1261665000,55.56,55.64999,55.45,55.57001,4979285
2009-12-28,1262010600,55.85001,55.85001,55.63,55.81,11762219
2009-12-29,1262097000,56.19,56.2,55.69,55.89999,10648262
2009-12-30,1262183400,55.39,55.67,55.25999,55.67,12566137
2009-12-31,1262269800,55.92,55.95,55.22,55.28,13893363
2010-01-04,1262615400,56.42,56.94,56.41,56.73,18556960
2010-01-05,1262701800,56.87,57.10001,56.50999,56.78,14352715
2010-01-06,1262788200,56.67999,57.09,56.67,57.02,11888102
2010-01-07,1262874600,56.64,56.84,56.37,56.8,10906602
2010-01-08,1262961000,56.89999,57.31,56.74001,57.25,12826465
2010-01-11,1263220200,57.83,57.86,57.47,57.72,12388070
2010-01-12,1263306600,57.11,57.38,56.60001,57.03999,19030432
2010-01-13,1263393000,57.28,57.69749,56.94,57.52,15446664
2010-01-14,1263479400,57.5,58,57.5,57.96001,13362559
2010-01-15,1263565800,57.50999,57.61,56.78,57.05,19281664
2010-01-19,1263911400,56.88,57.67999,56.84,57.61,17507632
2010-01-20,1263997800,56.37,56.39999,55.61501,56.14,24510048
2010-01-21,1264084200,56.03999,56.17999,54.58,54.94,22979024
2010-01-22,1264170600,54.7,55.05,53.78999,53.87,27432448
2010-01-25,1264429800,54.8598,54.98,54.39,54.53,20242864
2010-01-26,1264516200,54.05,54.67999,53.91,54.22,22137440
2010-01-27,1264602600,53.88,54.21001,53.38,54.16,27155936
2010-01-28,1264689000,54.19,54.2,52.85001,53.25,26142576
2010-01-29,1264775400,53.32001,53.63251,52.3299,52.48,28921168
2010-02-01,1265034600,53.2,53.52,52.48,53.44,23128448
2010-02-02,1265121000,53.82001,54.46001,53.64999,54.33,19720128
2010-02-03,1265207400,53.98,54.2,53.48,53.75999,20225840
2010-02-04,1265293800,52.74001,52.798,51.53999,51.57001,32203904
2010-02-05,1265380200,51.28999,51.48,49.94,51.48,43046096
2010-02-08,1265639400,50.97,51.4478,50.45,50.46001,19237904
2010-02-09,1265725800,51.59,52.515,51.09,52.05,30811712
2010-02-10,1265812200,51.77,51.95,51.21001,51.72,23502480
2010-02-11,1265898600,51.53999,52.295,51.14999,52.2,19397280
2010-02-12,1265985000,51.3,51.85001,51.05099,51.75,18994832
2010-02-16,1266330600,51.99001,53.00999,51.81,52.89999,19593648
2010-02-17,1266417000,53.14,53.27,52.75,52.97,19681952
2010-02-18,1266503400,52.81,53.35001,52.81,53.27,13751363
2010-02-19,1266589800,52.53,53.07001,52.38,52.94,16068906
2010-02-22,1266849000,53.23,53.31,52.91,53.03999,14422039
2010-02-23,1266935400,52.8,53.03999,52.11929,52.28999,18039104
2010-02-24,1267021800,52.37,52.92999,52.23,52.62,15789781
2010-02-25,1267108200,51.58,52.31,51.47,52.3,18544336
2010-02-26,1267194600,52.19,52.85001,51.91,52.62,19714128
2010-03-01,1267453800,52.74001,53.13,52.60001,53.03,14774301
2010-03-02,1267540200,53.39,53.7899,53.17,53.42999,14135664
2010-03-03,1267626600,53.91,54.41,53.83,54.07001,15292379
2010-03-04,1267713000,54.13,54.23,53.62,53.92999,12646074
2010-03-05,1267799400,54.31,55.06,54.21001,54.98,18656272
2010-03-08,1268058600,55.06,55.21001,54.81,54.98,11336051
2010-03-09,1268145000,54.47,55.11,54.45,54.85001,15356406
2010-03-10,1268231400,54.85001,55.34,54.78101,55.08,13641070
2010-03-11,1268317800,55.05,55.35001,54.81,55.28999,13020844
2010-03-12,1268404200,55.73,55.75,55.37,55.66,11743234
2010-03-15,1268659800,55.2,55.3425,54.85001,55.27,10182262
2010-03-16,1268746200,55.46001,56.03,55.32001,55.97,15718215
2010-03-17,1268832600,56.17999,56.50999,56.11,56.27,17400416
2010-03-18,1268919000,56.08,56.185,55.58,55.9425,15899570
2010-03-19,1269005400,55.86,55.91,55.11,55.37,17819664
2010-03-22,1269264600,54.64,55.60001,54.60001,55.53,17473728
2010-03-23,1269351000,55.56,56.0083,55.35001,55.92,15532973
2010-03-24,1269437400,55,55.21001,54.7601,55,18234288
2010-03-25,1269523800,55.45,55.66,54.89999,54.97,18633344
2010-03-26,1269610200,55.33,55.72,55.16,55.50999,23466112
2010-03-29,1269869400,55.78,56.03999,55.67999,55.98,13605621
2010-03-30,1269955800,56.16,56.31,55.72,55.98,16767953
2010-03-31,1270042200,55.77,56.17999,55.64,55.98,22702560
2010-04-01,1270128600,56.55,56.99001,56.52,56.97,20493856
2010-04-05,1270474200,56.94,57.2,56.75,57.03,14433996
2010-04-06,1270560600,56.44,56.94501,56.3801,56.87,15025770
2010-04-07,1270647000,56.56,56.675,56.25999,56.47,19575152
2010-04-08,1270733400,55.86,56.4599,55.74001,56.41,13852965
2010-04-09,1270819800,56.58,57.22,56.56,57.14999,17131472
2010-04-12,1271079000,57.34,57.5,57.21001,57.33,11992145
2010-04-13,1271165400,57.39,57.44,56.85001,57.28,9093996
2010-04-14,1271251800,57.69,58.08,57.52,58.03999,20763840
2010-04-15,1271338200,57.69,58.089,57.64,58,13534148
2010-04-16,1271424600,57.48,57.7085,56.42999,56.72,30345600
2010-04-19,1271683800,56.08,56.61,55.89,56.57001,19656928
2010-04-20,1271770200,57,57.08,56.7774,56.92,14039781
2010-04-21,1271856600,56.69,56.7937,56.255,56.55,15597305
2010-04-22,1271943000,55.67999,56.14,55.3201,56.03999,22128128
2010-04-23,1272029400,55.81,56.49001,55.63,56.46001,18250080
2010-04-26,1272288600,56.62,56.75,56.39999,56.52,19670416
2010-04-27,1272375000,55.7,56.08,54.12331,54.25,39699072
2010-04-28,1272461400,54.6902,54.78999,53.67751,54.25999,32895232
2010-04-29,1272547800,54.85001,55.23,54.71001,55.10001,21405824
2010-04-30,1272634200,55.12,55.17999,54.27,54.41,24817088
2010-05-03,1272893400,54.50999,54.99001,54.41,54.8,22046288
2010-05-04,1272979800,53.39,53.42,52.41,52.63,42932400
2010-05-05,1273066200,51.45,52.24001,51.34,51.62,40791280
2010-05-06,1273152600,51.28,51.60001,47.25999,49.32001,64521184
2010-05-07,1273239000,49.81,50.31,48.3,49.21001,66179376
2010-05-10,1273498200,52.45,52.85001,51.95,52.39999,63301680
2010-05-11,1273584600,51.21001,52.358,51.16,51.55,42343520
2010-05-12,1273671000,51.99001,52.44,51.89999,52.13,27785520
2010-05-13,1273757400,51.75999,52.12,51.32001,51.45,29677200
2010-05-14,1273843800,50.82001,50.92,49.55,49.99001,40366304
2010-05-17,1274103000,50.17,50.39999,48.89999,50.06,33131904
2010-05-18,1274189400,50.53999,50.63,48.73,48.98,39157632
2010-05-19,1274275800,48.88,49.34,48.35001,49.17,41441760
2010-05-20,1274362200,47.71001,48.265,46.97,47.46001,50013680
2010-05-21,1274448600,47.02,48.675,46.91,48.62,52184672
2010-05-24,1274707800,47.94,48.32001,47.465,47.50999,26643552
2010-05-25,1274794200,46.09,47.39,45.85001,47.32001,53441904
2010-05-26,1274880600,47.37,47.78,46.50999,46.62,42125552
2010-05-27,1274967000,48.3,49.3,48.00999,49.27,33506800
2010-05-28,1275053400,49.0275,49.14841,48.11,48.32001,39482032
2010-06-01,1275399000,47.89,49.02,47.8,47.84,34753504
2010-06-02,1275485400,48.06,49.14999,47.78999,49.12,25336256
2010-06-03,1275571800,49.37,49.46001,48.52,48.97,27019520
2010-06-04,1275658200,47.75999,48.01961,46.64999,46.88,36685104
2010-06-07,1275917400,47.07001,47.3,46.27499,46.28999,24384032
2010-06-08,1276003800,46.55,47.09,46.13,47.03,33911600
2010-06-09,1276090200,47.34,47.83,46.63,46.86,30395440
2010-06-10,1276176600,48.24001,48.88,48.08,48.84,30506000
2010-06-11,1276263000,48.28999,48.92999,48.2,48.91,22459008
2010-06-14,1276522200,49.63,49.92999,49.13,49.22,29477136
2010-06-15,1276608600,50,50.81,49.82001,50.78,28365008
2010-06-16,1276695000,50.14999,50.74001,50.03999,50.53999,21785840
2010-06-17,1276781400,50.78,50.8,50.2,50.7,23402816
2010-06-18,1276867800,50.63,50.845,50.45,50.61,20182672
2010-06-21,1277127000,51.39,51.49001,50.39999,50.60001,26081168
2010-06-22,1277213400,50.72,50.92999,49.87,49.96001,29123808
2010-06-23,1277299800,49.46001,49.77499,48.83,49.42999,31159008
2010-06-24,1277386200,49.10001,49.17,48.42999,48.57001,24218656
2010-06-25,1277472600,48.53999,48.99001,48.17,48.85001,31883824
2010-06-28,1277731800,48.75,49.11,48.375,48.49001,23915696
2010-06-29,1277818200,47.60001,47.60001,46.67,46.83,39761328
2010-06-30,1277904600,46.89999,47.38,46.48,46.50999,40111920
2010-07-01,1277991000,47.10001,47.25999,46.45,47.19,43453984
2010-07-02,1278077400,47.47,47.66,46.77,47.09,24580464
2010-07-06,1278423000,48.42999,48.78999,47.705,48.03,26225728
2010-07-07,1278509400,48.32001,49.59,48.27,49.52499,31096784
2010-07-08,1278595800,49.7,50.02,49.33,50.00999,30704320
2010-07-09,1278682200,49.56,50.08,49.48,50.06,19806976
2010-07-12,1278941400,49.64999,49.99001,49.50999,49.87,19513056
2010-07-13,1279027800,50.50999,50.91,50.41,50.78999,21027120
2010-07-14,1279114200,50.57001,51.0228,50.43359,50.97,17036096
2010-07-15,1279200600,51.08,51.31,50.42,51.22,21740960
2010-07-16,1279287000,50.61,50.62,49.50999,49.58,29092400
2010-07-19,1279546200,49.99001,50.16,49.48,49.89999,15344090
2010-07-20,1279632600,49.14,50.31,49.12,50.24001,17648560
2010-07-21,1279719000,50.22,50.25,49.17,49.33,18248432
2010-07-22,1279805400,50.52,51.17,50.52,50.99001,25412304
2010-07-23,1279891800,50.91,51.60001,50.74001,51.59,26348736
2010-07-26,1280151000,51.31,51.97,51.19,51.95,29416016
2010-07-27,1280237400,52.25,52.3,51.71001,52.10001,31043744
2010-07-28,1280323800,51.96001,52.12,51.67,51.83,18472704
2010-07-29,1280410200,52.58,52.81,51.61,52.07001,20313696
2010-07-30,1280496600,51.46001,52.25,51.39999,51.91,25265664
2010-08-02,1280755800,53.09,53.75,52.96001,53.66,20256992
2010-08-03,1280842200,53.42,53.75999,53.16,53.58,18382896
2010-08-04,1280928600,53.50999,53.77,53.22,53.63,15891305
2010-08-05,1281015000,53.42999,53.59,53.14999,53.59,13158473
2010-08-06,1281101400,53.27,53.8,53.09,53.75,18080880
2010-08-09,1281360600,53.89,53.95,53.67999,53.81,13579578
2010-08-10,1281447000,52.88,53.63,52.58,53.38,20251728
2010-08-11,1281533400,51.7,51.71001,50.87,50.95,40518272
2010-08-12,1281619800,50.50999,51.05,50.5,50.89,22038928
2010-08-13,1281706200,50.87,51.17,50.69,50.71001,18869184
2010-08-16,1281965400,50.72,51.31,50.58,51.12,16634789
2010-08-17,1282051800,51.69,51.98,51.39999,51.69,13630574
2010-08-18,1282138200,51.83,52.02,51.46001,51.67,14140574
2010-08-19,1282224600,51.7,51.84,50.60001,50.84,20836336
2010-08-20,1282311000,50.3,50.42,50,50.31,16366859
2010-08-23,1282570200,50.56,50.89,50.2,50.21001,13331141
2010-08-24,1282656600,49.53,49.86,49.16,49.52,21662528
2010-08-25,1282743000,49.08,49.67,48.82001,49.57001,18816784
2010-08-26,1282829400,49.85001,50.14,49.39999,49.55,16050691
2010-08-27,1282915800,50.13,50.58,49.48,50.52,16814176
2010-08-30,1283175000,50.19,50.39999,49.78,49.78999,17372224
2010-08-31,1283261400,49.74001,50.27,49.53999,49.94,24164592
2010-09-01,1283347800,51.16,51.89999,51.06,51.72,25500576
2010-09-02,1283434200,51.7,52.00999,51.53999,52.00999,14665180
2010-09-03,1283520600,52.42999,52.64999,52.14999,52.49001,16061621
2010-09-07,1283866200,52.10001,52.14,51.73,51.75999,17975280
2010-09-08,1283952600,52.11,52.53999,52.08,52.16,13422543
2010-09-09,1284039000,53,53,52.39999,52.64999,14184621
2010-09-10,1284125400,52.67,52.86,52.60001,52.81,10187664
2010-09-13,1284384600,53.53999,53.81,53.46001,53.77,23197312
2010-09-14,1284471000,53.58,54.34,53.42,54.13,20933216
2010-09-15,1284557400,53.78,54.21001,53.53999,54.14999,19914816
2010-09-16,1284643800,53.75999,54.03,53.61,53.89,18004960
2010-09-17,1284730200,53.88,53.98,53.33,53.63,18965296
2010-09-20,1284989400,53.91,54.66,53.77,54.56,17245056
2010-09-21,1285075800,54.57001,54.98,54.05,54.55,24151360
2010-09-22,1285162200,54.7205,55.00999,54.32001,54.47,21603104
2010-09-23,1285248600,53.86,54.41,53.755,53.88,20424272
2010-09-24,1285335000,54.92999,55.48,54.89,55.38,21041696
2010-09-27,1285594200,55.36,55.41,55.05,55.10001,13161945
2010-09-28,1285680600,55.22,55.55,54.64,55.42,30726512
2010-09-29,1285767000,55.42999,55.62,55.14999,55.33,18717440
2010-09-30,1285853400,55.61,55.81,54.63,54.92,30372432
2010-10-01,1285939800,55.48,55.59,55.02,55.468,15814898
2010-10-04,1286199000,54.99001,55.21001,54.46001,54.67,14760355
2010-10-05,1286285400,55.64999,56.38,55.5399,56.22,25199776
2010-10-06,1286371800,56.47,56.71001,56.345,56.69,24251872
2010-10-07,1286458200,57.11,57.12,56.2,56.5,22281552
2010-10-08,1286544600,56.62,56.97,56.42999,56.87,16558426
2010-10-11,1286803800,56.97,57.0341,56.60001,56.8,9960621
2010-10-12,1286890200,56.36,56.83,55.95,56.67999,13384105
2010-10-13,1286976600,57.21001,57.62,57.08,57.32001,15517320
2010-10-14,1287063000,57.73,57.92999,57.38,57.72,16135395
2010-10-15,1287149400,57.89,57.925,57.12,57.53,20830864
2010-10-18,1287408600,57.42,57.9101,57.25,57.66,12316605
2010-10-19,1287495000,56.64999,57.00999,56.10989,56.39,20470944
2010-10-20,1287581400,56.73,57.67,56.6861,57.45,15578855
2010-10-21,1287667800,57.5,57.87,56.81,57.14,14837598
2010-10-22,1287754200,57.41,57.5,57.12,57.28999,12455949
2010-10-25,1288013400,57.89,58.10001,57.48,57.50999,13978973
2010-10-26,1288099800,56.89,57.2,56.75,57.14,14724547
2010-10-27,1288186200,56.63,56.77,56.07001,56.59,15964422
2010-10-28,1288272600,57.17999,57.2,56.72,57.03,15896797
2010-10-29,1288359000,56.94,57.14,56.77,57.00999,13268012
2010-11-01,1288618200,57.10001,57.3,56.4975,56.8,14154941
2010-11-02,1288704600,57.67999,57.85001,57.53,57.74001,13020578
2010-11-03,1288791000,57.82001,58.14,57.17,58.14,24589488
2010-11-04,1288877400,59.19,59.505,59.12,59.46001,19768864
2010-11-05,1288963800,59.14999,59.42999,58.90109,59.2,14176164
2010-11-08,1289226600,58.74001,58.96001,58.49001,58.83501,11752496
2010-11-09,1289313000,59.2,59.35001,58.05,58.252,17333456
2010-11-10,1289399400,58.45,58.57001,57.64999,58.42,19340688
2010-11-11,1289485800,57.84,58.00999,57.59,57.92,21357376
2010-11-12,1289572200,57.75,58.06,57.13,57.44,19040496
2010-11-15,1289831400,57.83,57.92999,57.39,57.39999,15067461
2010-11-16,1289917800,56.89999,57,55.8,56.05,40569664
2010-11-17,1290004200,56.35001,56.67,56.22,56.3575,22314992
2010-11-18,1290090600,57.55,57.83,57.5,57.77,19343312
2010-11-19,1290177000,57.31,57.8,57.03,57.77,14201098
2010-11-22,1290436200,57.10001,57.39999,56.48981,57.14999,28197568
2010-11-23,1290522600,55.87,56.0699,55.28999,55.42999,22439088
2010-11-24,1290609000,55.96001,56.33,55.94,56.31,18834752
2010-11-26,1290781800,55.37,55.67999,55.27,55.42999,8693461
2010-11-29,1291041000,54.77,55.00999,54.23,54.88,25857056
2010-11-30,1291127400,53.88,54.535,53.85001,54.25999,26227952
2010-12-01,1291213800,55.33,55.84,55.22,55.8,21834400
2010-12-02,1291300200,55.69,56.89999,55.64,56.86,22405728
2010-12-03,1291386600,56.89999,57.46001,56.8499,57.41,17799104
2010-12-06,1291645800,56.89999,57.25681,56.81,57.14999,15411957
2010-12-07,1291732200,57.91,57.98,57.12,57.17999,24788000
2010-12-08,1291818600,57.24001,57.56,56.905,57.35001,13426559
2010-12-09,1291905000,57.52,57.58,57.08459,57.5,14969762
2010-12-10,1291991400,57.46001,57.69,57.22,57.63,13416938
2010-12-13,1292250600,58.09,58.56,57.985,58.25,15149469
2010-12-14,1292337000,58.36,58.71001,58.22,58.34,16046594
2010-12-15,1292423400,57.95,58.19,57.42,57.57001,19337008
2010-12-16,1292509800,57.60001,57.98,57.41,57.89,15424754
2010-12-17,1292596200,57.56,57.61,57.25999,57.57001,16829936
2010-12-20,1292855400,57.85001,57.86,57.45,57.7,12685539
2010-12-21,1292941800,57.64999,57.72,57.521,57.64,18172496
2010-12-22,1293028200,57.64999,57.75999,57.55,57.75,9188727
2010-12-23,1293114600,57.57001,57.75999,57.55,57.72,10403965
2010-12-27,1293460200,57.38,57.6201,57.28,57.60001,6348520
2010-12-28,1293546600,57.91,57.92,57.52,57.64999,9601137
2010-12-29,1293633000,58.00999,58.28999,57.94,58.14999,9244848
2010-12-30,1293719400,58.03,58.08,57.64999,57.87,10546219
2010-12-31,1293805800,57.87,58.62,57.85001,58.22,28390768
2011-01-03,1294065000,58.61,58.87,58.56,58.7,16245367
2011-01-04,1294151400,58.95,58.98,58.23,58.52,14583102
2011-01-05,1294237800,57.6599,58.27,57.64999,58.27,13008801
2011-01-06,1294324200,58.31,58.35001,57.47,57.60001,23622048
2011-01-07,1294410600,57.69,57.83,57.07001,57.37,16347332
2011-01-10,1294669800,56.97,57.34,56.715,57.27,12666484
2011-01-11,1294756200,57.62,57.75999,57.36,57.66,15014051
2011-01-12,1294842600,58.35001,58.92999,58.25,58.92999,20472320
2011-01-13,1294929000,59.34,59.50999,59,59.09,16441074
2011-01-14,1295015400,58.92,59.50999,58.88,59.45,21884176
2011-01-18,1295361000,59.71001,59.95,59.63,59.84,11977004
2011-01-19,1295447400,60.03,60.07001,59.25999,59.42999,19678800
2011-01-20,1295533800,58.89999,59.145,58.44,58.92,17207824
2011-01-21,1295620200,59.42,59.53999,59.08,59.24001,13671430
2011-01-24,1295879400,59.14,59.87,59.14,59.87,13493922
2011-01-25,1295965800,59.39,59.75999,59.2,59.75,13323258
2011-01-26,1296052200,60.03,60.24001,59.8475,60.13,20444608
2011-01-27,1296138600,60.19,60.41,59.94,60.27,11888945
2011-01-28,1296225000,59.91,60.08,58.81,58.92999,18244160
2011-01-31,1296484200,59.41,59.69,59.27,59.44,20763568
2011-02-01,1296570600,60.2,60.966,60.12,60.85001,25762496
2011-02-02,1296657000,60.72,60.97,60.62,60.8,17063120
2011-02-03,1296743400,60.50999,60.84,60.07001,60.81,11593211
2011-02-04,1296829800,60.61,60.81,60.23,60.78999,12648383
2011-02-07,1297089000,60.66,61.06,60.63,60.98,13214949
2011-02-08,1297175400,61.03999,61.39999,60.83,61.38,14437668
2011-02-09,1297261800,61.03,61.32001,60.87,61.2,17360672
2011-02-10,1297348200,60.36,60.82001,60.17999,60.8,13190539
2011-02-11,1297434600,60.25999,60.92999,60.25,60.83,12115246
2011-02-14,1297693800,60.7,61.03,60.64,60.95,9851160
2011-02-15,1297780200,60.89,60.95,60.63,60.77,14695059
2011-02-16,1297866600,61,61.56,60.94,61.5,14665266
2011-02-17,1297953000,61.36,61.86,61.33,61.71001,15745848
2011-02-18,1298039400,61.7,61.98,61.57001,61.9225,10151398
2011-02-22,1298385000,60.63,61.09,60.09,60.14999,24077568
2011-02-23,1298471400,60.42,60.63,59.87,60.23,18757424
2011-02-24,1298557800,60.35001,60.52,59.8,60.28,17690592
2011-02-25,1298644200,60.69,61.045,60.64999,61,15586039
2011-02-28,1298903400,61.62,61.8,61.2597,61.55,19750608
2011-03-01,1298989800,61.75999,61.8,60.64999,60.69,20477696
2011-03-02,1299076200,60.81,61.3,60.74001,61.00999,17851168
2011-03-03,1299162600,61.53,61.81,61.27,61.78999,16087922
2011-03-04,1299249000,61.57001,61.69,60.82001,61.23,18191136
2011-03-07,1299508200,61.49001,61.63319,60.48,60.64,16477375
2011-03-08,1299594600,60.53999,61.03081,60.21001,60.83,13437090
2011-03-09,1299681000,60.84,60.99001,60.58,60.85001,13060480
2011-03-10,1299767400,59.74001,59.75,59.25,59.34,24976160
2011-03-11,1299853800,58.84,59.485,58.84,59.34,17729904
2011-03-14,1300109400,57.87,58.33,57.64,58.28,31240656
2011-03-15,1300195800,55.2,57.38,55.05,57.06,43599360
2011-03-16,1300282200,56.67,56.86,54.1033,55.28999,40828512
2011-03-17,1300368600,57.22,57.45,56.77,57.13,30667872
2011-03-18,1300455000,57.99001,58.10001,57.64999,57.91901,44541168
2011-03-21,1300714200,58.97,59.44,58.83,59.345,24135168
2011-03-22,1300800600,59.31,59.36,58.89,59.17999,16726664
2011-03-23,1300887000,58.82001,59.4088,58.59,59.25,17402032
2011-03-24,1300973400,59.50999,60.03999,59.34,60.03999,14475133
2011-03-25,1301059800,59.58,59.855,59.36,59.38,12696363
2011-03-28,1301319000,59.55,59.74001,59.31,59.35001,11883258
2011-03-29,1301405400,59.2,59.67,58.97771,59.66,14378176
2011-03-30,1301491800,60.09,60.44,59.96359,60.37,13691004
2011-03-31,1301578200,60,60.28999,59.84,60.08,21689280
2011-04-01,1301664600,60.19,60.72659,59.92,60.64999,15133625
2011-04-04,1301923800,60.82001,60.86,60.49001,60.73,19412432
2011-04-05,1302010200,60.21001,60.77,60.16,60.58,14538145
2011-04-06,1302096600,60.83,61.16,60.8,61.08,14206672
2011-04-07,1302183000,60.92999,61.13,60.42999,60.78,16056703
2011-04-08,1302269400,61.5,61.5916,61.11,61.28,12447844
2011-04-11,1302528600,61.44,61.61,61.03,61.16,10168117
2011-04-12,1302615000,60.88,60.95,60.41161,60.59,14528203
2011-04-13,1302701400,61.25,61.28999,60.61,60.77,14666484
2011-04-14,1302787800,60.58,61.14,60.41,61.03999,15113035
2011-04-15,1302874200,60.84,61.05499,60.60001,60.95,14666695
2011-04-18,1303133400,59.61,59.82001,59.03,59.7,20672800
2011-04-19,1303219800,60.02,60.23,59.83,60.14,11678547
2011-04-20,1303306200,61.53999,61.73,61.42999,61.67,16681727
2011-04-21,1303392600,62.12,62.17,61.86,62.07001,12830164
2011-04-25,1303738200,62.14,62.19,61.83009,62.07001,11595730
2011-04-26,1303824600,62.23,62.66,62.11,62.55,11357551
2011-04-27,1303911000,62.75999,63.39,62.35001,63.33,16033297
2011-04-28,1303997400,63.28999,63.78999,63.28,63.75999,19810192
2011-04-29,1304083800,63.78999,64.07001,63.46001,63.46001,17699984
2011-05-02,1304343000,64.13,64.35001,63.78,63.87,18708128
2011-05-03,1304429400,63.64999,63.825,63.06,63.35001,14224438
2011-05-04,1304515800,63.42999,63.44,62.59,62.81,18567616
2011-05-05,1304602200,62.11,62.28,61.32001,61.57001,25552272
2011-05-06,1304688600,62.42999,62.64999,61.25999,61.60001,24524864
2011-05-09,1304947800,61.62,62.09,61.36,62.03999,17228400
2011-05-10,1305034200,62.25,62.66,62.12,62.63,15709059
2011-05-11,1305120600,62.3,62.37,61.13,61.37,33181168
2011-05-12,1305207000,61.17999,61.86,60.8,61.57001,22169392
2011-05-13,1305293400,61.45,61.49001,60.27991,60.61,20889264
2011-05-16,1305552600,60.45,61.16,60.31,60.5,19340880
2011-05-17,1305639000,60.17999,60.66,59.89999,60.63,18297280
2011-05-18,1305725400,60.56,61.17999,60.42,61,12849270
2011-05-19,1305811800,61.17999,61.4164,60.81,61.35001,10900688
2011-05-20,1305898200,60.92999,61,60.25,60.48,18555728
2011-05-23,1306157400,59.08,59.33,58.82001,59.08,20522352
2011-05-24,1306243800,59.57001,59.77,59.24001,59.42,17309488
2011-05-25,1306330200,59.24001,59.96001,59.2,59.8,15850969
2011-05-26,1306416600,60.06,60.50999,59.71001,60.36,18513376
2011-05-27,1306503000,60.67999,60.99001,60.59,60.8,17160032
2011-05-31,1306848600,61.81,62.06,61.44501,62.06,33442208
2011-06-01,1306935000,61.72,61.78999,60.515,60.59,25264752
2011-06-02,1307021400,60.88,61.02,60.24001,60.89999,19489520
2011-06-03,1307107800,60.28,61.27499,60.25999,60.92999,21376224
2011-06-06,1307367000,60.78,60.83,60.095,60.14,16339770
2011-06-07,1307453400,60.89999,61.14,60.66,60.69,23881504
2011-06-08,1307539800,60.24001,60.44,59.82291,59.91,18499264
2011-06-09,1307626200,60.11,60.67999,59.965,60.53,14990965
2011-06-10,1307712600,60,60.02,58.95,59.13,23965504
2011-06-13,1307971800,59.35001,59.58,58.89281,59.22,26144752
2011-06-14,1308058200,60.07001,60.44,60.02,60.27,16389887
2011-06-15,1308144600,59.08,59.31,58.155,58.28999,26678320
2011-06-16,1308231000,58.02,58.41,57.59,58.09,21332320
2011-06-17,1308317400,58.88,58.96001,58.50999,58.66,22490000
2011-06-20,1308576600,58.24001,58.75,58.24001,58.59,16303973
2011-06-21,1308663000,59.16,59.89,59.09,59.86,17407328
2011-06-22,1308749400,58.42,58.77,58.12,58.14999,20976288
2011-06-23,1308835800,57.06,57.67999,56.7,57.64999,22617888
2011-06-24,1308922200,57.67999,57.7,57.00999,57.10001,18681824
2011-06-27,1309181400,57.06,57.72,56.94,57.57001,16918512
2011-06-28,1309267800,57.82001,58.315,57.75,58.25999,20936000
2011-06-29,1309354200,58.89999,59.325,58.56,59.28,28707552
2011-06-30,1309440600,59.57001,60.33,59.48,60.14,30800688
2011-07-01,1309527000,60.05,60.86,59.88,60.8,17093168
2011-07-05,1309872600,60.53999,60.72,60.27499,60.44,17598224
2011-07-06,1309959000,59.92999,60.14999,59.64,60.06,12980152
2011-07-07,1310045400,60.41,60.71001,60.32001,60.58,15687113
2011-07-08,1310131800,59.92,60.14999,59.5,59.83,17211040
2011-07-11,1310391000,58.50999,58.66,57.91,58.02,25140880
2011-07-12,1310477400,57.67,58.28999,57.56,57.63,17447376
2011-07-13,1310563800,58.28,59.08,58.14999,58.49001,22333584
2011-07-14,1310650200,58.8,58.92,57.85001,57.98,24454000
2011-07-15,1310736600,58.27,58.49001,57.89,58.17999,20168736
2011-07-18,1310995800,57.44,57.61,56.85001,57.32001,23639136
2011-07-19,1311082200,57.81,58.32001,57.81,58.17999,20782368
2011-07-20,1311168600,58.7,58.95,58.39,58.87,15577348
2011-07-21,1311255000,59.47,60.215,59.37,60.12,26792048
2011-07-22,1311341400,60.16,60.25,59.73,60.17999,11854590
2011-07-25,1311600600,59.8,60.07001,59.67,59.8,15580141
2011-07-26,1311687000,60.12,60.37,59.85001,60.16,14454137
2011-07-27,1311773400,59.77,59.78999,58.59,58.7,29604128
2011-07-28,1311859800,58.61,59.16,58.5,58.56,17540416
2011-07-29,1311946200,58.46001,59.24001,58.22,58.71001,28563696
2011-08-01,1312205400,59.37,59.39951,57.4964,57.97,26159008
2011-08-02,1312291800,57.31,57.81,56.42999,56.44,25546288
2011-08-03,1312378200,56.8,56.89,55.78999,56.77,36177520
2011-08-04,1312464600,54.89,55.00999,52.74001,52.81,39911136
2011-08-05,1312551000,54.00999,54.205,51.78,53.745,61793392
2011-08-08,1312810200,51.72,52.41,49.6301,49.73,53894752
2011-08-09,1312896600,51.67999,53.08,50.19,53.08,55660880
2011-08-10,1312983000,51.63,51.683,49.84,49.91,43347840
2011-08-11,1313069400,50.16,52.67999,50.08,52.3,35724928
2011-08-12,1313155800,52.85001,53.31,52.2,52.89999,26243440
2011-08-15,1313415000,53.53999,54.14,53.53,54.13,20913632
2011-08-16,1313501400,53.19,53.96001,52.785,53.34,23238272
2011-08-17,1313587800,53.85001,54.3,53.33,53.64999,20680112
2011-08-18,1313674200,51.7,51.82001,50.59,51.03999,32666288
2011-08-19,1313760600,50.44,51.69,50.10001,50.17,29395056
2011-08-22,1314019800,51.72,51.75999,50.45,50.49001,23408464
2011-08-23,1314106200,51.09,52.17999,50.75999,52.13,24830128
2011-08-24,1314192600,51.71001,52.45,51.42,52.14999,18042496
2011-08-25,1314279000,52.02,52.23,50.73,50.89,18597648
2011-08-26,1314365400,50.72,51.86,50.16,51.69,26600880
2011-08-29,1314624600,52.44,52.95,52.42,52.92,18267936
2011-08-30,1314711000,52.33,52.85001,51.92999,52.61,16811344
2011-08-31,1314797400,53.45,53.89999,53.215,53.57001,29114048
2011-09-01,1314883800,53.31,53.8,52.91,52.91,21110768
2011-09-02,1314970200,51.95,52.27,51.62,51.73,23310400
2011-09-06,1315315800,49.3,50.06,49.14999,50.02901,27238016
2011-09-07,1315402200,50.73,51.53,50.57001,51.52,18331312
2011-09-08,1315488600,50.78999,51.39,50.36501,50.5,17412400
2011-09-09,1315575000,49.53,49.73,48.53999,48.75,23270736
2011-09-12,1315834200,47.75999,48.56,47.41,48.53999,31133376
2011-09-13,1315920600,48.53999,49.23,48.37,49.06,27622352
2011-09-14,1316007000,49.23,50.17999,48.41,49.8,26016944
2011-09-15,1316093400,50.57001,50.92,50.21001,50.88,36415488
2011-09-16,1316179800,50.97,51.13,50.36,50.89999,19035328
2011-09-19,1316439000,49.21001,49.83,48.89999,49.5,22185088
2011-09-20,1316525400,49.71001,50.24001,49.31,49.7,27969056
2011-09-21,1316611800,49.64999,49.84,48.2,48.22,74732064
2011-09-22,1316698200,46.71001,47,46.08,46.66,49431360
2011-09-23,1316784600,46.3,47.28,46.23,47.19,39581408
2011-09-26,1317043800,47.5,48.2,46.8,48.16,24237664
2011-09-27,1317130200,49.53,50.16,49.06,49.35001,35315984
2011-09-28,1317216600,49.63,49.89999,48.45,48.50999,32536992
2011-09-29,1317303000,49.81,49.99001,48.75,49.46001,29540080
2011-09-30,1317389400,48.25,48.66,47.75,47.78,29785712
2011-10-03,1317648600,47.31,47.98,46.5,46.52,31113632
2011-10-04,1317735000,46.02,47.31,45.45,47.3,37662528
2011-10-05,1317821400,47.24001,48.08,46.88,48.03,33843136
2011-10-06,1317907800,48,49.35001,47.86,49.32001,30835520
2011-10-07,1317994200,49.57001,49.83,48.86,48.98,32307296
2011-10-10,1318253400,50.14999,50.89,50.14999,50.85001,22300720
2011-10-11,1318339800,50.17,50.82001,50.09,50.75999,22968272
2011-10-12,1318426200,51.45,52,51.37,51.5,40438496
2011-10-13,1318512600,51.17999,51.57001,50.74001,51.52,16967152
2011-10-14,1318599000,52.00999,52.21001,51.63,52.12,16226477
2011-10-17,1318858200,51.72,51.74001,50.78999,50.92,15645816
2011-10-18,1318944600,50.82001,52.015,50.23,51.64999,27807504
2011-10-19,1319031000,51.36,51.53999,50.64,50.72,18229856
2011-10-20,1319117400,50.87,50.94,50.06,50.85001,23120096
2011-10-21,1319203800,51.66,52.11,51.58,52.08,21149472
2011-10-24,1319463000,52.06,52.95,52.05,52.86,16039930
2011-10-25,1319549400,52.50999,52.58,51.75999,51.95,25669056
2011-10-26,1319635800,52.8401,52.95,51.61,52.66,19159728
2011-10-27,1319722200,55.06,55.87,54.58,55.57001,27437888
2011-10-28,1319808600,54.87,55.25999,54.73,55.25,41372320
2011-10-31,1320067800,53.64,53.67999,52.37,52.38,29378656
2011-11-01,1320154200,50.27,51.315,50.14999,50.74001,34733008
2011-11-02,1320240600,51.16,51.56,50.86,51.17,24423408
2011-11-03,1320327000,51.99001,52.64999,51.22,52.46001,23891008
2011-11-04,1320413400,51.85001,52.035,51.21001,51.8,23089504
2011-11-07,1320676200,51.74001,52.11,51.3501,52.02,21383696
2011-11-08,1320762600,52.3,52.8,51.82001,52.64999,22483504
2011-11-09,1320849000,50.69,50.8394,49.83,49.95,28669744
2011-11-10,1320935400,50.95,50.99001,50.03999,50.53999,25064912
2011-11-11,1321021800,51.33,51.96001,51.3,51.8,19095808
2011-11-14,1321281000,51.1902,51.33,50.64,50.88,16886144
2011-11-15,1321367400,50.72,51.065,50.34,50.739,23477344
2011-11-16,1321453800,50.2,50.67,49.75,49.77,26147328
2011-11-17,1321540200,50.00999,50.22,49.03,49.23,28385216
2011-11-18,1321626600,49.81,49.84,49.3,49.39999,16813536
2011-11-21,1321885800,48.39,48.45,47.78999,48.14999,25464992
2011-11-22,1321972200,48.10001,48.31,47.72,48.00999,29937440
2011-11-23,1322058600,47.41,47.47,46.64,46.69,27206656
2011-11-25,1322231400,46.60001,47.11,46.45,46.45,10871160
2011-11-28,1322490600,48.47,48.62,48.12,48.42999,21752944
2011-11-29,1322577000,48.66,49,48.47,48.75,23035904
2011-11-30,1322663400,50.69,51.3,50.58,51.24001,43525072
2011-12-01,1322749800,50.98,51.36,50.62801,50.8,19771008
2011-12-02,1322836200,51.46001,51.48,50.77,50.78999,17848128
2011-12-05,1323095400,51.75999,51.81,51.06,51.37,18107168
2011-12-06,1323181800,51.08,51.468,50.95,51.13,21382192
2011-12-07,1323268200,50.78999,51.7,50.57001,51.49001,29174048
2011-12-08,1323354600,50.78,50.86011,49.74001,49.8,26351104
2011-12-09,1323441000,50.25999,51.07001,50.24001,51.03999,20706048
2011-12-12,1323700200,49.95,49.96001,49.25999,49.55,23868464
2011-12-13,1323786600,49.78,50.14,48.64999,48.88,33863968
2011-12-14,1323873000,48.60001,48.78,48.14,48.3,28164080
2011-12-15,1323959400,48.88,48.95,48.37,48.53999,25474816
2011-12-16,1324045800,48.7,48.85001,48.12151,48.33501,28537040
2011-12-19,1324305000,48.58,48.67,47.83,47.89,21444368
2011-12-20,1324391400,48.42,49.03999,48.39999,48.985,34745984
2011-12-21,1324477800,48.67,48.78999,48.291,48.73,27653984
2011-12-22,1324564200,48.74001,49.19,48.685,49.17,25753632
2011-12-23,1324650600,49.25,49.50999,49.14,49.50999,14901680
2011-12-27,1324996200,49.34,49.39999,49.2,49.285,14440152
2011-12-28,1325082600,49.14999,49.17,48.39,48.405,20384576
2011-12-29,1325169000,48.55,49.35001,48.5,49.28999,25565728
2011-12-30,1325255400,49.27,49.60001,49.23,49.53,32979024
2012-01-03,1325601000,50.53999,51.02,50.50999,50.88499,33352144
2012-01-04,1325687400,50.57001,50.67,50.2,50.58,14692789
2012-01-05,1325773800,49.75,49.89999,49.46001,49.83,16354891
2012-01-06,1325860200,49.64999,49.67999,49.07001,49.14999,28504784
2012-01-09,1326119400,49.45,49.45,48.99001,49.34,12756016
2012-01-10,1326205800,50.17999,50.22,49.97,50.09,13409895
2012-01-11,1326292200,49.69,49.97,49.49001,49.92999,13372297
2012-01-12,1326378600,50.14,50.25,49.77,50.14,13774320
2012-01-13,1326465000,49.57001,49.64,49.05,49.60001,17154400
2012-01-17,1326810600,50.25,50.5,50.13,50.185,19915888
2012-01-18,1326897000,50.49001,51.07001,50.42999,51.03,15999270
2012-01-19,1326983400,51.39,52.19,51.17999,51.66,17256832
2012-01-20,1327069800,51.59,51.92999,51.5408,51.92999,23922720
2012-01-23,1327329000,52.02,52.35001,51.94,52.13,18528944
2012-01-24,1327415400,51.58,51.92999,51.405,51.84,18320560
2012-01-25,1327501800,51.60001,52.50999,51.38,52.38,24497488
2012-01-26,1327588200,52.88,52.9808,52.285,52.39999,20276800
2012-01-27,1327674600,52.24001,52.62,52.24001,52.49001,22868656
2012-01-30,1327933800,51.64999,51.978,51.56,51.87,21140512
2012-01-31,1328020200,52.42,52.42,51.825,52.14,26358400
2012-02-01,1328106600,52.84,53.24001,52.785,52.96001,28274512
2012-02-02,1328193000,53.08,53.28999,52.92,53.07001,19337376
2012-02-03,1328279400,53.42,53.92999,53.35001,53.905,15186992
2012-02-06,1328538600,53.37,53.7,53.32001,53.64,15349137
2012-02-07,1328625000,53.67999,54.00999,53.42,53.97,26462608
2012-02-08,1328711400,54.10001,54.28999,53.825,54.16,13873121
2012-02-09,1328797800,54.37,54.42999,54.02,54.3,16265828
2012-02-10,1328884200,53.3,53.42999,53.11,53.27,19405632
2012-02-13,1329143400,53.92999,54,53.67,53.88,16406848
2012-02-14,1329229800,53.63,53.73,53.11,53.48,17037632
2012-02-15,1329316200,53.92999,53.95,53.46001,53.53999,25177040
2012-02-16,1329402600,53.39999,54.31,53.35001,54.27499,17583824
2012-02-17,1329489000,54.59,54.60001,54.22,54.52,14472383
2012-02-21,1329834600,54.71001,54.91,54.45,54.53,17594768
2012-02-22,1329921000,54.42999,54.59,54.25,54.36501,15857801
2012-02-23,1330007400,54.42999,54.86,54.19,54.82001,12721055
2012-02-24,1330093800,55.05,55.315,55.03999,55.14999,25346672
2012-02-27,1330353000,54.41,55.00999,54.28999,54.86501,20054192
2012-02-28,1330439400,55.03,55.39999,54.88,55.38,16619277
2012-02-29,1330525800,55.49001,55.64,54.63,54.66,33950800
2012-03-01,1330612200,54.96001,55.35001,54.92,55.28,20340928
2012-03-02,1330698600,54.89,54.92999,54.60001,54.77,14435504
2012-03-05,1330957800,54.66,54.67,54.31,54.48,10047871
2012-03-06,1331044200,53.2,53.25,52.59,52.74001,21589232
2012-03-07,1331130600,53.12,53.45,52.8,53.39,18012912
2012-03-08,1331217000,54.24001,54.765,54.09,54.53999,21590416
2012-03-09,1331303400,54.28,54.53,54.16,54.36,23096832
2012-03-12,1331559000,54.16,54.28999,53.89,54.22,13724191
2012-03-13,1331645400,54.42999,55.11,54.36,55.09711,24475824
2012-03-14,1331731800,54.99001,55.07001,54.451,54.61,18873440
2012-03-15,1331818200,54.8,55.2,54.64999,55.13,13721020
2012-03-16,1331904600,55.53999,55.715,55.4574,55.50999,15836922
2012-03-19,1332163800,55.34,55.91,55.3075,55.8,17181936
2012-03-20,1332250200,55.02,55.22,54.78999,55.14,14092535
2012-03-21,1332336600,54.92999,54.96001,54.55,54.77499,16614371
2012-03-22,1332423000,54.2,54.5,54.13,54.39999,17106672
2012-03-23,1332509400,54.35001,54.78999,54.06,54.78,14777371
2012-03-26,1332768600,55.19,55.50999,55.1781,55.48,19961776
2012-03-27,1332855000,55.56,55.56,55.11,55.13,14826090
2012-03-28,1332941400,55.14999,55.19,54.47,54.75,20448448
2012-03-29,1333027800,54.21001,54.46001,53.97,54.39999,25848336
2012-03-30,1333114200,54.84,54.94,54.5,54.89,22341424
2012-04-02,1333373400,54.64,55.67999,54.53,55.53,25434768
2012-04-03,1333459800,55.21001,55.24001,54.25,54.56,20839936
2012-04-04,1333546200,53.49001,53.599,53.05,53.34,20326656
2012-04-05,1333632600,52.87,53.33,52.86,53.02,13506941
2012-04-09,1333978200,52.46001,52.96001,52.44,52.78999,12950488
2012-04-10,1334064600,52.61,52.75999,51.655,51.66,25615776
2012-04-11,1334151000,52.64999,52.74001,52.32001,52.38,22972064
2012-04-12,1334237400,52.63,53.41,52.60001,53.33501,21024352
2012-04-13,1334323800,52.87,52.87,52.25,52.32001,27103680
2012-04-16,1334583000,52.73,52.92,52.28999,52.7,20447344
2012-04-17,1334669400,53.19,53.67,52.99001,53.53999,12959723
2012-04-18,1334755800,53.17,53.50999,53.08,53.25999,19804592
2012-04-19,1334842200,53.23,53.53,52.67,52.94,27862896
2012-04-20,1334928600,53.32001,53.63,53.285,53.45,15499246
2012-04-23,1335187800,52.41,52.5,52.03999,52.38,23903952
2012-04-24,1335274200,52.61,53.05,52.58,52.8,14529031
2012-04-25,1335360600,53.42,53.58,53.17999,53.52,21423824
2012-04-26,1335447000,53.3,53.92999,53.24001,53.84,13428121
2012-04-27,1335533400,54,54.16,53.73,54.06,16016281
2012-04-30,1335792600,53.82001,53.85001,53.53,53.75,16865264
2012-05-01,1335879000,53.63,54.22,53.58,53.97,15437242
2012-05-02,1335965400,53.31,53.63499,53.10001,53.55,15890637
2012-05-03,1336051800,53.44,53.53,52.97771,53.08,14260297
2012-05-04,1336138200,52.8,52.88,52.22,52.27,20026464
2012-05-07,1336397400,52.27,52.7,52.23,52.64999,21882672
2012-05-08,1336483800,52.03,52.08,51.28999,51.84,21063168
2012-05-09,1336570200,50.84,51.515,50.61,51.24001,31094608
2012-05-10,1336656600,51.75,51.82001,51.39999,51.48,15308984
2012-05-11,1336743000,50.88,51.61,50.88,51.16,14493184
2012-05-14,1337002200,50.36,50.575,50.17999,50.17999,22125328
2012-05-15,1337088600,49.89999,50.155,49.495,49.55,18011760
2012-05-16,1337175000,49.56,49.82001,49.02,49.06,23983216
2012-05-17,1337261400,49,49.06,48.45,48.46001,26475888
2012-05-18,1337347800,48.67999,48.69,47.67999,48.11,21410176
2012-05-21,1337607000,48.5,49.2,48.38,49.17,22459984
2012-05-22,1337693400,49.2,49.58,48.78,48.99001,17114768
2012-05-23,1337779800,48.42,48.59,47.75,48.59,42276320
2012-05-24,1337866200,48.53,48.65739,47.985,48.27,27309408
2012-05-25,1337952600,48.03,48.3501,48.02,48.10001,13397051
2012-05-29,1338298200,48.69,48.94,48.3148,48.71001,22042192
2012-05-30,1338384600,47.97,47.98,47.50999,47.56,19349808
2012-05-31,1338471000,47.77,47.92,47.22,47.75999,41638048
2012-06-01,1338557400,46.92999,47.142,46.5343,46.55,34296672
2012-06-04,1338816600,46.99001,47.14,46.60001,46.94,19574480
2012-06-05,1338903000,46.91,47.32001,46.87,47.27499,20139024
2012-06-06,1338989400,47.66,48.62,47.61,48.60001,19869248
2012-06-07,1339075800,49.27,49.28999,48.56,48.67,18578768
2012-06-08,1339162200,47.94,48.56,47.8,48.50999,14439664
2012-06-11,1339421400,49.02,49.03999,47.99001,48.03999,19296160
2012-06-12,1339507800,48.5,48.86,48.09,48.84,16053828
2012-06-13,1339594200,48.47,48.92,48.32001,48.44501,16202797
2012-06-14,1339680600,48.42,48.99001,48.3,48.815,14670371
2012-06-15,1339767000,49.10001,49.56,48.99001,49.5,20066016
2012-06-18,1340026200,49.235,49.5,49.11,49.36,19122768
2012-06-19,1340112600,49.87,50.50999,49.81,50.17999,23104448
2012-06-20,1340199000,50.42,50.83,50.05,50.47,27985136
2012-06-21,1340285400,49.23,49.33,47.99001,48.02499,25741536
2012-06-22,1340371800,48.50999,48.57001,48.13,48.44,16488094
2012-06-25,1340631000,47.63,47.64999,47.25,47.36,32410864
2012-06-26,1340717400,47.62,47.8,47.2599,47.66499,26606000
2012-06-27,1340803800,47.84,48.21001,47.72,48.12,19727584
2012-06-28,1340890200,47.78,48.25999,47.57001,48.22,22778592
2012-06-29,1340976600,49.73,49.99001,49.63,49.96001,31235184
2012-07-02,1341235800,50.10001,50.34,49.86,50.28999,30092848
2012-07-03,1341322200,50.33,50.78999,50.28,50.75,12175027
2012-07-05,1341495000,49.95,50.07001,49.6655,49.91,14389879
2012-07-06,1341581400,49.47,49.56,49.14,49.44,15075734
2012-07-09,1341840600,49.17,49.35001,48.97,49.33,16313660
2012-07-10,1341927000,49.55,49.638,48.875,49,20026016
2012-07-11,1342013400,49.23,49.36,48.855,49.14999,19418048
2012-07-12,1342099800,48.50999,48.81,48.23199,48.66,21406448
2012-07-13,1342186200,48.69,49.44,48.672,49.35001,12613270
2012-07-16,1342445400,49.21001,49.49001,48.96001,49.33501,12207453
2012-07-17,1342531800,49.48,49.61,48.86,49.48,17158512
2012-07-18,1342618200,49.32001,49.92,49.28999,49.87,13587906
2012-07-19,1342704600,50.12,50.42,50,50.33,14039547
2012-07-20,1342791000,49.39999,49.44,49.0323,49.145,24165056
2012-07-23,1343050200,47.84,48.25,47.66,48.14,16082895
2012-07-24,1343136600,48.08,48.11501,47.28999,47.61501,18959808
2012-07-25,1343223000,48.03999,48.11,47.63,47.87,10156660
2012-07-26,1343309400,49.17999,49.72141,49.06,49.33,18176944
2012-07-27,1343395800,49.8,50.58,49.69,50.37,24134160
2012-07-30,1343655000,50.09,50.479,50.08,50.31,24849920
2012-07-31,1343741400,50.27,50.4024,49.98,50,38450672
2012-08-01,1343827800,50.35001,50.45,49.99001,50.00999,17751520
2012-08-02,1343914200,49.47,49.89999,48.94,49.31,23218816
2012-08-03,1344000600,50.39,51.13,50.35001,50.99001,26429824
2012-08-06,1344259800,51.21001,51.52,51.13,51.35001,15028621
2012-08-07,1344346200,51.78,52.05,51.73,51.78,17651152
2012-08-08,1344432600,51.49001,51.86,51.47,51.75,13491246
2012-08-09,1344519000,51.63,51.95,51.57001,51.78,12182992
2012-08-10,1344605400,51.37,51.87,51.25,51.87,15265008
2012-08-13,1344864600,51.73,51.875,51.45,51.62,15320336
2012-08-14,1344951000,51.77,51.85001,51.62,51.74001,10610164
2012-08-15,1345037400,51.57001,51.73,51.52,51.59,14045605
2012-08-16,1345123800,51.855,52.31,51.7,52.23,13497922
2012-08-17,1345210200,52.32001,52.3699,52.08,52.3,17243456
2012-08-20,1345469400,52.16,52.28999,51.94,52.24001,10066594
2012-08-21,1345555800,52.655,52.92,52.38,52.53999,19489776
2012-08-22,1345642200,52.09,52.59,52.0401,52.48,12494109
2012-08-23,1345728600,52.27,52.42999,52.07001,52.17999,16203145
2012-08-24,1345815000,51.81,52.37,51.71001,52.10001,15841336
2012-08-27,1346074200,52.24001,52.39,52.065,52.13,12419844
2012-08-28,1346160600,51.92,52.17,51.83,52.08,14528852
2012-08-29,1346247000,52.02969,52.11,51.84,51.92,11418270
2012-08-30,1346333400,51.63,51.66,51.14999,51.14999,24315536
2012-08-31,1346419800,51.78,51.94,51.33,51.60001,26991984
2012-09-04,1346765400,51.47,51.53,51.13,51.34,23863152
2012-09-05,1346851800,51.34,51.425,51.12,51.2,17360528
2012-09-06,1346938200,51.62,52.61,51.61,52.47501,23697568
2012-09-07,1347024600,53.05,53.3967,53.00999,53.25999,17210560
2012-09-10,1347283800,53.05,53.196,52.75999,52.84,12831801
2012-09-11,1347370200,53.06,53.59,53.06,53.44,15417422
2012-09-12,1347456600,53.89,53.91499,53.60001,53.78999,14731547
2012-09-13,1347543000,53.73,54.855,53.57001,54.605,21654608
2012-09-14,1347629400,55.17999,55.5799,55.07001,55.14999,36185408
2012-09-17,1347888600,55.09,55.2,54.72,54.86,14851879
2012-09-18,1347975000,54.56,54.75999,54.45,54.63,16695254
2012-09-19,1348061400,54.72,54.97,54.55,54.86,17193216
2012-09-20,1348147800,54.17,54.53999,54.02,54.5101,21727584
2012-09-21,1348234200,54.86,54.89999,54.52,54.545,21583216
2012-09-24,1348493400,54.11,54.48,54.06,54.35001,16172449
2012-09-25,1348579800,54.49001,54.74001,53.97,53.97501,22290144
2012-09-26,1348666200,53.53999,53.61,53.22,53.42999,22161616
2012-09-27,1348752600,53.78999,54.25999,53.62,54.07001,20720704
2012-09-28,1348839000,53.5,53.55,52.91,53,43265024
2012-10-01,1349098200,53.57001,53.98,53.36,53.42999,18016704
2012-10-02,1349184600,53.95,53.99001,53.46001,53.64,14274066
2012-10-03,1349271000,53.60001,53.64,53.3,53.42,17416752
2012-10-04,1349357400,53.81,54.13,53.7,54.07001,15963570
2012-10-05,1349443800,54.50999,54.655,54.035,54.14,13420691
2012-10-08,1349703000,53.81,53.89999,53.71001,53.82001,6655969
2012-10-09,1349789400,53.48,53.58,53.03999,53.03999,15400500
2012-10-10,1349875800,53.05,53.1413,52.72,52.89,13899352
2012-10-11,1349962200,53.42,53.64999,53.14999,53.23,13497652
2012-10-12,1350048600,53.37,53.57001,53.09,53.17,9295426
2012-10-15,1350307800,53.53,53.75,53.25999,53.69,21186528
2012-10-16,1350394200,54.23,54.61501,54.22,54.58,19155504
2012-10-17,1350480600,54.85001,55.14999,54.72,55.09,15644613
2012-10-18,1350567000,54.89999,55.23,54.72,54.88,18096144
2012-10-19,1350653400,54.73,54.74001,54.06,54.14,19565632
2012-10-22,1350912600,54.50999,54.60001,54.15311,54.52,14263383
2012-10-23,1350999000,53.42,53.46989,53.03999,53.35001,18033568
2012-10-24,1351085400,53.67999,53.75999,53.37,53.38,11683383
2012-10-25,1351171800,54,54.08,53.5,53.7,15728754
2012-10-26,1351258200,53.55,53.73,53.37,53.62,11745066
2012-10-31,1351690200,53.92,53.98,53.44,53.575,21750688
2012-11-01,1351776600,53.85001,54.22,53.78,54.21001,18856672
2012-11-02,1351863000,54.17,54.17,53.61,53.685,16524340
2012-11-05,1352125800,53.56,53.66,53.39,53.56039,9713969
2012-11-06,1352212200,53.77,54.14999,53.75,54.07001,11045277
2012-11-07,1352298600,53.5,53.52,52.97,53.25999,20992560
2012-11-08,1352385000,53.06,53.31,52.75999,52.78,19832960
2012-11-09,1352471400,52.50999,53.03011,52.5,52.8,20872016
2012-11-12,1352730600,52.81,52.91499,52.63,52.755,11864766
2012-11-13,1352817000,52.25999,52.89999,52.2101,52.5,14507363
2012-11-14,1352903400,52.69,52.74001,51.855,51.95,20602832
2012-11-15,1352989800,52.19,52.36,51.92,52.1199,15479203
2012-11-16,1353076200,52.13,52.205,51.63,52.09,18052208
2012-11-19,1353335400,52.78999,53.22,52.78,53.215,15934883
2012-11-20,1353421800,53,53.31,52.89999,53.3,13642273
2012-11-21,1353508200,53.35001,53.45,53.27,53.39,10368156
2012-11-23,1353681000,54.2,54.53999,54.17,54.53999,8397645
2012-11-26,1353940200,54.24001,54.42,54.11,54.41,13682074
2012-11-27,1354026600,54.28999,54.44,54.12,54.14,13987152
2012-11-28,1354113000,53.83,54.59,53.72,54.53,23550704
2012-11-29,1354199400,54.96001,55.13,54.71001,55,19765456
2012-11-30,1354285800,55.03,55.25,54.97099,55.07001,23565744
2012-12-03,1354545000,55.34,55.37,55.06,55.14,22076512
2012-12-04,1354631400,55.32001,55.39999,55.19,55.27499,18736816
2012-12-05,1354717800,55.3,55.60001,55.11,55.36,22117936
2012-12-06,1354804200,55.45,55.50999,55.17999,55.47,12963211
2012-12-07,1354890600,55.35001,55.50999,53.39999,55.495,11949043
2012-12-10,1355149800,55.33009,55.58,55.32001,55.549,17617392
2012-12-11,1355236200,55.72,55.95,55.72,55.87,15684375
2012-12-12,1355322600,56.03999,56.37,55.96001,56.05,18266416
2012-12-13,1355409000,55.95,56.10001,55.75,55.88,13693578
2012-12-14,1355495400,55.94,56.25999,55.89999,56.076,18514544
2012-12-17,1355754600,56.03999,56.37,56,56.315,22550624
2012-12-18,1355841000,55.95,56.35001,55.87,56.28,24270816
2012-12-19,1355927400,56.72,56.765,56.46001,56.48289,19356320
2012-12-20,1356013800,56.67999,56.88,56.53999,56.86,18545520
2012-12-21,1356100200,56.08,56.52,56.06,56.50999,22418304
2012-12-24,1356359400,56.44,56.48,56.25,56.36,7699031
2012-12-26,1356532200,56.52,56.57001,56.12,56.35001,11717949
2012-12-27,1356618600,56.66,56.67999,56.16,56.61,14207457
2012-12-28,1356705000,56.14,56.3,55.97,56.00999,18734448
2012-12-31,1356964200,56.24001,56.87,56.07001,56.86,22820752
2013-01-02,1357137000,57.67,57.78,57.39,57.745,26056256
2013-01-03,1357223400,57.33,57.53999,57.09,57.17999,23239888
2013-01-04,1357309800,57.07001,57.535,57.00999,57.47,15522277
2013-01-07,1357569000,57.02,57.28,56.94,57.22009,14102523
2013-01-08,1357655400,57.02,57.08,56.69,56.89999,15592246
2013-01-09,1357741800,57.09,57.27,57.03,57.19,12779355
2013-01-10,1357828200,57.8,58.00999,57.59,57.92,17718528
2013-01-11,1357914600,58.00999,58.11,57.83501,58.03999,12624676
2013-01-14,1358173800,58.05,58.14999,57.87,58.11,9980348
2013-01-15,1358260200,57.75,58.05,57.69,58.02,12534137
2013-01-16,1358346600,57.6199,57.81,57.52,57.74001,12906918
2013-01-17,1358433000,58.14,58.32001,58,58.21001,14936148
2013-01-18,1358519400,58.14,58.2166,57.89,58.14999,18843968
2013-01-22,1358865000,58.03,58.17999,57.83,58.17999,12090102
2013-01-23,1358951400,58.03999,58.16,57.88,58.12,10139824
2013-01-24,1359037800,58.22,58.53999,58.19,58.39999,13640055
2013-01-25,1359124200,58.95,59.03,58.7,59.03,16643496
2013-01-28,1359383400,58.81,58.85001,58.54201,58.74001,14802859
2013-01-29,1359469800,58.87,59.2,58.85001,59.14,13403223
2013-01-30,1359556200,59.17,59.425,59.13,59.2,18943312
2013-01-31,1359642600,59.11,59.27499,58.94,58.98,22252144
2013-02-01,1359729000,59.36,59.59,59.21001,59.45,19989120
2013-02-04,1359988200,58.78999,58.89,58.25999,58.38,18125168
2013-02-05,1360074600,58.53999,58.81,58.49001,58.64999,15418805
2013-02-06,1360161000,58.27991,58.67,58.24001,58.64,26335936
2013-02-07,1360247400,58.59,58.64,57.86,58.16,21947648
2013-02-08,1360333800,58.36,58.59,58.36,58.53,18326112
2013-02-11,1360593000,58.53,58.53999,58.25,58.47,12677180
2013-02-12,1360679400,58.5,58.882,58.45,58.75999,11534152
2013-02-13,1360765800,59.03999,59.17,58.84399,58.89999,8955105
2013-02-14,1360852200,58.38,58.62,58.36,58.58,10409855
2013-02-15,1360938600,58.66,58.705,58.25999,58.42999,12094992
2013-02-19,1361284200,58.92999,59.16,58.92,59.12,20173792
2013-02-20,1361370600,59.25,59.28999,58.53,58.53999,17523424
2013-02-21,1361457000,57.84,57.87,57.40199,57.66,34195168
2013-02-22,1361543400,58.12,58.50999,57.94501,58.49001,23363920
2013-02-25,1361802600,58.83,58.92999,57.02,57.09,40205072
2013-02-26,1361889000,57.67999,57.83501,57.19,57.55,25416496
2013-02-27,1361975400,57.47,58.35001,57.39999,58.28,16819504
2013-02-28,1362061800,58.25999,58.56,58.14999,58.215,17815088
2013-03-01,1362148200,57.8,58.2,57.58,58.10001,18241728
2013-03-04,1362407400,57.95,58.36,57.85001,58.35001,14580223
2013-03-05,1362493800,58.82001,59.03999,58.8,58.92999,16167984
2013-03-06,1362580200,59.17999,59.22,58.82001,59.08,17189552
2013-03-07,1362666600,59.22,59.3401,59.17999,59.25,11797879
2013-03-08,1362753000,59.28999,59.42,59.035,59.375,23305808
2013-03-11,1363008600,59.28999,59.56,59.22,59.56,10873957
2013-03-12,1363095000,59.53,59.60001,59.14999,59.25999,16015590
2013-03-13,1363181400,59.13,59.33,58.87,59.16499,20517840
2013-03-14,1363267800,59.42999,59.81,59.395,59.75,12158281
2013-03-15,1363354200,59.92,59.995,59.71001,59.871,18191056
2013-03-18,1363613400,59.12,59.64999,59.09,59.21001,25132720
2013-03-19,1363699800,59.355,59.44,58.6301,59.03,25745104
2013-03-20,1363786200,59.44,59.53999,59.28999,59.39,16134793
2013-03-21,1363872600,58.89999,59.23,58.82001,58.85001,18106800
2013-03-22,1363959000,59.1799,59.45,59.075,59.36,18090352
2013-03-25,1364218200,59.39059,59.47,58.47,58.62,31933008
2013-03-26,1364304600,58.83,59,58.66,58.985,15040668
2013-03-27,1364391000,58.31,58.72,58.2,58.7,14990223
2013-03-28,1364477400,58.82001,59.03999,58.735,58.98,28690032
2013-04-01,1364823000,58.57001,58.62,58.09,58.17,24852832
2013-04-02,1364909400,58.84,59.10001,58.73,58.81,19636560
2013-04-03,1364995800,59.06,59.14,58.47,58.52,16960912
2013-04-04,1365082200,58.72,59.10001,58.59,59.045,14924898
2013-04-05,1365168600,58.22,58.78,58.16,58.77,18160320
2013-04-08,1365427800,58.74001,59,58.64,59,17117616
2013-04-09,1365514200,58.98,59.41,58.75,59.21001,17406288
2013-04-10,1365600600,59.75,60.22,59.74001,60.08501,18195408
2013-04-11,1365687000,60.47,60.84,60.38,60.56,19865232
2013-04-12,1365773400,60.28,60.42999,60.02499,60.41,16777392
2013-04-15,1366032600,59.87,59.89999,59.185,59.22,22699856
2013-04-16,1366119000,59.89999,60.06,59.59641,60.06,14675668
2013-04-17,1366205400,59.34,59.37,58.515,58.81,30730784
2013-04-18,1366291800,58.92,58.95,58.44,58.63,19211392
2013-04-19,1366378200,59.00999,59.12,58.84,59.10001,24725808
2013-04-22,1366637400,59.10001,59.4352,58.78999,59.35001,16899872
2013-04-23,1366723800,59.84,60.23,59.82001,60.19,21257632
2013-04-24,1366810200,60.52,60.88,60.45,60.71001,18269328
2013-04-25,1366896600,61.00999,61.3,60.96001,61.03,20079136
2013-04-26,1366983000,60.96001,61.14,60.89,61.08009,13910191
2013-04-29,1367242200,61.36,61.92999,61.35001,61.86,14720992
2013-04-30,1367328600,61.84,61.995,61.71001,61.94,22261280
2013-05-01,1367415000,62,62.02,61.44,61.57001,19104608
2013-05-02,1367501400,61.42,61.89,61.36,61.75999,18247200
2013-05-03,1367587800,62.31,62.63,62.28,62.55,19161184
2013-05-06,1367847000,62.28,62.47,62.22,62.47,7583641
2013-05-07,1367933400,62.56,62.66,62.36,62.57001,15724430
2013-05-08,1368019800,62.89999,63.25999,62.89999,63.23,17768320
2013-05-09,1368106200,62.89999,62.96001,62.37,62.62,16372379
2013-05-10,1368192600,62.55,62.72,62.34,62.69,15403305
2013-05-13,1368451800,62.62,62.7,62.46001,62.66,11911348
2013-05-14,1368538200,62.56,62.88499,62.55,62.78,26158800
2013-05-15,1368624600,62.69,63.07001,62.67999,63.05,15961570
2013-05-16,1368711000,62.73,62.948,62.49001,62.62,16669051
2013-05-17,1368797400,62.64999,63.07001,62.59,63.05,12925641
2013-05-20,1369056600,63.08,63.44,63.07001,63.39999,16117156
2013-05-21,1369143000,63.14999,63.66,63.03,63.53,15283633
2013-05-22,1369229400,63.53999,64.14,62.69521,62.89,21713504
2013-05-23,1369315800,61.33,62.005,60.99001,61.99001,27055168
2013-05-24,1369402200,61.17,61.47,60.99001,61.45,19956736
2013-05-28,1369747800,61.97,62.16,61.47,61.61,20275744
2013-05-29,1369834200,61.08,61.16,60.73,61.02,18099344
2013-05-30,1369920600,61.03,61.45,60.99001,61.25999,27382832
2013-05-31,1370007000,60.50999,60.64999,60.03,60.07001,36549344
2013-06-03,1370266200,60.08,60.50999,59.765,60.3,30341648
2013-06-04,1370352600,60.78999,60.89,60.2,60.52,17024400
2013-06-05,1370439000,59.83,59.85001,59.14999,59.17,28821584
2013-06-06,1370525400,59.16,59.53,58.87,59.5,24386896
2013-06-07,1370611800,59.53999,60.31,59.39999,60.3,19245184
2013-06-10,1370871000,60.47,60.49001,60.13,60.36,14559742
2013-06-11,1370957400,59.48,59.95,59.35001,59.62,16618984
2013-06-12,1371043800,60.3,60.36,59.47,59.55,14378074
2013-06-13,1371130200,59.69,60.57001,59.59,60.46001,20158352
2013-06-14,1371216600,60.005,60.33,59.61,59.8,17334160
2013-06-17,1371475800,60.87,61.0499,60.3,60.66,17560400
2013-06-18,1371562200,60.87,61.19501,60.85001,61.09,13168496
2013-06-19,1371648600,61.03999,61.17999,59.94,59.95,33232704
2013-06-20,1371735000,58.71001,58.74001,57.66,57.75101,40517056
2013-06-21,1371821400,58.42,58.47501,57.4299,57.94,30474208
2013-06-24,1372080600,56.74001,57.33,56.44,57.03,24352736
2013-06-25,1372167000,57.53,57.85001,57.10001,57.7601,24494848
2013-06-26,1372253400,58.03,58.17999,57.77499,57.985,27141952
2013-06-27,1372339800,57.33,57.71001,57.33,57.41,17753760
2013-06-28,1372426200,57.31,57.595,57.09,57.3,31174080
2013-07-01,1372685400,57.81,58.08,57.75,57.84,15315965
2013-07-02,1372771800,57.78,58.09,57.33,57.55,13492754
2013-07-03,1372858200,57.11,57.67999,57.02,57.57001,11755473
2013-07-05,1373031000,57.96001,57.98,57.41,57.84,10197770
2013-07-08,1373290200,58.05,58.32001,58,58.2,11993172
2013-07-09,1373376600,58.64,58.64,58.16,58.52,11624184
2013-07-10,1373463000,58.50999,59.11,58.44501,58.69,16165199
2013-07-11,1373549400,59.78,60.27,59.53999,60.21001,20284544
2013-07-12,1373635800,59.77,59.92,59.63,59.81,15189762
2013-07-15,1373895000,60.03,60.19,59.92999,60.17999,17063120
2013-07-16,1373981400,60.13,60.23,59.98,60.14,10894551
2013-07-17,1374067800,60.62,60.62,60.17999,60.32001,13744434
2013-07-18,1374154200,60.49001,60.78,60.1114,60.72,11036625
2013-07-19,1374240600,60.50999,60.77,60.39999,60.67,23299280
2013-07-22,1374499800,60.81,61.07001,60.78,61.00999,16518805
2013-07-23,1374586200,61.21001,61.25999,60.9451,61.14,11131984
2013-07-24,1374672600,61.37,61.38,60.81,61.06,12887449
2013-07-25,1374759000,60.5,61.21001,60.49001,61.17999,14467004
2013-07-26,1374845400,60.63,60.8,60.3,60.8,15498973
2013-07-29,1375104600,60.24001,60.345,60.12,60.22,11063566
2013-07-30,1375191000,60.47,60.50999,60.02499,60.21001,10712660
2013-07-31,1375277400,60.06,60.75,60.06,60.35001,22989936
2013-08-01,1375363800,61.12,61.25999,60.96001,61.17,24484480
2013-08-02,1375450200,61.23,61.67,61.21001,61.67,15474988
2013-08-05,1375709400,61.39999,61.56,61.23,61.53999,11482988
2013-08-06,1375795800,61.69,61.745,61.3,61.45,18325328
2013-08-07,1375882200,61.2,61.30499,61.10001,61.17999,11989738
2013-08-08,1375968600,61.52,61.825,61.34,61.735,12612668
2013-08-09,1376055000,61.64999,61.9377,61.61,61.84,14951480
2013-08-12,1376314200,61.50999,61.73,61.5,61.67,13784961
2013-08-13,1376400600,61.83,62.14,61.49001,62.07001,13189098
2013-08-14,1376487000,62.10001,62.19,61.9875,62.10001,14259102
2013-08-15,1376573400,61.33,61.66499,60.94,61.575,23650224
2013-08-16,1376659800,61.71001,61.83,61.59,61.69099,15219555
2013-08-19,1376919000,61.62,61.66,61.21001,61.25,13596688
2013-08-20,1377005400,61.03,61.3299,60.92,61.17,12885773
2013-08-21,1377091800,60.77,61,60.23,60.45,12755125
2013-08-22,1377178200,60.89999,61.13499,60.88,61.03999,8041695
2013-08-23,1377264600,61.38,61.575,61.21001,61.57001,10141527
2013-08-26,1377523800,61.28,61.39999,61.11,61.12,8470945
2013-08-27,1377610200,60.42999,60.63,60.03999,60.08,18839040
2013-08-28,1377696600,59.75,60.215,59.67999,60.00999,10521684
2013-08-29,1377783000,59.86,60.16499,59.8,59.91,10555840
2013-08-30,1377869400,59.62,59.64,59.155,59.17,21045280
2013-09-03,1378215000,60.50999,60.595,60.03999,60.31,18912688
2013-09-04,1378301400,60.21001,60.94,60.14999,60.85001,11868762
2013-09-05,1378387800,60.59,60.86,60.58,60.8,10523387
2013-09-06,1378474200,61.06,61.31,60.64999,61.13,16398004
2013-09-09,1378733400,61.49001,62,61.49001,61.97,17397968
2013-09-10,1378819800,62.48,62.7,62.41,62.67,15972367
2013-09-11,1378906200,62.42,62.91,62.41,62.89,11864152
2013-09-12,1378992600,62.57001,62.815,62.52,62.53,16744949
2013-09-13,1379079000,62.61,62.84,62.42999,62.83,13590941
2013-09-16,1379338200,63.64999,63.64999,63.27,63.32001,18960000
2013-09-17,1379424600,63.17,63.36,63.17,63.36,10370434
2013-09-18,1379511000,63.41,65.11,63.24001,65.05,21359008
2013-09-19,1379597400,65.07001,65.08,64.64999,64.74001,19195520
2013-09-20,1379683800,64.63,64.63,64.24001,64.265,18878560
2013-09-23,1379943000,64.28999,64.36,63.955,64.25,17861056
2013-09-24,1380029400,64.2,64.41,63.98,64.14999,14979195
2013-09-25,1380115800,64.11,64.36,64.00999,64.22,14478074
2013-09-26,1380202200,64.3,64.59,64.245,64.49001,15653781
2013-09-27,1380288600,64.19,64.42,64.13,64.25999,17705792
2013-09-30,1380547800,63.61,63.97,63.55,63.80099,22275504
2013-10-01,1380634200,63.87,64.3,63.75,64.14,15392398
2013-10-02,1380720600,63.91,64.16,63.59,64.12,12621977
2013-10-03,1380807000,63.99001,64.03,63.59,63.7,16212746
2013-10-04,1380893400,63.61,63.92,63.58,63.85001,11698977
2013-10-07,1381152600,63.06,63.485,63.03999,63.19,17360768
2013-10-08,1381239000,63.22,63.30499,62.67999,62.7,19635584
2013-10-09,1381325400,62.92999,63.09,62.535,62.97,19659488
2013-10-10,1381411800,63.50999,64.2,63.5,64.10001,16423316
2013-10-11,1381498200,64.11,64.47,64.07001,64.44,13279137
2013-10-14,1381757400,64.17,64.71001,64.12,64.66,7213824
2013-10-15,1381843800,64.39999,64.52,64.28,64.35001,15599414
2013-10-16,1381930200,64.53999,64.85001,64.485,64.83501,17390368
2013-10-17,1382016600,65.19501,65.72,65.13,65.69,21850528
2013-10-18,1382103000,65.89,66.11,65.78,66.08,16283008
2013-10-21,1382362200,65.99001,66.17999,65.92999,66.17999,11068305
2013-10-22,1382448600,66.52,66.96001,66.52,66.84,13015172
2013-10-23,1382535000,66.21001,66.25,65.97,66.19,13384711
2013-10-24,1382621400,66.56,66.69,66.39999,66.64999,11820914
2013-10-25,1382707800,66.45,66.47,66.28,66.455,16688289
2013-10-28,1382967000,66.275,66.479,66.19,66.35,9936715
2013-10-29,1383053400,66.41,66.5099,66.31,66.49,12121482
2013-10-30,1383139800,66.56,66.59,65.92,66.25,18774027
2013-10-31,1383226200,66.07,66.25,65.78,65.88,22366903
2013-11-01,1383312600,65.53,65.59,65.19,65.56,18921571
2013-11-04,1383575400,65.68,65.88,65.545,65.88,27539523
2013-11-05,1383661800,65.2,65.415,64.99,65.305,13129627
2013-11-06,1383748200,65.89,66.05,65.745,65.88,16260643
2013-11-07,1383834600,65.62,65.67,64.76,64.84,22820234
2013-11-08,1383921000,64.7,65.24,64.69,65.22,15872982
2013-11-11,1384180200,65.24,65.3699,65.16,65.36,14211257
2013-11-12,1384266600,65.18,65.3165,64.97,65.14,13391029
2013-11-13,1384353000,64.64,65.42,64.62,65.35,12669399
2013-11-14,1384439400,65.35,65.73,65.29,65.645,14537105
2013-11-15,1384525800,66.03,66.32,65.9601,66.179,25278861
2013-11-18,1384785000,66.56,66.6,66.09,66.18,12776200
2013-11-19,1384871400,66.02,66.2,65.88,66.01,10664256
2013-11-20,1384957800,66.08,66.22,65.38,65.55,18220641
2013-11-21,1385044200,65.77,65.97,65.655,65.96,15963423
2013-11-22,1385130600,65.95,66.23,65.91,66.15,18658054
2013-11-25,1385389800,66.1,66.11,65.87,65.95,11835024
2013-11-26,1385476200,65.82,66.01,65.75,65.95,14620004
2013-11-27,1385562600,66.18,66.29,66.03,66.11,9667234
2013-11-29,1385735400,66.52,66.58,66.24,66.24,13964205
2013-12-02,1385994600,66.01,66.11,65.74,65.75,17686344
2013-12-03,1386081000,65.42,65.54,65.09,65.29,14776295
2013-12-04,1386167400,64.53,65,64.515,64.94,18603802
2013-12-05,1386253800,64.73,64.87,64.48,64.57,13115499
2013-12-06,1386340200,65.13,65.4,65.01,65.37,12965356
2013-12-09,1386599400,65.25,65.41,65.21,65.3,11279287
2013-12-10,1386685800,65.15,65.29,65,65.19,13978188
2013-12-11,1386772200,65.2,65.21,64.55,64.58,14150970
2013-12-12,1386858600,64.28,64.34,63.95,64.11,14118465
2013-12-13,1386945000,64.1,64.15,63.85,64.07,12214217
2013-12-16,1387204200,64.51,64.73,64.47,64.53,13338949
2013-12-17,1387290600,64.36,64.38,64.08,64.25,15973300
2013-12-18,1387377000,64.22,64.855,63.5,64.7,28970762
2013-12-19,1387463400,64.49,64.81,64.4201,64.7,20647098
2013-12-20,1387549800,64.91,65.18,64.88,65.07,18427481
2013-12-23,1387809000,65.49,65.76,65.4,65.74,15768960
2013-12-24,1387895400,65.63,65.87,65.56,65.87,6708476
2013-12-26,1388068200,66.16,66.28,66.15,66.23,8510526
2013-12-27,1388154600,66.755,66.77,66.51,66.57,18585383
2013-12-30,1388413800,66.74,66.9099,66.675,66.85,14432352
2013-12-31,1388500200,67.04,67.36,67,67.095,21704721
2014-01-02,1388673000,66.23,66.27,65.74,65.91,26240640
2014-01-03,1388759400,66.02,66.19,65.87,65.98,19270066
2014-01-06,1389018600,66.05,66.11,65.84,65.9,14737625
2014-01-07,1389105000,66.17,66.345,66.13,66.27,12075668
2014-01-08,1389191400,66.32,66.37,66.1,66.25,17555643
2014-01-09,1389277800,66.28,66.28,65.8,66.2,13128597
2014-01-10,1389364200,66.5,66.85,66.43,66.81,19676363
2014-01-13,1389623400,66.52,66.6799,66.105,66.23,19464678
2014-01-14,1389709800,66.42,66.81,66.22,66.76,12268873
2014-01-15,1389796200,66.725,67.08,66.69,67.04,12388880
2014-01-16,1389882600,66.93,67.01,66.7,67.01,21172021
2014-01-17,1389969000,66.98,67.03,66.705,66.81,22526869
2014-01-21,1390314600,67.2,67.22,66.82,67.13,18600226
2014-01-22,1390401000,67.11,67.17,66.95,67.13,12664128
2014-01-23,1390487400,66.89,66.91,66.41,66.68,17691678
2014-01-24,1390573800,65.695,65.7,64.85,64.85,25271854
2014-01-27,1390833000,64.875,64.93,64.15,64.55,21487417
2014-01-28,1390919400,64.855,65.18,64.83,65.11,15857610
2014-01-29,1391005800,64.26,64.72,64.19,64.38,21210386
2014-01-30,1391092200,64.66,64.81,64.38,64.71,14973442
2014-01-31,1391178600,63.33,64.02,63.31,63.61,39572612
2014-02-03,1391437800,63.54,63.62,62.28,62.31,45762023
2014-02-04,1391524200,62.77,63.07,62.58,63.03,26309260
2014-02-05,1391610600,63,63.21,62.76,63.16,17503866
2014-02-06,1391697000,63.72,64.31,63.71,64.28,16589138
2014-02-07,1391783400,64.62,65.13,64.47,65.12,14577244
2014-02-10,1392042600,64.93,64.94,64.75,64.9,13885353
2014-02-11,1392129000,65.27,66.05,65.25,65.93,18207233
2014-02-12,1392215400,65.95,66.11,65.85,66.04,14801412
2014-02-13,1392301800,65.46,66.28,65.43,66.24,17330041
2014-02-14,1392388200,66.17,66.56,66.1,66.49,19285696
2014-02-18,1392733800,66.94,67.14,66.76,67.06,16668591
2014-02-19,1392820200,66.92,67.22,66.57,66.61,13139883
2014-02-20,1392906600,66.54,66.9301,66.4,66.84,14098543
2014-02-21,1392993000,67.15,67.33,66.96,66.97,12629832
2014-02-24,1393252200,67.22,67.87,67.19,67.55,22573012
2014-02-25,1393338600,67.57,67.76,67.27,67.39,16834238
2014-02-26,1393425000,67.26,67.33,66.94,67.16,14872362
2014-02-27,1393511400,66.98,67.41,66.85,67.39,11392495
2014-02-28,1393597800,67.5,67.87,67.3,67.51,41960169
2014-03-03,1393857000,66.38,66.5396,65.91,66.08,27783356
2014-03-04,1393943400,67.4,67.49,67.29,67.39,29272021
2014-03-05,1394029800,67.29,67.46,67.21,67.33,16872821
2014-03-06,1394116200,68.02,68.19,67.93,68.03,15087006
2014-03-07,1394202600,67.91,67.955,67.32,67.66,21133806
2014-03-10,1394458200,67.21,67.29,66.83,67.24,23329148
2014-03-11,1394544600,67.11,67.34,66.68,66.75,17811948
2014-03-12,1394631000,66.18,66.6,66.01,66.5,14151043
2014-03-13,1394717400,66.64,66.69,65.14,65.26,35340237
2014-03-14,1394803800,64.87,65.43,64.87,65.12,24796008
2014-03-17,1395063000,65.63,66.02,65.6,65.94,24052739
2014-03-18,1395149400,65.99,66.48,65.98,66.35,19417012
2014-03-19,1395235800,66.28,66.31,65.12,65.54,22330199
2014-03-20,1395322200,64.96,65.415,64.82,65.29,18788120
2014-03-21,1395408600,65.61,65.81,65.119,65.16,17668307
2014-03-24,1395667800,65.61,65.65,64.93,65.33,17552850
2014-03-25,1395754200,65.83,66.19,65.63,66.04,20785516
2014-03-26,1395840600,66.57,66.595,66.02,66.03,27028933
2014-03-27,1395927000,66.28,66.49,66.14,66.36,22352048
2014-03-28,1396013400,66.86,67.06,66.8,66.86,13875892
2014-03-31,1396272600,67.37,67.47,67.138,67.2,24498289
2014-04-01,1396359000,67.6,67.67,67.44,67.63,13738077
2014-04-02,1396445400,67.64,67.9,67.564,67.76,15497549
2014-04-03,1396531800,67.68,67.77,67.39,67.57,14943480
2014-04-04,1396618200,67.84,67.945,67.255,67.36,20967419
2014-04-07,1396877400,67.26,67.36,66.89,67.04,16647854
2014-04-08,1396963800,66.79,67.14,66.73,67,12246221
2014-04-09,1397050200,67.55,67.9,67.2699,67.86,18492120
2014-04-10,1397136600,67.55,67.62,66.6,66.66,23677871
2014-04-11,1397223000,66.35,66.76,66.25,66.26,18552583
2014-04-14,1397482200,66.6,66.76,66.315,66.64,13239017
2014-04-15,1397568600,66.53,66.625,65.6823,66.36,21055078
2014-04-16,1397655000,66.91,67.21,66.73,67.18,19643874
2014-04-17,1397741400,67.28,67.64,67.1278,67.53,19204102
2014-04-21,1398087000,67.525,67.645,67.41,67.62,10723752
2014-04-22,1398173400,67.83,67.97,67.755,67.9,12342453
2014-04-23,1398259800,67.84,67.84,67.63,67.74,11595262
2014-04-24,1398346200,67.72,67.79,67.28,67.73,17646706
2014-04-25,1398432600,67.61,67.63,67.2,67.4,19435854
2014-04-28,1398691800,67.62,67.78,67.14,67.61,19985964
2014-04-29,1398778200,67.96,68.19,67.89,68.05,16162517
2014-04-30,1398864600,68.05,68.4,67.96,68.32,29172846
2014-05-01,1398951000,68.39,68.62,68.3,68.51,17645371
2014-05-02,1399037400,68.26,68.54,68.19,68.4,14332847
2014-05-05,1399296600,67.9,68.38,67.76,68.35,18715335
2014-05-06,1399383000,68.36,68.4,68.16,68.23,10209071
2014-05-07,1399469400,68.21,68.35,67.945,68.31,12801711
2014-05-08,1399555800,68.41,68.64,68.225,68.32,13187450
2014-05-09,1399642200,68.27,68.32,67.98,68.22,8089875
2014-05-12,1399901400,68.48,68.69,68.42,68.67,13959757
2014-05-13,1399987800,68.765,68.8,68.605,68.77,18673515
2014-05-14,1400074200,68.75,68.9,68.55,68.64,15816699
2014-05-15,1400160600,68.49,68.53,68.0842,68.34,20007507
2014-05-16,1400247000,68.35,68.49,68.229,68.49,12874485
2014-05-19,1400506200,68.12,68.4,68.1,68.35,9415209
2014-05-20,1400592600,68.11,68.15,67.72,67.92,13695246
2014-05-21,1400679000,68.2,68.47,68.17,68.45,10953380
2014-05-22,1400765400,68.46,68.61,68.41,68.54,8121830
2014-05-23,1400851800,68.49,68.79,68.49,68.72,7648981
2014-05-27,1401197400,69.22,69.26,68.98,69.21,9819701
2014-05-28,1401283800,69.02,69.06,68.85,68.98,8894287
2014-05-29,1401370200,69.28,69.4,69.14,69.4,16668404
2014-05-30,1401456600,69.32,69.45,69.26,69.41,15728223
2014-06-02,1401715800,69.64,69.64,69.4,69.55,8915101
2014-06-03,1401802200,69.32,69.41375,69.29,69.38,9629126
2014-06-04,1401888600,69.23,69.43,69.1601,69.36,10850800
2014-06-05,1401975000,69.56,69.9,69.31,69.84,11099366
2014-06-06,1402061400,70.02,70.22,69.91,70.22,11780065
2014-06-09,1402320600,69.95,70.19,69.915,70.15,12685179
2014-06-10,1402407000,69.85,70,69.74,70,11347636
2014-06-11,1402493400,69.69,69.78,69.57,69.65,8827225
2014-06-12,1402579800,69.87,69.94,69.55,69.67,10679542
2014-06-13,1402666200,69.72,69.855,69.55,69.72,22214681
2014-06-16,1402925400,69.6,69.81,69.56,69.74,9584626
2014-06-17,1403011800,69.41,69.7,69.39,69.69,9222709
2014-06-18,1403098200,69.77,70.31,69.54,70.29,14870349
2014-06-19,1403184600,70.73,70.785,70.54,70.67,12490391
2014-06-20,1403271000,70.57,70.61,70.415,70.55,16113052
2014-06-23,1403530200,70.23,70.39,70.04,70.36,9836014
2014-06-24,1403616600,70.21,70.28,69.84,69.92,17810051
2014-06-25,1403703000,67.89,68.28,67.88,68.22,17373141
2014-06-26,1403789400,68.12,68.28,67.67,68.27,14342032
2014-06-27,1403875800,68.04,68.34,67.97,68.31,9721265
2014-06-30,1404135000,68.16,68.439,68.15,68.37,16580650
2014-07-01,1404221400,68.72,69.075,68.68,68.97,12975341
2014-07-02,1404307800,68.95,69.09,68.87,69.08,11254386
2014-07-03,1404394200,69.06,69.29,69.03,69.22,7757304
2014-07-07,1404739800,68.69,68.788,68.58,68.68,8533465
2014-07-08,1404826200,68.28,68.29,67.782,67.96,11505244
2014-07-09,1404912600,67.89,68.27,67.85,68.18,15042732
2014-07-10,1404999000,66.96,67.45,66.92,67.43,12905695
2014-07-11,1405085400,67.34,67.52,67.1701,67.47,11225758
2014-07-14,1405344600,68.11,68.12,67.94,67.97,9020811
2014-07-15,1405431000,68.03,68.09,67.515,67.8,12444457
2014-07-16,1405517400,68.28,68.32,68.115,68.22,9427564
2014-07-17,1405603800,67.82,68.1,67.31,67.3499,15085083
2014-07-18,1405690200,67.52,67.99,67.48,67.88,11615257
2014-07-21,1405949400,67.46,67.67,67.3199,67.63,12114811
2014-07-22,1406035800,67.99,68.06,67.89,67.93,12232769
2014-07-23,1406122200,68.2,68.2,68,68.07,8668235
2014-07-24,1406208600,68.26,68.32,68.14,68.23,6826195
2014-07-25,1406295000,68.11,68.15,67.69,67.95,8885701
2014-07-28,1406554200,67.96,68.06,67.58,67.96,8065897
2014-07-29,1406640600,68.15,68.19,67.775,67.82,9154805
2014-07-30,1406727000,67.82,67.955,67.46,67.72,11169277
2014-07-31,1406813400,67.03,67.12,66.52,66.59,26161541
2014-08-01,1406899800,66.32,66.57,66,66.13,25398283
2014-08-04,1407159000,66.41,66.56,66.03,66.44,15220840
2014-08-05,1407245400,66.07,66.12,65.46,65.59,20914078
2014-08-06,1407331800,65.09,65.61,65.08,65.43,16592701
2014-08-07,1407418200,65.57,65.64,64.731,64.9,17346928
2014-08-08,1407504600,64.84,65.32,64.71,65.28,15434193
2014-08-11,1407763800,65.57,65.695,65.47,65.53,10497557
2014-08-12,1407850200,65.43,65.58,65.32,65.48,12398400
2014-08-13,1407936600,65.87,65.99,65.72,65.85,12378658
2014-08-14,1408023000,66.1,66.21,66,66.2,11941585
2014-08-15,1408109400,66.51,66.62,65.6,66.13,23432917
2014-08-18,1408368600,66.43,66.59,66.385,66.56,11630658
2014-08-19,1408455000,66.59,66.72,66.56,66.72,8514394
2014-08-20,1408541400,66.33,66.6,66.32,66.51,11419424
2014-08-21,1408627800,66.69,66.885,66.645,66.79,8523587
2014-08-22,1408714200,66.6,66.65,66.235,66.47,9000910
2014-08-25,1408973400,66.78,67.08,66.74,66.9,13867608
2014-08-26,1409059800,66.98,67.19,66.89,66.91,22103599
2014-08-27,1409146200,67.19,67.2,66.97,67.04,10792855
2014-08-28,1409232600,66.63,66.79,66.57,66.74,10674338
2014-08-29,1409319000,66.72,66.765,66.46,66.71,19832711
2014-09-02,1409664600,66.91,66.91,66.61,66.84,14537069
2014-09-03,1409751000,67.45,67.47,67.19,67.31,15491747
2014-09-04,1409837400,67.22,67.41,66.83,66.99,11043004
2014-09-05,1409923800,66.8,67.02,66.64,67,9374310
2014-09-08,1410183000,66.5,66.605,66.16,66.29,13282614
2014-09-09,1410269400,66.21,66.21,65.88,66.1,15015047
2014-09-10,1410355800,66.1,66.48,66.03,66.48,14634796
2014-09-11,1410442200,66.01,66.14,65.84,66.11,12136680
2014-09-12,1410528600,66.05,66.1,65.84,66.02,12022918
2014-09-15,1410787800,65.93,65.97,65.76,65.88,8709543
2014-09-16,1410874200,65.525,66.25,65.51,66.16,14405100
2014-09-17,1410960600,65.97,66.1,65.53,65.69,19753935
2014-09-18,1411047000,66.06,66.26,66.05,66.2,14467478
2014-09-19,1411133400,66.29,66.31,65.92,65.97,11800470
2014-09-22,1411392600,65.89,65.9,65.53,65.68,29390761
2014-09-23,1411479000,65.24,65.44,65.05,65.13,18721745
2014-09-24,1411565400,65.14,65.51,64.95,65.46,12589888
2014-09-25,1411651800,65.12,65.12,64.43,64.5,15639282
2014-09-26,1411738200,64.71,64.97,64.55,64.77,14040200
2014-09-29,1411997400,64.08,64.35,63.99,64.17,17351811
2014-09-30,1412083800,63.99,64.33,63.845,64.12,17807627
2014-10-01,1412170200,63.75,63.83,63.23,63.36,21791140
2014-10-02,1412256600,63.01,63.08,62.1,62.68,21687559
2014-10-03,1412343000,62.59,62.76,62.43,62.68,11116929
2014-10-06,1412602200,63.02,63.165,62.67,63.08,16614012
2014-10-07,1412688600,62.66,62.69,62,62.01,15615937
2014-10-08,1412775000,62.08,63.09,61.845,62.99,18310323
2014-10-09,1412861400,62.38,62.51,61.23,61.3,23813383
2014-10-10,1412947800,61.01,61.18,60.36,60.38,26414412
2014-10-13,1413207000,61.05,61.2,60.28,60.3,16363605
2014-10-14,1413293400,60.74,60.95,60.34,60.45,22292231
2014-10-15,1413379800,60.05,60.16,58.965,60.09,37303897
2014-10-16,1413466200,58.68,60.09,58.61,59.53,49006506
2014-10-17,1413552600,60.46,60.8,60.275,60.64,22794146
2014-10-20,1413811800,60.57,61.12,60.55,61.02,22996182
2014-10-21,1413898200,61.34,61.8,61.29,61.75,16849706
2014-10-22,1413984600,61.71,61.88,61.25,61.3,13982329
2014-10-23,1414071000,61.82,62.21,61.745,61.89,17097031
2014-10-24,1414157400,62.06,62.25,61.87,62.23,12251109
2014-10-27,1414416600,61.68,62.16,61.59,61.88,17838409
2014-10-28,1414503000,62.53,62.83,62.45,62.82,14653099
2014-10-29,1414589400,63,63.12,62.14,62.34,21781794
2014-10-30,1414675800,62.14,62.977,62.08,62.79,14595816
2014-10-31,1414762200,63.71,63.98,63.53,63.95,22786774
2014-11-03,1415025000,63.52,63.61,63.2,63.4,14384764
2014-11-04,1415111400,62.94,63.07,62.6601,63.04,12741811
2014-11-05,1415197800,63.18,63.25,62.88,63.16,13033533
2014-11-06,1415284200,63.02,63.18,62.66,62.82,13624530
2014-11-07,1415370600,62.61,62.87,62.38,62.85,10950876
2014-11-10,1415629800,63.09,63.2,62.9,63.13,10235203
2014-11-11,1415716200,63.29,63.58,63.16,63.51,12372765
2014-11-12,1415802600,62.81,63.08,62.8,62.97,9970675
2014-11-13,1415889000,63.04,63.4,63,63.27,18654704
2014-11-14,1415975400,62.88,63.39,62.87,63.36,13368571
2014-11-17,1416234600,62.84,63.17,62.81,63.11,11203652
2014-11-18,1416321000,63.58,63.91,63.535,63.8,19695448
2014-11-19,1416407400,63.63,63.83,63.335,63.61,13908813
2014-11-20,1416493800,62.97,63.4,62.95,63.23,16494377
2014-11-21,1416580200,64.02,64.06,63.57,63.78,22414353
2014-11-24,1416839400,64.06,64.16,63.93,64.15,16662552
2014-11-25,1416925800,64.155,64.33,64.02,64.26,18289630
2014-11-26,1417012200,64.34,64.54,64.235,64.51,9788043
2014-11-28,1417185000,64.1,64.16,63.94,63.99,8429254
2014-12-01,1417444200,64.03,64.08,63.73,63.93,14827782
2014-12-02,1417530600,64.06,64.1299,63.92,64.11,19349296
2014-12-03,1417617000,63.95,64.09,63.855,64.03,10722399
2014-12-04,1417703400,63.86,64.09,63.61,63.82,18286409
2014-12-05,1417789800,63.98,64.16,63.81,63.96,13946986
2014-12-08,1418049000,63.59,63.71,63.35,63.4,14590162
2014-12-09,1418135400,62.81,63.11,62.62,63.06,18136312
2014-12-10,1418221800,62.9,62.9,62.16,62.26,27669672
2014-12-11,1418308200,62.36,62.68,62.11,62.18,19542611
2014-12-12,1418394600,62.01,62.12,60.94,60.98,31169607
2014-12-15,1418653800,61.16,61.26,59.78,59.97,38599941
2014-12-16,1418740200,60.02,61.16,59.92,60.4,38250498
2014-12-17,1418826600,60.02,60.96,59.99,60.53,28795347
2014-12-18,1418913000,61.22,61.7,61.12,61.61,33053675
2014-12-19,1418999400,61.47,61.8799,61.33,61.7,29690683
2014-12-22,1419258600,61.97,62.04,61.75,62,24782453
2014-12-23,1419345000,61.87,61.95,61.71,61.8,21929237
2014-12-24,1419431400,61.88,62.2167,61.78,62.08,12379363
2014-12-26,1419604200,62.27,62.35,62.19,62.24,17681142
2014-12-29,1419863400,61.71,62.01,61.7,61.79,22005587
2014-12-30,1419949800,61.44,61.5,61.2,61.22,20271587
2014-12-31,1420036200,61.45,61.46,60.805,60.84,22494954
2015-01-02,1420209000,61.05,61.13,60.46,60.58,24674810
2015-01-05,1420468200,59.73,59.775,58.995,59.15,28468244
2015-01-06,1420554600,59.1,59.305,58.2863,58.48,21711619
2015-01-07,1420641000,58.95,59.23,58.57,59.13,19048936
2015-01-08,1420727400,59.49,60.139,59.46,59.93,16680027
2015-01-09,1420813800,60,60,59.34,59.64,17938204
2015-01-12,1421073000,59.71,59.76,59.205,59.5,18561207
2015-01-13,1421159400,60.24,60.39,59.38,59.8,15396200
2015-01-14,1421245800,59.51,59.75,59.22,59.63,16051851
2015-01-15,1421332200,60.345,60.41,59.86,60.01,21885109
2015-01-16,1421418600,60.08,60.84,59.985,60.79,29675542
2015-01-20,1421764200,61.27,61.31,60.76,61,19318048
2015-01-21,1421850600,60.98,61.5,60.89,61.48,26882545
2015-01-22,1421937000,61.3,61.87,61.17,61.71,15610403
2015-01-23,1422023400,61.6,61.77,61.34,61.36,19495685
2015-01-26,1422282600,61.86,62.34,61.7,62.2,18463332
2015-01-27,1422369000,62.07,62.42,61.93,62.29,20064297
2015-01-28,1422455400,62.31,62.3799,61.325,61.36,20033124
2015-01-29,1422541800,61.89,62.25,61.67,62.2,31207948
2015-01-30,1422628200,61.59,61.8128,61.2,61.22,39271009
2015-02-02,1422887400,61.63,62.1,61.46,61.96,24878661
2015-02-03,1422973800,62.34,63.06,62.32,62.95,27679397
2015-02-04,1423060200,62.62,62.945,62.38,62.43,17454177
2015-02-05,1423146600,62.84,63.3,62.755,63.29,23933454
2015-02-06,1423233000,62.69,62.9,62.3199,62.5,18530149
2015-02-09,1423492200,61.99,62.38,61.99,62.2,15940496
2015-02-10,1423578600,62.59,62.82,62.31,62.77,14302536
2015-02-11,1423665000,62.36,62.56,62.12,62.43,16405389
2015-02-12,1423751400,62.86,63.41,62.86,63.4,16664683
2015-02-13,1423837800,63.66,63.84,63.65,63.82,17919070
2015-02-17,1424183400,63.7,64.1,63.5401,63.97,13660319
2015-02-18,1424269800,64.16,64.54,64.04,64.35,16777781
2015-02-19,1424356200,64.35,64.67,64.31,64.43,17091007
2015-02-20,1424442600,64.24,65.27,64.13,65.03,34658650
2015-02-23,1424701800,64.68,64.91,64.63,64.8,13630915
2015-02-24,1424788200,64.78,65.29,64.66,65.2,16373392
2015-02-25,1424874600,65.1,65.33,65.02,65.25,10224770
2015-02-26,1424961000,65.1,65.24,64.9301,65.07,12790980
2015-02-27,1425047400,65.13,65.35,65.025,65.1,22960895
2015-03-02,1425306600,65.08,65.22,64.97,65.2,21297828
2015-03-03,1425393000,64.96,65.05,64.63,64.8,12564366
2015-03-04,1425479400,64.44,64.59,64.08,64.54,15625081
2015-03-05,1425565800,64.74,64.89,64.565,64.69,15540909
2015-03-06,1425652200,64.18,64.32,63.75,63.81,24040475
2015-03-09,1425907800,63.78,63.99,63.705,63.91,11908966
2015-03-10,1425994200,62.86,62.975,62.486,62.52,20979980
2015-03-11,1426080600,62.63,62.8151,62.39,62.68,20000363
2015-03-12,1426167000,63.4,63.48,63.1301,63.46,16362205
2015-03-13,1426253400,62.95,63.14,62.69,63.09,16277248
2015-03-16,1426512600,63.53,63.9,63.5,63.8,15828656
2015-03-17,1426599000,63.48,63.73,63.3,63.64,16273260
2015-03-18,1426685400,63.63,65.1,63.61,65,28290710
2015-03-19,1426771800,64.24,64.41,64.07,64.24,20155132
2015-03-20,1426858200,65.32,65.9,65.11,65.66,28789264
2015-03-23,1427117400,65.88,66.13,65.72,65.99,13958724
2015-03-24,1427203800,66.11,66.205,65.85,65.85,18037342
2015-03-25,1427290200,66.09,66.19,65.5,65.54,17853728
2015-03-26,1427376600,64.98,65.12,64.54,64.97,24344490
2015-03-27,1427463000,64.98,65.205,64.82,65.14,16596705
2015-03-30,1427722200,65.13,65.33,65.1,65.18,27480187
2015-03-31,1427808600,64.14,64.54,64.0701,64.17,27717182
2015-04-01,1427895000,64.66,64.66,64.17,64.63,30907001
2015-04-02,1427981400,65.01,65.24,64.93,65.19,15597235
2015-04-06,1428327000,65.59,66.15,65.41,65.85,16304564
2015-04-07,1428413400,65.95,66.24,65.73,65.76,13742896
2015-04-08,1428499800,66.4,66.43,65.75,66.04,16148264
2015-04-09,1428586200,66.1,66.14,65.81,66.13,17741096
2015-04-10,1428672600,65.99,66.27,65.925,66.26,12665763
2015-04-13,1428931800,65.96,66.1199,65.72,65.84,15048706
2015-04-14,1429018200,66.24,66.37,66.13,66.33,13929846
2015-04-15,1429104600,66.51,66.74,66.225,66.63,13210578
2015-04-16,1429191000,66.7,67,66.4101,66.81,17461205
2015-04-17,1429277400,65.94,66.0399,65.685,65.97,18805187
2015-04-20,1429536600,66.01,66.23,65.96,66.04,12557398
2015-04-21,1429623000,66.62,66.79,66.4874,66.63,10696752
2015-04-22,1429709400,66.65,66.78,66.32,66.76,8776102
2015-04-23,1429795800,66.39,67.11,66.35,67.01,12240668
2015-04-24,1429882200,67.27,67.5101,66.99,67.4,11090308
2015-04-27,1430141400,67.77,68.06,67.66,67.73,18320601
2015-04-28,1430227800,67.56,67.825,67.35,67.81,13769240
2015-04-29,1430314200,67.3,67.515,66.96,67.22,19465541
2015-04-30,1430400600,66.75,66.9201,66.43,66.51,27726483
2015-05-01,1430487000,66.865,67.4,66.65,67.25,28710222
2015-05-04,1430746200,67.21,67.3,67.05,67.18,18863115
2015-05-05,1430832600,66.9,66.91,66.085,66.18,21317434
2015-05-06,1430919000,66.6,66.7,66.07,66.35,16573462
2015-05-07,1431005400,66.06,66.22,65.85,66.13,17710575
2015-05-08,1431091800,67.28,67.76,67.26,67.66,30634352
2015-05-11,1431351000,67.16,67.38,67.04,67.07,14535357
2015-05-12,1431437400,66.95,67.2,66.83,67.03,12054237
2015-05-13,1431523800,67.72,67.8999,67.43,67.53,14542797
2015-05-14,1431610200,68.13,68.36,68,68.34,18271740
2015-05-15,1431696600,68.11,68.48,67.98,68.42,14671763
2015-05-18,1431955800,68.1,68.25,67.99,68.19,11873630
2015-05-19,1432042200,67.92,68.09,67.84,67.93,11406636
2015-05-20,1432128600,67.9,68.28,67.8,68.06,13862686
2015-05-21,1432215000,68.16,68.515,68.11,68.42,11439465
2015-05-22,1432301400,68.07,68.13,67.92,67.98,12172854
2015-05-26,1432647000,67.36,67.39,66.63,66.76,20327361
2015-05-27,1432733400,66.84,67.48,66.81,67.41,17786132
2015-05-28,1432819800,67.06,67.365,66.755,67.29,12744714
2015-05-29,1432906200,66.95,67.085,66.32,66.64,23778844
2015-06-01,1433165400,66.8,66.845,66.19,66.46,19068919
2015-06-02,1433251800,66.64,67.0872,66.515,66.77,14239073
2015-06-03,1433338200,67.03,67.48,67.03,67.14,21307754
2015-06-04,1433424600,66.7,67.195,66.21,66.42,17187413
2015-06-05,1433511000,65.47,65.88,65.2432,65.63,14624092
2015-06-08,1433770200,65.53,65.595,65.29,65.54,14676977
2015-06-09,1433856600,65.2,65.365,64.87,65.18,13114561
2015-06-10,1433943000,66.15,66.73,66.07,66.55,17291633
2015-06-11,1434029400,66.81,66.95,66.43,66.73,20555098
2015-06-12,1434115800,66.04,66.455,65.82,66.2,15305805
2015-06-15,1434375000,65.39,65.85,65.34,65.8,15121129
2015-06-16,1434461400,65.47,65.84,65.36,65.78,11991184
2015-06-17,1434547800,65.54,65.786,64.99,65.63,17100713
2015-06-18,1434634200,65.83,66.78,65.775,66.22,24587297
2015-06-19,1434720600,66.16,66.26,66.02,66.06,15281921
2015-06-22,1434979800,67.33,67.72,67.195,67.31,28716940
2015-06-23,1435066200,67.42,67.6,67.4,67.49,13661348
2015-06-24,1435152600,67.13,67.3,66.87,66.9,21326501
2015-06-25,1435239000,66.07,66.07,65.725,65.77,16402849
2015-06-26,1435325400,65.87,66.025,65.58,65.74,19240832
2015-06-29,1435584600,64.43,64.67,63.565,63.72,33747138
2015-06-30,1435671000,64.37,64.375,63.26,63.49,32195358
2015-07-01,1435757400,64.23,64.32,63.65,63.9,31824847
2015-07-02,1435843800,64.08,64.105,63.82,63.98,20988505
2015-07-06,1436189400,62.64,63.2399,62.49,62.69,21103822
2015-07-07,1436275800,62.25,62.82,61.43,62.71,36633365
2015-07-08,1436362200,61.72,61.755,61.12,61.25,32728237
2015-07-09,1436448600,62.65,62.72,62.13,62.26,19963367
2015-07-10,1436535000,64.18,64.39,63.86,64.3,28190421
2015-07-13,1436794200,64.51,64.67,64.44,64.54,14287574
2015-07-14,1436880600,64.79,65.16,64.7,65.08,19816184
2015-07-15,1436967000,64.92,65.07,64.67,64.84,14709628
2015-07-16,1437053400,65.45,65.56,65.34,65.4,20763405
2015-07-17,1437139800,65.37,65.37,65.21,65.31,14773593
2015-07-20,1437399000,65.49,65.61,65.31,65.46,8767834
2015-07-21,1437485400,65.24,65.37,65.14,65.27,14081762
2015-07-22,1437571800,64.59,64.81,64.59,64.77,10181742
2015-07-23,1437658200,64.88,64.9,64.49,64.6,10900912
2015-07-24,1437744600,64.45,64.47,63.82,63.89,13709434
2015-07-27,1438003800,63.74,63.75,63.32,63.42,19026064
2015-07-28,1438090200,63.87,64.245,63.57,64.22,14788087
2015-07-29,1438176600,64.17,64.66,64.13,64.45,15938934
2015-07-30,1438263000,64.21,64.41,63.92,64.4,17496685
2015-07-31,1438349400,64.98,65.02,64.59,64.78,20646870
2015-08-03,1438608600,64.85,64.8799,64.41,64.61,25131584
2015-08-04,1438695000,64.75,64.855,64.51,64.66,13358994
2015-08-05,1438781400,65.02,65.195,64.92,65,13602735
2015-08-06,1438867800,64.88,64.955,64.541,64.73,12451303
2015-08-07,1438954200,64.39,64.65,64.31,64.61,14351218
2015-08-10,1439213400,64.78,65.43,64.77,65.4,13702884
2015-08-11,1439299800,64.5,64.58,64.1341,64.4,15705818
2015-08-12,1439386200,63.52,63.94,63.1509,63.94,27756584
2015-08-13,1439472600,63.83,64.02,63.65,63.9,12709558
2015-08-14,1439559000,63.68,64.03,63.62,64,16930139
2015-08-17,1439818200,63.46,63.89,63.35,63.88,8885624
2015-08-18,1439904600,63.47,63.6,63.28,63.4,10943768
2015-08-19,1439991000,62.9,63.13,62.48,62.84,16573305
2015-08-20,1440077400,62.12,62.22,61.3,61.32,32339129
2015-08-21,1440163800,61.14,61.3,59.76,59.92,47017694
2015-08-24,1440423000,57.35,59.1201,56.51,57.85,62952916
2015-08-25,1440509400,60.38,60.39,58.3,58.4,50627017
2015-08-26,1440595800,59.68,59.81,58.38,59.78,49202879
2015-08-27,1440682200,60.07,60.7,59.97,60.51,39984008
2015-08-28,1440768600,60.11,60.54,60.07,60.42,24230786
2015-08-31,1441027800,60.035,60.265,59.76,59.97,35806830
2015-09-01,1441114200,58.25,58.57,57.7725,57.96,42250428
2015-09-02,1441200600,58.93,58.94,58.2,58.82,23372738
2015-09-03,1441287000,59.02,59.41,58.82,58.96,23500606
2015-09-04,1441373400,57.705,57.94,57.34,57.61,25772905
2015-09-08,1441719000,59.05,59.33,58.86,59.3,21504493
2015-09-09,1441805400,60.23,60.25,59,59.06,29179744
2015-09-10,1441891800,59.11,59.689,59,59.45,20800900
2015-09-11,1441978200,59.02,59.44,58.91,59.44,12954105
2015-09-14,1442237400,58.93,59.03,58.72,58.99,12187395
2015-09-15,1442323800,58.88,59.44,58.79,59.39,18168780
2015-09-16,1442410200,59.9,60.315,59.805,60.3,28218545
2015-09-17,1442496600,59.94,61.02,59.915,60.33,24074720
2015-09-18,1442583000,59.19,59.48,58.79,58.82,36952890
2015-09-21,1442842200,59,59.1083,58.54,58.79,17896331
2015-09-22,1442928600,57.41,57.57,56.9799,57.39,29234821
2015-09-23,1443015000,57.47,57.52,56.9,57.12,17145219
2015-09-24,1443101400,56.64,57.09,56.3,56.96,22895084
2015-09-25,1443187800,57.82,57.94,57.22,57.46,21771442
2015-09-28,1443447000,57.02,57.06,56.24,56.33,18785030
2015-09-29,1443533400,56.13,56.36,55.88,56.25,20216446
2015-09-30,1443619800,57.15,57.37,56.74,57.32,37769758
2015-10-01,1443706200,57.67,57.78,56.99,57.5,20445171
2015-10-02,1443792600,57.25,58.49,57.12,58.48,20793763
2015-10-05,1444051800,59.22,59.67,59.22,59.64,27746542
2015-10-06,1444138200,59.64,59.95,59.57,59.71,18133106
2015-10-07,1444224600,60.37,60.62,59.96,60.46,20499090
2015-10-08,1444311000,60.06,60.94,60.06,60.94,16875505
2015-10-09,1444397400,61.05,61.19,60.85,61.05,16867884
2015-10-12,1444656600,60.93,61.02,60.8,60.93,9238039
2015-10-13,1444743000,60.12,60.63,60.1,60.16,19519241
2015-10-14,1444829400,60.32,60.51,60.095,60.28,20762189
2015-10-15,1444915800,60.76,61.34,60.7,61.31,21855577
2015-10-16,1445002200,61.22,61.32,61.014,61.26,23372429
2015-10-19,1445261400,61,61.06,60.81,61.05,11784654
2015-10-20,1445347800,60.78,60.96,60.7208,60.8,12930049
2015-10-21,1445434200,61.17,61.2,60.73,60.77,12731710
2015-10-22,1445520600,61.11,61.7,61.09,61.45,28347492
2015-10-23,1445607000,61.99,62.19,61.8,62.06,16648539
2015-10-26,1445866200,61.97,61.99,61.78,61.83,14032871
2015-10-27,1445952600,61.37,61.48,61.195,61.29,14566400
2015-10-28,1446039000,61.54,62.03,61.12,61.69,17326298
2015-10-29,1446125400,60.96,61.29,60.96,61.24,12842994
2015-10-30,1446211800,61.26,61.52,61.08,61.11,19115269
2015-11-02,1446474600,61.44,61.69,61.365,61.69,14749693
2015-11-03,1446561000,61.285,61.82,61.2051,61.67,14282927
2015-11-04,1446647400,61.72,61.7485,61.153,61.33,21019325
2015-11-05,1446733800,61.45,61.53,61.07,61.22,21648095
2015-11-06,1446820200,60.84,61,60.54,60.94,17523178
2015-11-09,1447079400,60.56,60.63,60.07,60.31,23887596
2015-11-10,1447165800,60.03,60.29,59.93,60.27,14471949
2015-11-11,1447252200,60.8,60.84,60.48,60.58,14220000
2015-11-12,1447338600,60.06,60.285,59.79,59.79,31911338
2015-11-13,1447425000,59.495,59.585,59.191,59.29,26248421
2015-11-16,1447684200,59.34,60.05,59.315,60.0408,16939229
2015-11-17,1447770600,60.3,60.52,60.085,60.2,22458621
2015-11-18,1447857000,60.39,60.83,60.27,60.75,15481028
2015-11-19,1447943400,61.11,61.2983,61.02,61.06,19981104
2015-11-20,1448029800,61.24,61.35,60.88,60.92,18499753
2015-11-23,1448289000,60.76,60.895,60.415,60.54,19432785
2015-11-24,1448375400,60.1,60.635,60.06,60.55,21726972
2015-11-25,1448461800,60.64,60.815,60.48,60.69,13351699
2015-11-27,1448634600,60.76,60.8,60.65,60.7,6400380
2015-11-30,1448893800,60.79,60.82,60.59,60.65,23366697
2015-12-01,1448980200,61.14,61.33,60.98,61.29,34990656
2015-12-02,1449066600,61.01,61.17,60.56,60.64,21426039
2015-12-03,1449153000,60.95,60.98,60.1,60.35,26897122
2015-12-04,1449239400,60.14,60.91,60.11,60.84,23382087
2015-12-07,1449498600,60.56,60.59,60.225,60.45,29861732
2015-12-08,1449585000,59.42,59.675,59.235,59.56,26323002
2015-12-09,1449671400,59.57,60.02,58.99,59.29,26646706
2015-12-10,1449757800,59.56,59.63,59.22,59.3,20267831
2015-12-11,1449844200,58.5,58.59,58.09,58.17,29945022
2015-12-14,1450103400,58.42,58.495,57.65,58.26,32246598
2015-12-15,1450189800,58.62,58.82,58.4165,58.55,37876675
2015-12-16,1450276200,59.22,59.84,58.95,59.73,45167423
2015-12-17,1450362600,59.66,59.67,58.96,58.97,40456769
2015-12-18,1450449000,58.69,58.77,58.34,58.35,41659060
2015-12-21,1450708200,58.5,58.56,57.84,58.11,28869644
2015-12-22,1450794600,58.29,58.63,58.09,58.55,29319452
2015-12-23,1450881000,59.1,59.56,59.07,59.53,29782243
2015-12-24,1450967400,59.28,59.59,59.28,59.43,10950492
2015-12-28,1451313000,59.3,59.33,59.1,59.29,28946857
2015-12-29,1451399400,59.73,60.03,59.71,59.88,30796136
2015-12-30,1451485800,59.65,59.74,59.4815,59.52,18855450
2015-12-31,1451572200,59.13,59.2,58.72,58.72,31818882
2016-01-04,1451917800,57.82,57.85,57.15,57.82,34260214
2016-01-05,1452004200,57.705,57.8,57.325,57.73,23891480
2016-01-06,1452090600,56.53,56.92,56.45,56.78,22412555
2016-01-07,1452177000,55.72,56.2,55.53,55.6,37579395
2016-01-08,1452263400,55.93,55.99,54.84,54.93,31301068
2016-01-11,1452522600,55.56,55.575,54.67,55.16,33017912
2016-01-12,1452609000,55.63,55.705,54.95,55.42,29930184
2016-01-13,1452695400,55.8,55.9,54.41,54.56,33481792
2016-01-14,1452781800,54.77,55.5,54.355,55.26,35140200
2016-01-15,1452868200,53.46,53.85,53.02,53.26,60554269
2016-01-19,1453213800,54.19,54.22,53.37,53.75,35709807
2016-01-20,1453300200,52.66,52.855,51.5201,52.53,47944165
2016-01-21,1453386600,52.32,53.23,51.93,52.92,48974732
2016-01-22,1453473000,54.2,54.54,54.08,54.48,44855903
2016-01-25,1453732200,54.055,54.2799,53.71,53.75,36799444
2016-01-26,1453818600,54.05,54.735,53.98,54.71,26789290
2016-01-27,1453905000,54.6,55.1573,54.15,54.36,32829241
2016-01-28,1453991400,54.86,54.93,54.05,54.52,31267009
2016-01-29,1454077800,54.75,55.52,54.7,55.48,37109712
2016-02-01,1454337000,55.02,55.5761,54.83,55.42,31082704
2016-02-02,1454423400,54.625,54.625,53.94,54.13,29809102
2016-02-03,1454509800,54.42,54.59,53.42,54.58,36337276
2016-02-04,1454596200,54.23,54.84,54.13,54.65,28236177
2016-02-05,1454682600,54.41,54.48,53.58,53.81,31548107
2016-02-08,1454941800,52.94,52.96,52.315,52.81,37822449
2016-02-09,1455028200,51.67,52.43,51.63,52.2,34142677
2016-02-10,1455114600,52.38,52.78,52.045,52.14,32088411
2016-02-11,1455201000,51.43,51.65,50.94,51.38,41750155
2016-02-12,1455287400,51.53,52.29,51.31,52.28,38730523
2016-02-16,1455633000,53.2,53.37,52.77,53.3408,31605779
2016-02-17,1455719400,53.79,54.33,53.76,54.26,25594699
2016-02-18,1455805800,54.49,54.49,53.94,53.98,32694096
2016-02-19,1455892200,53.57,53.97,53.4049,53.92,26685423
2016-02-22,1456151400,54.32,54.5773,54.3,54.53,19217041
2016-02-23,1456237800,54.18,54.215,53.55,53.64,19708996
2016-02-24,1456324200,52.75,53.53,52.49,53.45,26718830
2016-02-25,1456410600,53.75,54.1,53.5,54.09,25166987
2016-02-26,1456497000,54.37,54.4,53.85,53.95,19604546
2016-02-29,1456756200,53.84,54.125,53.6,53.63,30315191
2016-03-01,1456842600,54.41,55.07,54.275,55.03,24585784
2016-03-02,1456929000,55,55.45,54.88,55.41,22549437
2016-03-03,1457015400,55.56,55.98,55.51,55.95,21109637
2016-03-04,1457101800,56.34,56.655,56.21,56.36,22752214
2016-03-07,1457361000,55.78,56.48,55.74,56.29,24047460
2016-03-08,1457447400,56.05,56.05,55.67,55.74,16893207
2016-03-09,1457533800,55.99,56.11,55.805,55.95,15467368
2016-03-10,1457620200,56.4,56.76,55.415,55.86,28146972
2016-03-11,1457706600,56.87,57.35,56.82,57.32,24374583
2016-03-14,1457962200,57.24,57.35,57.07,57.2,15953328
2016-03-15,1458048600,56.61,56.67,56.45,56.66,19646333
2016-03-16,1458135000,56.23,57.2123,56.23,57.16,25412987
2016-03-17,1458221400,57.19,57.71,57,57.6,17906638
2016-03-18,1458307800,57.51,57.69,57.42,57.5,30733434
2016-03-21,1458567000,57.36,57.5399,57.23,57.41,17625795
2016-03-22,1458653400,56.95,57.4,56.9,57.31,15926673
2016-03-23,1458739800,57.16,57.18,56.65,56.73,18291432
2016-03-24,1458826200,56.02,56.35,55.95,56.35,18326468
2016-03-28,1459171800,56.74,56.78,56.55,56.69,18491121
2016-03-29,1459258200,56.42,57.33,56.28,57.3,22376833
2016-03-30,1459344600,57.79,58.06,57.6433,57.73,18999487
2016-03-31,1459431000,57.46,57.59,57.13,57.16,37335146
2016-04-01,1459517400,55.99,56.6199,55.93,56.55,30396066
2016-04-04,1459776600,56.7,56.77,56.36,56.43,16977201
2016-04-05,1459863000,55.42,55.5,55.235,55.32,20199587
2016-04-06,1459949400,55.51,56.26,55.42,56.22,20465543
2016-04-07,1460035800,55.76,55.92,55.27,55.4,19855636
2016-04-08,1460122200,56.51,56.66,56.315,56.46,18462754
2016-04-11,1460381400,56.83,57.07,56.48,56.49,15640363
2016-04-12,1460467800,56.94,57.44,56.6137,57.33,25164672
2016-04-13,1460554200,58.14,58.36,58.01,58.24,25583900
2016-04-14,1460640600,58.54,58.65,58.33,58.43,26844437
2016-04-15,1460727000,58.39,58.5,58.29,58.3,17557982
2016-04-18,1460986200,58.22,58.86,58.17,58.8,20200357
2016-04-19,1461072600,59.69,59.94,59.595,59.82,24251435
2016-04-20,1461159000,59.79,60.1599,59.695,59.87,14402610
2016-04-21,1461245400,59.78,59.83,59.405,59.51,19135137
2016-04-22,1461331800,59.45,59.64,59.29,59.54,17262687
2016-04-25,1461591000,59.24,59.29,59.02,59.24,13518374
2016-04-26,1461677400,59.47,59.56,59.26,59.45,15657829
2016-04-27,1461763800,59.27,59.61,59.18,59.49,13054719
2016-04-28,1461850200,58.78,59.26,58.55,58.68,25204477
2016-04-29,1461936600,58.72,58.81,58.22,58.43,27642884
2016-05-02,1462195800,58.9,59.07,58.72,58.98,25207329
2016-05-03,1462282200,58.4,58.41,57.925,58.01,25287124
2016-05-04,1462368600,57.52,57.61,57.17,57.34,20213136
2016-05-05,1462455000,57.3,57.45,57.04,57.22,21552567
2016-05-06,1462541400,56.97,57.41,56.92,57.38,21498242
2016-05-09,1462800600,57.52,57.63,57.23,57.26,17842742
2016-05-10,1462887000,57.69,58.08,57.64,58.08,21333551
2016-05-11,1462973400,57.7,57.93,57.58,57.58,20180465
2016-05-12,1463059800,58.07,58.09,57.31,57.56,17641978
2016-05-13,1463146200,57.11,57.36,56.8118,56.97,19052383
2016-05-16,1463405400,57.16,57.68,57.13,57.65,24500534
2016-05-17,1463491800,57.55,57.735,57.17,57.23,25116868
2016-05-18,1463578200,57.29,57.845,57.04,57.25,35323716
2016-05-19,1463664600,56.91,57.01,56.6679,56.84,26976039
2016-05-20,1463751000,57.32,57.46,57.19,57.31,23377800
2016-05-23,1464010200,57.1,57.28,57.01,57.12,18828731
2016-05-24,1464096600,57.51,58.06,57.5,57.95,28901598
2016-05-25,1464183000,58.38,58.68,58.35,58.56,35592090
2016-05-26,1464269400,58.78,58.8495,58.58,58.72,21115408
2016-05-27,1464355800,58.62,58.75,58.52,58.66,16066593
2016-05-31,1464701400,58.9,58.99,58.24,58.38,25438505
2016-06-01,1464787800,58.1,58.38,58.03,58.33,19567292
2016-06-02,1464874200,58,58.35,57.93,58.33,32992057
2016-06-03,1464960600,58.54,58.73,58.23,58.71,27770231
2016-06-06,1465219800,58.9,59.18,58.85,59.04,22191860
2016-06-07,1465306200,59.49,59.63,59.42,59.47,15311690
2016-06-08,1465392600,59.65,59.74,59.54,59.59,14673441
2016-06-09,1465479000,58.86,59.01,58.68,58.86,18489138
2016-06-10,1465565400,57.62,57.71,56.99,57.15,29812946
2016-06-13,1465824600,56.41,56.86,56.16,56.32,25422702
2016-06-14,1465911000,55.73,55.855,55.12,55.42,69489982
2016-06-15,1465997400,55.9,56.1,55.67,55.79,34010361
2016-06-16,1466083800,55,55.95,54.59,55.905,27677651
2016-06-17,1466170200,56.1,56.595,55.83,56.46,51689602
2016-06-20,1466429400,58.2,58.265,57.84,57.86,38890448
2016-06-21,1466515800,58.34,58.775,58.09,58.33,37705479
2016-06-22,1466602200,57.39,57.67,57.12,57.12,45176465
2016-06-23,1466688600,58.34,58.8,57.93,58.7,33064507
2016-06-24,1466775000,53.89,55.09,53.63,53.66,85314593
2016-06-27,1467034200,52.91,52.94,51.93,52.63,60560715
2016-06-28,1467120600,53.86,54.04,53.37,54.01,45213462
2016-06-29,1467207000,54.81,55.185,54.72,55,33914859
2016-06-30,1467293400,55.11,55.82,54.96,55.82,48143618
2016-07-01,1467379800,55.84,56,55.74,55.82,22693352
2016-07-05,1467725400,55.14,55.2,54.58,54.74,33647354
2016-07-06,1467811800,54.11,54.67,53.77,54.64,28451429
2016-07-07,1467898200,54.74,54.94,54.25,54.42,24824949
2016-07-08,1467984600,55.04,55.34,54.91,55.25,26189512
2016-07-11,1468243800,55.99,56.29,55.945,56.06,25474916
2016-07-12,1468330200,56.86,57.09,56.75,56.82,29839041
2016-07-13,1468416600,56.96,57.1,56.71,56.76,27351568
2016-07-14,1468503000,57.29,57.43,57.17,57.25,28145527
2016-07-15,1468589400,57.1,57.13,56.84,56.96,29705397
2016-07-18,1468848600,56.96,57.27,56.85,57.1,17614332
2016-07-19,1468935000,56.65,56.74,56.5,56.65,19896943
2016-07-20,1469021400,57.01,57.23,56.895,57.16,20885209
2016-07-21,1469107800,56.98,57.185,56.83,56.93,19634985
2016-07-22,1469194200,57.05,57.08,56.88,57.04,16069313
2016-07-25,1469453400,57.08,57.1,56.81,56.97,13277389
2016-07-26,1469539800,57.19,57.38,56.97,57.21,15025684
2016-07-27,1469626200,57.48,57.575,57,57.42,17126918
2016-07-28,1469712600,57.38,57.46,57.08,57.36,14445267
2016-07-29,1469799000,57.84,58.15,57.705,58.035,21590417
2016-08-01,1470058200,57.86,57.98,57.59,57.66,21623719
2016-08-02,1470144600,57.53,57.565,57.15,57.37,20476106
2016-08-03,1470231000,56.89,57.19,56.85,57.17,19684420
2016-08-04,1470317400,57.35,57.53,57.24,57.5,16761761
2016-08-05,1470403800,57.5,57.78,57.49,57.76,15143512
2016-08-08,1470663000,57.86,57.92,57.79,57.88,10326797
2016-08-09,1470749400,58.14,58.52,58.11,58.34,27514404
2016-08-10,1470835800,58.72,58.76,58.515,58.54,17539520
2016-08-11,1470922200,58.82,59.11,58.77,58.96,19675825
2016-08-12,1471008600,58.99,59.06,58.74,58.81,11331570
2016-08-15,1471267800,59,59.18,58.99,59.035,9048734
2016-08-16,1471354200,58.93,59.11,58.85,58.95,14286200
2016-08-17,1471440600,58.79,59.085,58.535,58.93,12103619
2016-08-18,1471527000,58.89,59.23,58.8,59.23,17723918
2016-08-19,1471613400,58.62,58.82,58.45,58.79,12142828
2016-08-22,1471872600,58.61,58.89,58.5,58.85,10095633
2016-08-23,1471959000,59.24,59.35,59.08,59.1,12534122
2016-08-24,1472045400,59.13,59.2,58.885,58.96,12206567
2016-08-25,1472131800,58.76,58.885,58.665,58.72,10953520
2016-08-26,1472218200,58.81,59.33,58.11,58.37,19518096
2016-08-29,1472477400,58.24,58.58,58.22,58.55,10482083
2016-08-30,1472563800,58.6,58.69,58.36,58.47,10046301
2016-08-31,1472650200,58.4,58.53,58.14,58.35,20437242
2016-09-01,1472736600,58.62,58.78,58.41,58.75,18389771
2016-09-02,1472823000,59.3,59.5,59.11,59.43,19151555
2016-09-06,1473168600,59.56,59.86,59.535,59.83,14730557
2016-09-07,1473255000,59.99,60.1,59.75,59.86,17917534
2016-09-08,1473341400,59.81,59.975,59.62,59.69,15572694
2016-09-09,1473427800,59.25,59.25,58.51,58.53,23547041
2016-09-12,1473687000,58.1,59.04,58.045,59.01,26966758
2016-09-13,1473773400,58.25,58.36,57.57,57.82,24865867
2016-09-14,1473859800,57.74,58.0576,57.63,57.74,16841515
2016-09-15,1473946200,57.79,58.345,57.63,58.24,25111301
2016-09-16,1474032600,57.61,57.64,57.33,57.49,47897877
2016-09-19,1474291800,58.06,58.14,57.74,57.79,24184443
2016-09-20,1474378200,58.34,58.39,58.065,58.14,23968187
2016-09-21,1474464600,58.7,59.22,58.49,59.16,28804005
2016-09-22,1474551000,60.03,60.16,59.69,59.76,27047567
2016-09-23,1474637400,59.28,59.4499,59.24,59.26,19379989
2016-09-26,1474896600,58.75,58.83,58.6225,58.71,23824929
2016-09-27,1474983000,58.47,58.9999,58.405,58.99,19862148
2016-09-28,1475069400,59.16,59.43,58.795,59.41,21673420
2016-09-29,1475155800,59.26,59.39,58.4739,58.67,16703807
2016-09-30,1475242200,58.81,59.29,58.73,59.13,29074597
2016-10-03,1475501400,58.97,59.085,58.84,58.97,17903551
2016-10-04,1475587800,59.24,59.35,58.7301,58.96,28707492
2016-10-05,1475674200,59.18,59.29,59.04,59.2,14774310
2016-10-06,1475760600,58.9,58.945,58.725,58.88,11592223
2016-10-07,1475847000,58.63,58.675,58.115,58.58,16684917
2016-10-10,1476106200,58.68,58.9,58.65,58.75,7860730
2016-10-11,1476192600,58.48,58.505,57.75,57.92,18434586
2016-10-12,1476279000,57.84,57.935,57.63,57.79,13537312
2016-10-13,1476365400,57.15,57.7,56.9863,57.57,13090873
2016-10-14,1476451800,57.96,58.07,57.65,57.67,19288382
2016-10-17,1476711000,57.54,57.66,57.405,57.5,12640990
2016-10-18,1476797400,58.19,58.235,57.98,58.07,13027968
2016-10-19,1476883800,58.16,58.3658,58.115,58.23,12500141
2016-10-20,1476970200,58.15,58.43,58.09,58.32,9959038
2016-10-21,1477056600,57.92,58.21,57.86,58.19,12584854
2016-10-24,1477315800,58.36,58.3699,58.045,58.18,12722999
2016-10-25,1477402200,58.05,58.19,57.9101,58.14,12430402
2016-10-26,1477488600,57.84,58.07,57.765,57.88,12169527
2016-10-27,1477575000,58.01,58.04,57.75,57.81,9309344
2016-10-28,1477661400,57.71,57.915,57.645,57.79,15377759
2016-10-31,1477920600,57.75,57.9,57.5801,57.82,19266193
2016-11-01,1478007000,57.96,57.98,57.38,57.57,19495189
2016-11-02,1478093400,57.53,57.61,57.1,57.18,17538942
2016-11-03,1478179800,57.38,57.42,57.035,57.12,12959140
2016-11-04,1478266200,56.74,56.9074,56.545,56.57,17423767
2016-11-07,1478529000,57.28,57.38,57.15,57.35,21383605
2016-11-08,1478615400,57.18,57.675,57.13,57.51,17403906
2016-11-09,1478701800,57.07,57.79,57.01,57.56,27175074
2016-11-10,1478788200,57.53,57.67,56.93,57.4,37382769
2016-11-11,1478874600,57.145,57.2,56.74,57.05,18430069
2016-11-14,1479133800,56.63,56.75,56.48,56.74,20650883
2016-11-15,1479220200,56.59,57.02,56.5331,56.99,15311744
2016-11-16,1479306600,56.43,56.615,56.3438,56.39,22261240
2016-11-17,1479393000,56.67,56.89,56.615,56.82,18459346
2016-11-18,1479479400,56.31,56.38,56.1037,56.2,17047302
2016-11-21,1479738600,56.42,56.71,56.41,56.68,18504525
2016-11-22,1479825000,56.81,56.85,56.58,56.82,17866530
2016-11-23,1479911400,56.25,56.62,56.19,56.62,13840294
2016-11-25,1480084200,56.82,56.83,56.71,56.79,7842848
2016-11-28,1480343400,56.63,56.69,56.46,56.49,13607989
2016-11-29,1480429800,56.53,56.98,56.4735,56.85,14719758
2016-11-30,1480516200,56.98,56.99,56.7,56.79,23874742
2016-12-01,1480602600,56.73,56.76,56.49,56.57,22693496
2016-12-02,1480689000,56.47,56.84,56.4,56.71,16077721
2016-12-05,1480948200,57,57.38,56.99,57.27,19686243
2016-12-06,1481034600,57.33,57.74,57.3,57.66,19217453
2016-12-07,1481121000,57.88,58.62,57.86,58.52,25749322
2016-12-08,1481207400,58.41,58.57,58.27,58.47,23426982
2016-12-09,1481293800,58.47,58.72,58.43,58.72,20886461
2016-12-12,1481553000,58.5,58.69,58.39,58.46,16612743
2016-12-13,1481639400,58.98,59.25,58.95,59.09,22116770
2016-12-14,1481725800,58.96,59.09,58.13,58.22,26473655
2016-12-15,1481812200,58,58.19,57.9601,58.09,25317931
2016-12-16,1481898600,58.05,58.29,58.02,58.13,24359092
2016-12-19,1482157800,58.16,58.31,58.04,58.04,17705190
2016-12-20,1482244200,58.11,58.29,58.07,58.24,17813524
2016-12-21,1482330600,57.65,57.7,57.58,57.66,17793946
2016-12-22,1482417000,57.62,57.69,57.51,57.53,16310189
2016-12-23,1482503400,57.58,57.68,57.54,57.68,14821551
2016-12-27,1482849000,57.63,57.715,57.6,57.61,13327687
2016-12-28,1482935400,57.56,57.58,57.31,57.39,19569395
2016-12-29,1483021800,57.5,57.66,57.48,57.53,16406129
2016-12-30,1483108200,57.97,57.98,57.6,57.73,25265987
2017-01-03,1483453800,57.95,58.11,57.85,58.09,27938327
2017-01-04,1483540200,58.4,58.78,58.3528,58.75,25670022
2017-01-05,1483626600,58.9,59.31,58.9,59.25,22063115
2017-01-06,1483713000,58.97,59.11,58.91,59.05,22073717
2017-01-09,1483972200,58.83,58.99,58.75,58.96,13962351
2017-01-10,1484058600,58.92,59.13,58.92,58.97,16296577
2017-01-11,1484145000,58.85,59.3,58.78,59.28,31352400
2017-01-12,1484231400,59.36,59.375,59.11,59.37,25127259
2017-01-13,1484317800,59.42,59.6,59.33,59.59,20901856
2017-01-17,1484663400,59.41,59.44,59.27,59.37,22524825
2017-01-18,1484749800,59.19,59.32,59.02,59.2,14581351
2017-01-19,1484836200,59.1,59.1763,58.87,59.05,17619274
2017-01-20,1484922600,59.26,59.41,59.18,59.39,24974054
2017-01-23,1485181800,59.31,59.54,59.18,59.54,43093617
2017-01-24,1485268200,59.44,59.7165,59.42,59.69,18175974
2017-01-25,1485354600,60.01,60.33,59.99,60.31,27237612
2017-01-26,1485441000,60.19,60.25,59.99,60.07,20838845
2017-01-27,1485527400,60.02,60.05,59.86,59.97,13061016
2017-01-30,1485786600,59.45,59.58,59.26,59.54,19146191
2017-01-31,1485873000,59.65,59.74,59.39,59.63,29996755
2017-02-01,1485959400,60,60.03,59.71,59.87,26726436
2017-02-02,1486045800,59.925,59.99,59.73,59.9,14796655
2017-02-03,1486132200,60.01,60.18,59.93,60.14,13963766
2017-02-06,1486391400,59.52,59.71,59.48,59.71,16220209
2017-02-07,1486477800,59.58,59.6763,59.53,59.65,12123012
2017-02-08,1486564200,59.59,59.81,59.52,59.75,16749223
2017-02-09,1486650600,59.83,60.015,59.75,60,14299559
2017-02-10,1486737000,59.93,60.18,59.91,60.14,13212119
2017-02-13,1486996200,60.39,60.47,60.28,60.38,12694444
2017-02-14,1487082600,60.17,60.29,59.9201,60.29,14256634
2017-02-15,1487169000,60.03,60.52,60.01,60.52,15460127
2017-02-16,1487255400,60.54,60.66,60.46,60.66,14416534
2017-02-17,1487341800,60.32,60.52,60.27,60.5,14938004
2017-02-21,1487687400,60.44,60.7,60.42,60.7,11550324
2017-02-22,1487773800,60.39,60.74,60.39,60.7,17129440
2017-02-23,1487860200,60.88,60.93,60.665,60.83,12410639
2017-02-24,1487946600,60.17,60.43,60.14,60.39,16198702
2017-02-27,1488205800,60.19,60.44,60.18,60.43,14039003
2017-02-28,1488292200,60.32,60.52,60.23,60.34,20439108
2017-03-01,1488378600,60.75,61.1163,60.73,60.97,20198030
2017-03-02,1488465000,60.71,60.7774,60.56,60.57,16452808
2017-03-03,1488551400,60.7,61,60.61,60.93,19149128
2017-03-06,1488810600,60.73,60.75,60.5737,60.74,10965776
2017-03-07,1488897000,60.47,60.63,60.38,60.53,16308775
2017-03-08,1488983400,60.49,60.55,60.25,60.31,11568222
2017-03-09,1489069800,60.47,60.57,60.38,60.54,13369268
2017-03-10,1489156200,60.96,61.12,60.85,61.05,18987899
2017-03-13,1489411800,61.2,61.3775,61.19,61.37,19718711
2017-03-14,1489498200,60.92,60.97,60.79,60.9,15953540
2017-03-15,1489584600,61.03,61.775,61.02,61.77,22841075
2017-03-16,1489671000,62.1,62.13,61.93,62.07,24380124
2017-03-17,1489757400,62.18,62.3499,62.06,62.23,20697447
2017-03-20,1490016600,62.25,62.3399,62.02,62.1037,13484415
2017-03-21,1490103000,62.58,62.63,61.78,61.82,23331513
2017-03-22,1490189400,61.62,61.89,61.57,61.83,14492777
2017-03-23,1490275800,61.73,62.1,61.73,61.97,25394787
2017-03-24,1490362200,62.11,62.27,62.0401,62.14,25264511
2017-03-27,1490621400,62.09,62.38,62.02,62.3,30294538
2017-03-28,1490707800,62.39,62.65,62.355,62.6,23196000
2017-03-29,1490794200,62.29,62.63,62.28,62.6,17972764
2017-03-30,1490880600,62.43,62.55,62.32,62.38,16049834
2017-03-31,1490967000,62.11,62.36,62.05,62.29,30871662
2017-04-03,1491226200,62.19,62.24,61.755,62.2,32855183
2017-04-04,1491312600,61.93,62.18,61.85,62.18,16793755
2017-04-05,1491399000,62.13,62.29,61.825,61.85,22710372
2017-04-06,1491485400,61.88,61.98,61.75,61.86,17814640
2017-04-07,1491571800,61.75,61.93,61.735,61.82,15848922
2017-04-10,1491831000,61.73,61.85,61.675,61.75,11321509
2017-04-11,1491917400,62,62.07,61.6201,62.04,18663098
2017-04-12,1492003800,61.95,62.03,61.72,61.99,25046026
2017-04-13,1492090200,61.7,61.78,61.53,61.59,16760126
2017-04-17,1492435800,61.85,62.02,61.84,61.97,15573493
2017-04-18,1492522200,61.55,61.69,61.35,61.69,21171092
2017-04-19,1492608600,61.76,61.795,61.37,61.44,13263137
2017-04-20,1492695000,61.96,62.1,61.915,61.93,20485317
2017-04-21,1492781400,61.93,62.02,61.84,61.97,18989833
2017-04-24,1493040600,63.41,63.61,63.38,63.54,32694852
2017-04-25,1493127000,63.85,64.08,63.7805,63.99,24974286
2017-04-26,1493213400,63.81,64.03,63.81,63.81,20489577
2017-04-27,1493299800,63.92,63.92,63.75,63.87,13855740
2017-04-28,1493386200,63.89,63.91,63.77,63.8,25361248
2017-05-01,1493645400,63.99,64.2,63.91,64.06,22211439
2017-05-02,1493731800,64.25,64.42,64.19,64.39,23499960
2017-05-03,1493818200,64.22,64.33,64.1,64.26,12811038
2017-05-04,1493904600,64.48,64.89,64.425,64.87,16359729
2017-05-05,1493991000,64.94,65.59,64.915,65.59,18990865
2017-05-08,1494250200,65.105,65.11,64.96,65.1,19823837
2017-05-09,1494336600,64.98,65.04,64.81,64.94,28186609
2017-05-10,1494423000,64.98,65.04,64.888,65.04,18524300
2017-05-11,1494509400,64.77,64.9,64.61,64.88,18381620
2017-05-12,1494595800,64.94,65.24,64.94,65.24,27683031
2017-05-15,1494855000,65.38,65.57,65.36,65.57,20493923
2017-05-16,1494941400,65.95,66,65.8615,65.99,21931150
2017-05-17,1495027800,65.67,65.75,65.22,65.24,30198705
2017-05-18,1495114200,65.08,65.4,65.02,65.35,19242621
2017-05-19,1495200600,65.81,66.12,65.78,66.11,34855460
2017-05-22,1495459800,66.18,66.31,66.11,66.19,14692607
2017-05-23,1495546200,66.34,66.38,66.11,66.2,12489175
2017-05-24,1495632600,66.015,66.25,65.98,66.24,15090562
2017-05-25,1495719000,66.24,66.34,66.15,66.24,13265325
2017-05-26,1495805400,65.87,66.055,65.85,66.05,25971514
2017-05-30,1496151000,65.87,66.03,65.85,65.98,14415333
2017-05-31,1496237400,66.32,66.38,66.025,66.06,31167901
2017-06-01,1496323800,66.31,66.505,66.245,66.49,25610013
2017-06-02,1496410200,66.96,67.24,66.86,67.22,22765290
2017-06-05,1496669400,66.86,66.9,66.77,66.85,14304505
2017-06-06,1496755800,66.58,66.71,66.56,66.66,11387187
2017-06-07,1496842200,66.77,66.88,66.45,66.68,15346442
2017-06-08,1496928600,66.42,66.57,66.34,66.56,15425213
2017-06-09,1497015000,66.22,66.46,66.06,66.31,20807919
2017-06-12,1497274200,66.12,66.19,65.91,66.06,17937219
2017-06-13,1497360600,66.47,66.61,66.38,66.57,19123669
2017-06-14,1497447000,66.95,66.96,66.3,66.52,18739460
2017-06-15,1497533400,65.51,65.87,65.49,65.83,22870874
2017-06-16,1497619800,66.15,66.41,66.07,66.39,24571484
2017-06-19,1497879000,66.64,66.79,66.6,66.66,26706140
2017-06-20,1497965400,65.42,65.43,64.92,65.07,23798528
2017-06-21,1498051800,64.92,65.05,64.83,64.99,10988982
2017-06-22,1498138200,64.97,65.096,64.89,64.98,13521741
2017-06-23,1498224600,64.99,65.245,64.9,65.14,15138723
2017-06-26,1498483800,65.56,65.62,65.22,65.25,21872781
2017-06-27,1498570200,65.28,65.44,65.17,65.24,17465990
2017-06-28,1498656600,65.49,65.87,65.46,65.81,26317334
2017-06-29,1498743000,65.61,65.62,64.88,65.16,35923299
2017-06-30,1498829400,65.33,65.35,64.825,65.2,28866120
2017-07-03,1499088600,65.12,65.28,65.1,65.12,9564258
2017-07-05,1499261400,64.93,65.16,64.815,65.12,26253260
2017-07-06,1499347800,64.7,64.97,64.63,64.83,23380561
2017-07-07,1499434200,64.65,64.92,64.56,64.84,18885683
2017-07-10,1499693400,64.8,65.02,64.76,65,10674838
2017-07-11,1499779800,64.83,65.16,64.74,65.15,13584042
2017-07-12,1499866200,65.55,65.745,65.53,65.67,15995594
2017-07-13,1499952600,65.75,65.91,65.655,65.86,22520673
2017-07-14,1500039000,66.05,66.335,66,66.32,14145120
2017-07-17,1500298200,66.19,66.28,66.12,66.19,10326109
2017-07-18,1500384600,66.13,66.25,66.08,66.25,11718193
2017-07-19,1500471000,66.36,66.54,66.35,66.54,12542325
2017-07-20,1500557400,66.71,66.85,66.603,66.81,13792660
2017-07-21,1500643800,66.46,66.55,66.24,66.55,18406666
2017-07-24,1500903000,66.25,66.39,66.08,66.37,17486072
2017-07-25,1500989400,66.71,66.74,66.44,66.46,12297572
2017-07-26,1501075800,66.65,66.98,66.54,66.87,19186673
2017-07-27,1501162200,67,67.04,66.5,66.72,13754370
2017-07-28,1501248600,66.55,66.8,66.48,66.79,15080777
2017-07-31,1501507800,66.88,67.01,66.73,66.93,20998839
2017-08-01,1501594200,67.44,67.54,67.3,67.3,16198137
2017-08-02,1501680600,67.34,67.42,67.16,67.33,8948292
2017-08-03,1501767000,67.31,67.49,67.255,67.37,11245858
2017-08-04,1501853400,67.44,67.51,67.2,67.46,14178018
2017-08-07,1502112600,67.32,67.5,67.32,67.49,11865550
2017-08-08,1502199000,67.37,67.46,67.0939,67.13,13510148
2017-08-09,1502285400,66.73,67.05,66.69,67.02,15080071
2017-08-10,1502371800,66.62,66.62,66.01,66.07,28825121
2017-08-11,1502458200,66.03,66.13,65.86,65.95,27456383
2017-08-14,1502717400,66.43,66.598,66.4,66.43,13311526
2017-08-15,1502803800,66.35,66.42,66.14,66.38,13212246
2017-08-16,1502890200,66.6,66.84,66.58,66.76,14030746
2017-08-17,1502976600,66.52,66.63,66.01,66.01,18647651
2017-08-18,1503063000,66.12,66.33,65.99,66.19,16347571
2017-08-21,1503322200,66.16,66.2699,66,66.17,11760780
2017-08-22,1503408600,66.31,66.52,66.29,66.49,11528833
2017-08-23,1503495000,66.3,66.51,66.29,66.5,13007120
2017-08-24,1503581400,66.52,66.59,66.34,66.35,13150630
2017-08-25,1503667800,66.59,66.91,66.57,66.75,14942022
2017-08-28,1503927000,66.82,66.85,66.705,66.75,13422075
2017-08-29,1504013400,66.38,66.65,66.36,66.48,11536905
2017-08-30,1504099800,66.37,66.45,66.2847,66.39,10510516
2017-08-31,1504186200,66.65,66.95,66.62,66.9,20277854
2017-09-01,1504272600,67.15,67.17,66.95,66.99,15541793
2017-09-05,1504618200,66.82,66.93,66.325,66.54,18682342
2017-09-06,1504704600,66.9,67.0975,66.82,66.95,21335549
2017-09-07,1504791000,67.5,67.53,67.33,67.5,14599315
2017-09-08,1504877400,67.66,67.6867,67.51,67.51,16168817
2017-09-11,1505136600,67.96,68.16,67.95,68.04,19127344
2017-09-12,1505223000,68.16,68.29,68.16,68.25,11803025
2017-09-13,1505309400,68.11,68.15,67.8165,67.88,14672788
2017-09-14,1505395800,67.76,68.01,67.74,68,14862297
2017-09-15,1505482200,68.06,68.1,67.94,68.06,16315460
2017-09-18,1505741400,68.23,68.34,68.025,68.15,13594857
2017-09-19,1505827800,68.43,68.49,68.295,68.47,8877234
2017-09-20,1505914200,68.49,68.71,68.004,68.32,15310031
2017-09-21,1506000600,68.16,68.28,68.09,68.18,10250095
2017-09-22,1506087000,68.38,68.5,68.3234,68.39,8442844
2017-09-25,1506346200,68.11,68.27,67.87,68,13473887
2017-09-26,1506432600,67.89,67.94,67.64,67.85,20026560
2017-09-27,1506519000,67.76,67.995,67.72,67.9,17751778
2017-09-28,1506605400,67.9,68.18,67.9,68.08,11703999
2017-09-29,1506691800,68.21,68.55,68.11,68.48,24981424
2017-10-02,1506951000,68.27,68.49,68.24,68.42,16475611
2017-10-03,1507037400,68.46,68.66,68.43,68.65,12073347
2017-10-04,1507123800,68.47,68.59,68.4613,68.52,12518569
2017-10-05,1507210200,68.39,68.51,68.35,68.48,11871206
2017-10-06,1507296600,68.17,68.44,68.14,68.43,16923310
2017-10-09,1507555800,68.52,68.54,68.39,68.45,5154149
2017-10-10,1507642200,68.85,69.11,68.79,69.1,16626738
2017-10-11,1507728600,69.07,69.29,69.06,69.27,16732420
2017-10-12,1507815000,69.15,69.33,69.09,69.21,10774094
2017-10-13,1507901400,69.6,69.66,69.51,69.57,12928940
2017-10-16,1508160600,69.57,69.62,69.465,69.52,8800647
2017-10-17,1508247000,69.35,69.39,69.21,69.34,8287031
2017-10-18,1508333400,69.45,69.57,69.365,69.54,11793348
2017-10-19,1508419800,69.23,69.43,69.19,69.43,10368293
2017-10-20,1508506200,69.38,69.38,69.23,69.34,12636297
2017-10-23,1508765400,69.37,69.3971,69.14,69.19,8422226
2017-10-24,1508851800,69.28,69.435,69.2,69.3,10586482
2017-10-25,1508938200,69.27,69.31,68.77,69.03,11495505
2017-10-26,1509024600,69.21,69.26,69.01,69.02,12355519
2017-10-27,1509111000,68.98,69.2,68.885,69.18,18853789
2017-10-30,1509370200,69.22,69.36,69.2,69.34,14308493
2017-10-31,1509456600,69.48,69.67,69.4,69.63,24432400
2017-11-01,1509543000,69.93,69.995,69.67,69.7,23674532
2017-11-02,1509629400,69.65,69.91,69.625,69.91,20430941
2017-11-03,1509715800,69.8,69.8,69.56,69.8,14078690
2017-11-06,1509978600,69.61,69.915,69.6,69.9,11959012
2017-11-07,1510065000,69.77,69.855,69.46,69.64,13024198
2017-11-08,1510151400,69.75,69.98,69.71,69.87,15924200
2017-11-09,1510237800,69.29,69.5,69.04,69.47,22576983
2017-11-10,1510324200,69.24,69.36,69.13,69.28,11070803
2017-11-13,1510583400,68.59,69.02,68.58,68.99,13605167
2017-11-14,1510669800,68.86,68.99,68.7,68.94,13850146
2017-11-15,1510756200,68.37,68.68,68.28,68.61,18547272
2017-11-16,1510842600,69.05,69.2385,68.97,69.16,17372496
2017-11-17,1510929000,68.97,69.03,68.84,68.91,24773388
2017-11-20,1511188200,69.13,69.27,69.06,69.06,20689551
2017-11-21,1511274600,69.53,69.67,69.49,69.58,17104787
2017-11-22,1511361000,69.87,69.92,69.55,69.77,17943170
2017-11-24,1511533800,70.35,70.39,70.25,70.34,11732686
2017-11-27,1511793000,70.2,70.26,69.92,69.92,17066473
2017-11-28,1511879400,70.14,70.34,70.01,70.32,19389402
2017-11-29,1511965800,70.37,70.43,69.94,70.04,19328349
2017-11-30,1512052200,70.33,70.41,70.05,70.11,24443366
2017-12-01,1512138600,69.84,70.01,69.48,69.83,33370410
2017-12-04,1512397800,69.99,69.99,69.57,69.58,19355522
2017-12-05,1512484200,69.61,69.74,69.42,69.43,15853661
2017-12-06,1512570600,69.21,69.43,69.18,69.29,12481602
2017-12-07,1512657000,69.32,69.64,69.27,69.47,16966051
2017-12-08,1512743400,69.79,69.88,69.63,69.84,19106829
2017-12-11,1513002600,69.91,70.04,69.88,70.02,20038629
2017-12-12,1513089000,69.95,70.17,69.91,70.11,16514652
2017-12-13,1513175400,70.22,70.51,70.165,70.38,25920514
2017-12-14,1513261800,70.33,70.36,69.95,69.99,27424619
2017-12-15,1513348200,69.92,70.07,69.76,69.97,32906891
2017-12-18,1513607400,70.72,70.96,70.7,70.8,38998500
2017-12-19,1513693800,69.95,69.98,69.69,69.8,37373677
2017-12-20,1513780200,69.87,69.905,69.625,69.68,18671981
2017-12-21,1513866600,69.77,70.11,69.75,69.93,22930017
2017-12-22,1513953000,69.9,70.12,69.86,70.11,18766958
2017-12-26,1514298600,69.98,70.17,69.92,70.09,15994967
2017-12-27,1514385000,70.19,70.33,70.1,70.22,19835388
2017-12-28,1514471400,70.4,70.46,70.22,70.26,20811237
2017-12-29,1514557800,70.57,70.58,70.26,70.31,16214680
2018-01-02,1514903400,70.53,70.85,70.42,70.83,26529992
2018-01-03,1514989800,70.89,71.255,70.85,71.17,33982436
2018-01-04,1515076200,71.86,72.06,71.81,71.95,23974373
2018-01-05,1515162600,72.15,72.4,72.07,72.35,17483753
2018-01-08,1515421800,72.26,72.35,72.18,72.33,21733708
2018-01-09,1515508200,72.34,72.44,72.12,72.41,19138901
2018-01-10,1515594600,72.42,72.45,72.215,72.27,18118856
2018-01-11,1515681000,72.47,72.78,72.41,72.77,17314444
2018-01-12,1515767400,73.03,73.51,72.964,73.5,22694326
2018-01-16,1516113000,73.71,73.84,73.341,73.43,24402682
2018-01-17,1516199400,73.63,74.08,73.465,73.81,21424439
2018-01-18,1516285800,73.61,73.8,73.4901,73.72,19094624
2018-01-19,1516372200,74.09,74.14,73.86,74.13,19622645
2018-01-22,1516631400,74.19,74.54,74.15,74.51,14992542
2018-01-23,1516717800,74.6,74.8,74.51,74.75,15575396
2018-01-24,1516804200,75.16,75.23,74.63,74.88,24383778
2018-01-25,1516890600,75.18,75.21,74.445,74.59,23272536
2018-01-26,1516977000,74.98,75.27,74.93,75.25,19192557
2018-01-29,1517236200,74.65,74.72,74.415,74.56,26906718
2018-01-30,1517322600,74.32,74.37,73.85,73.94,113986310
2018-01-31,1517409000,74.19,74.2286,73.7102,73.84,38900614
2018-02-01,1517495400,73.72,74.185,73.68,74.05,30876230
2018-02-02,1517581800,73.33,73.33,72.47,72.55,36590576
2018-02-05,1517841000,71.64,71.97,69.31,69.51,78968009
2018-02-06,1517927400,69.42,71.065,69.26,70.88,84302342
2018-02-07,1518013800,70.25,70.86,69.985,70.13,44411259
2018-02-08,1518100200,70.17,70.2,68.28,68.3,59223566
2018-02-09,1518186600,68.75,68.96,66.89,68.59,67466845
2018-02-12,1518445800,69.1,69.78,68.88,69.64,37553567
2018-02-13,1518532200,69.09,69.495,69.07,69.43,20574279
2018-02-14,1518618600,69.01,70.7,68.98,70.66,31475383
2018-02-15,1518705000,71.06,71.21,70.505,71.1,31600579
2018-02-16,1518791400,71.21,71.72,71.18,71.42,23606384
2018-02-20,1519137000,70.88,71.2,70.58,70.75,25286922
2018-02-21,1519223400,70.95,71.4,70.38,70.41,30247654
2018-02-22,1519309800,70.71,71.1,70.54,70.78,20536966
2018-02-23,1519396200,71.04,71.43,70.9,71.34,30298489
2018-02-26,1519655400,71.64,72.03,71.385,72.01,21007211
2018-02-27,1519741800,71.56,71.64,70.9,70.94,22449349
2018-02-28,1519828200,71.04,71.08,70.17,70.27,31642523
2018-03-01,1519914600,69.7,70.04,68.75,69.09,51282069
2018-03-02,1520001000,68.85,69.44,68.565,69.42,35511970
2018-03-05,1520260200,68.91,69.84,68.89,69.79,18968483
2018-03-06,1520346600,70.35,70.39,70.01,70.2,20996892
2018-03-07,1520433000,69.86,70.22,69.66,70.18,14492527
2018-03-08,1520519400,70.38,70.485,70.095,70.33,14883283
2018-03-09,1520605800,70.43,70.79,70.315,70.78,17319768
2018-03-12,1520861400,70.86,71.01,70.705,70.86,12801274
2018-03-13,1520947800,71.1,71.15,70.26,70.39,19138072
2018-03-14,1521034200,70.93,70.98,70.31,70.56,13670766
2018-03-15,1521120600,70.56,70.85,70.4,70.52,21712280
2018-03-16,1521207000,70.39,70.66,70.365,70.47,16119949
2018-03-19,1521466200,70.21,70.22,69.525,69.9,24159672
2018-03-20,1521552600,69.82,70.04,69.725,69.89,20578759
2018-03-21,1521639000,69.78,70.28,69.71,70,17479256
2018-03-22,1521725400,69.29,69.44,68.68,68.7,42084346
2018-03-23,1521811800,68.82,68.95,67.91,67.94,44983166
2018-03-26,1522071000,68.98,69.21,68.29,69.16,31279031
2018-03-27,1522157400,69.5,69.565,68.39,68.65,36493865
2018-03-28,1522243800,69.08,69.56,68.78,69.05,35737550
2018-03-29,1522330200,69.55,69.98,69.37,69.68,36715604
2018-04-02,1522675800,69.41,69.575,68.25,68.72,52287596
2018-04-03,1522762200,69.09,69.26,68.735,69.16,30413618
2018-04-04,1522848600,68.35,69.43,68.32,69.4,26041496
2018-04-05,1522935000,69.73,70.05,69.69,69.86,22625800
2018-04-06,1523021400,69.81,70.055,69.17,69.4,24999581
2018-04-09,1523280600,70.07,70.445,69.8559,69.97,18498732
2018-04-10,1523367000,70.67,70.885,70.52,70.72,20848831
2018-04-11,1523453400,70.57,70.86,70.4,70.45,21099104
2018-04-12,1523539800,70.54,70.82,70.5,70.72,18012495
2018-04-13,1523626200,70.96,70.97,70.55,70.79,14614420
2018-04-16,1523885400,70.97,71,70.74,70.9,15678331
2018-04-17,1523971800,71.03,71.359,70.96,71.22,17556241
2018-04-18,1524058200,71.52,71.69,71.45,71.59,17035128
2018-04-19,1524144600,71.51,71.61,71.11,71.32,20004013
2018-04-20,1524231000,71.09,71.1465,70.91,71.05,27586544
2018-04-23,1524490200,70.99,71.07,70.765,70.96,17695968
2018-04-24,1524576600,71.09,71.18,70.46,70.67,22013447
2018-04-25,1524663000,70.41,70.64,70.19,70.55,18281545
2018-04-26,1524749400,70.9,71.01,70.72,70.9,23697683
2018-04-27,1524835800,70.88,71.05,70.69,70.97,15395441
2018-04-30,1525095000,70.89,71.14,70.69,70.74,21883668
2018-05-01,1525181400,70.66,70.72,70.17,70.49,17308048
2018-05-02,1525267800,70.85,70.94,70.405,70.46,16409407
2018-05-03,1525354200,70.58,70.77,70.045,70.68,19854628
2018-05-04,1525440600,70.17,71,70.13,70.93,17022636
2018-05-07,1525699800,70.88,71.12,70.81,70.94,8172574
2018-05-08,1525786200,70.69,70.95,70.56,70.95,12400326
2018-05-09,1525872600,70.85,71.2,70.79,71.12,15413975
2018-05-10,1525959000,71.34,71.58,71.21,71.58,18107471
2018-05-11,1526045400,71.8,71.91,71.68,71.77,19083745
2018-05-14,1526304600,72.03,72.0969,71.815,71.9,17790296
2018-05-15,1526391000,71.28,71.52,71.1,71.38,18330067
2018-05-16,1526477400,71.31,71.53,71.23,71.48,13326303
2018-05-17,1526563800,71.51,71.71,71.39,71.59,16197532
2018-05-18,1526650200,71.38,71.45,71.23,71.33,21815647
2018-05-21,1526909400,71.69,71.78,71.6,71.78,13441669
2018-05-22,1526995800,71.88,71.935,71.61,71.69,12897918
2018-05-23,1527082200,70.78,70.92,70.56,70.9,23332561
2018-05-24,1527168600,70.78,70.81,70.21,70.68,21542435
2018-05-25,1527255000,70.17,70.32,70.03,70.22,17225694
2018-05-29,1527600600,69.14,69.375,68.53,68.79,57008867
2018-05-30,1527687000,69.38,69.89,69.185,69.84,25531868
2018-05-31,1527773400,69.63,69.7,69.115,69.4,47992829
2018-06-01,1527859800,69.92,70.02,69.64,70,39232571
2018-06-04,1528119000,70.46,70.54,70.18,70.21,18561876
2018-06-05,1528205400,70.22,70.25,69.92,70.1,16641015
2018-06-06,1528291800,70.35,70.73,70.18,70.73,25445408
2018-06-07,1528378200,70.79,70.815,70.2,70.33,25976995
2018-06-08,1528464600,70.27,70.5,70.09,70.41,23206326
2018-06-11,1528723800,70.67,71.025,70.61,70.86,26145054
2018-06-12,1528810200,70.72,70.76,70.35,70.41,22706283
2018-06-13,1528896600,70.64,70.7095,70.225,70.51,20468298
2018-06-14,1528983000,70.51,70.72,70.32,70.36,24099035
2018-06-15,1529069400,70.03,70.04,69.73,70,31492010
2018-06-18,1529328600,69.23,69.52,69.14,69.5,30778479
2018-06-19,1529415000,67.16,67.57,67.06,67.52,30397648
2018-06-20,1529501400,67.78,67.83,67.4,67.57,38687268
2018-06-21,1529587800,67.39,67.39,67.02,67.09,23793401
2018-06-22,1529674200,67.95,68.13,67.66,67.8,27041408
2018-06-25,1529933400,67.32,67.39,66.68,66.86,39388306
2018-06-26,1530019800,67.08,67.115,66.71,66.98,23117581
2018-06-27,1530106200,67.04,67.3,66.32,66.35,29616821
2018-06-28,1530192600,66.33,66.675,66.195,66.6,21384787
2018-06-29,1530279000,67.12,67.37,66.91,66.97,32031529
2018-07-02,1530538200,66.02,66.43,66,66.36,39167936
2018-07-03,1530624600,66.89,66.99,66.525,66.56,14919876
2018-07-05,1530797400,67.17,67.27,66.975,67.22,18593192
2018-07-06,1530883800,67.31,67.715,67.24,67.58,16641649
2018-07-09,1531143000,68.12,68.25,67.95,68.23,20682104
2018-07-10,1531229400,68.11,68.27,68.07,68.2,18991600
2018-07-11,1531315800,67.43,67.61,66.865,67.06,30172389
2018-07-12,1531402200,67.42,67.645,67.3,67.58,18810643
2018-07-13,1531488600,67.61,67.815,67.475,67.79,17206905
2018-07-16,1531747800,67.77,67.859,67.65,67.76,15422209
2018-07-17,1531834200,67.58,67.96,67.5438,67.88,16964992
2018-07-18,1531920600,67.83,68.04,67.72,67.89,13712354
2018-07-19,1532007000,67.54,67.88,67.47,67.75,26316460
2018-07-20,1532093400,67.77,68.18,67.755,68.07,28610209
2018-07-23,1532352600,68.07,68.14,67.935,68.07,10192957
2018-07-24,1532439000,68.64,68.795,68.36,68.47,17645517
2018-07-25,1532525400,68.46,69.09,68.235,68.98,29699151
2018-07-26,1532611800,68.72,68.85,68.6,68.67,23009389
2018-07-27,1532698200,68.97,69.11,68.73,68.8,28911759
2018-07-30,1532957400,69.04,69.09,68.7743,68.79,17630558
2018-07-31,1533043800,69.04,69.1,68.75,68.88,25087543
2018-08-01,1533130200,68.77,68.8,68.445,68.53,25402711
2018-08-02,1533216600,67.79,68.08,67.72,68.08,24343205
2018-08-03,1533303000,67.82,68.15,67.78,68.12,14176581
2018-08-06,1533562200,67.7,67.93,67.58,67.83,12077901
2018-08-07,1533648600,68.51,68.535,68.3,68.36,17495457
2018-08-08,1533735000,68.28,68.43,68.125,68.3,13482778
2018-08-09,1533821400,68.32,68.39,68.06,68.1,11964746
2018-08-10,1533907800,66.86,66.99,66.605,66.74,28624589
2018-08-13,1534167000,66.65,66.78,66.35,66.5,24817696
2018-08-14,1534253400,66.59,66.65,66.37,66.49,22602522
2018-08-15,1534339800,65.61,65.69,65.15,65.53,41602707
2018-08-16,1534426200,65.96,66.235,65.93,65.99,23297125
2018-08-17,1534512600,65.97,66.55,65.91,66.38,25722878
2018-08-20,1534771800,66.64,66.82,66.62,66.74,16229334
2018-08-21,1534858200,67.17,67.365,66.9902,67.15,15670169
2018-08-22,1534944600,67.45,67.525,67.33,67.41,13217466
2018-08-23,1535031000,67.07,67.215,66.87,66.93,22030665
2018-08-24,1535117400,67.23,67.46,67.135,67.32,21816628
2018-08-27,1535376600,67.91,68.27,67.87,68.22,24820266
2018-08-28,1535463000,68.39,68.45,68.1201,68.16,19866760
2018-08-29,1535549400,68.16,68.54,68.085,68.53,18107748
2018-08-30,1535635800,67.95,68.05,67.71,67.88,20743026
2018-08-31,1535722200,67.46,67.69,67.075,67.34,30945890
2018-09-04,1536067800,66.5,66.78,66.415,66.77,25303400
2018-09-05,1536154200,66.34,66.42,65.96,66.16,26850830
2018-09-06,1536240600,66.06,66.22,65.645,65.96,25557937
2018-09-07,1536327000,65.33,65.625,65.24,65.43,22989423
2018-09-10,1536586200,65.95,65.99,65.75,65.83,15648713
2018-09-11,1536672600,65.5,65.91,65.4,65.89,17652675
2018-09-12,1536759000,65.96,66.33,65.91,66.17,19372502
2018-09-13,1536845400,66.81,66.872,66.49,66.66,26015623
2018-09-14,1536931800,66.86,66.94,66.6,66.76,21047488
2018-09-17,1537191000,67.09,67.21,66.81,66.82,13679147
2018-09-18,1537277400,67.31,67.62,67.3,67.52,20734370
2018-09-19,1537363800,67.59,67.86,67.59,67.76,15330297
2018-09-20,1537450200,68.47,68.679,68.29,68.6,24625290
2018-09-21,1537536600,68.58,68.7353,68.52,68.63,19048404
2018-09-24,1537795800,68.64,68.66,68.32,68.32,20382669
2018-09-25,1537882200,68.85,68.89,68.635,68.66,19623042
2018-09-26,1537968600,68.63,69.13,68.62,68.69,26899905
2018-09-27,1538055000,68.56,68.86,68.48,68.55,21555264
2018-09-28,1538141400,67.93,68.2699,67.845,67.99,37330486
2018-10-01,1538400600,68.21,68.32,68.045,68.07,27922252
2018-10-02,1538487000,67.55,67.78,67.475,67.72,18689193
2018-10-03,1538573400,67.84,67.88,67.535,67.6,19372348
2018-10-04,1538659800,67.17,67.2,66.5,66.81,38671495
2018-10-05,1538746200,66.65,66.71,66.155,66.41,28116875
2018-10-08,1539005400,65.69,66.1099,65.535,66.09,24471316
2018-10-09,1539091800,65.4,66.01,65.3162,65.92,23011181
2018-10-10,1539178200,65.68,65.68,64.38,64.52,64586203
2018-10-11,1539264600,64.33,64.54,63.19,63.62,119275106
2018-10-12,1539351000,64.1118,64.14,63.18,63.85,66539647
2018-10-15,1539610200,63.69,64.035,63.51,63.7,32702347
2018-10-16,1539696600,64.53,64.92,64.43,64.79,35959121
2018-10-17,1539783000,64.59,64.67,64.12,64.42,26566552
2018-10-18,1539869400,64.17,64.25,63.18,63.38,48286540
2018-10-19,1539955800,63.72,64.1,63.695,63.74,31924056
2018-10-22,1540215000,63.8,63.85,63.27,63.46,28641257
2018-10-23,1540301400,62.42,63.13,62.05,62.86,54694270
2018-10-24,1540387800,62.5,62.54,61.04,61.08,62942290
2018-10-25,1540474200,61.58,62.17,61.34,61.85,47758062
2018-10-26,1540560600,61.09,61.83,60.58,61.43,72008760
2018-10-29,1540819800,62.1,62.2318,60.77,61.26,60675289
2018-10-30,1540906200,61.39,62.01,61.3021,62,50851514
2018-10-31,1540992600,62.51,62.8,62.4001,62.46,49348912
2018-11-01,1541079000,63,63.27,62.76,63.26,42760170
2018-11-02,1541165400,63.83,63.92,62.975,63.35,39087946
2018-11-05,1541428200,63.39,63.51,63.16,63.35,23002653
2018-11-06,1541514600,63.37,63.66,63.31,63.61,18973714
2018-11-07,1541601000,64.19,64.5,63.975,64.46,34148393
2018-11-08,1541687400,64.22,64.35,63.685,63.83,31430633
2018-11-09,1541773800,63.41,63.52,63.1133,63.41,27581730
2018-11-12,1542033000,62.97,62.99,62.29,62.37,31068905
2018-11-13,1542119400,62.53,63.08,62.37,62.64,37193886
2018-11-14,1542205800,63.08,63.125,62.34,62.69,51506093
2018-11-15,1542292200,62.28,63.02,61.965,62.89,54666347
2018-11-16,1542378600,62.48,63.03,62.38,62.96,30723564
2018-11-19,1542637800,62.92,62.9468,62.25,62.41,30409724
2018-11-20,1542724200,61.57,61.825,61.18,61.33,41188665
2018-11-21,1542810600,62.09,62.44,61.99,62.19,32720617
2018-11-23,1542983400,61.66,61.98,61.66,61.78,13336461
2018-11-26,1543242600,62.56,62.77,62.5,62.71,31057399
2018-11-27,1543329000,62.34,62.51,62.16,62.47,38137808
2018-11-28,1543415400,62.56,63.41,62.28,63.36,40600818
2018-11-29,1543501800,62.99,63.25,62.825,63.04,31259708
2018-11-30,1543588200,62.68,62.84,62.49,62.77,32068551
2018-12-03,1543847400,63.75,63.75,63.36,63.6,43675398
2018-12-04,1543933800,63.28,63.34,61.89,61.95,50079577
2018-12-06,1544106600,60.9,61.42,60.23,61.37,78905499
2018-12-07,1544193000,61.46,61.7,60.61,60.75,54090296
2018-12-10,1544452200,60.49,60.595,59.66,60.28,61630488
2018-12-11,1544538600,60.9,60.92,60.105,60.47,71163778
2018-12-12,1544625000,61.42,61.78,61.355,61.36,45925656
2018-12-13,1544711400,61.48,61.63,61.19,61.25,44498228
2018-12-14,1544797800,60.59,60.85,60.41,60.46,50416218
2018-12-17,1545057000,60.45,60.52,59.73,59.98,58508483
2018-12-18,1545143400,59.62,59.82,59.2,59.39,48896513
2018-12-19,1545229800,59.64,60.1,58.58,58.82,68491739
2018-12-20,1545316200,58.9,59.07,58.35,58.58,97602572
2018-12-21,1545402600,58.17,58.51,57.475,57.56,93622530
2018-12-24,1545661800,57.56,57.785,56.84,56.89,47120316
2018-12-26,1545834600,57.25,58.3,56.77,58.21,68027561
2018-12-27,1545921000,57.55,58.38,57.11,58.38,76591159
2018-12-28,1546007400,58.96,58.99,58.52,58.69,68541829
2018-12-31,1546266600,59.02,59.06,58.58,58.78,62878761
2019-01-02,1546439400,58,58.67,57.98,58.66,38777677
2019-01-03,1546525800,58.52,58.545,58.025,58.13,35012599
2019-01-04,1546612200,59.08,60.12,58.99,59.91,47001748
2019-01-07,1546871400,59.99,60.415,59.82,60.14,30360506
2019-01-08,1546957800,60.73,60.755,60.35,60.53,26445035
2019-01-09,1547044200,61.08,61.34,60.91,61.21,34615284
2019-01-10,1547130600,60.97,61.46,60.9248,61.45,33699316
2019-01-11,1547217000,60.98,61.16,60.85,61.03,40655580
2019-01-14,1547476200,60.58,60.945,60.55,60.75,28319835
2019-01-15,1547562600,60.91,61.16,60.705,61.07,35202725
2019-01-16,1547649000,61.13,61.31,61.1,61.24,38473907
2019-01-17,1547735400,60.88,61.57,60.86,61.46,28895994
2019-01-18,1547821800,62.07,62.15,61.84,62.08,39380831
2019-01-22,1548167400,61.43,61.51,61,61.12,36637851
2019-01-23,1548253800,61.64,61.69,61.145,61.4,21725568
2019-01-24,1548340200,61.43,61.645,61.26,61.47,21843779
2019-01-25,1548426600,62.06,62.275,62.015,62.17,31128767
2019-01-28,1548685800,61.67,61.89,61.58,61.83,28738175
2019-01-29,1548772200,62.21,62.34,61.97,61.97,23933745
2019-01-30,1548858600,62.27,62.9,62.11,62.65,30448274
2019-01-31,1548945000,62.56,62.83,62.41,62.68,33012492
2019-02-01,1549031400,62.69,62.83,62.4965,62.66,22056046
2019-02-04,1549290600,62.57,62.915,62.445,62.89,20260649
2019-02-05,1549377000,63.29,63.434,63.2,63.38,29367109
2019-02-06,1549463400,63.22,63.3,62.96,63.06,19675589
2019-02-07,1549549800,62.57,62.67,62.09,62.22,33930698
2019-02-08,1549636200,61.82,62.03,61.61,62.02,21440370
2019-02-11,1549895400,61.96,62.09,61.82,61.96,22453011
2019-02-12,1549981800,62.54,62.71,62.5,62.68,28176323
2019-02-13,1550068200,62.9,63.05,62.69,62.69,22923491
2019-02-14,1550154600,62.7,62.92,62.53,62.71,23166902
2019-02-15,1550241000,63.34,63.62,62.71,63.62,29544714
2019-02-19,1550586600,63.41,63.97,63.41,63.86,19126768
2019-02-20,1550673000,63.9404,64.3,63.93,64.04,27833065
2019-02-21,1550759400,63.99,64.035,63.7507,63.91,19709616
2019-02-22,1550845800,64.1,64.2699,64.02,64.12,19653784
2019-02-25,1551105000,64.52,64.58,64.28,64.31,21208940
2019-02-26,1551191400,64.42,64.77,64.39,64.62,23246232
2019-02-27,1551277800,64.5,64.585,64.295,64.36,19933419
2019-02-28,1551364200,64.31,64.455,64.2,64.27,27730704
2019-03-01,1551450600,64.64,64.75,64.39,64.62,26191800
2019-03-04,1551709800,64.68,64.71,64.12,64.38,22255534
2019-03-05,1551796200,64.36,64.605,64.2748,64.44,22135090
2019-03-06,1551882600,64.55,64.565,64.25,64.28,14060078
2019-03-07,1551969000,64,64.07,63.45,63.46,29446064
2019-03-08,1552055400,63.07,63.47,63.06,63.47,21517347
2019-03-11,1552311000,63.51,64.04,63.51,64.02,16204895
2019-03-12,1552397400,63.99,64.11,63.9,63.98,31595429
2019-03-13,1552483800,64.22,64.59,64.215,64.53,17856267
2019-03-14,1552570200,64.49,64.65,64.3901,64.52,20861435
2019-03-15,1552656600,64.97,65.24,64.925,65.22,44272173
2019-03-18,1552915800,65.33,65.48,65.22,65.45,27734311
2019-03-19,1553002200,65.84,65.88,65.44,65.58,32094829
2019-03-20,1553088600,65.33,65.915,65.11,65.61,33136010
2019-03-21,1553175000,65.17,65.63,65.16,65.57,34686489
2019-03-22,1553261400,64.85,64.955,64.28,64.31,36194249
2019-03-25,1553520600,64.26,64.45,64.1,64.4,26707870
2019-03-26,1553607000,64.87,64.94,64.605,64.72,36734393
2019-03-27,1553693400,64.89,64.97,64.31,64.75,21772334
2019-03-28,1553779800,64.63,64.71,64.36,64.59,16531162
2019-03-29,1553866200,64.87,64.9,64.57,64.86,23423907
2019-04-01,1554125400,65.48,65.71,65.39,65.69,33228135
2019-04-02,1554211800,65.6,65.74,65.4315,65.71,18209116
2019-04-03,1554298200,66.17,66.38,66.09,66.22,25471618
2019-04-04,1554384600,65.99,66.125,65.96,66.08,23580492
2019-04-05,1554471000,66.03,66.25,66.03,66.25,27828798
2019-04-08,1554730200,66.24,66.29,66.08,66.29,21464148
2019-04-09,1554816600,66.05,66.06,65.84,65.87,17075010
2019-04-10,1554903000,65.96,66.14,65.88,66.12,25289270
2019-04-11,1554989400,66.05,66.13,65.85,65.98,16309607
2019-04-12,1555075800,66.42,66.47,66.2937,66.44,31507747
2019-04-15,1555335000,66.49,66.51,66.335,66.47,11608032
2019-04-16,1555421400,66.73,66.74,66.47,66.52,19958106
2019-04-17,1555507800,66.85,66.87,66.6,66.71,23540002
2019-04-18,1555594200,66.71,66.75,66.51,66.67,21794073
2019-04-22,1555939800,66.46,66.665,66.42,66.56,21336707
2019-04-23,1556026200,66.44,66.72,66.4,66.69,17741390
2019-04-24,1556112600,66.34,66.4,66.105,66.23,26417550
2019-04-25,1556199000,66.02,66.2,65.96,66.18,16020335
2019-04-26,1556285400,66.3,66.46,66.2,66.45,17705731
2019-04-29,1556544600,66.48,66.74,66.425,66.72,16632679
2019-04-30,1556631000,66.7,66.87,66.48,66.76,36645902
2019-05-01,1556717400,66.86,66.98,66.33,66.38,25870831
2019-05-02,1556803800,66.44,66.47,66.105,66.28,21120660
2019-05-03,1556890200,66.59,66.99,66.551,66.99,22117390
2019-05-06,1557149400,65.52,66.32,65.5,66.23,24641053
2019-05-07,1557235800,65.63,65.69,64.865,65.07,30661421
2019-05-08,1557322200,65.09,65.39,64.965,65.15,31028319
2019-05-09,1557408600,64.44,64.9187,64.23,64.85,28991462
2019-05-10,1557495000,64.84,65.35,64.47,65.33,34968019
2019-05-13,1557754200,64.13,64.22,63.71,63.81,42253209
2019-05-14,1557840600,64.27,64.62,64.205,64.45,32213993
2019-05-15,1557927000,63.98,64.79,63.95,64.68,39054925
2019-05-16,1558013400,64.92,65.41,64.91,65.2,27414280
2019-05-17,1558099800,64.8,65.105,64.72,64.77,35566283
2019-05-20,1558359000,64.51,64.73,64.35,64.51,27914479
2019-05-21,1558445400,64.86,65.03,64.7,64.94,20838866
2019-05-22,1558531800,64.62,64.835,64.61,64.68,22818175
2019-05-23,1558618200,64,64.16,63.82,64.09,29106782
2019-05-24,1558704600,64.77,64.79,64.54,64.78,23319953
2019-05-28,1559050200,64.73,64.8381,64.13,64.15,32636966
2019-05-29,1559136600,63.68,63.75,63.435,63.74,32910376
2019-05-30,1559223000,63.815,63.99,63.74,63.98,28874312
2019-05-31,1559309400,63.13,63.47,63.07,63.4,34278602
2019-06-03,1559568600,63.59,63.87,63.41,63.77,36735868
2019-06-04,1559655000,64.21,64.56,64.04,64.5,34241648
2019-06-05,1559741400,64.79,64.8,64.38,64.48,19015348
2019-06-06,1559827800,64.73,64.875,64.5648,64.74,28586899
2019-06-07,1559914200,65.36,65.7272,65.33,65.56,31020134
2019-06-10,1560173400,65.73,65.92,65.67,65.74,21435790
2019-06-11,1560259800,66.34,66.36,65.98,66.07,22255012
2019-06-12,1560346200,65.81,65.9,65.545,65.58,17110535
2019-06-13,1560432600,65.74,65.77,65.47,65.64,24194522
2019-06-14,1560519000,65.25,65.25,65.09,65.16,37202080
2019-06-17,1560778200,63.8,63.96,63.76,63.83,22615780
2019-06-18,1560864600,64.35,64.71,64.33,64.68,34024302
2019-06-19,1560951000,64.83,65.2,64.775,65.08,25092696
2019-06-20,1561037400,65.83,65.855,65.44,65.65,32817375
2019-06-21,1561123800,65.37,65.56,65.32,65.37,25032701
2019-06-24,1561383000,65.56,65.64,65.49,65.51,23238812
2019-06-25,1561469400,65.58,65.6,65.12,65.12,24373010
2019-06-26,1561555800,65.37,65.41,65.2,65.2,13170695
2019-06-27,1561642200,65.37,65.475,65.33,65.36,14439838
2019-06-28,1561728600,65.64,65.8,65.595,65.73,27667856
2019-07-01,1561987800,66.39,66.39,65.88,66.04,25621548
2019-07-02,1562074200,66.17,66.285,66.13,66.23,26045880
2019-07-03,1562160600,66.59,66.72,66.55,66.68,14359264
2019-07-05,1562333400,66.1,66.21,65.76,66.17,21696234
2019-07-08,1562592600,65.8,65.915,65.75,65.79,15839482
2019-07-09,1562679000,65.33,65.54,65.3,65.51,11661803
2019-07-10,1562765400,65.82,65.93,65.62,65.74,15051476
2019-07-11,1562851800,65.87,65.9,65.55,65.72,14023839
2019-07-12,1562938200,65.69,65.8,65.59,65.8,14459455
2019-07-15,1563197400,65.87,65.92,65.76,65.86,12363180
2019-07-16,1563283800,65.67,65.795,65.53,65.59,23641386
2019-07-17,1563370200,65.76,65.76,65.475,65.5,13318810
2019-07-18,1563456600,65.25,65.7,65.18,65.7,18640890
2019-07-19,1563543000,65.67,65.75,65.48,65.51,16908585
2019-07-22,1563802200,65.6,65.66,65.47,65.58,15203911
2019-07-23,1563888600,65.98,66.05,65.84,65.99,22078431
2019-07-24,1563975000,65.81,66.04,65.8,66.04,11192503
2019-07-25,1564061400,65.84,65.86,65.3,65.37,24288147
2019-07-26,1564147800,65.55,65.6,65.475,65.5,16616458
2019-07-29,1564407000,65.72,65.73,65.53,65.64,11655466
2019-07-30,1564493400,64.9,64.94,64.73,64.88,24945268
2019-07-31,1564579800,64.85,65.04,64,64.45,32619048
2019-08-01,1564666200,64.53,65.065,64.01,64.27,38568616
2019-08-02,1564752600,64.02,64.02,63.445,63.7,37777989
2019-08-05,1565011800,62.78,62.78,61.83,62.11,54766743
2019-08-06,1565098200,62.6,62.685,62.075,62.53,33907436
2019-08-07,1565184600,62.27,62.89,62.09,62.77,41814744
2019-08-08,1565271000,63.02,63.54,62.94,63.38,29156379
2019-08-09,1565357400,63.19,63.24,62.79,62.94,23227434
2019-08-12,1565616600,62.69,62.87,62.33,62.44,21905972
2019-08-13,1565703000,62.32,63.2,62.255,63.03,31648885
2019-08-14,1565789400,61.855,61.94,61.3,61.3,39692920
2019-08-15,1565875800,61.58,61.7,61.26,61.51,40936059
2019-08-16,1565962200,61.86,62.31,61.86,62.25,24168383
2019-08-19,1566221400,62.82,62.85,62.62,62.63,22998617
2019-08-20,1566307800,62.61,62.63,62.34,62.42,21710227
2019-08-21,1566394200,63.1,63.1,62.86,62.86,25971803
2019-08-22,1566480600,62.89,62.97,62.51,62.74,20505139
2019-08-23,1566567000,62.59,63.01,61.95,61.96,34410504
2019-08-26,1566826200,62.59,62.61,62.26,62.47,27780049
2019-08-27,1566912600,62.77,62.82,62.42,62.42,24511516
2019-08-28,1566999000,62.27,62.63,62.09,62.42,25028437
2019-08-29,1567085400,63.02,63.09,62.8,62.96,19046711
2019-08-30,1567171800,63.4,63.42,62.93,63.21,33527319
2019-09-03,1567517400,62.85,63.0971,62.775,63.09,33998210
2019-09-04,1567603800,63.74,63.98,63.66,63.98,25619299
2019-09-05,1567690200,64.43,64.57,64.31,64.32,22265884
2019-09-06,1567776600,64.51,64.6865,64.455,64.53,21338265
2019-09-09,1568035800,64.73,64.74,64.57,64.72,15965667
2019-09-10,1568122200,64.6,64.885,64.47,64.83,19028825
2019-09-11,1568208600,65.02,65.21,64.96,65.19,18413242
2019-09-12,1568295000,65.24,65.655,65.15,65.57,30292241
2019-09-13,1568381400,65.89,66.075,65.8038,65.94,22132249
2019-09-16,1568640600,65.53,65.565,65.31,65.35,31083575
2019-09-17,1568727000,65.25,65.62,65.19,65.57,23845175
2019-09-18,1568813400,65.41,65.575,65.108,65.49,17827646
2019-09-19,1568899800,65.83,65.945,65.685,65.71,19014048
2019-09-20,1568986200,65.79,65.895,65.48,65.56,35976871
2019-09-23,1569245400,65.2,65.44,65.13,65.39,15496953
2019-09-24,1569331800,65.55,65.61,65.1,65.14,32233051
2019-09-25,1569418200,64.79,65.05,64.56,64.95,21345948
2019-09-26,1569504600,65.3,65.35,65.085,65.19,25197227
2019-09-27,1569591000,65.19,65.295,64.835,64.97,20607411
2019-09-30,1569850200,64.97,65.235,64.95,65.21,25428037
2019-10-01,1569936600,65.02,65.07,64.46,64.57,42555667
2019-10-02,1570023000,63.73,63.78,63.1,63.25,44563482
2019-10-03,1570109400,63.26,63.69,62.98,63.67,39613325
2019-10-04,1570195800,63.72,64.2,63.675,64.17,19269604
2019-10-07,1570455000,64.12,64.4054,64.08,64.09,19227966
2019-10-08,1570541400,63.76,63.81,63.44,63.49,28197535
2019-10-09,1570627800,63.92,64.08,63.77,63.95,22989535
2019-10-10,1570714200,63.92,64.43,63.88,64.4,27148076
2019-10-11,1570800600,65.37,65.82,65.37,65.55,37734035
2019-10-14,1571059800,65.24,65.4067,65.2,65.28,12661983
2019-10-15,1571146200,65.56,66.25,65.51,66.04,24972130
2019-10-16,1571232600,66.02,66.29,65.97,66.14,28612748
2019-10-17,1571319000,66.48,66.525,66.13,66.3,26986854
2019-10-18,1571405400,66.21,66.3844,66.01,66.27,21446128
2019-10-21,1571664600,66.71,66.75,66.5926,66.63,29776585
2019-10-22,1571751000,66.68,66.91,66.46,66.47,21757598
2019-10-23,1571837400,66.6,66.83,66.52,66.83,14206222
2019-10-24,1571923800,67.07,67.08,66.82,66.95,23619883
2019-10-25,1572010200,66.76,67.07,66.75,67.02,17184196
2019-10-28,1572269400,67.12,67.34,67.11,67.32,16490582
2019-10-29,1572355800,67.06,67.33,67.03,67.3,15251904
2019-10-30,1572442200,67.24,67.58,66.92,67.58,22592938
2019-10-31,1572528600,67.37,67.42,67.11,67.42,22047932
2019-11-01,1572615000,67.85,68.02,67.805,68.02,32338628
2019-11-04,1572877800,68.48,68.5258,68.23,68.37,20429921
2019-11-05,1572964200,68.29,68.35,68.115,68.24,15727265
2019-11-06,1573050600,68.31,68.38,68.1105,68.21,16600204
2019-11-07,1573137000,68.59,68.64,68.39,68.42,21271515
2019-11-08,1573223400,68.18,68.38,68.03,68.38,10298803
2019-11-11,1573482600,68.02,68.31,68.015,68.29,8543981
2019-11-12,1573569000,68.28,68.455,68.18,68.32,18570140
2019-11-13,1573655400,67.84,68.1168,67.82,68.08,21450061
2019-11-14,1573741800,67.73,67.93,67.66,67.89,17870854
2019-11-15,1573828200,68.05,68.32,68.045,68.32,23494589
2019-11-18,1574087400,68.24,68.46,68.13,68.4,20587473
2019-11-19,1574173800,68.6,68.625,68.22,68.31,18664801
2019-11-20,1574260200,67.94,68.1,67.675,67.88,20655197
2019-11-21,1574346600,67.87,67.9,67.62,67.79,14293408
2019-11-22,1574433000,68.06,68.11,67.82,67.98,14969272
2019-11-25,1574692200,68.28,68.52,68.28,68.52,19329050
2019-11-26,1574778600,68.41,68.54,68.36,68.48,24275969
2019-11-27,1574865000,68.57,68.69,68.535,68.66,16942146
2019-11-29,1575037800,68.22,68.34,68.14,68.18,11587154
2019-12-02,1575297000,68.1,68.14,67.53,67.83,38855444
2019-12-03,1575383400,67.23,67.62,67.02,67.58,28464655
2019-12-04,1575469800,68,68.21,67.94,68.2,21762240
2019-12-05,1575556200,68.24,68.24,67.96,68.07,21039738
2019-12-06,1575642600,68.62,68.71,68.545,68.69,23179576
2019-12-09,1575901800,68.57,68.68,68.33,68.33,22138523
2019-12-10,1575988200,68.26,68.5,68.14,68.36,23419017
2019-12-11,1576074600,68.39,68.79,68.37,68.72,16548095
2019-12-12,1576161000,68.64,69.25,68.6,69.18,30690885
2019-12-13,1576247400,69.56,69.98,69.4,69.66,47204040
2019-12-16,1576506600,69.6,69.71,69.51,69.62,34004718
2019-12-17,1576593000,69.3,69.4,69.22,69.22,28111107
2019-12-18,1576679400,69.14,69.205,69.01,69.13,18590907
2019-12-19,1576765800,68.99,69.15,68.93,69.13,25939214
2019-12-20,1576852200,69.29,69.32,69.16,69.18,38587670
2019-12-23,1577111400,69.24,69.33,69.18,69.29,21313752
2019-12-24,1577197800,69.28,69.28,69.16,69.22,5946978
2019-12-26,1577370600,69.35,69.54,69.27,69.52,8372029
2019-12-27,1577457000,69.84,69.85,69.59,69.64,16281620
2019-12-30,1577716200,69.76,69.77,69.1,69.12,24174082
2019-12-31,1577802600,69.19,69.48,68.97,69.44,20142197
2020-01-02,1577975400,69.96,70.16,69.84,70.14,24749340
2020-01-03,1578061800,69.19,69.7,69.19,69.27,29921485
2020-01-06,1578321000,69.16,69.57,69.15,69.54,22637729
2020-01-07,1578407400,69.52,69.54,69.3,69.35,15113973
2020-01-08,1578493800,69.27,69.74,69.26,69.55,14249539
2020-01-09,1578580200,69.68,69.75,69.54,69.71,13749106
2020-01-10,1578666600,69.66,69.78,69.37,69.45,33832297
2020-01-13,1578925800,69.51,69.85,69.37,69.81,16443013
2020-01-14,1579012200,69.68,70,69.67,69.88,28826589
2020-01-15,1579098600,69.82,69.99,69.785,69.88,12217902
2020-01-16,1579185000,69.99,70.2,69.91,70.17,12883355
2020-01-17,1579271400,70.36,70.42,70.21,70.38,18473662
2020-01-21,1579617000,70.06,70.135,69.81,69.82,20026637
2020-01-22,1579703400,70.14,70.16,69.91,69.96,14047049
2020-01-23,1579789800,69.7,69.865,69.36,69.79,18720159
2020-01-24,1579876200,70.08,70.08,69.37,69.49,24107499
2020-01-27,1580135400,68.15,68.42,68.045,68.05,32766676
2020-01-28,1580221800,68.36,68.74,68.26,68.69,18001717
2020-01-29,1580308200,68.82,68.93,68.602,68.7,14916566
2020-01-30,1580394600,68.15,68.67,67.98,68.64,26285273
2020-01-31,1580481000,68,68.025,67.26,67.48,40101751
2020-02-03,1580740200,67.67,67.99,67.6,67.64,35287955
2020-02-04,1580826600,68.66,68.87,68.59,68.77,32540443
2020-02-05,1580913000,69.43,69.48,69.2,69.43,28162052
2020-02-06,1580999400,69.64,69.68,69.495,69.62,23422500
2020-02-07,1581085800,69.21,69.25,68.94,68.96,22188193
2020-02-10,1581345000,68.85,69.13,68.85,69.1,13957642
2020-02-11,1581431400,69.58,69.71,69.43,69.57,16040607
2020-02-12,1581517800,69.8,69.86,69.675,69.81,13218278
2020-02-13,1581604200,69.18,69.51,69.095,69.32,20113118
2020-02-14,1581690600,69.31,69.33,69.0249,69.2,15005054
2020-02-18,1582036200,68.7,68.9,68.6239,68.76,29201879
2020-02-19,1582122600,69,69.11,68.945,68.99,16232741
2020-02-20,1582209000,68.72,68.8739,68.195,68.58,24607671
2020-02-21,1582295400,68.36,68.4185,68.06,68.26,24362203
2020-02-24,1582554600,65.505,66.03,65.5,65.53,51653507
2020-02-25,1582641000,65.83,65.885,64.35,64.45,55520201
2020-02-26,1582727400,65,65.4282,64.48,64.53,64966061
2020-02-27,1582813800,63.51,64.2,62.59,62.62,80201527
2020-02-28,1582900200,61.26,62.35,60.67,62.24,122982134
2020-03-02,1583159400,62.23,63.165,61.705,63.04,78735871
2020-03-03,1583245800,63.57,64.27,62.05,62.53,77691699
2020-03-04,1583332200,63.63,64.465,63.1,64.4,41681742
2020-03-05,1583418600,62.96,63.37,62.41,62.69,46293961
2020-03-06,1583505000,61.56,62.1,61.155,61.75,64277168
2020-03-09,1583760600,57.63,58.805,56.76,56.96,68430953
2020-03-10,1583847000,59.2,59.37,57.19,59.06,110061559
2020-03-11,1583933400,57.54,57.69,55.685,56.05,77459354
2020-03-12,1584019800,51.8,51.96,49.205,49.89,91385077
2020-03-13,1584106200,53.12,53.3,49.77,52.91,73588661
2020-03-16,1584365400,46.59,49.07,45.77,47.45,54122738
2020-03-17,1584451800,48.12,49.9,47.36,49.76,55045371
2020-03-18,1584538200,46.68,48.1199,45.725,46.91,74919721
2020-03-19,1584624600,46.86,48.7,46.461,47.64,65863066
2020-03-20,1584711000,48.87,49.39,47,47.05,62802952
2020-03-23,1584970200,47.34,47.63,46.185,46.5,61707994
2020-03-24,1585056600,50.03,50.81,49.425,50.44,51118527
2020-03-25,1585143000,51,52.91,50.28,52.08,60405623
2020-03-26,1585229400,52.38,54.495,52.38,54.41,60512012
2020-03-27,1585315800,52.44,53.735,52.04,52.86,53372467
2020-03-30,1585575000,53.05,53.97,52.7,53.93,45987853
2020-03-31,1585661400,53.09,53.9401,52.795,53.46,64906553
2020-04-01,1585747800,51.73,52.265,51.05,51.09,40960304
2020-04-02,1585834200,51.17,52.295,51.01,52.09,38008679
2020-04-03,1585920600,51.26,51.47,50.585,50.9,33029767
2020-04-06,1586179800,52.75,53.8,52.59,53.6,42257575
2020-04-07,1586266200,55.42,55.49,53.8,53.9,36677992
2020-04-08,1586352600,54.05,54.58,53.595,54.34,35282887
2020-04-09,1586439000,55.18,55.77,55,55.57,42219304
2020-04-13,1586784600,55.4,55.49,54.62,55.04,33424732
2020-04-14,1586871000,55.92,56.43,55.81,56.02,36915627
2020-04-15,1586957400,54.45,54.6967,54.12,54.27,30158742
2020-04-16,1587043800,54.48,54.555,53.7768,54.3,37284254
2020-04-17,1587130200,55.6,55.81,55.115,55.74,36205112
2020-04-20,1587389400,55.06,55.765,54.9,54.91,25077408
2020-04-21,1587475800,54.1,54.515,53.67,53.84,35535308
2020-04-22,1587562200,54.76,54.87,54.51,54.75,28732720
2020-04-23,1587648600,54.86,55.65,54.45,54.58,34733569
2020-04-24,1587735000,54.99,55.26,54.57,55.21,30445130
2020-04-27,1587994200,55.58,56.07,55.49,55.94,30786875
2020-04-28,1588080600,57.08,57.095,56.32,56.36,35115375
2020-04-29,1588167000,57.54,57.97,57.41,57.77,34917827
2020-04-30,1588253400,56.99,57.09,56.26,56.57,52183151
2020-05-01,1588339800,55.73,55.81,55.11,55.34,32088400
2020-05-04,1588599000,54.92,55.325,54.7,55.32,23432002
2020-05-05,1588685400,55.73,55.935,55.33,55.42,23459038
2020-05-06,1588771800,55.85,55.89,55.06,55.06,22595964
2020-05-07,1588858200,55.87,56.16,55.62,55.89,30628732
2020-05-08,1588944600,56.58,56.85,56.49,56.84,20445849
2020-05-11,1589203800,56.5,56.95,56.41,56.79,30772319
2020-05-12,1589290200,56.96,57.02,56.07,56.07,59246699
2020-05-13,1589376600,56.41,56.42,55.365,55.64,31920261
2020-05-14,1589463000,54.35,55.185,54.01,55.11,41217452
2020-05-15,1589549400,55.04,55.38,54.795,55.16,34085992
2020-05-18,1589808600,56.56,57.52,56.525,57.39,39999479
2020-05-19,1589895000,56.97,57.225,56.59,56.6,31462547
2020-05-20,1589981400,57.68,58.055,57.55,57.78,32827614
2020-05-21,1590067800,57.59,57.745,56.94,57.11,27554376
2020-05-22,1590154200,56.83,56.99,56.58,56.95,27513051
2020-05-26,1590499800,58.69,58.91,58.54,58.58,46679704
2020-05-27,1590586200,59.31,59.34,58.67,59.29,33723366
2020-05-28,1590672600,60.06,60.52,59.82,59.85,40631262
2020-05-29,1590759000,59.76,59.795,59.005,59.64,47666519
2020-06-01,1591018200,60.13,60.99,60.08,60.97,30195251
2020-06-02,1591104600,61.34,61.66,61.25,61.54,31662989
2020-06-03,1591191000,62.32,63.19,62.3,63.01,29773131
2020-06-04,1591277400,62.61,63.12,62.57,62.74,26190309
2020-06-05,1591363800,63.98,64.32,63.7,63.82,31208089
2020-06-08,1591623000,64.17,64.66,63.79,64.65,29643976
2020-06-09,1591709400,63.54,64.03,63.445,63.81,30176548
2020-06-10,1591795800,64.04,64.225,63.43,63.67,27492200
2020-06-11,1591882200,61.98,62.18,60.13,60.26,54699705
2020-06-12,1591968600,61.86,62.005,60.44,61.3,57668894
2020-06-15,1592227800,59.32,60.84,59.13,60.69,30698711
2020-06-16,1592314200,61.9,62.02,60.76,61.44,37029429
2020-06-17,1592400600,61.92,62.015,61.49,61.67,26238324
2020-06-18,1592487000,61.17,61.55,61.05,61.34,20035837
2020-06-19,1592573400,62.04,62.06,60.945,61.04,32270802
2020-06-22,1592832600,61.45,61.85,61.21,61.77,20742984
2020-06-23,1592919000,62.49,62.61,62.04,62.11,20897849
2020-06-24,1593005400,61.39,61.525,60.34,60.52,34030902
2020-06-25,1593091800,60.58,61.44,60.3,61.38,26357131
2020-06-26,1593178200,61.23,61.29,60.4,60.49,32279266
2020-06-29,1593437400,60.79,61.095,60.44,60.98,23749698
2020-06-30,1593523800,60.55,61.1,60.45,60.87,32612947
2020-07-01,1593610200,60.8,61.29,60.75,61.1,25243124
2020-07-02,1593696600,61.95,62.2599,61.68,61.77,20854116
2020-07-06,1594042200,62.7,62.89,62.45,62.78,21537069
2020-07-07,1594128600,62.21,62.48,61.84,61.86,17394207
2020-07-08,1594215000,61.87,62.41,61.76,62.38,17363418
2020-07-09,1594301400,62.29,62.3,61.2513,61.67,26098367
2020-07-10,1594387800,61.92,62.36,61.73,62.33,22008832
2020-07-13,1594647000,62.675,63.03,61.835,61.93,20515540
2020-07-14,1594733400,62.05,62.91,61.975,62.84,35121295
2020-07-15,1594819800,63.79,63.985,63.375,63.55,28888565
2020-07-16,1594906200,63.15,63.405,63.03,63.14,24677179
2020-07-17,1594992600,63.29,63.515,63.125,63.51,19641822
2020-07-20,1595251800,63.51,63.84,63.325,63.82,17995092
2020-07-21,1595338200,64.15,64.32,63.91,63.95,21187103
2020-07-22,1595424600,63.95,64.21,63.84,64.12,18023433
2020-07-23,1595511000,63.97,64.215,63.45,63.61,16080725
2020-07-24,1595597400,63.22,63.46,63.08,63.26,16017873
2020-07-27,1595856600,63.87,64.2,63.81,64.09,16368245
2020-07-28,1595943000,63.75,64.05,63.645,63.68,20470293
2020-07-29,1596029400,63.97,64.46,63.84,64.35,20055938
2020-07-30,1596115800,62.83,63.52,62.31,63.4,24664065
2020-07-31,1596202200,63.01,63.02,61.66,62.05,36002267
2020-08-03,1596461400,62.69,63.27,62.54,63.26,23609711
2020-08-04,1596547800,62.97,63.61,62.94,63.61,16236798
2020-08-05,1596634200,64.09,64.26,63.73,63.82,17909769
2020-08-06,1596720600,63.57,63.99,63.4,63.89,17210476
2020-08-07,1596807000,63.27,63.64,63.2,63.63,14988944
2020-08-10,1597066200,63.68,63.85,63.47,63.84,10049034
2020-08-11,1597152600,64.93,64.9745,64.02,64.07,31465511
2020-08-12,1597239000,65.35,65.76,65.255,65.49,28638495
2020-08-13,1597325400,65.41,65.58,65.01,65.2,17783143
2020-08-14,1597411800,64.74,64.935,64.62,64.8,10874170
2020-08-17,1597671000,65.11,65.32,65.1,65.29,11429929
2020-08-18,1597757400,65.53,65.62,65.06,65.25,23832720
2020-08-19,1597843800,65.54,65.62,64.92,64.96,15591900
2020-08-20,1597930200,64.35,64.8601,64.29,64.75,19825871
2020-08-21,1598016600,64.01,64.43,63.98,64.42,15926466
2020-08-24,1598275800,65.39,65.4,65.001,65.27,14627711
2020-08-25,1598362200,65.63,65.64,64.96,65.31,18507532
2020-08-26,1598448600,65.34,65.77,65.26,65.69,19549764
2020-08-27,1598535000,65.73,65.76,64.78,65.02,24413907
2020-08-28,1598621400,65.41,65.51,65.06,65.48,15197286
2020-08-31,1598880600,65.31,65.52,64.95,64.98,24929910
2020-09-01,1598967000,65.02,65.18,64.76,65.05,23945546
2020-09-02,1599053400,65.52,65.97,65.27,65.92,20748359
2020-09-03,1599139800,65.71,65.765,64.16,64.43,43834315
2020-09-04,1599226200,64.69,64.85,63.35,64.52,33992752
2020-09-08,1599571800,63.73,64.27,63.495,63.73,26869621
2020-09-09,1599658200,64.75,65.16,64.63,64.92,23374015
2020-09-10,1599744600,65.27,65.37,64.16,64.16,30361042
2020-09-11,1599831000,64.95,65.135,64.53,64.8,29958948
2020-09-14,1600090200,65.35,65.4482,65.1,65.15,14663452
2020-09-15,1600176600,65.81,65.84,65.43,65.57,17678724
2020-09-16,1600263000,65.76,66.02,65.45,65.57,18052552
2020-09-17,1600349400,65.18,65.68,65.12,65.66,18149744
2020-09-18,1600435800,65.47,65.5,64.91,65.13,27897505
2020-09-21,1600695000,63.51,63.56,62.8,63.48,39928757
2020-09-22,1600781400,63.48,63.55,62.885,63.46,15810817
2020-09-23,1600867800,63.84,63.88,62.86,62.93,18325764
2020-09-24,1600954200,62.77,63.2786,62.45,62.87,25234863
2020-09-25,1601040600,62.33,63.1,62.14,63.08,24180728
2020-09-28,1601299800,63.89,64.05,63.775,64.03,18102732
2020-09-29,1601386200,64.03,64.23,63.72,63.96,16168285
2020-09-30,1601472600,63.72,64.13,63.425,63.65,37083004
2020-10-01,1601559000,64,64.07,63.64,64.02,33266740
2020-10-02,1601645400,63.24,64.045,63.2,63.89,25285542
2020-10-05,1601904600,64.41,64.88,64.39,64.86,14564076
2020-10-06,1601991000,64.91,64.95,64.04,64.17,22901394
2020-10-07,1602077400,64.62,64.805,64.49,64.72,17055532
2020-10-08,1602163800,65.01,65.19,64.94,65.17,13385039
2020-10-09,1602250200,65.51,65.725,65.42,65.68,22181578
2020-10-12,1602509400,65.83,66.11,65.765,66.06,9676136
2020-10-13,1602595800,65.52,65.52,65.19,65.32,16260531
2020-10-14,1602682200,65.53,65.64,65.15,65.21,13143984
2020-10-15,1602768600,63.94,64.5,63.915,64.44,20631772
2020-10-16,1602855000,64.65,65.02,64.595,64.74,15792590
2020-10-19,1603114200,65.09,65.17,64.42,64.5,14736365
2020-10-20,1603200600,64.97,65.18,64.805,64.82,23267761
2020-10-21,1603287000,64.715,65.04,64.49,64.51,21699072
2020-10-22,1603373400,64.44,64.665,64.1028,64.56,20533741
2020-10-23,1603459800,64.95,64.98,64.58,64.98,19334179
2020-10-26,1603719000,64.16,64.24,63.4232,63.81,17745738
2020-10-27,1603805400,63.7,63.725,63.22,63.31,19616919
2020-10-28,1603891800,61.91,62.04,61.365,61.42,36129892
2020-10-29,1603978200,61.46,61.91,61.14,61.71,30898366
2020-10-30,1604064600,61.44,61.53,60.97,61.39,35889935
2020-11-02,1604327400,62.08,62.235,61.765,62.19,24387195
2020-11-03,1604413800,63.41,64.05,63.33,63.82,26474529
2020-11-04,1604500200,64.1,65.07,63.84,64.52,26488776
2020-11-05,1604586600,66.01,66.185,65.67,66.07,28527052
2020-11-06,1604673000,66.315,66.49,66.095,66.21,21980113
2020-11-09,1604932200,69.36,69.38,68.12,68.14,43606535
2020-11-10,1605018600,68.73,69.12,68.55,68.75,37172597
2020-11-11,1605105000,69.24,69.375,69.045,69.33,16611402
2020-11-12,1605191400,68.75,68.97,68.16,68.32,24076685
2020-11-13,1605277800,68.75,69.41,68.72,69.37,21598138
2020-11-16,1605537000,70.07,70.14,69.71,70.09,20294630
2020-11-17,1605623400,69.84,70.2199,69.66,70.02,18574518
2020-11-18,1605709800,70.13,70.35,69.65,69.65,15018046
2020-11-19,1605796200,69.64,70.19,69.515,70.14,24048013
2020-11-20,1605882600,70.12,70.44,70.05,70.35,18571956
2020-11-23,1606141800,70.6,70.685,70.01,70.26,14340286
2020-11-24,1606228200,70.91,71.38,70.83,71.31,23399355
2020-11-25,1606314600,70.89,71.4,70.755,71.22,19214874
2020-11-27,1606487400,71.38,71.77,71.37,71.71,11839131
2020-11-30,1606746600,71.46,71.53,70.09,70.15,46146551
2020-12-01,1606833000,71.34,71.86,71.3,71.8,29860465
2020-12-02,1606919400,71.45,71.88,71.4,71.81,20864720
2020-12-03,1607005800,72.06,72.265,71.805,71.93,16572665
2020-12-04,1607092200,72.34,72.555,72.31,72.54,18956071
2020-12-07,1607351400,72.02,72.22,71.78,71.95,19537682
2020-12-08,1607437800,71.78,72.24,71.78,72.2,12428127
2020-12-09,1607524200,72.64,72.64,71.84,72.3,18354988
2020-12-10,1607610600,71.91,72.555,71.91,72.4,20871314
2020-12-11,1607697000,71.96,72.19,71.75,72.18,21811995
2020-12-14,1607956200,71.96,72.065,71.48,71.53,26176419
2020-12-15,1608042600,71.82,72.31,71.705,72.26,24075665
2020-12-16,1608129000,72.37,72.62,72.15,72.54,15616664
2020-12-17,1608215400,73.17,73.275,72.98,73.05,18633257
2020-12-18,1608301800,73,73.02,72.555,72.67,27367942
2020-12-21,1608561000,70.89,71.91,70.67,71.74,31487981
2020-12-22,1608647400,71.59,71.665,71.34,71.56,20357177
2020-12-23,1608733800,72.17,72.44,72.11,72.33,13577269
2020-12-24,1608820200,72.3,72.435,72.19,72.36,7252936
2020-12-28,1609165800,73.12,73.15,72.85,72.95,11142205
2020-12-29,1609252200,73.8,73.855,73.32,73.42,17541468
2020-12-30,1609338600,73.81,74,73.47,73.52,15147063
2020-12-31,1609425000,73.44,73.45,72.79,72.96,34218476
2021-01-04,1609770600,74.39,74.42,73.05,73.34,26703647
2021-01-05,1609857000,73.58,74.28,73.52,74.1,19748485
2021-01-06,1609943400,74.3,75.32,74.22,74.95,25426945
2021-01-07,1610029800,74.85,75.14,74.78,75.03,18783725
2021-01-08,1610116200,75.58,75.73,74.95,75.73,25272172
2021-01-11,1610375400,74.35,74.96,74.33,74.74,23190793
2021-01-12,1610461800,74.68,75.13,74.47,75.08,20913983
2021-01-13,1610548200,74.96,75.16,74.82,74.98,15580814
2021-01-14,1610634600,75.21,75.75,75.2,75.58,22607523
2021-01-15,1610721000,74.61,74.7599,73.965,74.4,27355929
2021-01-19,1611066600,74.97,75.02,74.63,74.94,20161868
2021-01-20,1611153000,75.05,75.46,74.905,75.45,14419070
2021-01-21,1611239400,75.5,75.565,75.0407,75.51,20547435
2021-01-22,1611325800,74.86,75.28,74.83,75.15,18854749
2021-01-25,1611585000,74.58,75.07,74.14,75.06,21748108
2021-01-26,1611671400,75.17,75.265,74.9,75.17,14175190
2021-01-27,1611757800,73.79,74.23,73.18,73.45,31244661
2021-01-28,1611844200,73.64,74.34,73.57,73.92,26658603
2021-01-29,1611930600,73.04,73.255,72,72.39,42149525
2021-02-01,1612189800,73.28,73.325,72.925,73.25,23243925
2021-02-02,1612276200,73.65,74.05,73.4705,73.99,20388457
2021-02-03,1612362600,74.02,74.21,73.81,74.17,11344608
2021-02-04,1612449000,73.89,74.25,73.8193,74.25,10500251
2021-02-05,1612535400,74.61,74.75,74.315,74.71,10955566
2021-02-08,1612794600,75.25,75.433,75.03,75.23,16405643
2021-02-09,1612881000,75.34,75.695,75.26,75.64,16337595
2021-02-10,1612967400,75.87,75.93,75.065,75.38,15402789
2021-02-11,1613053800,75.79,75.9,75.495,75.89,12314125
2021-02-12,1613140200,75.68,76.35,75.67,76.31,11946762
2021-02-16,1613485800,76.99,77.17,76.72,76.86,20225649
2021-02-17,1613572200,76.3,76.53,76.01,76.41,19222075
2021-02-18,1613658600,75.85,76.085,75.49,76.03,19191749
2021-02-19,1613745000,76.34,76.59,76.14,76.25,14962574
2021-02-22,1614004200,76.02,76.5201,75.97,76.06,19515828
2021-02-23,1614090600,75.97,76.3699,75.3,76.13,25014456
2021-02-24,1614177000,75.66,76.45,75.47,76.37,21877579
2021-02-25,1614263400,76.5,76.68,74.94,75.07,36921812
2021-02-26,1614349800,74.86,74.86,73.96,74.01,48798058
2021-03-01,1614609000,74.9,75.461,74.86,75.4,24269364
2021-03-02,1614695400,75.34,75.58,75.11,75.32,22204887
2021-03-03,1614781800,75.09,75.41,74.75,74.86,20856074
2021-03-04,1614868200,74.93,75.24,73.725,74.15,34648554
2021-03-05,1614954600,74.61,74.75,73.56,74.63,29694166
2021-03-08,1615213800,74.32,74.9,74.14,74.37,25081049
2021-03-09,1615300200,75.18,75.52,75.06,75.37,19060262
2021-03-10,1615386600,75.7,75.79,75.335,75.69,19467435
2021-03-11,1615473000,75.93,76.22,75.75,76.09,15485310
2021-03-12,1615559400,75.68,76.31,75.65,76.28,16342490
2021-03-15,1615815000,76.17,76.38,75.72,76.34,17320131
2021-03-16,1615901400,76.52,76.585,76.34,76.47,16662642
2021-03-17,1615987800,76.21,77.01,76.115,76.92,16305003
2021-03-18,1616074200,76.54,77.055,76.21,76.22,23177378
2021-03-19,1616160600,76.21,76.51,75.765,76.43,31465034
2021-03-22,1616419800,76.3,76.69,76.24,76.5,27978207
2021-03-23,1616506200,75.98,76.09,75.34,75.44,22514227
2021-03-24,1616592600,75.23,75.59,75.05,75.06,20717029
2021-03-25,1616679000,75,75.66,74.835,75.62,25182994
2021-03-26,1616765400,75.88,76.62,75.87,76.6,27381788
2021-03-29,1617024600,76.14,76.43,75.92,76.3,18381641
2021-03-30,1617111000,75.885,76.265,75.81,76.2,15377434
2021-03-31,1617197400,75.88,76.23,75.82,75.87,32191645
2021-04-01,1617283800,76.26,76.93,76.21,76.86,26312628
2021-04-05,1617629400,77.49,78.05,77.36,77.98,20340483
2021-04-06,1617715800,77.05,77.27,76.96,77.15,18995856
2021-04-07,1617802200,77.17,77.42,77.11,77.31,14349383
2021-04-08,1617888600,77.66,77.87,77.515,77.75,15502521
2021-04-09,1617975000,77.69,78.05,77.69,77.99,16330472
2021-04-12,1618234200,77.67,77.74,77.44,77.56,13729452
2021-04-13,1618320600,77.67,78.03,77.62,78.01,12712490
2021-04-14,1618407000,78.05,78.35,78,78.07,13079217
2021-04-15,1618493400,78.56,78.75,78.485,78.72,20480136
2021-04-16,1618579800,79.02,79.31,78.895,79.29,17058698
2021-04-19,1618839000,79.37,79.42,78.935,79.15,15206779
2021-04-20,1618925400,78.24,78.33,77.55,77.73,29570130
2021-04-21,1619011800,77.58,78.56,77.56,78.53,15615644
2021-04-22,1619098200,78.71,78.7758,78.14,78.27,22677843
2021-04-23,1619184600,78.55,79.23,78.53,79.07,18608915
2021-04-26,1619443800,79.1,79.23,78.995,79.13,14052118
2021-04-27,1619530200,78.74,78.93,78.635,78.87,13612223
2021-04-28,1619616600,78.81,79.26,78.74,79.07,14288614
2021-04-29,1619703000,79.34,79.38,78.6101,79.1,16410849
2021-04-30,1619789400,78.62,78.75,77.83,78.11,28951410
2021-05-03,1620048600,78.75,79.06,78.57,78.97,21382184
2021-05-04,1620135000,78.11,78.305,77.41,77.8,29144870
2021-05-05,1620221400,78.65,79.025,78.65,78.86,12137304
2021-05-06,1620307800,78.96,79.54,78.7099,79.51,21533140
2021-05-07,1620394200,79.65,80.45,79.57,80.41,23316018
2021-05-10,1620653400,80.67,80.67,79.92,79.98,16927516
2021-05-11,1620739800,78.5299,79.11,78.415,78.93,34624606
2021-05-12,1620826200,78.39,78.74,77.51,77.67,32608193
2021-05-13,1620912600,77.69,78.42,77.66,78.25,36208765
2021-05-14,1620999000,79.01,79.64,78.96,79.56,18601673
2021-05-17,1621258200,79.1,79.42,79.03,79.41,16699468
2021-05-18,1621344600,80.04,80.065,79.58,79.58,16526922
2021-05-19,1621431000,78.59,79.19,78.215,78.88,30391735
2021-05-20,1621517400,79.39,80.045,79.365,79.92,21650323
2021-05-21,1621603800,80.18,80.21,79.76,80.03,26751581
2021-05-24,1621863000,80.25,80.62,80.195,80.52,12267905
2021-05-25,1621949400,80.77,80.84,80.41,80.54,14338912
2021-05-26,1622035800,80.45,80.63,80.35,80.49,12731980
2021-05-27,1622122200,80.62,80.785,80.4,80.64,16211246
2021-05-28,1622208600,80.8449,81.145,80.79,80.83,21449526
2021-06-01,1622554200,81.5,81.52,81.02,81.12,27524173
2021-06-02,1622640600,81.27,81.51,81.16,81.39,13561215
2021-06-03,1622727000,80.96,81.09,80.7473,80.99,16987610
2021-06-04,1622813400,81.53,81.74,81.4,81.68,13335268
2021-06-07,1623072600,81.87,81.99,81.765,81.95,16739045
2021-06-08,1623159000,82.03,82.11,81.77,81.91,13218657
2021-06-09,1623245400,81.88,81.94,81.61,81.69,20203677
2021-06-10,1623331800,80.67,80.95,80.585,80.81,16555151
2021-06-11,1623418200,80.91,81.06,80.69,81,12864847
2021-06-14,1623677400,80.93,81.16,80.88,81.14,17044422
2021-06-15,1623763800,81.21,81.27,81.068,81.24,17729156
2021-06-16,1623850200,81.31,81.399,80.47,80.74,21706657
2021-06-17,1623936600,80.22,80.39,79.799,80.18,27756298
2021-06-18,1624023000,78.73,78.93,78.43,78.52,36755070
2021-06-21,1624282200,78.87,79.595,78.75,79.55,20227954
2021-06-22,1624368600,79.32,79.75,79.145,79.56,14010211
2021-06-23,1624455000,79.47,79.53,78.93,79.05,17074600
2021-06-24,1624541400,79.64,79.85,79.59,79.81,19833278
2021-06-25,1624627800,79.99,80.05,79.83,79.98,12418788
2021-06-28,1624887000,79.7,79.76,79.36,79.47,26952934
2021-06-29,1624973400,79.63,79.68,79.39,79.49,9357471
2021-06-30,1625059800,78.76,79.06,78.55,78.88,33578498
2021-07-01,1625146200,78.89,79.12,78.7,79.07,28075377
2021-07-02,1625232600,79.08,79.36,78.88,79.34,13712695
2021-07-06,1625578200,79.38,79.4,78.54,78.82,21289842
2021-07-07,1625664600,79.16,79.35,78.825,79.25,21686378
2021-07-08,1625751000,77.98,78.37,77.75,78.23,24175766
2021-07-09,1625837400,79.05,79.61,78.97,79.56,35200097
2021-07-12,1626096600,79.58,79.94,79.51,79.9,11995809
2021-07-13,1626183000,79.61,79.785,79.36,79.48,15689509
2021-07-14,1626269400,79.82,79.835,79.56,79.66,14023618
2021-07-15,1626355800,78.9,79.095,78.6,78.9,21637942
2021-07-16,1626442200,78.85,78.895,78.18,78.32,23034068
2021-07-19,1626701400,77.09,77.23,76.4826,76.9,44844761
2021-07-20,1626787800,76.72,77.61,76.62,77.46,30309905
2021-07-21,1626874200,78.01,78.69,77.965,78.64,22928639
2021-07-22,1626960600,78.93,78.97,78.48,78.67,15873999
2021-07-23,1627047000,79.19,79.37,79.03,79.22,16550608
2021-07-26,1627306200,79.07,79.36,79.065,79.33,14870857
2021-07-27,1627392600,78.97,79.065,78.6345,79.01,20952481
2021-07-28,1627479000,79.0201,79.5,78.89,79.35,19700643
2021-07-29,1627565400,80.01,80.12,79.88,79.9,23670010
2021-07-30,1627651800,79.59,79.84,79.33,79.49,23997146
2021-08-02,1627911000,80.14,80.28,79.74,79.89,25363951
2021-08-03,1627997400,80.23,80.48,79.9,80.46,19028085
2021-08-04,1628083800,80.51,80.645,80.195,80.22,12851997
2021-08-05,1628170200,80.63,80.705,80.52,80.61,11868871
2021-08-06,1628256600,80.43,80.52,80.18,80.31,10892493
2021-08-09,1628515800,80.33,80.38,80.18,80.27,7896971
2021-08-10,1628602200,80.27,80.45,80.22,80.45,10438207
2021-08-11,1628688600,80.93,81.045,80.76,81,14996095
2021-08-12,1628775000,80.83,80.96,80.67,80.93,12443220
2021-08-13,1628861400,81.19,81.45,81.12,81.42,14590414
2021-08-16,1629120600,80.79,81.01,80.53,81,19192313
2021-08-17,1629207000,80.24,80.42,79.885,80.24,23555082
2021-08-18,1629293400,80.22,80.53,79.92,79.93,16384696
2021-08-19,1629379800,78.89,79.35,78.85,79.14,30515332
2021-08-20,1629466200,78.91,79.47,78.82,79.45,15774382
2021-08-23,1629725400,79.88,80.2757,79.85,80.19,22524751
2021-08-24,1629811800,80.16,80.49,80.085,80.36,13722869
2021-08-25,1629898200,80.28,80.47,80.15,80.39,12891622
2021-08-26,1629984600,80.13,80.235,79.845,79.97,16927885
2021-08-27,1630071000,79.99,80.77,79.96,80.7,24935784
2021-08-30,1630330200,80.67,80.795,80.56,80.68,8142005
2021-08-31,1630416600,80.82,80.835,80.485,80.64,18738357
2021-09-01,1630503000,81.26,81.59,81.21,81.37,30472118
2021-09-02,1630589400,81.71,81.88,81.615,81.7,13827383
2021-09-03,1630675800,81.8,82.18,81.69,82.07,16304812
2021-09-07,1631021400,82.2,82.2858,82.08,82.13,13967804
2021-09-08,1631107800,81.78,81.92,81.345,81.48,22764253
2021-09-09,1631194200,81.45,81.76,81.265,81.34,18963289
2021-09-10,1631280600,81.92,81.98,81.135,81.16,26709850
2021-09-13,1631539800,81.95,81.96,81.52,81.8,22335031
2021-09-14,1631626200,82.04,82.05,81.38,81.46,19177735
2021-09-15,1631712600,81.38,81.71,81.215,81.7,26233845
2021-09-16,1631799000,81.35,81.59,81.13,81.57,25765461
2021-09-17,1631885400,81.07,81.21,80.2307,80.5,37070619
2021-09-20,1632144600,78.74,79.2,78.33,79.01,45028031
2021-09-21,1632231000,80.08,80.205,79.68,79.79,37472273
2021-09-22,1632317400,80.18,80.8,80.12,80.19,28718448
2021-09-23,1632403800,80.82,81.22,80.77,81.06,31257838
2021-09-24,1632490200,80.22,80.495,80.17,80.3,20066290
2021-09-27,1632749400,80.07,80.335,79.97,80.25,15526483
2021-09-28,1632835800,79.04,79.08,78.235,78.5,48064905
2021-09-29,1632922200,78.71,78.76,78.235,78.32,31733170
2021-09-30,1633008600,78.4,78.52,77.815,78.01,39507830
2021-10-01,1633095000,78.05,78.38,77.495,78.2,44524874
2021-10-04,1633354200,77.96,78.055,77.1,77.38,32751440
2021-10-05,1633440600,77.55,78.19,77.46,77.91,25903323
2021-10-06,1633527000,76.65,77.43,76.43,77.39,36917249
2021-10-07,1633613400,77.81,78.31,77.8,77.99,19908771
2021-10-08,1633699800,78.19,78.25,77.84,77.98,23628681
2021-10-11,1633959000,78.16,78.4099,77.72,77.73,23542606
2021-10-12,1634045400,77.87,78.04,77.63,77.77,18697377
2021-10-13,1634131800,78.18,78.64,77.995,78.54,23073573
2021-10-14,1634218200,79.29,79.395,79.115,79.32,19304352
2021-10-15,1634304600,79.76,79.995,79.67,79.98,24447249
2021-10-18,1634563800,79.375,79.68,79.235,79.64,19044674
2021-10-19,1634650200,79.95,80.25,79.9,80.12,14648971
2021-10-20,1634736600,80.2,80.5,80.12,80.4,11235452
2021-10-21,1634823000,79.88,80.15,79.84,80.02,16279129
2021-10-22,1634909400,80.37,80.66,80.15,80.5,22173472
2021-10-25,1635168600,80.29,80.475,80.06,80.34,13658063
2021-10-26,1635255000,80.83,80.83,80.385,80.5,10552886
2021-10-27,1635341400,80.51,80.63,80.16,80.18,18448990
2021-10-28,1635427800,80.57,81.02,80.545,80.96,15260158
2021-10-29,1635514200,80.27,80.55,80.19,80.49,25406922
2021-11-01,1635773400,80.95,81.3,80.79,81.27,20337367
2021-11-02,1635859800,81.03,81.21,80.98,81.1,10184524
2021-11-03,1635946200,81.07,81.79,80.935,81.76,14911042
2021-11-04,1636032600,81.53,81.71,81.35,81.71,14083257
2021-11-05,1636119000,81.7,81.83,81.48,81.83,15593634
2021-11-08,1636381800,81.87,82,81.73,81.82,9065882
2021-11-09,1636468200,81.87,81.92,81.39,81.64,16011232
2021-11-10,1636554600,81.3,81.445,80.54,80.65,21546839
2021-11-11,1636641000,81.06,81.155,80.89,80.94,9264672
2021-11-12,1636727400,81.21,81.435,81.1,81.38,14818193
2021-11-15,1636986600,81.58,81.595,81.18,81.23,14064487
2021-11-16,1637073000,81.22,81.31,81.02,81.05,12167887
2021-11-17,1637159400,80.88,81.03,80.795,80.95,10415457
2021-11-18,1637245800,80.94,81.08,80.65,81.03,13236766
2021-11-19,1637332200,80.59,80.67,80.29,80.34,20761894
2021-11-22,1637591400,80.23,80.47,79.85,79.87,17802350
2021-11-23,1637677800,79.7,79.985,79.37,79.79,26736819
2021-11-24,1637764200,78.66,79.27,78.62,79.26,20238670
2021-11-26,1637937000,77.73,77.82,76.86,77.13,37775956
2021-11-29,1638196200,77.74,77.81,77.165,77.52,31913736
2021-11-30,1638282600,77.35,77.59,76.17,76.84,52770833
2021-12-01,1638369000,77.89,78.25,76.39,76.4,43889848
2021-12-02,1638455400,76.88,77.59,76.8,77.35,42264474
2021-12-03,1638541800,77.6,77.7,76.57,77.03,46147538
2021-12-06,1638801000,77.55,77.92,77.28,77.77,30884294
2021-12-07,1638887400,78.77,79.43,78.77,79.41,28244903
2021-12-08,1638973800,79.47,79.68,79.28,79.56,21619354
2021-12-09,1639060200,79.04,79.13,78.84,78.9,32026524
2021-12-10,1639146600,79.04,79.14,78.775,79.07,23412152
2021-12-13,1639405800,77.39,77.485,76.9,76.99,27594691
2021-12-14,1639492200,76.67,76.96,76.24,76.58,30040449
2021-12-15,1639578600,76.79,77.64,76.43,77.62,31109438
2021-12-16,1639665000,78,78.08,77.44,77.63,44621075
2021-12-17,1639751400,77.06,77.25,76.6,76.65,44576390
2021-12-20,1640010600,76.2,76.53,75.995,76.48,26303350
2021-12-21,1640097000,76.85,77.37,76.785,77.33,22744094
2021-12-22,1640183400,77.22,78.1,77.181,78.05,21609744
2021-12-23,1640269800,78.13,78.69,78.12,78.51,28320114
2021-12-27,1640615400,78.55,79.12,78.54,79.12,15220194
2021-12-28,1640701800,79.2,79.39,79.115,79.15,15631429
2021-12-29,1640788200,79.05,79.22,78.925,79.12,15046938
2021-12-30,1640874600,79.0299,79.13,78.69,78.75,20617454
2021-12-31,1640961000,78.74,79.08,78.63,78.68,23252255
2022-01-03,1641220200,79.14,79.225,78.78,79.19,24096854
2022-01-04,1641306600,79.68,79.875,79.43,79.64,24314271
2022-01-05,1641393000,79.94,80.04,78.94,78.94,24704131
2022-01-06,1641479400,78.68,78.92,78.325,78.54,32472902
2022-01-07,1641565800,78.5,78.89,78.2047,78.77,22833936
2022-01-10,1641825000,77.89,78.09,77.36,78.04,45587561
2022-01-11,1641911400,78.09,78.92,77.87,78.89,30847018
2022-01-12,1641997800,79.38,79.72,79.3,79.66,30780776
2022-01-13,1642084200,79.89,79.94,78.9847,79.08,24991175
2022-01-14,1642170600,78.78,79.16,78.505,79,26136544
2022-01-18,1642516200,78.07,78.26,77.66,77.84,37504630
2022-01-19,1642602600,78.23,78.38,77.71,77.77,34437771
2022-01-20,1642689000,78.05,78.45,77.29,77.39,38225469
2022-01-21,1642775400,77.15,77.24,76.21,76.34,60761311
2022-01-24,1643034600,74.91,75.61,73.55,75.58,85538387
2022-01-25,1643121000,74.68,75.63,74.1,75.12,54516769
2022-01-26,1643207400,76.04,76.17,74.455,74.83,55217182
2022-01-27,1643293800,74.97,75.31,74.19,74.48,46256107
2022-01-28,1643380200,73.98,74.74,73.53,74.73,44588290
2022-01-31,1643639400,74.7108,75.86,74.69,75.82,38299151
2022-02-01,1643725800,76.29,76.55,75.75,76.54,53240708
2022-02-02,1643812200,77.16,77.21,76.73,77.11,35225882
2022-02-03,1643898600,76.39,76.65,75.87,75.89,46207232
2022-02-04,1643985000,75.75,76.42,75.52,76.07,32188288
2022-02-07,1644244200,76.13,76.59,76.06,76.2,17045478
2022-02-08,1644330600,76.19,76.7,75.995,76.59,27066924
2022-02-09,1644417000,77.66,77.85,77.52,77.83,26858917
2022-02-10,1644503400,76.72,77.9,76.68,76.84,27349532
2022-02-11,1644589800,76.81,77.11,75.46,75.68,51519530
2022-02-14,1644849000,75.37,75.45,74.67,75.19,45356014
2022-02-15,1644935400,76.08,76.61,75.995,76.57,30223665
2022-02-16,1645021800,76.27,77.02,76.23,76.86,22557599
2022-02-17,1645108200,76.29,76.33,75.59,75.62,34691317
2022-02-18,1645194600,75.66,75.86,75.08,75.3,34752009
2022-02-22,1645540200,74.62,75.05,73.93,74.42,32967631
2022-02-23,1645626600,75.17,75.18,73.66,73.81,39771874
2022-02-24,1645713000,71.11,72.865,70.98,72.82,72044577
2022-02-25,1645799400,73.46,74.675,73.395,74.64,47641877
2022-02-28,1646058600,73.11,74.16,72.88,73.22,50821586
2022-03-01,1646145000,72.91,73.12,71.23,71.62,49003888
2022-03-02,1646231400,72.13,72.725,71.87,72.52,43906031
2022-03-03,1646317800,72.22,72.27,70.88,71.09,44389734
2022-03-04,1646404200,69.11,69.28,68.43,69.03,54470600
2022-03-07,1646663400,68.59,68.7,66.54,66.84,55499402
2022-03-08,1646749800,67.49,68.74,66.55,67.42,56682507
2022-03-09,1646836200,69.54,70.71,69.15,70.24,55555981
2022-03-10,1646922600,69.25,69.86,68.99,69.4,33804185
2022-03-11,1647009000,69.96,70.06,68.545,68.65,32380747
2022-03-14,1647264600,69.69,70.17,69.14,69.28,32048232
2022-03-15,1647351000,69.65,70.1,69.31,69.94,36961361
2022-03-16,1647437400,71.4,72.5,70.78,72.45,44821461
2022-03-17,1647523800,72.14,73.21,72.08,73.06,35025612
2022-03-18,1647610200,72.45,73.83,72.32,73.77,36684059
2022-03-21,1647869400,73.56,73.72,72.93,73.31,29985658
2022-03-22,1647955800,73.76,74.14,73.7,74,21840849
2022-03-23,1648042200,73.18,73.515,73.03,73.04,22375826
2022-03-24,1648128600,73.28,73.72,73.16,73.72,22098164
2022-03-25,1648215000,73.66,73.86,73.25,73.76,18372062
2022-03-28,1648474200,73.29,73.57,72.955,73.52,24829929
2022-03-29,1648560600,75.18,75.38,74.49,75.15,25591205
2022-03-30,1648647000,74.88,75.135,74.555,74.84,22486979
2022-03-31,1648733400,74.3,74.58,73.5201,73.6,31677184
2022-04-01,1648819800,74.06,74.31,73.74,74.29,23182802
2022-04-04,1649079000,74.13,74.62,74.05,74.59,20875700
2022-04-05,1649165400,74.11,74.38,73.39,73.58,27759378
2022-04-06,1649251800,72.6571,73.09,72.285,72.7,30692706
2022-04-07,1649338200,72.77,73.1,72.24,72.86,27838476
2022-04-08,1649424600,72.59,73.19,72.49,72.89,21937226
2022-04-11,1649683800,72.58,72.745,72.07,72.12,22149911
2022-04-12,1649770200,72.23,72.41,71.4,71.58,28916226
2022-04-13,1649856600,71.57,72.39,71.57,72.35,20164929
2022-04-14,1649943000,72.49,72.62,71.98,72.02,19861894
2022-04-18,1650288600,71.7,72.13,71.4701,71.6,18508878
2022-04-19,1650375000,71.18,72.03,71.18,71.94,24863535
2022-04-20,1650461400,72.5,72.655,72.2,72.42,30249824
2022-04-21,1650547800,73.09,73.225,71.505,71.64,32960937
2022-04-22,1650634200,71.53,71.54,70.4,70.47,34878392
2022-04-25,1650893400,69.71,70.1901,69.16,70.13,37193632
2022-04-26,1650979800,69.565,69.61,68.13,68.17,41284189
2022-04-27,1651066200,68.43,68.95,68.0653,68.48,43593094
2022-04-28,1651152600,68.91,69.62,68.3,69.45,32153958
2022-04-29,1651239000,69.7,70.12,68.57,68.64,54305391
2022-05-02,1651498200,68.39,68.74,67.66,68.47,45813937
2022-05-03,1651584600,68.9331,69.235,68.7,68.98,39643572
2022-05-04,1651671000,69,70.31,68.2,70.19,47419134
2022-05-05,1651757400,69.18,69.215,67.42,67.93,38826969
2022-05-06,1651843800,67.44,67.695,66.85,67.27,48268884
2022-05-09,1652103000,66.04,66.15,65.105,65.24,50145018
2022-05-10,1652189400,66.4,66.44,65.24,65.73,57682403
2022-05-11,1652275800,65.91,66.77,65.26,65.34,49751147
2022-05-12,1652362200,64.93,65.8,64.63,65.18,39410879
2022-05-13,1652448600,66.14,67.02,66.12,66.99,34682159
2022-05-16,1652707800,66.69,67.35,66.47,67.05,21254366
2022-05-17,1652794200,68.16,68.35,67.78,68.3,31487038
2022-05-18,1652880600,67.71,67.81,66.57,66.67,23552973
2022-05-19,1652967000,66.59,67.7,66.57,67.31,35999626
2022-05-20,1653053400,68.08,68.15,66.91,67.77,36357240
2022-05-23,1653312600,68.49,69.07,68.37,68.92,23838588
2022-05-24,1653399000,68.7,69.035,68.34,68.81,19504585
2022-05-25,1653485400,68.34,69.1403,68.34,68.83,18826417
2022-05-26,1653571800,68.93,69.76,68.92,69.59,20930489
2022-05-27,1653658200,70.04,70.45,70,70.43,13697559
2022-05-31,1654003800,70.19,70.475,69.84,70.01,25025180
2022-06-01,1654090200,70.42,70.46,69.06,69.27,28336393
2022-06-02,1654176600,69.83,70.73,69.58,70.71,21641992
2022-06-03,1654263000,69.81,70,69.5,69.7,21327192
2022-06-06,1654522200,70.51,70.61,69.83,69.98,15192262
2022-06-07,1654608600,69.28,70.22,69.27,70.19,19039817
2022-06-08,1654695000,69.42,69.72,69.125,69.21,21219368
2022-06-09,1654781400,67.35,67.51,66.26,66.29,25675720
2022-06-10,1654867800,65.06,65.13,64.49,64.69,34102077
2022-06-13,1655127000,63.03,63.365,62.44,62.55,54218140
2022-06-14,1655213400,62.53,62.73,61.42,61.96,38601732
2022-06-15,1655299800,62.64,63.47,61.86,63.12,37790744
2022-06-16,1655386200,61.59,62.18,61.34,61.73,38025307
2022-06-17,1655472600,61.68,62,61.12,61.48,43097597
2022-06-21,1655818200,62.57,62.77,62.38,62.41,31891355
2022-06-22,1655904600,61.71,62.565,61.62,61.99,30368159
2022-06-23,1655991000,61.85,62,61.27,61.92,26482427
2022-06-24,1656077400,62.79,63.79,62.74,63.77,31235027
2022-06-27,1656336600,63.66,63.9354,63.425,63.5,20987643
2022-06-28,1656423000,64.02,64.22,63.05,63.07,19187397
2022-06-29,1656509400,63.1,63.29,62.79,62.83,18226773
2022-06-30,1656595800,61.71,62.59,61.47,62.49,37316190
2022-07-01,1656682200,61.71,62.65,61.495,62.64,26046602
2022-07-05,1657027800,60.66,61.32,60.41,61.3,30911297
2022-07-06,1657114200,61.2,61.49,60.86,61.35,18030019
2022-07-07,1657200600,61.86,62.29,61.85,62.28,17215174
2022-07-08,1657287000,62.12,62.559,61.85,62.35,13135240
2022-07-11,1657546200,61.57,61.75,61.29,61.34,15757918
2022-07-12,1657632600,61.24,61.83,61.19,61.33,16350477
2022-07-13,1657719000,60.58,61.55,60.51,61.3,17907459
2022-07-14,1657805400,59.99,60.49,59.54,60.44,25329073
2022-07-15,1657891800,60.88,61.435,60.61,61.4,28570069
2022-07-18,1658151000,62.26,62.42,61.55,61.65,23785643
2022-07-19,1658237400,62.82,63.35,62.76,63.33,25474473
2022-07-20,1658323800,63.13,63.32,62.59,62.91,18738180
2022-07-21,1658410200,62.77,63.63,62.69,63.56,19165528
2022-07-22,1658496600,63.83,64.19,63.15,63.4,18771515
2022-07-25,1658755800,63.88,63.97,63.55,63.89,17451391
2022-07-26,1658842200,63.42,63.475,63,63,11609987
2022-07-27,1658928600,63.64,64.56,63.43,64.49,20945518
2022-07-28,1659015000,64.39,64.94,64.01,64.82,19385402
2022-07-29,1659101400,64.94,65.76,64.76,65.72,23958029
2022-08-01,1659360600,65.7,66.08,65.485,65.81,19450476
2022-08-02,1659447000,65.28,65.46,64.74,64.76,17857697
2022-08-03,1659533400,65.05,65.26,64.65,65.14,16011138
2022-08-04,1659619800,65.26,65.59,65.18,65.47,15153566
2022-08-05,1659706200,64.66,65.12,64.57,65.01,15130397
2022-08-08,1659965400,65.53,65.755,65.04,65.16,12069065
2022-08-09,1660051800,65.13,65.24,64.7047,64.81,10867780
2022-08-10,1660138200,66.17,66.49,65.94,66.27,16870770
2022-08-11,1660224600,66.53,66.74,66.14,66.25,11539596
2022-08-12,1660311000,66.29,66.77,66.1349,66.76,13680277
2022-08-15,1660570200,66.19,66.41,66.0648,66.36,15733140
2022-08-16,1660656600,65.95,66.455,65.95,66.34,13497322
2022-08-17,1660743000,65.7,66.165,65.47,65.81,14822132
2022-08-18,1660829400,65.73,65.76,65.365,65.59,14303921
2022-08-19,1660915800,64.97,65.04,64.5412,64.69,20257627
2022-08-22,1661175000,63.99,64.01,63.43,63.59,20062226
2022-08-23,1661261400,63.43,64.09,63.35,63.62,19101375
2022-08-24,1661347800,63.35,63.91,63.275,63.7,12086577
2022-08-25,1661434200,63.86,64.42,63.7201,64.4,13980541
2022-08-26,1661520600,64.43,64.5,62.665,62.71,19338319
2022-08-29,1661779800,62.43,62.825,62.365,62.57,16199714
2022-08-30,1661866200,62.99,63.06,61.99,62.12,24907522
2022-08-31,1661952600,62.12,62.345,61.68,61.7,32178233
2022-09-01,1662039000,60.8,60.93,60.23,60.87,33526327
2022-09-02,1662125400,61.39,61.835,60.28,60.47,28234022
2022-09-06,1662471000,60.76,60.89,60.11,60.32,21862327
2022-09-07,1662557400,59.84,60.86,59.825,60.85,21289001
2022-09-08,1662643800,60.17,60.97,60.06,60.89,17589866
2022-09-09,1662730200,62.06,62.495,62.02,62.44,22655073
2022-09-12,1662989400,63.22,63.585,63.15,63.31,22338590
2022-09-13,1663075800,62.13,62.475,61.06,61.11,26513873
2022-09-14,1663162200,61.3,61.57,60.95,61.31,19052798
2022-09-15,1663248600,60.86,61.395,60.67,60.77,23181906
2022-09-16,1663335000,60.24,60.62,60.06,60.4,31914288
2022-09-19,1663594200,59.71,60.65,59.7,60.61,19597473
2022-09-20,1663680600,59.77,59.9,59.23,59.58,23429613
2022-09-21,1663767000,59.53,60.04,58.75,58.8,22678821
2022-09-22,1663853400,59.03,59.145,58.35,58.63,25400977
2022-09-23,1663939800,57.29,57.35,56.3101,56.76,33958951
2022-09-26,1664199000,56.18,56.69,55.62,55.92,41892394
2022-09-27,1664285400,56.19,56.49,55.22,55.54,38742843
2022-09-28,1664371800,55.52,57.0274,55.35,56.88,35115964
2022-09-29,1664458200,56.01,56.245,55.435,56.21,30971597
2022-09-30,1664544600,55.96,56.7,55.89,56.01,38527583
2022-10-03,1664803800,56.59,57.355,56.36,57.12,37451634
2022-10-04,1664890200,58.63,59.5,58.61,59.41,32480225
2022-10-05,1664976600,58.42,59.11,58.09,58.78,28550730
2022-10-06,1665063000,58.09,58.38,57.685,57.75,28668813
2022-10-07,1665149400,57.48,57.55,56.6404,56.83,22199955
2022-10-10,1665408600,56.7983,56.86,56.18,56.51,26510161
2022-10-11,1665495000,56.14,56.79,55.71,55.89,26577350
2022-10-12,1665581400,55.74,56.04,55.55,55.71,24455759
2022-10-13,1665667800,54.74,57.12,54.61,56.86,48010142
2022-10-14,1665754200,57.22,57.4,55.95,56.01,28145949
2022-10-17,1666013400,57.23,57.65,57.22,57.39,32731043
2022-10-18,1666099800,58.24,58.3,57.38,57.8,26876657
2022-10-19,1666186200,57.26,57.495,56.71,57.09,22958222
2022-10-20,1666272600,57.14,57.8,56.83,56.96,25989443
2022-10-21,1666359000,56.44,58.01,56.215,57.99,37761773
2022-10-24,1666618200,57.78,58.25,57.485,58,20327588
2022-10-25,1666704600,58.42,59.33,58.41,59.28,21583264
2022-10-26,1666791000,59.26,60.25,59.24,59.84,27095551
2022-10-27,1666877400,59.63,60.08,59.25,59.28,20348052
2022-10-28,1666963800,59.19,59.87,59.075,59.87,19235535
2022-10-31,1667223000,59.2,59.44,59.11,59.31,27032689
2022-11-01,1667309400,60.5,60.52,59.5134,59.78,42686994
2022-11-02,1667395800,59.87,60.65,58.91,58.91,30497687
2022-11-03,1667482200,58.11,58.685,58.06,58.41,23604246
2022-11-04,1667568600,60.17,60.8246,59.79,60.75,33756398
2022-11-07,1667831400,60.97,61.21,60.705,60.94,19904603
2022-11-08,1667917800,61.36,62.007,61.215,61.63,19882894
2022-11-09,1668004200,61.2,61.635,60.76,60.77,22418563
2022-11-10,1668090600,63.265,64.18,62.92,64.18,29640887
2022-11-11,1668177000,64.76,65.555,64.51,65.46,24071296
2022-11-14,1668436200,64.93,65.345,64.77,64.77,21551501
2022-11-15,1668522600,65.82,65.93,64.6,65.2,34956569
2022-11-16,1668609000,65.3,65.405,64.86,65.05,22730386
2022-11-17,1668695400,64.22,65.055,64.2,65.02,21271083
2022-11-18,1668781800,65.32,65.33,64.93,65.15,18431080
2022-11-21,1669041000,64.6,64.78,64.37,64.66,21877403
2022-11-22,1669127400,65.07,65.585,64.965,65.56,14698698
2022-11-23,1669213800,65.68,66.38,65.68,66.28,13400776
2022-11-25,1669386600,66.36,66.76,66.36,66.62,10934393
2022-11-28,1669645800,66.29,66.565,65.715,65.76,18618497
2022-11-29,1669732200,65.92,66.32,65.785,65.95,17666906
2022-11-30,1669818600,66.47,67.35,65.83,67.12,41966508
2022-12-01,1669905000,67.87,68.06,67.42,67.77,24209706
2022-12-02,1669991400,67.14,67.93,67.14,67.72,36230692
2022-12-05,1670250600,67.49,67.68,66.64,66.83,26305110
2022-12-06,1670337000,66.97,67.11,66.25,66.53,25662982
2022-12-07,1670423400,66.56,66.805,66.275,66.53,23274269
2022-12-08,1670509800,66.52,66.935,66.315,66.87,20080386
2022-12-09,1670596200,67.03,67.4163,66.87,66.91,25773100
2022-12-12,1670855400,66.9,67.11,66.68,67.11,17621657
2022-12-13,1670941800,68.6501,68.775,67.535,67.79,29377299
2022-12-14,1671028200,67.89,68.335,67.285,67.73,23707696
2022-12-15,1671114600,66.89,67.01,65.77,66,25617475
2022-12-16,1671201000,65.46,65.76,65.125,65.42,23998704
2022-12-19,1671460200,65.63,65.72,65.09,65.26,21180654
2022-12-20,1671546600,65.4,65.85,65.31,65.52,21440584
2022-12-21,1671633000,65.92,66.3857,65.835,66.2,17112211
2022-12-22,1671719400,65.95,65.96,65.11,65.66,21251228
2022-12-23,1671805800,65.55,65.99,65.41,65.89,12536577
2022-12-27,1672151400,65.94,66.2354,65.82,65.99,16247371
2022-12-28,1672237800,66.13,66.33,65.29,65.29,14526928
2022-12-29,1672324200,66.04,66.4963,66,66.32,17455379
2022-12-30,1672410600,65.95,66.18,65.5712,65.64,25629030
2023-01-03,1672756200,66.46,66.83,65.9,66.22,25179301
2023-01-04,1672842600,67.18,67.32,66.71,67.1,26751404
2023-01-05,1672929000,66.47,66.69,66.295,66.43,17376914
2023-01-06,1673015400,66.83,68.17,66.44,68.13,17951400
2023-01-09,1673274600,68.65,69.06,68.38,68.42,23392808
2023-01-10,1673361000,68.33,68.63,68.17,68.62,18811517
2023-01-11,1673447400,68.95,69.15,68.735,69.14,17732709
2023-01-12,1673533800,69.71,70.28,69,70.16,19767050
2023-01-13,1673620200,69.81,70.55,69.81,70.53,18092114
2023-01-17,1673965800,70.78,71.06,70.555,70.75,25184142
2023-01-18,1674052200,71.55,71.68,70.5,70.5,35935296
2023-01-19,1674138600,70.28,70.54,70.015,70.39,23519016
2023-01-20,1674225000,70.36,71.03,70.175,71.01,28289501
2023-01-23,1674484200,70.7,71.31,70.6699,71.3,24245314
2023-01-24,1674570600,70.91,71.36,70.665,71.21,12996525
2023-01-25,1674657000,70.98,71.7399,70.93,71.68,14230103
2023-01-26,1674743400,71.74,71.82,71.16,71.74,13272287
2023-01-27,1674829800,71.3,71.755,71.21,71.6,13986785
2023-01-30,1675089000,71.34,71.6674,71.135,71.14,14111474
2023-01-31,1675175400,70.94,71.59,70.795,71.55,23544353
2023-02-01,1675261800,71.49,72.445,70.94,72.19,27861386
2023-02-02,1675348200,72.38,72.43,71.64,72.09,15587989
2023-02-03,1675434600,71.39,72,71.26,71.42,18589851
2023-02-06,1675693800,70.72,70.88,70.325,70.69,18409612
2023-02-07,1675780200,70.36,71.38,70.22,71.29,19440317
2023-02-08,1675866600,71.18,71.29,70.725,70.85,18281380
2023-02-09,1675953000,71.87,71.925,70.85,70.98,10875303
2023-02-10,1676039400,70.72,70.77,70.355,70.67,16681189
2023-02-13,1676298600,70.77,71.38,70.695,71.38,11806254
2023-02-14,1676385000,71.05,71.83,70.865,71.51,14082875
2023-02-15,1676471400,70.63,71.195,70.57,71.19,14031168
2023-02-16,1676557800,70.57,71.27,70.49,70.84,13151026
2023-02-17,1676644200,70.51,71.095,70.385,71.02,13768199
2023-02-21,1676989800,70.52,70.77,70.19,70.24,14419688
2023-02-22,1677076200,70.12,70.24,69.7,69.85,12991737
2023-02-23,1677162600,70.15,70.285,69.5708,70.21,25783668
2023-02-24,1677249000,69.02,69.265,68.76,69.04,25120202
2023-02-27,1677508200,69.84,70.04,69.64,69.86,19736304
2023-02-28,1677594600,69.66,69.82,69.32,69.35,28408000
2023-03-01,1677681000,69.9,70.06,69.455,69.72,20960961
2023-03-02,1677767400,69.23,69.92,69.205,69.86,20540108
2023-03-03,1677853800,70.25,70.92,70.055,70.88,23663388
2023-03-06,1678113000,70.72,71,70.62,70.7,22289609
2023-03-07,1678199400,70.6,70.655,69.44,69.52,26319934
2023-03-08,1678285800,69.74,70.105,69.57,69.9,21016161
2023-03-09,1678372200,70.03,70.265,69.265,69.39,25914051
2023-03-10,1678458600,69.41,69.57,68.58,68.65,31703782
2023-03-13,1678714200,67.93,68.74,67.805,68.18,27005136
2023-03-14,1678800600,68.89,69.1,68.56,69.09,18053969
2023-03-15,1678887000,66.53,67.045,66.07,66.95,37928503
2023-03-16,1678973400,66.61,67.99,66.55,67.99,33366453
2023-03-17,1679059800,67.38,67.525,66.914,67.18,23847561
2023-03-20,1679319000,67.93,68.455,67.805,68.23,24003175
2023-03-21,1679405400,69.23,69.33,68.86,69.26,16640044
2023-03-22,1679491800,69.37,70.22,68.98,69.02,16279732
2023-03-23,1679578200,69.63,70.04,68.715,69.03,23067183
2023-03-24,1679664600,68.54,68.86,68.14,68.82,27879009
2023-03-27,1679923800,69.24,69.526,69.085,69.47,23269327
2023-03-28,1680010200,69.43,69.655,69.325,69.5,20324534
2023-03-29,1680096600,70.18,70.4,70.05,70.34,29119326
2023-03-30,1680183000,71.15,71.26,70.985,71.16,21616028
2023-03-31,1680269400,71.35,71.68,71.35,71.52,28532663
2023-04-03,1680528600,71.69,72.11,71.5893,72.09,20737147
2023-04-04,1680615000,72.1,72.32,71.885,72.1,15364637
2023-04-05,1680701400,71.72,71.915,71.36,71.6,16313998
2023-04-06,1680787800,71.61,72.125,71.52,71.94,13659913
2023-04-10,1681133400,71.49,71.9,71.375,71.89,12853992
2023-04-11,1681219800,72.05,72.25,71.99,72.13,11264095
2023-04-12,1681306200,72.78,72.94,72.37,72.59,13241524
2023-04-13,1681392600,73.19,73.58,73.115,73.52,12232991
2023-04-14,1681479000,73.49,73.69,72.94,73.22,14209875
2023-04-17,1681738200,73.02,73.12,72.74,73.09,17323772
2023-04-18,1681824600,73.46,73.55,73.29,73.49,13753409
2023-04-19,1681911000,73.12,73.34,73.1,73.26,8840764
2023-04-20,1681997400,73.09,73.435,73.07,73.26,12478579
2023-04-21,1682083800,73.35,73.675,73.03,73.63,14052976
2023-04-24,1682343000,73.63,73.845,73.61,73.82,12864933
2023-04-25,1682429400,73.48,73.515,72.78,72.79,12582207
2023-04-26,1682515800,73.24,73.25,72.65,72.74,16928568
2023-04-27,1682602200,73.12,73.66,72.965,73.65,14505686
2023-04-28,1682688600,73.03,73.63,73.01,73.62,16936838
2023-05-01,1682947800,73.69,73.89,73.49,73.51,24499508
2023-05-02,1683034200,72.83,72.84,72.33,72.77,12907178
2023-05-03,1683120600,73.04,73.55,72.95,72.96,13977397
2023-05-04,1683207000,72.75,73.07,72.56,72.81,17411173
2023-05-05,1683293400,73.17,73.99,73.12,73.88,11096946
2023-05-08,1683552600,74.03,74.05,73.77,73.9,7533221
2023-05-09,1683639000,73.29,73.7,73.2501,73.6,14835420
2023-05-10,1683725400,73.68,73.69,72.99,73.45,14009767
2023-05-11,1683811800,73.03,73.27,72.72,73.27,14756695
2023-05-12,1683898200,73.36,73.41,72.87,73.14,15823229
2023-05-15,1684157400,73.36,73.705,73.28,73.7,10580633
2023-05-16,1684243800,73.32,73.44,72.97,73,13335673
2023-05-17,1684330200,73.09,73.39,72.815,73.34,21491299
2023-05-18,1684416600,73.17,73.26,72.83,73.23,10657026
2023-05-19,1684503000,73.55,73.84,73.47,73.66,15971239
2023-05-22,1684762200,73.56,73.816,73.55,73.68,12122740
2023-05-23,1684848600,73.04,73.15,72.57,72.6,19215053
2023-05-24,1684935000,71.89,71.91,71.5,71.54,21758064
2023-05-25,1685021400,71.51,71.565,71.15,71.44,17393777
2023-05-26,1685107800,71.75,72.2,71.735,72.14,11189804
2023-05-30,1685453400,71.92,71.94,71.21,71.41,13979807
2023-05-31,1685539800,70.69,70.8,70.13,70.67,32754669
2023-06-01,1685626200,71.05,71.78,71,71.72,29681639
2023-06-02,1685712600,72.65,72.76,72.475,72.65,18693531
2023-06-05,1685971800,72.54,72.61,72.18,72.23,18706151
2023-06-06,1686058200,72.38,72.8699,72.35,72.83,17811934
2023-06-07,1686144600,71.25,71.5,70.825,70.89,29259164
2023-06-08,1686231000,71.23,71.65,71.105,71.64,15781013
2023-06-09,1686317400,71.57,71.68,71.4,71.52,15419177
2023-06-12,1686576600,71.76,71.86,71.59,71.83,15814705
2023-06-13,1686663000,72.49,72.69,72.38,72.51,17620630
2023-06-14,1686749400,72.97,73.175,72.38,72.78,17305785
2023-06-15,1686835800,72.77,73.59,72.715,73.55,14597217
2023-06-16,1686922200,73.88,73.91,73.36,73.39,20036205
2023-06-20,1687267800,72.59,72.72,72.27,72.42,16873013
2023-06-21,1687354200,72.3,72.775,72.19,72.53,11322663
2023-06-22,1687440600,72.01,72.2,71.945,72.08,11313341
2023-06-23,1687527000,70.83,71.145,70.81,70.96,15929741
2023-06-26,1687786200,71.05,71.195,70.945,71.05,12950900
2023-06-27,1687872600,71.26,71.72,71.05,71.67,11034089
2023-06-28,1687959000,71.65,71.865,71.515,71.72,9256540
2023-06-29,1688045400,71.39,71.62,71.35,71.62,6735999
2023-06-30,1688131800,72.29,72.55,72.21,72.5,28381135
2023-07-03,1688391000,72.47,72.58,72.31,72.42,13375507
2023-07-05,1688563800,71.9,71.925,71.54,71.61,15971482
2023-07-06,1688650200,70.54,70.56,69.94,70.37,17415292
2023-07-07,1688736600,70.44,71.2199,70.405,70.9,16721283
2023-07-10,1688995800,70.78,71.125,70.75,71.1,9486037
2023-07-11,1689082200,71.41,71.755,71.22,71.74,12816605
2023-07-12,1689168600,72.69,73.19,72.57,73.11,16111053
2023-07-13,1689255000,74.07,74.38,74.04,74.28,12707578
2023-07-14,1689341400,74.23,74.29,73.83,73.86,12549124
2023-07-17,1689600600,73.53,73.86,73.41,73.77,15876564
2023-07-18,1689687000,73.9,74.34,73.83,74.25,11519448
2023-07-19,1689773400,74.3,74.45,74.02,74.21,11138742
2023-07-20,1689859800,74.05,74.245,73.7116,73.83,14843852
2023-07-21,1689946200,74,74.06,73.77,73.98,10318401
2023-07-24,1690205400,73.66,73.9575,73.62,73.8,9421202
2023-07-25,1690291800,73.68,74.06,73.66,73.88,9150961
2023-07-26,1690378200,73.54,74.315,73.5,74.08,12325284
2023-07-27,1690464600,74.69,74.69,73.85,73.91,12775706
2023-07-28,1690551000,74.46,74.735,74.3,74.44,15891118
2023-07-31,1690810200,74.51,74.71,74.36,74.46,13799849
2023-08-01,1690896600,73.73,73.94,73.375,73.53,16707851
2023-08-02,1690983000,72.62,72.73,72.08,72.16,16814832
2023-08-03,1691069400,71.59,72.16,71.525,71.96,12745683
2023-08-04,1691155800,72.33,72.9075,72.1,72.16,14079592
2023-08-07,1691415000,72.63,72.79,72.3,72.77,12940636
2023-08-08,1691501400,71.97,72.385,71.79,72.33,14144438
2023-08-09,1691587800,72.43,72.62,72.1929,72.31,12188679
2023-08-10,1691674200,73.09,73.51,72.55,72.62,16788858
2023-08-11,1691760600,72.11,72.37,71.965,72.13,14863672
2023-08-14,1692019800,71.4,71.8803,71.21,71.81,9959351
2023-08-15,1692106200,71.39,71.405,70.79,70.92,13863644
2023-08-16,1692192600,70.69,70.965,70.32,70.34,10940139
2023-08-17,1692279000,70.56,70.635,69.745,69.84,14730509
2023-08-18,1692365400,69.32,69.96,69.31,69.84,13617538
2023-08-21,1692624600,70.02,70.175,69.71,70.1,15838416
2023-08-22,1692711000,70.43,70.45,69.91,69.97,10568020
2023-08-23,1692797400,70.25,70.835,70.24,70.73,12669971
2023-08-24,1692883800,70.38,70.595,69.73,69.76,14879030
2023-08-25,1692970200,70.1999,70.47,69.595,70.23,11617664
2023-08-28,1693229400,70.71,71.02,70.69,70.97,12320383
2023-08-29,1693315800,70.83,71.895,70.76,71.85,12224400
2023-08-30,1693402200,71.91,72.15,71.705,71.81,12235771
2023-08-31,1693488600,71.84,71.9,71.31,71.53,13375220
2023-09-01,1693575000,72.15,72.18,71.3,71.49,17069805
2023-09-05,1693920600,71.31,71.33,70.865,70.87,12085027
2023-09-06,1694007000,70.85,71,70.465,70.72,11294629
2023-09-07,1694093400,70.5,70.64,70.275,70.49,13542992
2023-09-08,1694179800,70.39,70.62,70.3,70.39,11813894
2023-09-11,1694439000,70.98,71.18,70.785,71.12,11650948
2023-09-12,1694525400,70.76,71.085,70.72,70.83,7947084
2023-09-13,1694611800,70.68,70.88,70.465,70.61,10047887
2023-09-14,1694698200,71.15,71.61,71.13,71.54,13519785
2023-09-15,1694784600,71.69,71.93,71.35,71.38,13678464
2023-09-18,1695043800,71.08,71.21,70.83,71.13,9121327
2023-09-19,1695130200,71.25,71.38,71.005,71.19,10339947
2023-09-20,1695216600,71.53,71.88,70.98,71.02,14523369
2023-09-21,1695303000,70.35,70.49,69.84,69.84,17619909
2023-09-22,1695389400,70.22,70.46,69.84,69.9,14715755
2023-09-25,1695648600,69.32,69.63,69.155,69.59,16853115
2023-09-26,1695735000,69.0429,69.245,68.63,68.69,17756850
2023-09-27,1695821400,68.95,69,68.085,68.56,16390389
2023-09-28,1695907800,68.62,69.325,68.53,69.12,19507379
2023-09-29,1695994200,69.75,69.76,68.75,68.92,20292936
2023-10-02,1696253400,68.47,68.53,67.68,67.91,23671359
2023-10-03,1696339800,67.3,67.49,66.83,67.06,19913413
2023-10-04,1696426200,67.23,67.27,66.62,67.18,19586201
2023-10-05,1696512600,67.57,67.87,67.34,67.77,18327243
2023-10-06,1696599000,67.64,68.68,67.23,68.52,17758931
2023-10-09,1696858200,67.88,68.495,67.81,68.42,11015700
2023-10-10,1696944600,69.19,69.6433,69.1,69.36,23682816
2023-10-11,1697031000,69.76,69.855,69.2617,69.65,15393629
2023-10-12,1697117400,69.74,69.755,68.81,69.07,16764594
2023-10-13,1697203800,68.87,69.03,68.26,68.43,19900296
2023-10-16,1697463000,68.55,69,68.46,68.93,20119560
2023-10-17,1697549400,68.36,69.285,68.35,68.97,12155129
2023-10-18,1697635800,68.36,68.425,67.685,67.77,16945882
2023-10-19,1697722200,67.55,67.91,67.05,67.17,27204107
2023-10-20,1697808600,66.93,67.09,66.54,66.57,28251819
2023-10-23,1698067800,66.32,67.04,66.07,66.62,18574702
2023-10-24,1698154200,66.74,67.06,66.645,67,22138664
2023-10-25,1698240600,66.82,67.08,66.44,66.52,17400881
2023-10-26,1698327000,66.35,66.49,65.83,66.04,22915009
2023-10-27,1698413400,66.5,66.53,65.68,65.84,24116447
2023-10-30,1698672600,66.56,66.71,66.265,66.68,23954539
2023-10-31,1698759000,66.76,66.97,66.525,66.92,18291337
2023-11-01,1698845400,67.08,67.57,66.885,67.55,21115188
2023-11-02,1698931800,68.68,68.94,68.48,68.93,19669393
2023-11-03,1699018200,69.51,70,69.405,69.66,20752899
2023-11-06,1699281000,69.56,69.63,69.17,69.31,15938139
2023-11-07,1699367400,68.77,69.02,68.635,68.89,15747050
2023-11-08,1699453800,68.86,69.095,68.595,68.8,10916452
2023-11-09,1699540200,69.41,69.58,68.755,68.79,14557580
2023-11-10,1699626600,68.74,69.15,68.26,69.1,12518822
2023-11-13,1699885800,68.82,69.3847,68.7147,69.28,11354702
2023-11-14,1699972200,70.46,71.14,70.45,71.05,21166993
2023-11-15,1700058600,71.08,71.2884,70.9,70.94,12980077
2023-11-16,1700145000,70.82,71.1101,70.64,70.89,13769696
2023-11-17,1700231400,71.55,71.865,71.41,71.85,14315647
2023-11-20,1700490600,71.74,72.199,71.735,72.12,10334937
2023-11-21,1700577000,72.08,72.145,71.75,71.84,12300155
2023-11-22,1700663400,71.95,72.035,71.625,72.01,12162877
2023-11-24,1700836200,72.24,72.58,72.23,72.56,8083468
2023-11-27,1701095400,72.34,72.4256,72.16,72.31,10365181
2023-11-28,1701181800,72.11,72.55,72.02,72.33,11130140
2023-11-29,1701268200,72.54,72.755,72.295,72.48,10462203
2023-11-30,1701354600,72.49,72.61,72.17,72.42,19444244
2023-12-01,1701441000,72.375,73.24,72.3497,73.18,21091944
2023-12-04,1701700200,72.46,72.77,72.335,72.61,14778700
2023-12-05,1701786600,72.38,72.82,72.23,72.35,17529497
2023-12-06,1701873000,73.07,73.22,72.55,72.57,16547360
2023-12-07,1701959400,72.72,73.13,72.43,72.92,14513204
2023-12-08,1702045800,72.74,73.245,72.72,73.14,13323616
2023-12-11,1702305000,73.03,73.36,73.015,73.32,12372000
2023-12-12,1702391400,73.2,73.45,72.96,73.45,13209962
2023-12-13,1702477800,73.51,74.59,73.16,74.52,16760655
2023-12-14,1702564200,74.89,75.335,74.72,75.07,21959570
2023-12-15,1702650600,74.71,74.85,74.29,74.34,22420682
2023-12-18,1702909800,74.65,74.71,74.3,74.52,14409987
2023-12-19,1702996200,74.93,75.2,74.93,75.15,15551789
2023-12-20,1703082600,74.24,74.42,73.42,73.47,23019212
2023-12-21,1703169000,74.26,74.66,74.1007,74.66,15837425
2023-12-22,1703255400,74.82,74.97,74.53,74.73,12184500
2023-12-26,1703601000,74.81,75.1854,74.81,75.07,8915396
2023-12-27,1703687400,75.12,75.53,75.11,75.47,13103797
2023-12-28,1703773800,75.45,75.66,75.255,75.27,16832008
2023-12-29,1703860200,75.38,75.59,75.15,75.35,21346352
2024-01-02,1704205800,74.54,74.87,74.405,74.51,18177553
2024-01-03,1704292200,73.78,74.16,73.5756,73.95,18637682
2024-01-04,1704378600,73.94,74.4903,73.94,74.12,11977052
2024-01-05,1704465000,74.03,74.82,73.955,74.17,20636708
2024-01-08,1704724200,74.33,74.98,74.265,74.96,16250145
2024-01-09,1704810600,74.29,74.47,74.18,74.29,10218297
2024-01-10,1704897000,74.61,74.88,74.53,74.77,12191313
2024-01-11,1704983400,74.97,75.065,74.1,74.76,16434278
2024-01-12,1705069800,75.26,75.495,74.93,75.07,11329292
2024-01-16,1705415400,74.16,74.255,73.655,73.81,19802714
2024-01-17,1705501800,72.83,73.14,72.585,73.11,16381456
2024-01-18,1705588200,73.42,73.78,73.26,73.76,16391373
2024-01-19,1705674600,73.56,73.94,73.295,73.93,15792194
2024-01-22,1705933800,74.11,74.38,74.035,74.16,15424825
2024-01-23,1706020200,73.78,74,73.62,73.95,13575390
2024-01-24,1706106600,74.93,75,74.5,74.51,16314563
2024-01-25,1706193000,74.69,74.73,74.33,74.72,15268804
2024-01-26,1706279400,75.11,75.235,74.985,75.05,16478622
2024-01-29,1706538600,75.02,75.57,74.925,75.49,13341490
2024-01-30,1706625000,75.38,75.48,75.1,75.39,11708418
2024-01-31,1706711400,75.73,75.97,74.9,75.01,23907273
2024-02-01,1706797800,75.19,75.77,75.03,75.75,17189446
2024-02-02,1706884200,75.13,75.2,74.81,75.15,15579850
2024-02-05,1707143400,74.7,74.915,74.335,74.75,15617888
2024-02-06,1707229800,74.72,75.23,74.68,75.21,13886585
2024-02-07,1707316200,75.17,75.285,75,75.17,10485099
2024-02-08,1707402600,75.05,75.1,74.82,75.04,9578469
2024-02-09,1707489000,75.05,75.35,74.875,75.3,11001146
2024-02-12,1707748200,75.27,75.66,75.245,75.43,6911456
2024-02-13,1707834600,74.62,74.715,74.015,74.27,14942545
2024-02-14,1707921000,74.76,75.12,74.699,75.1,13248016
2024-02-15,1708007400,75.46,75.97,75.45,75.95,14128634
2024-02-16,1708093800,75.98,76.385,75.8,76.07,13381557
2024-02-20,1708439400,76.55,76.63,76.18,76.38,15285824
2024-02-21,1708525800,76.22,76.47,76.0851,76.44,11433755
2024-02-22,1708612200,77.07,77.32,76.93,77.3,15475952
2024-02-23,1708698600,77.38,77.525,77.27,77.4,11399963
2024-02-26,1708957800,77.46,77.46,77.1499,77.29,15015194
2024-02-27,1709044200,77.34,77.555,77.285,77.5,11110977
2024-02-28,1709130600,76.98,77.145,76.92,77.05,12196754
2024-02-29,1709217000,77.42,77.55,76.855,77.25,17221873
2024-03-01,1709303400,77.57,78.025,77.25,78,18930508
2024-03-04,1709562600,77.76,77.96,77.675,77.8,13960993
2024-03-05,1709649000,77.85,78.13,77.445,77.66,12874367
2024-03-06,1709735400,78.51,78.809,78.365,78.58,24098119
2024-03-07,1709821800,79.17,79.61,79.095,79.51,18279137
2024-03-08,1709908200,79.78,79.8599,79.13,79.25,14926860
2024-03-11,1710163800,78.72,78.825,78.41,78.8,10496033
2024-03-12,1710250200,78.91,79.44,78.61,79.43,15295998
2024-03-13,1710336600,79.35,79.6175,79.315,79.44,14150358
2024-03-14,1710423000,79.42,79.475,78.57,78.86,25572046
2024-03-15,1710509400,79.04,79.115,78.63,78.89,17529114
2024-03-18,1710768600,79.09,79.1177,78.805,78.87,13472212
2024-03-19,1710855000,78.82,79.22,78.705,79.01,13222145
2024-03-20,1710941400,78.96,79.9,78.895,79.85,18834852
2024-03-21,1711027800,79.9,80.03,79.785,79.81,13020951
2024-03-22,1711114200,79.78,79.83,79.55,79.64,12832839
2024-03-25,1711373400,79.39,79.76,79.39,79.47,9418239
2024-03-26,1711459800,79.85,79.875,79.56,79.56,12343148
2024-03-27,1711546200,79.74,80.06,79.64,80.04,12337185
2024-03-28,1711632600,79.73,79.97,79.72,79.86,17180354
2024-04-01,1711978200,79.72,79.87,79.325,79.52,15419517
2024-04-02,1712064600,78.89,78.96,78.69,78.96,17414958
2024-04-03,1712151000,78.82,79.52,78.81,79.4,15898397
2024-04-04,1712237400,79.92,79.95,78.645,78.72,19950362
2024-04-05,1712323800,78.61,79.13,78.46,78.97,21091872
2024-04-08,1712583000,79.42,79.53,79.22,79.36,12350990
2024-04-09,1712669400,79.73,79.8,79,79.35,12469130
2024-04-10,1712755800,78.21,78.64,78,78.3,21567342
2024-04-11,1712842200,78.57,78.61,77.65,78.51,11966995
2024-04-12,1712928600,77.86,78.0875,77.14,77.24,17934613
2024-04-15,1713187800,78.14,78.24,76.885,77.01,21610118
2024-04-16,1713274200,76.39,76.62,75.995,76.25,24161808
2024-04-17,1713360600,76.68,76.72,75.96,76.3,15748040
2024-04-18,1713447000,76.27,76.61,75.9746,76.09,12884165
2024-04-19,1713533400,76.18,76.4075,75.885,76.12,16924965
2024-04-22,1713792600,76.54,77.27,76.465,77.01,17314232
2024-04-23,1713879000,77.27,77.95,77.21,77.85,13466024
2024-04-24,1713965400,77.97,77.97,77.385,77.7,8530070
2024-04-25,1714051800,76.61,77.45,76.42,77.34,11479649
2024-04-26,1714138200,77.68,78.06,77.65,77.96,12676407
2024-04-29,1714397400,78.16,78.4,78.04,78.26,10560035
2024-04-30,1714483800,78,78.215,77.21,77.27,18994253
2024-05-01,1714570200,77.25,78.015,76.905,77.1,17900348
2024-05-02,1714656600,77.93,78.28,77.495,78.14,14993396
2024-05-03,1714743000,78.98,79.22,78.445,78.92,15055613
2024-05-06,1715002200,79.31,79.52,79.245,79.46,9411398
2024-05-07,1715088600,79.72,79.85,79.545,79.67,9065799
2024-05-08,1715175000,79.32,79.6,79.3,79.58,6667504
2024-05-09,1715261400,79.57,80.2,79.565,80.19,13255992
2024-05-10,1715347800,80.46,80.52,80.235,80.34,8021993
2024-05-13,1715607000,80.41,80.55,80.23,80.34,6990493
2024-05-14,1715693400,80.65,80.95,80.57,80.94,15228304
2024-05-15,1715779800,81.32,81.8,81.16,81.8,10823682
2024-05-16,1715866200,81.64,81.71,81.33,81.36,13042069
2024-05-17,1715952600,81.38,81.68,81.26,81.64,10219550
2024-05-20,1716211800,81.72,81.93,81.66,81.7,5836787
2024-05-21,1716298200,81.4,81.625,81.36,81.57,6221985
2024-05-22,1716384600,81.02,81.1,80.58,80.8,10721213
2024-05-23,1716471000,81.5,81.505,80.24,80.39,8805831
2024-05-24,1716557400,80.8,81.165,80.755,81.05,9289525
2024-05-28,1716903000,81.35,81.37,80.78,81.02,13036642
2024-05-29,1716989400,79.98,80.115,79.71,79.74,13662062
2024-05-30,1717075800,80.24,80.6073,80.21,80.41,7456128
2024-05-31,1717162200,80.96,81.22,80.56,81.18,19932479
2024-06-03,1717421400,81.44,81.65,81.08,81.41,17127673
2024-06-04,1717507800,81.23,81.44,80.965,81.31,12565483
2024-06-05,1717594200,81.71,81.91,81.27,81.88,8661543
2024-06-06,1717680600,81.91,82.16,81.865,82.16,13195574
2024-06-07,1717767000,81.44,81.705,81.185,81.27,21589678
2024-06-10,1718026200,80.72,81.295,80.6,81.21,8996296
2024-06-11,1718112600,78.89,79.07,78.47,78.91,17004618
2024-06-12,1718199000,80.18,80.385,79.7,79.84,15188856
2024-06-13,1718285400,79.18,79.18,78.375,78.7,12784234
2024-06-14,1718371800,77.655,77.91,77.3601,77.83,17500049
2024-06-17,1718631000,77.63,78.16,77.37,78.14,13582617
2024-06-18,1718717400,78.14,78.48,78.12,78.45,16057055
2024-06-20,1718890200,78.29,78.62,78.21,78.5,10942853
2024-06-21,1718976600,77.89,78.05,77.665,77.95,14477748
2024-06-24,1719235800,78.59,78.96,78.52,78.57,12193736
2024-06-25,1719322200,78.56,78.875,78.47,78.76,8753370
2024-06-26,1719408600,78.06,78.34,77.945,78.18,10509731
2024-06-27,1719495000,78.32,78.515,78.08,78.24,14156048
2024-06-28,1719581400,78.23,78.5651,78,78.33,17425009
2024-07-01,1719840600,78.76,79.03,78.27,78.47,19845722
2024-07-02,1719927000,78.22,78.69,78.145,78.66,10331748
2024-07-03,1720013400,79.25,79.6189,79.25,79.56,8107900
2024-07-05,1720186200,80.219,80.23,79.52,80.09,8408776
2024-07-08,1720445400,80.14,80.22,79.645,79.69,6031687
2024-07-09,1720531800,79.52,79.58,79.165,79.37,8069772
2024-07-10,1720618200,80.01,80.535,79.97,80.49,8189449
2024-07-11,1720704600,81.04,81.1799,80.67,80.72,8930036
2024-07-12,1720791000,81.36,81.87,81.315,81.58,9289703
2024-07-15,1721050200,81.39,81.4,80.79,80.86,7418664
2024-07-16,1721136600,80.65,81.275,80.55,81.25,10902885
2024-07-17,1721223000,80.85,81.14,80.73,80.82,11634175
2024-07-18,1721309400,80.96,81.04,79.84,80.02,16481517
2024-07-19,1721395800,79.78,79.82,79.45,79.53,15570283
2024-07-22,1721655000,80.24,80.395,80.025,80.37,13762751
2024-07-23,1721741400,79.95,80.0836,79.855,79.92,12043012
2024-07-24,1721827800,79.67,79.78,78.87,78.91,10698026
2024-07-25,1721914200,78.24,79.105,77.98,78.41,17719813
2024-07-26,1722000600,79.02,79.55,78.945,79.41,10574880
2024-07-29,1722259800,79.23,79.26,78.815,79.06,9305599
2024-07-30,1722346200,79.37,79.45,78.9201,79.24,8551634
2024-07-31,1722432600,80.4,80.705,80.12,80.36,20969457
2024-08-01,1722519000,79.34,79.54,77.85,78.23,18129775
2024-08-02,1722605400,77.17,77.355,76.375,77,25136218
2024-08-05,1722864600,74.23,75.835,73.91,75.32,28088798
2024-08-06,1722951000,74.71,75.9,74.605,75.45,22307546
2024-08-07,1723037400,76.845,77.09,75.77,75.81,24592622
2024-08-08,1723123800,76.55,77.155,76.205,77.08,14824675
2024-08-09,1723210200,76.87,77.39,76.715,77.38,11022675
2024-08-12,1723469400,77.33,77.53,77.06,77.31,7988718
2024-08-13,1723555800,77.89,78.6958,77.85,78.64,11927454
2024-08-14,1723642200,78.79,78.995,78.635,78.93,7127626
2024-08-15,1723728600,79.64,80.05,79.56,79.89,10364201
2024-08-16,1723815000,79.98,80.4,79.96,80.33,10287847
2024-08-19,1724074200,80.81,81.4,80.8,81.31,6740976
2024-08-20,1724160600,81.17,81.36,80.91,81.06,5177868
2024-08-21,1724247000,81.58,81.965,81.4,81.81,10653466
2024-08-22,1724333400,82.11,82.14,81.28,81.33,7290684
2024-08-23,1724419800,81.99,82.87,81.89,82.82,10779000
2024-08-26,1724679000,82.56,82.72,82.36,82.45,6719906
2024-08-27,1724765400,82.65,82.97,82.54,82.83,9597134
2024-08-28,1724851800,82.74,82.905,82.2,82.54,7883869
2024-08-29,1724938200,82.93,83.2842,82.71,82.85,9112065
2024-08-30,1725024600,83.115,83.25,82.59,82.98,15627554
2024-09-03,1725370200,82.56,82.655,81.465,81.67,9886682
2024-09-04,1725456600,81.07,81.69,80.98,81.31,10324403
2024-09-05,1725543000,81.41,81.555,80.975,81.33,12147438
2024-09-06,1725629400,81.12,81.335,79.67,79.8,12344375
2024-09-09,1725888600,80.41,80.9,80.395,80.6,10634962
2024-09-10,1725975000,80.31,80.315,79.575,80.2,9742931
2024-09-11,1726061400,80.27,80.71,79.375,80.68,12999128
2024-09-12,1726147800,80.61,81.37,80.39,81.34,11686010
2024-09-13,1726234200,81.45,81.835,81.3915,81.53,7340468
2024-09-16,1726493400,81.88,82.2299,81.695,82.19,9869506
2024-09-17,1726579800,82.09,82.14,81.455,81.73,7307315
2024-09-18,1726666200,81.81,82.46,81.29,81.47,8454227
2024-09-19,1726752600,82.96,83.235,82.47,83.08,9974104
2024-09-20,1726839000,82.59,82.61,81.97,82.26,7892376
2024-09-23,1727098200,82.39,82.66,82.345,82.57,6997708
2024-09-24,1727184600,82.82,83.1199,82.61,83.06,6855760
2024-09-25,1727271000,83.21,83.23,82.585,82.61,11869015
2024-09-26,1727357400,84.19,84.525,83.85,84.43,12874975
2024-09-27,1727443800,84.27,84.5563,83.795,83.92,10690655
2024-09-30,1727703000,83.96,83.97,83.18,83.63,13425369
2024-10-01,1727789400,83.66,83.69,82.57,83.01,18430914
2024-10-02,1727875800,82.86,83.025,82.45,82.84,8335155
2024-10-03,1727962200,82.12,82.28,81.77,82.07,9890515
2024-10-04,1728048600,82.13,82.565,82.045,82.55,8536274
2024-10-07,1728307800,82.3,82.41,81.7879,82.09,7365112
2024-10-08,1728394200,81.9,81.97,81.685,81.96,6339144
2024-10-09,1728480600,81.52,82.05,81.46,81.98,5370828
2024-10-10,1728567000,81.77,81.91,81.43,81.88,5794427
2024-10-11,1728653400,81.84,82.38,81.83,82.3,6915027
2024-10-14,1728912600,82.11,82.575,82.01,82.54,6646193
2024-10-15,1728999000,82.24,82.26,81.095,81.17,17667286
2024-10-16,1729085400,81.38,81.4569,81.225,81.38,5931766
2024-10-17,1729171800,81.68,81.71,81.31,81.39,8904646
2024-10-18,1729258200,81.81,81.965,81.62,81.94,5863087
2024-10-21,1729517400,81.49,81.55,80.83,80.97,8009105
2024-10-22,1729603800,80.44,80.625,80.37,80.51,5844195
2024-10-23,1729690200,79.79,79.965,79.345,79.7,7555992
2024-10-24,1729776600,80.33,80.35,79.8,80.15,6522380
2024-10-25,1729863000,80.34,80.46,79.745,79.88,9288134
2024-10-28,1730122200,80.24,80.625,80.18,80.52,6985008
2024-10-29,1730208600,80.25,80.42,80.045,80.23,8778380
2024-10-30,1730295000,79.57,80.06,79.505,79.71,8828077
2024-10-31,1730381400,79.32,79.32,78.47,79.22,19247645
2024-11-01,1730467800,79.65,79.8557,79.305,79.38,9951294
2024-11-04,1730730600,79.82,80.03,79.39,79.44,10280054
2024-11-05,1730817000,79.65,80.295,79.59,80.23,9596383
2024-11-06,1730903400,79.05,79.155,78.42,79.07,11746261
2024-11-07,1730989800,79.98,80.34,79.84,80.27,11634128
2024-11-08,1731076200,79.38,79.38,78.78,79.16,11540291
2024-11-11,1731335400,79.41,79.45,79.1,79.18,5839576
2024-11-12,1731421800,78.42,78.42,77.32,77.71,16613900
2024-11-13,1731508200,77.4,77.46,76.8,77.25,14828857
2024-11-14,1731594600,77.81,77.975,77.33,77.41,19039012
2024-11-15,1731681000,77.31,77.33,76.96,77.13,15433599
2024-11-18,1731940200,77.07,77.695,77.02,77.55,7774078
2024-11-19,1732026600,76.9,77.595,76.79,77.45,13402289
2024-11-20,1732113000,77.13,77.24,76.7017,77.24,12441967
2024-11-21,1732199400,77.12,77.3801,76.8518,77.26,9161202
2024-11-22,1732285800,77.17,77.7,77.16,77.56,16809833
2024-11-25,1732545000,78.16,78.27,77.72,77.96,24934101
2024-11-26,1732631400,77.83,77.845,77.27,77.51,9360799
2024-11-27,1732717800,77.84,78.075,77.695,77.93,7477916
2024-11-29,1732890600,78.24,79.01,78.21,78.97,11643860
2024-12-02,1733149800,79.08,79.33,78.57,79.19,15721136
2024-12-03,1733236200,79.71,79.87,79.4,79.64,13289942
2024-12-04,1733322600,79.74,79.875,79.58,79.7,10434376
2024-12-05,1733409000,80.1,80.22,79.945,80.09,11910866
2024-12-06,1733495400,80.39,80.39,79.9,80.08,7072545
2024-12-09,1733754600,80.53,80.625,80,80.03,7801060
2024-12-10,1733841000,79.83,79.85,79.29,79.31,10662787
2024-12-11,1733927400,79.73,79.87,79.49,79.81,11859039
2024-12-12,1734013800,79.39,79.71,79.05,79.11,8623811
2024-12-13,1734100200,79.21,79.21,78.68,78.89,10116569
2024-12-16,1734359400,78.58,78.895,78.5001,78.63,25547908
2024-12-17,1734445800,77.43,77.71,77.37,77.45,13934864
2024-12-18,1734532200,77.375,77.535,75.405,75.55,16470395
2024-12-19,1734618600,75.8,75.87,75.255,75.31,17486579
2024-12-20,1734705000,74.38,75.7299,74.37,75.1,20878324
2024-12-23,1734964200,75.24,75.64,74.94,75.59,10491242
2024-12-24,1735050600,75.62,75.92,75.43,75.86,5585232
2024-12-26,1735223400,75.99,76.345,75.9301,76.22,10787372
2024-12-27,1735309800,76.08,76.275,75.83,76.11,15819744
2024-12-30,1735569000,75.64,75.8799,75.275,75.61,16427609
2024-12-31,1735655400,75.86,75.98,75.44,75.61,21393484
2025-01-02,1735828200,75.7,75.87,75.14,75.35,12756558
2025-01-03,1735914600,75.53,75.74,75.235,75.68,12548776
2025-01-06,1736173800,76.33,76.89,76.25,76.4,16201781
2025-01-07,1736260200,77.06,77.06,76.23,76.34,9393247
2025-01-08,1736346600,75.9,76.33,75.675,76.22,7894852
2025-01-10,1736519400,75.65,75.67,74.9038,75.06,12022276
2025-01-13,1736778600,74.25,74.89,74.24,74.85,12019745
2025-01-14,1736865000,75.02,75.256,74.76,75.12,9963181
2025-01-15,1736951400,76.2,76.26,75.755,76.08,12144784
2025-01-16,1737037800,76.25,76.69,76.09,76.47,17925790
2025-01-17,1737124200,76.86,77.195,76.68,76.78,10667115
2025-01-21,1737469800,77.8,78.35,77.6838,78.33,13169107
2025-01-22,1737556200,78.49,78.5,78.12,78.15,8666664
2025-01-23,1737642600,78.34,78.79,78.19,78.79,10977637
2025-01-24,1737729000,79.15,79.46,79.075,79.23,7578399
2025-01-27,1737988200,78.84,79.27,78.82,79.23,13559152
2025-01-28,1738074600,79.11,79.18,78.655,79.13,9458406
2025-01-29,1738161000,79.14,79.355,78.85,79.12,7875350
2025-01-30,1738247400,79.88,80.32,79.64,79.99,13792063
2025-01-31,1738333800,79.86,80.17,79.17,79.24,14935711
2025-02-03,1738593000,77.91,78.8,77.6476,78.31,14997646
2025-02-04,1738679400,78.785,79.3,78.71,79.22,10608266
2025-02-05,1738765800,79.71,80.085,79.55,79.99,7857042
2025-02-06,1738852200,80.25,80.54,80.1901,80.37,7806531
2025-02-07,1738938600,80.42,80.48,79.48,79.61,13110844
2025-02-10,1739197800,79.98,80.175,79.92,80.15,7287254
2025-02-11,1739284200,80.06,80.615,80.025,80.53,7583803
2025-02-12,1739370600,80.01,80.99,79.89,80.83,17271426
2025-02-13,1739457000,81.2,81.85,81.12,81.81,17212339
2025-02-14,1739543400,82.27,82.35,81.905,81.93,8051820
2025-02-18,1739889000,82.47,82.63,82.32,82.52,9485857
2025-02-19,1739975400,81.65,81.8,81.375,81.67,11042162
2025-02-20,1740061800,81.91,82.1,81.585,82.05,9177372
2025-02-21,1740148200,82.12,82.135,81.3801,81.54,11630000
2025-02-24,1740407400,81.87,81.99,81.3399,81.49,11135811
2025-02-25,1740493800,82.51,82.51,81.875,82.23,10091354
2025-02-26,1740580200,82.47,82.985,82.17,82.34,11254629
2025-02-27,1740666600,82.11,82.11,81.36,81.41,19003207
2025-02-28,1740753000,81.33,81.65,80.81,81.58,20717807
2025-03-03,1741012200,83.17,83.385,82.025,82.48,16234749
2025-03-04,1741098600,81.89,83.33,81.21,82.46,18408473
2025-03-05,1741185000,83.58,84.57,83.58,84.43,17092514
2025-03-06,1741271400,83.81,84.4899,83.5,83.56,18421015
2025-03-07,1741357800,83.71,84.54,83.5365,84.43,13184265
2025-03-10,1741613400,83.04,83.335,81.875,82.44,19368425
2025-03-11,1741699800,82.53,82.65,81.605,82.16,18088834
2025-03-12,1741786200,82.71,82.93,82.175,82.75,15886266
2025-03-13,1741872600,82.27,82.495,81.9399,82.2,18561447
2025-03-14,1741959000,83,83.73,82.85,83.71,13971270
2025-03-17,1742218200,83.93,84.78,83.87,84.65,12966764
2025-03-18,1742304600,84.58,84.7701,84.1499,84.64,10513395
2025-03-19,1742391000,84.34,85.185,84.2773,84.89,16362393
2025-03-20,1742477400,83.67,84.25,83.645,84.18,11820548
2025-03-21,1742563800,83.55,83.82,83.37,83.66,18771241
2025-03-24,1742823000,83.585,83.83,83.345,83.65,12201774
2025-03-25,1742909400,84.22,84.32,83.91,84.11,10478188
2025-03-26,1742995800,83.55,83.775,82.875,83.02,17011162
2025-03-27,1743082200,82.89,83.39,82.845,83.2,10331864
2025-03-28,1743168600,82.79,82.885,82.29,82.46,14242399
2025-03-31,1743427800,81.27,81.875,80.915,81.73,25560626
2025-04-01,1743514200,81.78,82.11,81.345,81.85,15153975
2025-04-02,1743600600,81.25,82.13,81.19,82.04,14451646
2025-04-03,1743687000,81.24,81.445,80.215,80.32,18718353
2025-04-04,1743773400,77.25,77.515,74.97,75.02,40904309
2025-04-07,1744032600,72.69,76.25,72.145,73.21,63057498
2025-04-08,1744119000,75.83,75.92,72.22,72.96,36425015
2025-04-09,1744205400,73.16,78.86,72.76,78.59,60645131
2025-04-10,1744291800,77.2,77.485,75.285,77.04,36697619
2025-04-11,1744378200,77.34,79.145,77.225,78.97,28909928
2025-04-14,1744637400,79.45,80.24,79.17,79.82,15749900
2025-04-15,1744723800,80.45,80.905,80.36,80.54,13679843
2025-04-16,1744810200,80.55,81.06,79.94,80.23,16542601
2025-04-17,1744896600,80.96,81.59,80.805,81.1,14072528
2025-04-21,1745242200,81.47,81.56,80.09,80.66,15883913
2025-04-22,1745328600,81.77,82.7,81.75,82.33,14923224
2025-04-23,1745415000,83.12,83.63,82.43,82.66,15223543
2025-04-24,1745501400,83.03,83.79,82.885,83.76,11194210
2025-04-25,1745587800,83.6,84.15,83.48,84.12,10485378
2025-04-28,1745847000,84.23,84.765,84.1547,84.68,10085403
2025-04-29,1745933400,84.59,85.03,84.5627,84.85,8303750
2025-04-30,1746019800,84.28,85.01,83.8601,84.75,24147911
2025-05-01,1746106200,84.98,84.99,84.365,84.48,10070866
2025-05-02,1746192600,85.96,86.295,85.81,86.1,14798549
2025-05-05,1746451800,86.37,86.475,86.23,86.25,8119851
2025-05-06,1746538200,86.21,86.44,86.05,86.14,8661737
2025-05-07,1746624600,85.93,86.185,85.59,85.85,8536595
2025-05-08,1746711000,86.085,86.09,85.5,85.55,12228336
2025-05-09,1746797400,86.21,86.21,85.74,85.97,9148988
2025-05-12,1747056600,86.09,86.42,85.65,86.41,12602562
2025-05-13,1747143000,86.295,86.73,86.2,86.52,13242907
2025-05-14,1747229400,86.805,86.83,86.035,86.1,10173345
2025-05-15,1747315800,86.72,87.1,86.495,87.04,11283163
2025-05-16,1747402200,86.94,87.275,86.77,87.24,8372141
2025-05-19,1747661400,87.24,88.08,87.22,88.07,9062923
2025-05-20,1747747800,88.26,88.53,88.21,88.49,23335474
2025-05-21,1747834200,88.6,88.89,87.925,87.97,15278897
2025-05-22,1747920600,87.625,88.15,87.485,87.92,12787316
2025-05-23,1748007000,87.2,88.2,87.15,88.04,16959592
2025-05-27,1748352600,89.3,89.46,89.12,89.32,12435731
2025-05-28,1748439000,88.45,88.545,88.12,88.29,16812428
2025-05-29,1748525400,88.74,88.75,88.2499,88.68,11454353
2025-05-30,1748611800,88.75,88.9,88.17,88.81,18590171
2025-06-02,1748871000,88.97,89.79,88.67,89.76,25710474
2025-06-03,1748957400,88.86,89.17,88.625,89.08,11787449
2025-06-04,1749043800,89.29,89.75,89.23,89.48,11593334
2025-06-05,1749130200,89.76,89.86,89.23,89.42,14543140
2025-06-06,1749216600,89.62,89.845,89.5,89.74,10301082
2025-06-09,1749475800,89.62,90,89.555,89.73,9641764
2025-06-10,1749562200,90.05,90.09,89.65,89.85,10254102
2025-06-11,1749648600,90.01,90.16,89.64,89.7,12329627
2025-06-12,1749735000,90.2,90.505,90.145,90.39,13288064
2025-06-13,1749821400,89.22,89.72,89.0165,89.23,22177127
2025-06-16,1750080600,88.41,88.86,88.04,88.04,17843407
2025-06-17,1750167000,87.665,87.745,86.86,86.96,16726290
2025-06-18,1750253400,87.21,87.585,86.9,87.11,18504431
2025-06-20,1750426200,87.04,87.05,86.31,86.33,16900634
2025-06-23,1750685400,85.74,87.0057,85.68,86.98,23100647
2025-06-24,1750771800,87.66,88.17,87.56,88.04,14900765
2025-06-25,1750858200,87.57,87.68,87.36,87.56,14422092
2025-06-26,1750944600,88.24,88.6099,88.13,88.54,15791542
2025-06-27,1751031000,89.18,89.62,88.955,89.34,15987686
2025-06-30,1751290200,89.12,89.49,88.95,89.39,28062282
2025-07-01,1751376600,89.11,89.39,89.0342,89.24,11406067
2025-07-02,1751463000,88.97,89.56,88.84,89.5,13133597
2025-07-03,1751549400,89.435,89.675,89.39,89.52,5311077
2025-07-07,1751895000,88.94,89.1,88.3,88.55,12925001
2025-07-08,1751981400,88.7,89.29,88.6,89.2,9061444
2025-07-09,1752067800,89.59,89.9,89.375,89.87,8699939
2025-07-10,1752154200,89.63,89.88,89.425,89.81,8554427
2025-07-11,1752240600,89.1,89.125,88.81,88.95,8467972
2025-07-14,1752499800,88.65,89.015,88.57,88.95,7969857
2025-07-15,1752586200,88.96,88.97,87.96,88.02,10572042
2025-07-16,1752672600,87.98,88.44,87.72,88.38,16776533
2025-07-17,1752759000,88.15,88.62,88.085,88.61,9542032
2025-07-18,1752845400,89.02,89.025,88.275,88.36,11044833
2025-07-21,1753104600,88.78,89.28,88.61,88.83,9323984
2025-07-22,1753191000,88.93,89.39,88.7135,89.32,12134311
2025-07-23,1753277400,90.54,91.57,90.485,91.54,18088192
2025-07-24,1753363800,91.07,91.27,90.86,90.86,12025603
2025-07-25,1753450200,90.19,90.76,90.085,90.75,9583464
2025-07-28,1753709400,89.81,89.86,89.095,89.29,13653965
2025-07-29,1753795800,89.3,89.3,88.93,89.11,11888621
2025-07-30,1753882200,88.825,89.075,88.14,88.47,14623006
2025-07-31,1753968600,88.1,88.135,87.35,87.52,29271575
2025-08-01,1754055000,87.28,87.425,86.735,87.29,18658183
2025-08-04,1754314200,88.23,88.47,88.11,88.45,14718054
2025-08-05,1754400600,88.6,88.64,88.17,88.44,11634139
2025-08-06,1754487000,88.84,89.17,88.765,89.02,11499873
2025-08-07,1754573400,90.02,90.09,89.44,89.82,11525591
2025-08-08,1754659800,90.15,90.525,90.08,90.37,10367276
2025-08-11,1754919000,90.12,90.2,89.875,89.99,8516640
2025-08-12,1755005400,90.39,91.15,90.275,91.09,12302860
2025-08-13,1755091800,91.39,91.66,91.365,91.64,9490537
2025-08-14,1755178200,91.225,91.68,91.195,91.65,11790572
2025-08-15,1755264600,92.22,92.275,92.04,92.19,11864283
2025-08-18,1755523800,91.945,92.135,91.795,92.09,11577829
2025-08-19,1755610200,92.33,92.49,92.015,92.1,10721578
2025-08-20,1755696600,92.27,92.46,92.105,92.43,15871192
2025-08-21,1755783000,91.92,92.065,91.685,91.85,11258869
2025-08-22,1755869400,92.21,93.38,92.18,93.23,15827472
2025-08-25,1756128600,92.79,92.945,91.9801,92,11700869
2025-08-26,1756215000,91.74,91.95,91.67,91.9,11788856
2025-08-27,1756301400,91.22,91.715,91.035,91.68,13054224
2025-08-28,1756387800,92,92.14,91.83,92.02,11136419
2025-08-29,1756474200,91.53,91.65,91.325,91.48,18544492
2025-09-02,1756819800,90.1,90.735,90.04,90.58,15496271
2025-09-03,1756906200,90.45,90.8,90.37,90.72,14418844
2025-09-04,1756992600,91,91.4,90.935,91.38,10348031
2025-09-05,1757079000,92.115,92.385,91.495,91.79,15510643
2025-09-08,1757338200,92.46,92.74,92.24,92.71,12010731
2025-09-09,1757424600,92.325,92.495,92.15,92.4,10893174
2025-09-10,1757511000,92.65,92.765,92.265,92.38,11838438
2025-09-11,1757597400,92.78,93.39,92.75,93.36,11013030
2025-09-12,1757683800,92.99,93.125,92.765,92.99,10010534
2025-09-15,1757943000,93.45,93.6799,93.32,93.61,18108014
2025-09-16,1758029400,93.52,93.54,93.08,93.35,25226898
2025-09-17,1758115800,93.24,93.77,92.61,93,17013573
2025-09-18,1758202200,93.1,93.48,92.82,93.36,15791635
2025-09-19,1758288600,93.04,93.145,92.76,93,21889338
2025-09-22,1758547800,92.96,93.34,92.73,93.3,13692268
2025-09-23,1758634200,93.51,93.67,93.015,93.12,14688387
2025-09-24,1758720600,92.69,92.92,92.46,92.58,14910666
2025-09-25,1758807000,91.945,92.02,91.525,91.92,22434553
2025-09-26,1758893400,92.31,92.64,92.225,92.63,18137958
2025-09-29,1759152600,92.92,93.06,92.765,92.99,13807071
2025-09-30,1759239000,92.885,93.46,92.86,93.37,24294994
2025-10-01,1759325400,93.88,94.27,93.8601,94.14,17167910
2025-10-02,1759411800,94.535,94.6,93.87,94.29,15300541
2025-10-03,1759498200,94.97,95.265,94.845,95.08,13985532
2025-10-06,1759757400,95.25,95.525,95.145,95.3,12812709
2025-10-07,1759843800,94.96,95.0107,94.4325,94.47,9074987
2025-10-08,1759930200,94.79,94.9251,94.5501,94.75,11159395
2025-10-09,1760016600,94.79,94.79,93.7399,93.97,10567894
2025-10-10,1760103000,93.69,93.7662,92.115,92.24,26137180
2025-10-13,1760362200,92.65,93.08,92.53,92.98,11132883
2025-10-14,1760448600,92.45,93.6758,92.335,93.4,15119002
2025-10-15,1760535000,93.86,94.1307,93.315,93.85,15005514
2025-10-16,1760621400,94.42,94.74,94,94.34,24970280
2025-10-17,1760707800,94.04,94.5665,93.92,94.51,16789486
2025-10-20,1760967000,94.945,95.375,94.93,95.29,12951059
2025-10-21,1761053400,94.86,95,94.55,94.59,16644262
2025-10-22,1761139800,94.6,94.76,94.05,94.45,15028680
2025-10-23,1761226200,94.62,94.9986,94.62,94.89,10584494
2025-10-24,1761312600,95.08,95.205,94.935,95.04,8967861
2025-10-27,1761571800,95.56,95.73,95.48,95.7,10612646
2025-10-28,1761658200,95.63,95.95,95.465,95.66,9187623
2025-10-29,1761744600,95.66,95.75,94.645,95.12,17914374
2025-10-30,1761831000,94.57,95.08,94.5,94.7,13967840
2025-10-31,1761917400,94.59,94.61,94.13,94.49,19459165
2025-11-03,1762180200,94.56,94.64,94.26,94.53,10681370
2025-11-04,1762266600,93.525,94.03,93.445,93.56,10349018
2025-11-05,1762353000,93.68,94.32,93.67,94.16,12451335
2025-11-06,1762439400,94.27,94.36,93.705,93.95,16175998
2025-11-07,1762525800,93.57,94.32,93.34,94.3,13976941
2025-11-10,1762785000,94.86,95.35,94.59,95.29,15682792
2025-11-11,1762871400,95.67,96.1401,95.67,95.99,12959431
2025-11-12,1762957800,96.31,96.69,96.31,96.56,9532343
2025-11-13,1763044200,96.35,96.46,95.425,95.53,15864780
2025-11-14,1763130600,94.88,95.5269,94.78,95.26,17396354
2025-11-17,1763389800,94.6,94.88,93.68,94.02,18850876
2025-11-18,1763476200,92.81,93.1456,92.3,92.8,22482259
2025-11-19,1763562600,92.71,93.065,92.1441,92.52,15425364
2025-11-20,1763649000,93.13,93.25,91.21,91.24,26720920
2025-11-21,1763735400,92.1,92.895,91.76,92.65,27211439
2025-11-24,1763994600,92.45,92.875,92.34,92.73,18550865
2025-11-25,1764081000,93.13,93.88,92.885,93.84,19903831
2025-11-26,1764167400,94.26,95.01,94.23,94.87,13481192
2025-11-28,1764340200,94.84,95.22,94.735,95.19,8136033
2025-12-01,1764599400,94.92,95.15,94.69,94.72,21791503
2025-12-02,1764685800,95.08,95.13,94.745,95.04,14267613
2025-12-03,1764772200,95.12,95.59,95.1,95.55,14439837
2025-12-04,1764858600,96.08,96.175,95.645,95.81,13862949
2025-12-05,1764945000,96.1,96.225,95.635,95.81,15829874
2025-12-08,1765204200,95.82,95.82,95.355,95.51,13589164
2025-12-09,1765290600,95.6,95.83,95.36,95.38,15966762
2025-12-10,1765377000,95.56,96.5999,95.495,96.44,21171779
2025-12-11,1765463400,96.715,97.1499,96.63,97.01,19221697
2025-12-12,1765549800,97.06,97.18,96.145,96.5,20514863
2025-12-15,1765809000,97.31,97.415,96.87,97.09,22751908
2025-12-16,1765895400,95.14,95.225,94.595,94.92,29380526
2025-12-17,1765981800,94.73,94.95,94.13,94.15,34926072
2025-12-18,1766068200,94.95,95.305,94.58,94.82,29971362
2025-12-19,1766154600,95.26,95.73,95.21,95.46,31094759
2025-12-22,1766413800,95.47,95.7554,95.4,95.7,15861192
2025-12-23,1766500200,96.28,96.44,96.165,96.29,16485891
2025-12-24,1766586600,96.33,96.4614,96.185,96.41,5609693
2025-12-26,1766759400,96.53,96.6,96.335,96.57,9304222
2025-12-29,1767018600,96.26,96.465,96.055,96.28,16705457
2025-12-30,1767105000,96.63,96.795,96.415,96.44,15876987
2025-12-31,1767191400,96.33,96.39,95.9239,96.03,27618024
2026-01-02,1767364200,97.03,97.105,96.51,97.04,42922553
2026-01-05,1767623400,97.255,98.15,97.23,98.15,25186954
2026-01-06,1767709800,98.31,98.48,98.13,98.3,14557983
2026-01-07,1767796200,98.14,98.205,97.84,97.93,15468958
2026-01-08,1767882600,97.56,97.95,97.525,97.94,14090757
2026-01-09,1767969000,98.42,98.885,98.33,98.81,16001759
2026-01-12,1768228200,99.15,99.44,99.115,99.41,15313534
2026-01-13,1768314600,99.23,99.25,98.645,98.84,17697978
2026-01-14,1768401000,99.19,99.365,98.98,99.3,19947519
2026-01-15,1768487400,99.62,99.62,99.22,99.26,24662623
2026-01-16,1768573800,99.42,99.54,99.055,99.53,18699264
2026-01-20,1768919400,98,98.685,97.86,98.02,26893281
2026-01-21,1769005800,98.27,99.28,97.89,99.03,26150514
2026-01-22,1769092200,99.39,99.67,99.175,99.42,16592844
2026-01-23,1769178600,99.17,100,99,99.97,16753537
2026-01-26,1769437800,100.54,100.825,100.46,100.47,14959320
2026-01-27,1769524200,101.47,102.32,101.43,102.09,19754257
2026-01-28,1769610600,101.185,101.355,100.56,101.01,21938778
2026-01-29,1769697000,102.015,102.1,100.555,101.69,29236249
2026-01-30,1769783400,101.35,101.54,100.37,100.74,27813416
2026-02-02,1770042600,100.88,101.545,100.82,101.4,21725501
2026-02-03,1770129000,101.14,101.655,100.64,101.45,23625727
2026-02-04,1770215400,102.47,102.665,101.37,101.78,25576679
2026-02-05,1770301800,100.62,101.145,100.27,100.33,22760150
2026-02-06,1770388200,101.69,102.65,101.635,102.61,17343717
2026-02-09,1770647400,103.23,104.17,103.115,103.99,20137686
2026-02-10,1770733800,104.575,104.67,104.24,104.24,16861808
2026-02-11,1770820200,104.84,105.17,104.16,104.94,20493537
2026-02-12,1770906600,105.09,105.235,103.81,104.15,29385324
2026-02-13,1770993000,103.88,104.43,103.445,104.24,22651314
2026-02-17,1771338600,103.36,104.34,103.02,104.22,19647198
2026-02-18,1771425000,104.37,104.91,104.12,104.34,16099437
2026-02-19,1771511400,103.54,104.09,103.37,104.05,15994117
2026-02-20,1771597800,103.86,105.05,103.86,104.9,25737456
2026-02-23,1771857000,104.81,105.105,104.19,104.47,14151839
2026-02-24,1771943400,104.17,104.915,104.08,104.66,17358044
2026-02-25,1772029800,105.255,105.7953,105.145,105.66,14783781
2026-02-26,1772116200,105.635,105.72,104.87,105.57,28482697
2026-02-27,1772202600,105.52,105.94,105.26,105.38,25575483
2026-03-02,1772461800,102.76,103.725,102.72,103.3,38047008
2026-03-03,1772548200,98.65,100.56,97.75,100.09,52567274
2026-03-04,1772634600,100.785,101.49,100.4,101.38,30766526
2026-03-05,1772721000,99.78,100.27,98.22,99.16,34508251
2026-03-06,1772807400,97.27,98.69,97.06,98.28,27734382
2026-03-09,1773063000,96.775,99.405,95.98,98.99,37484689
2026-03-10,1773149400,99.735,100.88,99.07,99.22,44802860
2026-03-11,1773235800,98.64,99.375,98.285,99.01,21349912
2026-03-12,1773322200,98.04,98.13,97.005,97.46,34724593
2026-03-13,1773408600,97.665,98.105,96.14,96.3,27628296
2026-03-16,1773667800,97.64,98.32,97.45,98.1,17384126
2026-03-17,1773754200,98.74,98.965,98.24,98.37,16411463
2026-03-18,1773840600,97.81,98.01,96.605,96.69,26644886
2026-03-19,1773927000,94.94,97.11,94.8,96.52,34858276
2026-03-20,1774013400,96.13,96.13,93.08,93.59,45493716
2026-03-23,1774272600,95.525,97.02,94.945,95.84,40781199
2026-03-24,1774359000,94.485,95.81,94.35,95.27,22695848
2026-03-25,1774445400,96.92,97.15,96.15,96.66,20476287
2026-03-26,1774531800,95.47,96.23,94.615,94.66,19676756
2026-03-27,1774618200,94.29,94.84,93.515,93.8,22341137
2026-03-30,1774877400,94.72,94.975,93.67,94.07,16136380
2026-03-31,1774963800,95.57,97.155,95.0601,97.13,39447980
2026-04-01,1775050200,98.52,99.32,98.215,98.61,27123209
2026-04-02,1775136600,96.54,98.42,96.36,98,17276285
2026-04-06,1775482200,98.13,98.73,98.03,98.49,11810903
2026-04-07,1775568600,97.67,98.5,96.79,98.35,19809723
2026-04-08,1775655000,102.49,102.635,101.515,102.19,22300868
2026-04-09,1775741400,101.09,102.47,100.91,101.95,14958351
2026-04-10,1775827800,102.63,102.69,101.805,102.18,8670349
2026-04-13,1776087000,101.265,102.85,101.175,102.81,19346912
2026-04-14,1776173400,103.34,103.82,103.21,103.64,16581253
2026-04-15,1776259800,103.39,103.445,102.935,103.31,8786288
2026-04-16,1776346200,103.56,103.58,102.645,103.01,13227621
2026-04-17,1776432600,104.46,105.13,104.21,104.32,17321901
2026-04-20,1776691800,103.72,103.93,103.13,103.91,12896409
2026-04-21,1776778200,103.125,103.27,101.51,101.63,18105407
2026-04-22,1776864600,102.33,102.38,101.65,101.97,9990803
2026-04-23,1776951000,101.75,102.12,100.15,101.24,15774205
2026-04-24,1777037400,101.41,101.96,101.15,101.77,14219368
2026-04-27,1777296600,101.825,102.055,101.34,101.38,10091680
2026-04-28,1777383000,100.93,101.13,100.56,100.96,11008861
2026-04-29,1777469400,100.4,100.48,99.505,99.93,10987198
2026-04-30,1777555800,101.32,102.575,101.09,102.32,16585804
2026-05-01,1777642200,102.29,102.87,102.065,102.1,14447180
2026-05-04,1777901400,101.44,101.715,100.26,100.7,21026266
2026-05-05,1777987800,101.67,102.16,101.19,102.04,12347315
2026-05-06,1778074200,104.5,104.92,104.31,104.81,14755515
2026-05-07,1778160600,104.82,104.86,102.82,102.89,19257474
2026-05-08,1778247000,103.765,104.04,103.39,103.96,12280190
2026-05-11,1778506200,103.81,104,103.57,103.74,10717945
2026-05-12,1778592600,103,103.28,102.35,103.14,15771337
2026-05-13,1778679000,103.01,103.88,102.9306,103.83,9578943
2026-05-14,1778765400,103.79,103.9263,103.41,103.46,8943807
2026-05-15,1778851800,102.01,102.14,101.55,101.72,17916753
2026-05-18,1779111000,102.48,102.82,101.775,102.66,15943992
2026-05-19,1779197400,102.075,102.47,101.69,101.92,13211795
2026-05-20,1779283800,102.155,103.91,101.97,103.62,16511774
2026-05-21,1779370200,102.815,104.56,102.6,104.19,14357631
2026-05-22,1779456600,104.22,104.48,103.7899,103.98,12012636
2026-05-26,1779802200,105.345,105.46,104.755,105.13,12884884
2026-05-27,1779888600,105.06,105.085,104.515,104.77,12599620
2026-05-28,1779975000,104.115,105.01,103.97,104.69,13605998
2026-05-29,1780061400,105.13,105.52,104.73,104.8,16934044
2026-06-01,1780320600,103.99,104.92,103.6,104.44,17412617
2026-06-02,1780407000,104.59,105.155,104.53,105.02,8400727
2026-06-03,1780493400,104.575,104.635,104.07,104.12,11807067
2026-06-04,1780579800,104.54,105.015,104.43,104.95,10158677
2026-06-05,1780666200,104.14,104.185,101.91,102.26,16937636
2026-06-08,1780925400,103.27,103.495,102.715,102.88,13550419
2026-06-09,1781011800,103.89,104.235,101.34,102.9,21878015
2026-06-10,1781098200,102.23,102.9,101.49,101.57,22737741
2026-06-11,1781184600,102.48,104.85,102.22,104.73,20415020
2026-06-12,1781271000,104.65,105.36,104.19,105.02,14219960
2026-06-15,1781530200,104.69,104.74,103.985,104.08,14053627
2026-06-16,1781616600,104.72,104.8,104.225,104.31,12047013
2026-06-17,1781703000,105.04,105.42,103.585,103.78,20717592
2026-06-18,1781789400,104.58,104.66,104.18,104.41,15466272
2026-06-22,1782135000,104.59,104.835,104.425,104.58,9596198
2026-06-23,1782221400,102.38,103.015,102.315,102.46,17425692
2026-06-24,1782307800,102.24,102.65,101.92,102.26,12504170
2026-06-25,1782394200,103.48,103.725,102.73,103.15,13139590
2026-06-26,1782480600,102.46,103.07,102.3,102.54,21219217
2026-06-29,1782739800,102.87,103.47,102.22,103.45,10788621
2026-06-30,1782826200,103.32,103.89,103.19,103.88,16945923
2026-07-01,1782912600,103.07,103.43,102.87,103.02,13487082
2026-07-02,1782999000,104.59,105.27,103.75,104.37,12685960
2026-07-06,1783344600,104.995,105.52,104.88,105.46,9803217
2026-07-07,1783431000,105.015,105.16,103.85,104.16,10715192
2026-07-08,1783517400,102.81,103.405,102.255,103.36,8642828
2026-07-09,1783603800,103.61,104.185,103.55,103.92,7586409
2026-07-10,1783690200,104.18,104.595,103.61,104.33,8286795
2026-07-13,1783949400,103.85,103.98,103.085,103.24,10953703
2026-07-14,1784035800,104.38,105.09,103.91,103.96,9932196
2026-07-15,1784122200,104.28,104.81,103.8,104.65,7415824
2026-07-16,1784208600,103.67,104.22,103.47,103.81,9966804
2026-07-17,1784295000,102.51,103.51,102.51,103.33,10969900
2026-07-20,1784554200,103.34,103.49,102.465,102.57,14834448
2026-07-21,1784640600,103.51,104.19,103.09,104.06,9826921
2026-07-22,1784727000,104.44,104.64,104.215,104.25,14694586
2026-07-23,1784813400,102.755,103.29,102.54,102.9,12596067
2026-07-24,1784899800,103.5,104.025,103.255,103.41,9032149
2026-07-27,1785159000,104.355,104.455,103.445,103.91,9299983
2026-07-28,1785245400,103.19,104.18,103.12,103.89,9580483
2026-07-29,1785331800,103.715,104.85,102.98,103.37,11646402
2026-07-30,1785418200,105.005,106.32,104.81,106.24,13263685
2026-07-31,1785504600,105.75,105.8297,104.6,105.58,14260693
2026-08-03,1785763800,105.72,106.08,105.535,106.02,9956842
2026-08-04,1785850200,106.72,107.47,106.61,107.32,10410034
2026-08-05,1785936600,107.99,108,107.4,107.43,9007597
2026-08-06,1786023000,107.66,107.905,107.255,107.36,8510713
2026-08-07,1786109400,108.75,108.76,108.185,108.55,9430888
2026-08-10,1786368600,108.21,108.305,107.965,108.01,7015481
2026-08-11,1786455000,108.44,108.625,107.88,108.09,6368380
2026-08-12,1786541400,108.75,108.815,108.32,108.5,9901365
2026-08-13,1786627800,108.67,108.89,108.51,108.69,7237890
2026-08-14,1786714200,108.76,108.89,108.4625,108.64,5660191
2026-08-17,1786973400,108.66,108.865,108.345,108.45,9375599
2026-08-18,1787059800,107.75,108.025,107.18,107.27,14561278
2026-08-19,1787146200,107.87,108.07,107.405,107.66,10829625
2026-08-20,1787232600,107.29,107.86,107.16,107.35,10578409
2026-08-21,1787319000,108.13,108.37,108.045,108.24,9935618
2026-08-24,1787578200,107.99,108.185,107.775,108.03,6095423
2026-08-25,1787664600,108.51,108.83,108.24,108.81,6438753
2026-08-26,1787751000,108.68,108.82,108.145,108.27,5219092
2026-08-27,1787837400,108.04,108.14,107.605,108.02,5371934
2026-08-28,1787923800,108.52,108.74,107.525,107.72,13245043
2026-08-31,1788183000,108.04,108.07,107.265,107.45,9539194
2026-09-01,1788269400,107.04,107.27,106.285,106.49,10129599
2026-09-02,1788355800,106.73,107.1,106.64,107.06,6463702
2026-09-03,1788442200,108.02,108.4099,107.6,108.21,12746226
2026-09-04,1788528600,107.85,108.575,107.85,108.35,5730777
2026-09-08,1788874200,108.34,108.405,107.705,107.76,8318987
2026-09-09,1788960600,107.27,107.315,106.495,106.56,15827653
2026-09-10,1789047000,106,106.335,105.49,105.66,12804365
2026-09-11,1789133400,106.98,107.03,106.57,106.7,10285845
2026-09-14,1789392600,105.8,106.44,105.44,105.85,11477451
2026-09-15,1789479000,105.48,105.51,105.045,105.4,11921749
2026-09-16,1789565400,105.88,106.17,104.36,105.02,11545676
2026-09-17,1789651800,106.28,106.39,105.915,106.04,8514850
2026-09-18,1789738200,104.985,105.13,104.605,104.97,17992802
2026-09-21,1789997400,106.09,106.35,105.66,106.13,10884498
2026-09-22,1790083800,106.405,106.7799,105.875,106.5,11185044
2026-09-23,1790170200,105.485,105.555,104.46,104.8,12210321
2026-09-24,1790256600,104.41,104.91,103.905,104.5,17124623
2026-09-25,1790343000,105.18,105.625,104.755,105.56,14070520
2026-09-28,1790602200,104.985,105.62,104.495,105.04,20730721
2026-09-29,1790688600,104.58,104.67,103.855,104.54,14651770
2026-09-30,1790775000,104.9,104.95,103.78,103.89,37067499
2026-10-01,1790865000,103.37999725341797,103.54000091552734,102.33999633789062,102.81999969482422,21307400.0
2026-10-02,1790951400,103.70999908447266,104.16000366210938,103.30999755859375,103.95999908447266,11425100.0
2026-10-05,1791210600,103.5199966430664,104.19999694824219,103.23999786376953,104.02999877929688,13819700.0
2026-10-06,1791297000,104.48999786376953,104.69999694824219,104.20999908447266,104.22000122070312,10489100.0
2026-10-07,1791383400,102.77999877929688,103.25,102.54000091552734,103.0999984741211,13347100.0
2026-10-08,1791469800,102.48999786376953,102.83000183105469,102.0,102.69999694824219,21851600.0
2026-10-09,1791556200,103.1500015258789,103.45999908447266,102.95999908447266,103.4000015258789,9665900.0
