date,t,o,h,l,c,v
2006-11-13,1163428200,61.92999,62.25,61.77,62.19,3408800
2006-11-14,1163514600,62.31,62.52,61.46001,61.63,5706199
2006-11-15,1163601000,61.34,62.07001,61.25,61.84,3760500
2006-11-16,1163687400,62.16,62.2988,61.27,61.31,4347500
2006-11-17,1163773800,61.39999,61.78,61.34,61.78,3390900
2006-11-20,1164033000,62.06,62.25,61.56,61.77,2947200
2006-11-21,1164119400,62.25,62.52,62.03,62.27,2930700
2006-11-22,1164205800,62.64,63.07001,62.25,62.5,4863602
2006-11-24,1164378600,63.48,63.67999,63.31,63.5,6886199
2006-11-27,1164637800,63.46001,63.74001,63.32001,63.7,5249801
2006-11-28,1164724200,63.60001,63.71001,62.82001,63.57001,6059000
2006-11-29,1164810600,63.37,63.39,63.08,63.16,4006500
2006-11-30,1164897000,64.07001,64.42999,63.89999,64.39,6366398
2006-12-01,1164983400,64.2,64.55,63.99001,64.12,6364398
2006-12-04,1165242600,64.03,64.14,63.56,64.12,3469100
2006-12-05,1165329000,64.25,64.42,63.36,63.81,5255301
2006-12-06,1165415400,63.08,63.45,62.28999,62.69,6386602
2006-12-07,1165501800,62.64,62.78,61.99001,62.73,5386699
2006-12-08,1165588200,63.08,63.34,61.87,62.05,6081398
2006-12-11,1165847400,62.17999,62.60001,62.07001,62.57001,3163900
2006-12-12,1165933800,62.41,62.56,62.17,62.52,3018700
2006-12-13,1166020200,62.10001,62.57001,61.88,62.48,3595500
2006-12-14,1166106600,62.28999,62.47,62.03999,62.12,2237700
2006-12-15,1166193000,62.21001,62.22,60.92999,61,7428199
2006-12-18,1166452200,60.85001,61.11,60.64999,61.03999,3880800
2006-12-19,1166538600,61.2,61.83,61.17999,61.8,4255102
2006-12-20,1166625000,61.64,61.8,61.45,61.62,2979300
2006-12-21,1166711400,61.58,61.7,61.27,61.38,2483300
2006-12-22,1166797800,61.45,61.8,61.32001,61.64999,1367800
2006-12-26,1167143400,62.24001,62.45,61.87,61.98,1975200
2006-12-27,1167229800,62.3,62.46001,62.17,62.22,3063500
2006-12-28,1167316200,62.97,63.05,62.69,62.89999,2539600
2006-12-29,1167402600,62.91,63.25,62.88,63.21001,2117200
2007-01-03,1167834600,63.58,64.02,62,62.28,8061898
2007-01-04,1167921000,62.07001,62.5,61.52,61.64999,4858602
2007-01-05,1168007400,60.75,60.78,59.66,60.17,12500199
2007-01-08,1168266600,60.38,60.53999,59.851,60.48,3478700
2007-01-09,1168353000,60.14,61.09,60.06,60.85001,4170398
2007-01-10,1168439400,60.46001,60.82001,60.06,60.59,3766000
2007-01-11,1168525800,60.7,61.07001,60.53,60.63,4640000
2007-01-12,1168612200,61,62.28,60.89999,62.17,5840199
2007-01-16,1168957800,62.2,62.3,61.74001,61.97,3201000
2007-01-17,1169044200,61.97,62.89999,61.97,62.64,4516199
2007-01-18,1169130600,62.99001,63.16,62.14999,62.25999,4460102
2007-01-19,1169217000,62.52,63.13,62.27,63,3258400
2007-01-22,1169476200,63.00999,63.48,62.64999,62.72,3941300
2007-01-23,1169562600,63.67999,64.28999,63.67,64.23,6322000
2007-01-24,1169649000,63.71001,64.41,63.37,64.33,5241500
2007-01-25,1169735400,64.8,64.88,63.98,64.06,5985801
2007-01-26,1169821800,64.16,64.31,63.75999,64.10001,3494600
2007-01-29,1170081000,63.85001,64.28999,63.66,63.77,3487300
2007-01-30,1170167400,63.92,64.23,63.83,64.22,3094200
2007-01-31,1170253800,63.99001,64.98109,63.95,64.83,5900898
2007-02-01,1170340200,65.45,65.63,65.06,65.22,6285000
2007-02-02,1170426600,64.75999,64.8,63.8,64.28,9079398
2007-02-05,1170685800,64.67999,64.69,64.24001,64.31,2553500
2007-02-06,1170772200,65.05,65.10001,64.53,64.78999,2928800
2007-02-07,1170858600,64.78,65.14999,64.48,64.63,3075400
2007-02-08,1170945000,64.92,65.61,64.83009,65.52,4769898
2007-02-09,1171031400,65.27,66.38,65.22,66.12,6816500
2007-02-12,1171290600,66,66.11,65.41,65.67,4113582
2007-02-13,1171377000,66.13,66.34,65.55,65.84,4143305
2007-02-14,1171463400,66.23,66.66,65.97,66.37,4174605
2007-02-15,1171549800,66.22,66.53,65.71001,66.41,7673398
2007-02-16,1171636200,65.94,66.39,65.75999,66.36,3200500
2007-02-20,1171981800,66.10001,66.10001,65,65.31,4811102
2007-02-21,1172068200,65.31,67.71001,65.2,67.28,11076801
2007-02-22,1172154600,67.44,67.56,66.97,67.14999,6563602
2007-02-23,1172241000,67.35001,68.28999,67.35001,67.72,8126199
2007-02-26,1172500200,67.97,68.23,67.63,68.10001,5254199
2007-02-27,1172586600,67.34,68.33,65.07001,65.41,15216801
2007-02-28,1172673000,66.73,66.92999,65.53999,66.48,8924801
2007-03-01,1172759400,66.23,66.75,65.58,65.82001,7110422
2007-03-02,1172845800,64.59,65,63.34,63.71001,13733000
2007-03-05,1173105000,63.12,63.78,62.62,62.92999,9830301
2007-03-06,1173191400,63.66,64.37,63.46001,64.14999,6993000
2007-03-07,1173277800,64.14,64.64,63.55,64.3,6132102
2007-03-08,1173364200,64.78999,65.03999,64.42999,64.48,4285000
2007-03-09,1173450600,64.82001,65.22,64.14999,64.25,9025500
2007-03-12,1173706200,64.53999,64.74001,63.96001,64.37,4558801
2007-03-13,1173792600,64.28999,64.69,63.57001,63.72,4331699
2007-03-14,1173879000,63.34,64.06,63.09,63.94,7417000
2007-03-15,1173965400,64.03,64.46001,63.88,63.98,7038000
2007-03-16,1174051800,64.53999,64.99001,64.38,64.62,5042000
2007-03-19,1174311000,64.88,64.94,64.63,64.74001,2990500
2007-03-20,1174397400,64.92999,65.53999,64.92999,65.27,4416398
2007-03-21,1174483800,65.53999,65.89999,65.12,65.82001,5060500
2007-03-22,1174570200,65.78,66.13,65.60001,65.75999,4720000
2007-03-23,1174656600,65.78999,65.89999,64.89999,65.14999,5594102
2007-03-26,1174915800,65.36,65.97,65.36,65.84,3928800
2007-03-27,1175002200,65.88,65.97,65.5,65.7,3261900
2007-03-28,1175088600,66.14,66.48,65.77,66.05,6310000
2007-03-29,1175175000,65.97,66,64.92999,65.64999,5448398
2007-03-30,1175261400,65.74001,66.21001,65.49001,65.74001,4290199
2007-04-02,1175520600,65.74001,66.14,65.03,65.85001,5378102
2007-04-03,1175607000,65.67,66.22,65.64999,65.83,4141699
2007-04-04,1175693400,66.09,66.98,66,66.81,7126102
2007-04-05,1175779800,66.7,66.96001,66.59,66.86,3592700
2007-04-09,1176125400,66.88,67.2,66.46001,66.53,3297300
2007-04-10,1176211800,67.16,67.55,66.98,67.16,2741900
2007-04-11,1176298200,67.25999,67.5,66.81,67.08,4357199
2007-04-12,1176384600,67.06,67.25,66.48,66.99001,6022301
2007-04-13,1176471000,67.49001,67.97,67.19,67.84,5063000
2007-04-16,1176730200,68.14,68.5,67.67999,68.39999,7912301
2007-04-17,1176816600,68.31,68.48,67.98,68,4159000
2007-04-18,1176903000,68.10001,68.45,67.95,68.38,4933500
2007-04-19,1176989400,68,68.03999,67.25,67.53,5344801
2007-04-20,1177075800,68.58,68.73,68.35001,68.7,3358100
2007-04-23,1177335000,68.41,68.64999,68.03999,68.25999,2487500
2007-04-24,1177421400,68.45,68.5,67.42999,67.73,5073699
2007-04-25,1177507800,67.85001,68.06,67.66,67.89,2614100
2007-04-26,1177594200,67.42999,67.42999,66.5,66.87,4668102
2007-04-27,1177680600,66.84,67.57001,66.84,67.56,5232699
2007-04-30,1177939800,67.2,67.52,67.03999,67.09,2607000
2007-05-01,1178026200,66.98,67,66.53999,66.69,3946300
2007-05-02,1178112600,66.34,66.75,66.11,66.66,4499301
2007-05-03,1178199000,66.87,67.62,66.67999,67.49001,4054400
2007-05-04,1178285400,67.74001,68.42999,67.74001,68.19,3313800
2007-05-07,1178544600,68.42,68.46001,68.022,68.25,1995100
2007-05-08,1178631000,67.95,68.02,67.53,67.88,2475300
2007-05-09,1178717400,67.81,67.84,66.922,67.45,4647500
2007-05-10,1178803800,67.03999,67.11,65.8,66,5536000
2007-05-11,1178890200,66.13,66.66,66.13,66.45,2937400
2007-05-14,1179149400,66.63,66.64999,66,66.28,3597600
2007-05-15,1179235800,65.89,66.73,65.88,66.53999,2567000
2007-05-16,1179322200,66.37,66.37,65.32001,65.60001,7268602
2007-05-17,1179408600,65.44,65.60001,64.72,65.06,8707000
2007-05-18,1179495000,65.07001,65.67,64.85001,65.52,3158200
2007-05-21,1179754200,65.28999,65.75951,65.06,65.67,10954301
2007-05-22,1179840600,65.7,65.82001,65.16,65.22,5886699
2007-05-23,1179927000,65.52,65.89,65.45,65.53999,6441801
2007-05-24,1180013400,65.46001,65.46001,64.52,64.75,6228301
2007-05-25,1180099800,64.96001,65.08,64.73,64.94,4214301
2007-05-29,1180445400,65.12,65.57001,64.94,65.07001,3343100
2007-05-30,1180531800,64.86,64.86,64.60001,64.72,2744800
2007-05-31,1180618200,65.16,65.58,65.07001,65.53999,7531602
2007-06-01,1180704600,65.7,66.53999,65.7,66.44,5634898
2007-06-04,1180963800,66.61,66.75999,66.3,66.53999,2626500
2007-06-05,1181050200,66.7,66.7,66.23,66.37,3728100
2007-06-06,1181136600,66.11,66.55,65.88,66.41,3596600
2007-06-07,1181223000,66.27,66.39999,65.16,65.25999,6394301
2007-06-08,1181309400,64.88,65.02,63.74001,64.22,7313500
2007-06-11,1181568600,64.34,64.87,64.34,64.7,4606801
2007-06-12,1181655000,64.52,64.53,63.91,64.10001,4073200
2007-06-13,1181741400,63.95,64.64999,63.89999,64.53,2803400
2007-06-14,1181827800,64.16,64.8,63.95,64.60001,2765400
2007-06-15,1181914200,64.42999,64.94,64.39999,64.85001,3032900
2007-06-18,1182173400,65.19,65.25,64.82001,64.95,1791000
2007-06-19,1182259800,64.78999,65.56,64.75,65.48,2700900
2007-06-20,1182346200,65.42,65.50999,64.60001,64.71001,2591600
2007-06-21,1182432600,64.73,65.02,64.13,64.56,2709200
2007-06-22,1182519000,64.89999,64.98,64.42999,64.78,1890900
2007-06-25,1182778200,64.48,64.74001,64.22,64.42999,3424900
2007-06-26,1182864600,64.2,64.25,63.39,63.62,8276500
2007-06-27,1182951000,63.53999,63.89,63.42999,63.67,4689801
2007-06-28,1183037400,63.98,64.38,63.91,64.25999,4231699
2007-06-29,1183123800,64.28999,64.64,64.14999,64.27,2756600
2007-07-02,1183383000,64.50999,65.23,64.50999,65.02,2707000
2007-07-03,1183469400,65.06,65.06,64.58,64.74001,1835500
2007-07-05,1183642200,64.99001,65,63.92,64.42,4333199
2007-07-06,1183728600,64.17999,64.97,63.88,64.96001,8080699
2007-07-09,1183987800,65,65.67999,64.99001,65.38,5280801
2007-07-10,1184074200,65.7,65.86,65.36,65.61,4016200
2007-07-11,1184160600,65.82001,65.82001,65.34,65.44,3647400
2007-07-12,1184247000,65.89,66.28999,65.45,66.02,5870602
2007-07-13,1184333400,66.08,66.23,65.67,66.03,3817800
2007-07-16,1184592600,66.19,66.19,65.67,65.82001,4579602
2007-07-17,1184679000,65.66,66.08,65.64999,65.75,1878600
2007-07-18,1184765400,66.11,66.8,65.89999,66.62,5239102
2007-07-19,1184851800,66.7,67.12,66.61,67.00999,4611801
2007-07-20,1184938200,67.13,68,67.12,67.58,5409199
2007-07-23,1185197400,67.8,67.8,67.31,67.47,3893400
2007-07-24,1185283800,67.72,68,67.3,67.47,3763000
2007-07-25,1185370200,67.19,67.22,66.35001,66.89999,7530602
2007-07-26,1185456600,66.46001,66.8,64.73,65.64999,10704102
2007-07-27,1185543000,65.28,65.61,64.97,65.41,5341898
2007-07-30,1185802200,65.37,65.92,65.07001,65.77,3046900
2007-07-31,1185888600,66.17999,66.39,65.12,65.78999,4006500
2007-08-01,1185975000,65.5,66.06,65.38,65.92999,6364398
2007-08-02,1186061400,65.96001,66.00999,65.55,65.89,5331500
2007-08-03,1186147800,65.85001,66.92,65.85001,66.69,10736000
2007-08-06,1186407000,66.66,66.67,66.21001,66.52,2973200
2007-08-07,1186493400,66.09,66.58,65.91,66.48,4147301
2007-08-08,1186579800,66.73,67.53999,66.17999,66.77,4252102
2007-08-09,1186666200,65.95,65.95,65.24001,65.46001,9407602
2007-08-10,1186752600,65.44,66.96001,65.44,66.57001,8831801
2007-08-13,1187011800,66.45,66.52,66.17999,66.25999,3644000
2007-08-14,1187098200,66.25,66.5,65.95,66.28999,4748898
2007-08-15,1187184600,65.78,66.42999,65.57001,66.13,5886500
2007-08-16,1187271000,65.49001,65.81,63.47,64.67999,18367504
2007-08-17,1187357400,64.56,65.73,64.56,65.00999,6374301
2007-08-20,1187616600,65.06,65.39999,64.78,65.12,4475199
2007-08-21,1187703000,65.17999,65.3,64.73,65.07001,4478602
2007-08-22,1187789400,65.22,65.53,65.17,65.39999,4251102
2007-08-23,1187875800,65.64,65.8,65.13,65.31,3027400
2007-08-24,1187962200,65.42,66.21001,65.31441,66.11,3648300
2007-08-27,1188221400,66.00999,66.05,65.86,65.98,1865700
2007-08-28,1188307800,65.95,66.10001,65.48,65.59,3473100
2007-08-29,1188394200,65.89,66.2,65.73,66.07001,4469801
2007-08-30,1188480600,65.87,66.10001,65.63,65.8,3027700
2007-08-31,1188567000,66.61,66.77,66.46001,66.52,4089900
2007-09-04,1188912600,66.74001,67.66,66.59,67.44,6640301
2007-09-05,1188999000,67.35001,67.62,67.17999,67.56,6268301
2007-09-06,1189085400,67.92,69.08,67.89,68.86,15881301
2007-09-07,1189171800,69.25999,70,69,69.39,14960000
2007-09-10,1189431000,69.96001,69.96001,68.73,69.62,7598602
2007-09-11,1189517400,69.86,70.7,69.52,70.52,11182398
2007-09-12,1189603800,70.5,70.63,69.83,70.46001,8036500
2007-09-13,1189690200,70.07001,70.26221,69.61,70.08,4612398
2007-09-14,1189776600,69.89999,70.97,69.86,69.99001,7733199
2007-09-17,1190035800,70.39999,71.24001,70.35001,70.97,7457801
2007-09-18,1190122200,71.2,72,70.39999,71.7,14260301
2007-09-19,1190208600,71.74001,71.8,71.25,71.42999,10938102
2007-09-20,1190295000,72.14999,73.10001,71.95,72.72,11945898
2007-09-21,1190381400,72.64999,73,71.47,72.34,9937398
2007-09-24,1190640600,72.57001,72.63,71.82001,72.28,6475602
2007-09-25,1190727000,71.82001,72.59,71.64,72.33,5503500
2007-09-26,1190813400,72.25,72.92999,71.85001,72,9418301
2007-09-27,1190899800,72.64999,72.8,72.17,72.7,5728301
2007-09-28,1190986200,73.19,73.8,72.74001,73.50999,8837602
2007-10-01,1191245400,73.49001,73.98,73.28999,73.89999,4823898
2007-10-02,1191331800,72.45,72.67999,71.63,72.35001,10720000
2007-10-03,1191418200,72.25,72.64999,71.35001,71.89999,8187699
2007-10-04,1191504600,71.8,73.06,71.24001,72.87,9178500
2007-10-05,1191591000,72.8,73.64,71.88,73.39999,10597699
2007-10-08,1191850200,72.66,72.89,72.28,72.53,3447600
2007-10-09,1191936600,72.28999,73.3,71.98,73.09,7416398
2007-10-10,1192023000,73.60001,73.82001,72.63,73.36,4615898
2007-10-11,1192109400,73.98,74.59,73.28,73.91,10291398
2007-10-12,1192195800,73.92999,74.59,73.75,74.59,3604200
2007-10-15,1192455000,74.99001,75.2,74.49001,75.14,6705500
2007-10-16,1192541400,74.87,75.45,73.78,75.12,6622898
2007-10-17,1192627800,75.31,75.66,74.31,74.5,9355398
2007-10-18,1192714200,75.38,76,75.33,76,5647000
2007-10-19,1192800600,76.09,76.28999,74.50999,75.7,9509500
2007-10-22,1193059800,74.09,74.7701,73.84,74.60001,8636500
2007-10-23,1193146200,75.11,75.25999,74.63,75.23,3097100
2007-10-24,1193232600,74.84,75.59,74.78999,75.52,5660801
2007-10-25,1193319000,75.94,76.62,75.06,76.03,6487801
2007-10-26,1193405400,76.87,77.7395,76.67,77.69,8544199
2007-10-29,1193664600,78.27,78.32001,77.64999,78.12,6881102
2007-10-30,1193751000,77.66,77.66,77.00999,77.35001,5608898
2007-10-31,1193837400,77.78,78.95,76.89,78.62,8873398
2007-11-01,1193923800,78.39999,78.89999,77.5,77.92999,7545500
2007-11-02,1194010200,78.55,79.89999,77.48,79.83,9911602
2007-11-05,1194273000,79.67999,80.24001,79.11,79.75,5025699
2007-11-06,1194359400,81.03,81.52,80.7,81.42999,7694426
2007-11-07,1194445800,83.21001,83.24001,81.33,82.24001,16515500
2007-11-08,1194532200,82.42999,83.63,81.73,82.23,17356496
2007-11-09,1194618600,81.78999,82.63,81.22,82.17999,6951898
2007-11-12,1194877800,80.41,80.44,78.25,78.3,17303696
2007-11-13,1194964200,79.39999,79.92999,77.86,79.12,11438301
2007-11-14,1195050600,80.21001,80.67999,79.9101,80.28,5703801
2007-11-15,1195137000,79.17999,79.5,77.3,77.95,10910301
2007-11-16,1195223400,78.34,78.85001,77.17,77.75,8078898
2007-11-19,1195482600,77.84,78,76.11,77.24001,6089500
2007-11-20,1195569000,78.03,80.03999,77.3,79.47,11980102
2007-11-21,1195655400,79.3,79.55,78.56,79.36,7265500
2007-11-23,1195828200,80.03999,81.61,80.02,81.25,5260500
2007-11-26,1196087400,82.25,82.25,81.1301,81.3,7440398
2007-11-27,1196173800,80.7,80.89,79.81,80.10001,7229898
2007-11-28,1196260200,79.42,79.87,78.75999,79.57001,9706898
2007-11-29,1196346600,79.28,79.33,78.28,78.28,9307102
2007-11-30,1196433000,78.35001,78.60001,76.98,77.32001,9509301
2007-12-03,1196692200,77.39,78.3,77.3,78.28,6259102
2007-12-04,1196778600,78.63,79.62,78.57001,79.39999,7721898
2007-12-05,1196865000,79.25,79.25,78.19,78.63,7685301
2007-12-06,1196951400,77.92,79.64999,77.8,79.37,6841602
2007-12-07,1197037800,79.00999,79.60001,78.19,78.60001,8328500
2007-12-10,1197297000,79.14999,80.3,79.13,80,4851000
2007-12-11,1197383400,79.75,80.46001,78.67999,78.84,9580699
2007-12-12,1197469800,80.05,80.92,79.94,80.49001,9704602
2007-12-13,1197556200,79.59,79.62,78.3,78.5,9557500
2007-12-14,1197642600,78.41,78.57001,77.82001,78.52,6827000
2007-12-17,1197901800,78.13,78.78999,77.81,78.13,6496629
2007-12-18,1197988200,79.59,79.59,78.82001,79.25,6758305
2007-12-19,1198074600,79.23,79.57001,78.98,79.24001,5639699
2007-12-20,1198161000,78.91,79.11,78.36,78.67,6345629
2007-12-21,1198247400,80.16,80.32001,79.92,80.10001,4603398
2007-12-24,1198506600,80.21001,80.63,80.14,80.14,2863500
2007-12-26,1198679400,81.06,81.67,81,81.52,5896699
2007-12-27,1198765800,81.88,82.17,81.37,81.56,5052695
2007-12-28,1198852200,82.38,83.02,82.35001,83,5134996
2007-12-31,1199111400,82.74001,82.83,81.98,82.46001,3816854
2008-01-02,1199284200,83.56,85.14,83.44,84.86,12294320
2008-01-03,1199370600,84.87,85.94,84.60001,85.57001,9554910
2008-01-04,1199457000,85.34,85.55,84.42999,85.13,8402613
2008-01-07,1199716200,85.24001,85.25999,84.57001,84.77,6946004
2008-01-08,1199802600,86.28,87.13,86.16,86.78,9574699
2008-01-09,1199889000,86.56,87.2,86.3,86.5499,10086398
2008-01-10,1199975400,86.42,88.46001,86.41,88.25,12924156
2008-01-11,1200061800,88.03999,88.75999,87.85001,88.58,6979047
2008-01-14,1200321000,89.45,89.94,89,89.5399,10086137
2008-01-15,1200407400,89.60001,90.35001,87.91,87.99001,23862192
2008-01-16,1200493800,88.17,88.66,86.32001,86.7,26921712
2008-01-17,1200580200,87.5,87.98,86.47,86.50011,13598102
2008-01-18,1200666600,87.16499,87.46001,86.50999,87.42,9094883
2008-01-22,1201012200,86.14,88.44,85.77,88.16991,20684176
2008-01-23,1201098600,87.16,88.67,86.73,87.89,14286453
2008-01-24,1201185000,89.72,90.25,89.13,90.08,10628047
2008-01-25,1201271400,90.92999,91.08,89.5,90.3,9705320
2008-01-28,1201530600,90.96001,91.89,90.75,91.75,8535148
2008-01-29,1201617000,91.36,91.72,90.81,91.14999,9099488
2008-01-30,1201703400,90.71001,92.58,90.45,92.0601,14378004
2008-01-31,1201789800,90.92,91.66,90.74001,91.39999,7791469
2008-02-01,1201876200,91.75,91.87,89.22,89.3499,19636192
2008-02-04,1202135400,88.50999,89.52,88.05,89.10001,10288074
2008-02-05,1202221800,87.89999,88.69,87.3,87.67999,11171684
2008-02-06,1202308200,89,89.64999,88.75,88.94991,8787762
2008-02-07,1202394600,88.95,89.94,88.81,89.85001,8972941
2008-02-08,1202481000,90,91,89.99001,91,9128344
2008-02-11,1202740200,91.03999,91.46001,90.44,91.33,6832625
2008-02-12,1202826600,90.83,91.39999,89.10001,89.33,10226887
2008-02-13,1202913000,88.88,89.99001,88.67,89.44,10040199
2008-02-14,1202999400,89.37,90.11,89.35001,89.71001,6887367
2008-02-15,1203085800,90.3,90.32001,88.63,89.14999,5586352
2008-02-19,1203431400,91.23,91.94,90.98,91.58,8374313
2008-02-20,1203517800,90.84,93.31,90.75,93.24001,10635980
2008-02-21,1203604200,93.44,94.22,93.02,93.25,12957910
2008-02-22,1203690600,93.56,93.72,92.35001,93.39,7577176
2008-02-25,1203949800,93.71001,93.71001,92.11,92.74001,11955723
2008-02-26,1204036200,92.42999,93.97,92.17999,93.71001,8452352
2008-02-27,1204122600,94.56,94.94,93.97,94.78,9927156
2008-02-28,1204209000,94.92,96.08,94.47,95.99001,11212195
2008-02-29,1204295400,95.82001,96.24001,95.22,96.17999,9348504
2008-03-03,1204554600,97.52,97.74001,96.6801,97.24001,11489395
2008-03-04,1204641000,97.28,97.45,94.39,95.17999,21360512
2008-03-05,1204727400,96.10001,98.14999,95.92999,97.72,15363410
2008-03-06,1204813800,96.98,97.28999,95.25999,96.5,18548960
2008-03-07,1204900200,96.60001,96.67999,95.72,96.09,10066996
2008-03-10,1205155800,95,96.34,94.88,95.87,10871707
2008-03-11,1205242200,96.52,96.98,95.19,95.99001,14350707
2008-03-12,1205328600,96.58,97.38,96.24001,97.00999,8179895
2008-03-13,1205415000,98.5,98.73,97.73,98.34,14683758
2008-03-14,1205501400,98.03,99.53,98.00999,98.71001,17565008
2008-03-17,1205760600,99.32001,100.44,98,99.17,26517280
2008-03-18,1205847000,99.35001,99.50999,96.35001,96.5,20966048
2008-03-19,1205933400,95.64999,96,92.5,93.0399,37594224
2008-03-20,1206019800,90.73,91.64999,89.8,89.9128,28829952
2008-03-24,1206365400,90.64999,91.50999,89.78,90.1001,14329758
2008-03-25,1206451800,91.91,92.78999,91.28,92.73,15848078
2008-03-26,1206538200,93.11,94,93.06,93.8,12390453
2008-03-27,1206624600,93.50999,94.09,92.95,93.46001,7568035
2008-03-28,1206711000,91.96001,92.45,91.11,91.88,8786535
2008-03-31,1206970200,92.56,92.64999,89.96001,90.41,11166043
2008-04-01,1207056600,87.86,88.31,86.05,86.85989,23677248
2008-04-02,1207143000,87.28,89.75999,87.22,89.27,13547176
2008-04-03,1207229400,88.59,89.75,87.64,89.42,9326215
2008-04-04,1207315800,89.48,90.34,89.31,90.25,7228227
2008-04-07,1207575000,90.73,91.75,90.60001,91.17,8197883
2008-04-08,1207661400,90.03999,90.49001,89.72,90.35001,5773918
2008-04-09,1207747800,90.3,92.37,90.24001,92.28999,10581496
2008-04-10,1207834200,92.32001,92.56,90.97,91.77,7759469
2008-04-11,1207920600,91.41,91.83,90.55,91.3,6549113
2008-04-14,1208179800,91.32001,91.98,91.06,91.11,4705410
2008-04-15,1208266200,91.73,91.91,91.38,91.66,6636656
2008-04-16,1208352600,93.19,93.71001,93.00999,93.27,8472039
2008-04-17,1208439000,93.31,93.50999,92.48,92.56,6876348
2008-04-18,1208525400,89.72,90.7,88.96001,90.62,11391801
2008-04-21,1208784600,90.78999,90.8699,89.89,90.25,11927477
2008-04-22,1208871000,90.42,91.35001,90.12,90.27,14046367
2008-04-23,1208957400,89,89.55,88.44,89.22,18170448
2008-04-24,1209043800,88.25999,89.91,87.10001,87.22,22849920
2008-04-25,1209130200,88.33,88.42,87.19,87.27,11182527
2008-04-28,1209389400,87.88,88.39999,87.67,87.69,8079184
2008-04-29,1209475800,86.73,86.89999,85.53999,85.81,14688953
2008-04-30,1209562200,86.10001,86.78999,85.11,86.64999,17701424
2008-05-01,1209648600,84.50999,84.56,83.57001,83.99001,17669120
2008-05-02,1209735000,83.96001,84.78999,83.96001,84.58,8745387
2008-05-05,1209994200,85.67999,86.28999,85.2899,86.27,7390738
2008-05-06,1210080600,86.33,87.14999,86.33,86.63,10765492
2008-05-07,1210167000,85.47,86.10001,85.2,85.82001,7219266
2008-05-08,1210253400,86.75999,87.39999,86.42,87.24001,8630188
2008-05-09,1210339800,87.37,87.59,85.84,87.42,9927613
2008-05-12,1210599000,86.92,87.64,86.78999,86.99001,5013398
2008-05-13,1210685400,85.12,86.14,84.92,85.39011,7368137
2008-05-14,1210771800,85.73,85.81,85.10001,85.2,8653797
2008-05-15,1210858200,87.13,87.60001,86.23,87,9437949
2008-05-16,1210944600,88.52,89.3,88.02,89.1001,12075629
2008-05-19,1211203800,89.57001,89.69991,88.869,89.39,5932141
2008-05-20,1211290200,89.61,91.17,89.56,90.89999,10685508
2008-05-21,1211376600,90.61,92.11,90.61,91.96001,11350289
2008-05-22,1211463000,91.2,91.63,90.5,90.98,8865043
2008-05-23,1211549400,91.33,92,90.96001,91.23,6062449
2008-05-27,1211895000,89.84,89.87,89.161,89.36,7606223
2008-05-28,1211981400,88.49001,89.19,88.35001,89.14,8104855
2008-05-29,1212067800,86.94,87.60001,86.10001,86.50999,12700918
2008-05-30,1212154200,87.34,87.69,86.96001,87.45,4944418
2008-06-02,1212413400,87.47,88.55,87.44,87.96001,5279523
2008-06-03,1212499800,86.64999,87.35001,86.52,86.88,8397512
2008-06-04,1212586200,87.09,87.41499,86.56,86.64999,7158441
2008-06-05,1212672600,85.97,86.81,85.66,86.45,14132602
2008-06-06,1212759000,87.78999,89.06,87.69,89.06,17433072
2008-06-09,1213018200,88.53999,89.24001,87.84,87.987,9172129
2008-06-10,1213104600,86.28,86.75999,85.11,85.55,13911008
2008-06-11,1213191000,86.57001,87.10001,86.35001,87.02,10156254
2008-06-12,1213277400,85.19,86.07001,84.83,85.60001,9828328
2008-06-13,1213363800,85.33,86.02,85.03999,85.83,8429039
2008-06-16,1213623000,88.2,88.2,86.97,87.00999,6996051
2008-06-17,1213709400,86.72,87.52,86.7,87.25,5286859
2008-06-18,1213795800,87.66,88.41,87.13,88.28,7822301
2008-06-19,1213882200,89.37,89.5,88.39,88.42,10525871
2008-06-20,1213968600,88.82001,89.61,88.77,88.95,10058797
2008-06-23,1214227800,87.00999,87.39999,86.74001,87.09,12784652
2008-06-24,1214314200,87.3,88.24001,87.24001,87.47,7398488
2008-06-25,1214400600,87.42999,87.58,86.13,87.42,10900746
2008-06-26,1214487000,89.5,90.86,89.5,90.61,18411952
2008-06-27,1214573400,90.98,91.82001,90.64999,91.47,14491387
2008-06-30,1214832600,91.89,91.89999,90.53,91.39999,7289906
2008-07-01,1214919000,92.53,93.35001,92.34,92.66,15480980
2008-07-02,1215005400,92.28,93.33,92.13,93.17,11484020
2008-07-03,1215091800,92.17,92.67999,91.67999,92.06,9611727
2008-07-07,1215437400,90.57001,91.64999,90.16,91.23,12301535
2008-07-08,1215523800,90.55,91.14999,89.92999,90.86,11216254
2008-07-09,1215610200,90.88,91.64,90.86,91.5,11373734
2008-07-10,1215696600,92.39999,93.60001,92.35001,93.53,16825680
2008-07-11,1215783000,95.03,95.5,94.2552,95.16,26000032
2008-07-14,1216042200,95.09,96.2,94.92,95.91,21248832
2008-07-15,1216128600,96.55,97.5,95.42999,96.17,30352784
2008-07-16,1216215000,96.27,96.5,94.34,94.44,19898896
2008-07-17,1216301400,94.7,96.50999,94.07001,94.22,25188624
2008-07-18,1216387800,94.22,94.92999,94.02,94.17,8585020
2008-07-21,1216647000,94.75,95.14999,94.45,95.12,7327262
2008-07-22,1216733400,95.73,95.86,92.94,93.06,17553984
2008-07-23,1216819800,92.64,92.78999,90.44,90.57001,25793744
2008-07-24,1216906200,91.08,91.62,90.25,91.33,13072191
2008-07-25,1216992600,91.03,91.73,90.53,91.69,7600754
2008-07-28,1217251800,91.39,92,90.94,91.73,8810000
2008-07-29,1217338200,91.23,91.27,90.09,90.59,12993301
2008-07-30,1217424600,88.86,89.72,88.08,89.52,17379840
2008-07-31,1217511000,91.05,91.14,89.87,90.08,10976383
2008-08-01,1217597400,89.5,90.45,89.37,89.57001,10893598
2008-08-04,1217856600,89.08,89.67999,88.03999,88.14,14981168
2008-08-05,1217943000,87.28,87.41,85.94,86.08,20187776
2008-08-06,1218029400,86.8,87,86.00999,86.64,12404766
2008-08-07,1218115800,86.64,86.78,85.50999,86.09,9962227
2008-08-08,1218202200,84.35001,84.67999,83.83,84.42999,13514078
2008-08-11,1218461400,84.46001,84.49001,80.60001,81.13,23566976
2008-08-12,1218547800,80.74001,81.00999,79.55,80.52,20131712
2008-08-13,1218634200,80.59,81.85001,80.39,81.56,17018160
2008-08-14,1218720600,80.71001,81.09959,79.28,79.35001,15542563
2008-08-15,1218807000,78,78.32001,76.61,77.63,29755872
2008-08-18,1219066200,78.53,79.17,77.81,78.8,14071816
2008-08-19,1219152600,77.92,80.52,77.7,80.433,16760535
2008-08-20,1219239000,80.14999,80.66,78.81,80.06,14719992
2008-08-21,1219325400,82.00999,84.53999,81.75,82.3,17031008
2008-08-22,1219411800,81.49001,81.96001,80.94,81.08,7854633
2008-08-25,1219671000,81.10001,81.34,80.56,80.92999,6515172
2008-08-26,1219757400,80.61,81.85001,80.60001,81.23,8579453
2008-08-27,1219843800,81.89,82.05,81,81.36,7099027
2008-08-28,1219930200,83.06,83.13,81.27,82.17999,9353961
2008-08-29,1220016600,82.31,82.47,81.58,81.71001,5125289
2008-09-02,1220362200,78.16,79.78999,77.98,79.2,12681656
2008-09-03,1220448600,79.19,79.69,78.34,78.89,10712508
2008-09-04,1220535000,79.7,79.77699,78.14,78.39,10875156
2008-09-05,1220621400,80.08,80.27,78.17,78.98,10742406
2008-09-08,1220880600,80.10001,80.35001,78.47,78.86,10024117
2008-09-09,1220967000,77.39,77.82001,76.24001,76.49001,20197424
2008-09-10,1221053400,76.88,76.9272,74.10001,74.22,29373056
2008-09-11,1221139800,73.61,73.92999,72.50999,73.08,23776912
2008-09-12,1221226200,74.25999,75.58,73.48,75.55,17596928
2008-09-15,1221485400,76.64,77.73,76,77.56,17004048
2008-09-16,1221571800,76.69,77.28999,76.3,76.78999,17192096
2008-09-17,1221658200,77.11,85.60001,77.09,85.46001,65774688
2008-09-18,1221744600,85.49001,90.78,81.89999,82.8,60589120
2008-09-19,1221831000,85.58,86.44,84,85.98,25537888
2008-09-22,1222090200,86.85001,89.53999,86.81,89.17999,35324320
2008-09-23,1222176600,88.87,89.10001,86.72,88.32001,22364080
2008-09-24,1222263000,88.67999,88.75999,86.7,86.71001,17251584
2008-09-25,1222349400,87.12,87.8,85.00999,86.45,20691920
2008-09-26,1222435800,87.03,90.17,86.59,86.64,21985024
2008-09-29,1222695000,87.06,92,86.97,89.57001,40569648
2008-09-30,1222781400,87.31,87.36,84.21001,85.07001,20441632
2008-10-01,1222867800,86.23,88.05,85.17999,85.97,16789424
2008-10-02,1222954200,84.56,84.66,81.62,82.33,22653824
2008-10-03,1223040600,81.23,83.44,81.05,82.59,24057024
2008-10-06,1223299800,85.84,86.45,84.25,84.28,21677968
2008-10-07,1223386200,87.17999,87.7,85.53,87.27,20292544
2008-10-08,1223472600,90.69,90.83971,88.05,89.42,31206864
2008-10-09,1223559000,87.28999,90.58,86.53999,89.89999,20014240
2008-10-10,1223645400,89.59,90.72,81.38,83.22,45074976
2008-10-13,1223904600,83.61,83.89999,80.92,81.99001,17034512
2008-10-14,1223991000,82.39999,83.31,81.61,82.2,12385574
2008-10-15,1224077400,82.2,84.39,82.08,83.31,16907744
2008-10-16,1224163800,82.39999,82.5,77.22,79.28999,30645984
2008-10-17,1224250200,77.12,80.78,75,77.21001,15338398
2008-10-20,1224509400,77.77,78.56,77.27,78.5,9332855
2008-10-21,1224595800,75.89999,76.94,74.89,76.02699,10861160
2008-10-22,1224682200,74.44,74.45,66,71.71001,23288256
2008-10-23,1224768600,69.64,72.19,69.5,70.64999,16655887
2008-10-24,1224855000,69.3,73.92999,69.07001,72.21001,22474320
2008-10-27,1225114200,71.13,73.61,70.72,72.17999,12160063
2008-10-28,1225200600,73.03,73.8,71.7,73.78999,8474590
2008-10-29,1225287000,75.05,76.36,73.61,74,16124449
2008-10-30,1225373400,74.89,75.25,72.13,72.71001,10897211
2008-10-31,1225459800,72.62,72.87,70.60001,71.34,9519313
2008-11-03,1225722600,71.55,72.17,71.06,71.10001,6807008
2008-11-04,1225809000,73.14999,75.69,72.85001,75.47861,11444371
2008-11-05,1225895400,74.32001,75.17999,72.38,72.8,10319594
2008-11-06,1225981800,74.36,74.98,71.67,72.22,10699285
2008-11-07,1226068200,72.59,73.09,72.05,72.5,6052766
2008-11-10,1226327400,74.8,74.92,72.96001,73.58,6096605
2008-11-11,1226413800,72.56,72.66,71.55,72.05,8355668
2008-11-12,1226500200,71.45,71.89,69.77,70,10038715
2008-11-13,1226586600,70.49001,72.36,68.81,72.14999,16832080
2008-11-14,1226673000,73.39,74.25999,72.75999,73.3,12810602
2008-11-17,1226932200,72.42999,73.8,72.14999,72.64999,7711980
2008-11-18,1227018600,72.38,73.46001,72.13,72.50999,8147238
2008-11-19,1227105000,73.42,75.19,72,72.25999,13974148
2008-11-20,1227191400,73.14999,74.2,72.42999,73.45,13589656
2008-11-21,1227277800,76,79,75.45,78.85001,30468848
2008-11-24,1227537000,80.45,81.72,80.38,80.91,19899888
2008-11-25,1227623400,81.34,81.38,79.28,80.87,17525168
2008-11-26,1227709800,80.52,80.76781,79.3333,80.38,9142379
2008-11-28,1227882600,80.03999,80.75,79.8,80.31,3665757
2008-12-01,1228141800,77.14999,77.34,75.57001,75.64999,13149773
2008-12-02,1228228200,76.89999,77.32001,76.25999,76.95,6950559
2008-12-03,1228314600,76,77.14,75.14,76.17999,10693105
2008-12-04,1228401000,75.59,77.63,75.07001,75.5,11830660
2008-12-05,1228487400,74.3,74.81,72.91,74.52,13392434
2008-12-08,1228746600,76.48,76.62,75.39999,76.19501,7275059
2008-12-09,1228833000,75.56,76.85001,75.3,76.33,9618461
2008-12-10,1228919400,79.2,80.10989,78.56,79.75,16055926
2008-12-11,1229005800,81.58,81.94,80.49001,80.64999,13997441
2008-12-12,1229092200,80.55,81.63,80.005,80.81,12539414
2008-12-15,1229351400,81.33,83.03,81.23,82.60001,15013398
2008-12-16,1229437800,82.38,84.64,81.92999,84.46001,18689232
2008-12-17,1229524200,85.25999,86.91,84.8026,85.42999,22162896
2008-12-18,1229610600,84.85001,85.12,83.46001,83.87,17256992
2008-12-19,1229697000,82.64999,82.87,82.00999,82.63,9139660
2008-12-22,1229956200,83.57001,83.81,82.78999,83.46001,6695824
2008-12-23,1230042600,82.92999,83.39,81.59,82.63,6323094
2008-12-24,1230129000,82.47,83.57001,82.47,83.46001,2072137
2008-12-26,1230301800,83.52,85.97,83.12,85.60001,5083078
2008-12-29,1230561000,86.5,87,85.95,86.35001,9091324
2008-12-30,1230647400,85.94,86.14999,85.28,85.89999,7123559
2008-12-31,1230733800,84.98,87.10001,84.28,86.52,7849387
2009-01-02,1230906600,85.92999,86.60719,85.84,86.23,6413691
2009-01-05,1231165800,83.62,84.67999,83.24001,84.48,9583285
2009-01-06,1231252200,83.37,85.7,83,85.13,12880047
2009-01-07,1231338600,84.56,84.58,82.21001,82.75,13370352
2009-01-08,1231425000,84.39999,84.89,83.75,84.46001,10720602
2009-01-09,1231511400,83.34,85.5,83.09,83.92,8863031
2009-01-12,1231770600,81.72,82.03999,80.25999,80.75999,14761523
2009-01-13,1231857000,80.94,81.82001,80.6216,80.88,10021879
2009-01-14,1231943400,80.57001,81.09,79.36,79.78999,15609801
2009-01-15,1232029800,79.97,80.7,78.87,80.39,16717422
2009-01-16,1232116200,82.2,83,81.74001,82.71001,16470516
2009-01-20,1232461800,84.17,85.285,83.57001,84.52,16754293
2009-01-21,1232548200,84.05,84.39,82.98,84.14999,12280184
2009-01-22,1232634600,84.03,84.97,83.83,84.58,18572784
2009-01-23,1232721000,86.57001,88.94,86.07001,88.53,34013648
2009-01-26,1232980200,89.22,90.19,88.67999,88.95,19135568
2009-01-27,1233066600,88.39999,88.84399,88.00999,88.38,11883344
2009-01-28,1233153000,88.27,88.38,86.84,87.41499,18459216
2009-01-29,1233239400,86.67999,89.55,86.28,89.5,21193280
2009-01-30,1233325800,90.7,91.49001,89.64999,91.31,21282256
2009-02-02,1233585000,89.88,92.5786,88.62,88.84,16998880
2009-02-03,1233671400,89.34,89.73,86,88.47,17578944
2009-02-04,1233757800,88.89,89.5,88.52,89.17999,14271020
2009-02-05,1233844200,90.75,90.82001,89.3,90.12,17196256
2009-02-06,1233930600,89.14999,90.14,89.14999,89.59,12554398
2009-02-09,1234189800,88.35001,88.64999,87.60001,88.32001,21273952
2009-02-10,1234276200,89.66,90.37,89.17999,90.21001,25448320
2009-02-11,1234362600,90.92999,93.25,90.8,92.28999,55638272
2009-02-12,1234449000,93.03999,93.74001,92.52,93.17,38786736
2009-02-13,1234535400,92.5,92.77,91.69,92.55,14717063
2009-02-17,1234881000,95.23,95.85001,94.89,95.45,27085168
2009-02-18,1234967400,95.23,97.14999,94.67,96.91,29346224
2009-02-19,1235053800,95.91,96.57001,95.425,95.77,21305392
2009-02-20,1235140200,98,98.99001,97.14,97.8,43862528
2009-02-23,1235399400,96.59,98.22,95.89,97.73,24542640
2009-02-24,1235485800,97.59,97.59,94.27,94.73,37461104
2009-02-25,1235572200,94.73,96.41,92.81,93.14999,26142944
2009-02-26,1235658600,92.71001,93.14,91.57001,93.05701,28789744
2009-02-27,1235745000,94.31,94.53,91.03,92.63,30592624
2009-03-02,1236004200,93.39999,93.61,90.62,90.92999,24270960
2009-03-03,1236090600,90.85001,91.03999,88.94,90.03999,28082896
2009-03-04,1236177000,90.25,90.35001,88.45,88.99001,19875024
2009-03-05,1236263400,89.92,92.17,89.23,91.987,23995488
2009-03-06,1236349800,91.81,92.95,91.2,92.28999,22396528
2009-03-09,1236605400,92.28999,92.33,89.57001,90.57001,18311408
2009-03-10,1236691800,89.53999,89.61,87.4733,88.14,25931520
2009-03-11,1236778200,88.49001,89.83,87.78,89.22,16692059
2009-03-12,1236864600,90.37,91.57001,90.14,91.10001,20138736
2009-03-13,1236951000,91.87,91.89,90.5,91.3,11693828
2009-03-16,1237210200,90.28999,90.96001,90.03,90.8,11787695
2009-03-17,1237296600,90.25999,90.59,89.75,90.03999,10054910
2009-03-18,1237383000,88.75,93.39,86.83,93.09,59505248
2009-03-19,1237469400,93.41,94.77,92.91,94.35001,35036896
2009-03-20,1237555800,93.48,94.37,93.12621,93.59,18078016
2009-03-23,1237815000,93.44,93.91,91.95,92.08,17660176
2009-03-24,1237901400,90.75999,91.66,90.25,90.95,17004288
2009-03-25,1237987800,90.87,92.63,90.34,91.98,24799968
2009-03-26,1238074200,92.72,92.72,91.84,91.92999,12370254
2009-03-27,1238160600,90.83,91.25999,90.41,90.69,11624363
2009-03-30,1238419800,89.97,91.81,89.75,89.98,16430152
2009-03-31,1238506200,90.38,90.85001,89.58,90.28,14401387
2009-04-01,1238592600,91.34,91.38,90.21001,91.03,12302938
2009-04-02,1238679000,88.75,89.36,87.92,88.8,24828992
2009-04-03,1238765400,88.96001,89.44,87.52,87.59,16346445
2009-04-06,1239024600,86.39999,86.44,84.97,85.27,22909568
2009-04-07,1239111000,86.27,88.25999,86.17,86.74001,11011547
2009-04-08,1239197400,87.17999,87.52,86.26401,86.61,12230160
2009-04-09,1239283800,86.33,86.88,86.10001,86.31,9608703
2009-04-13,1239629400,88.03,88.45,87.60001,87.88,7283688
2009-04-14,1239715800,87.78,87.81,87.03999,87.37,7167359
2009-04-15,1239802200,87.42,87.94,87.23,87.5,6857492
2009-04-16,1239888600,87.38,87.4518,85.67999,85.81,21033584
2009-04-17,1239975000,85.75,86.37,84.92,85.22,22332848
2009-04-20,1240234200,86.03,87.34,86,86.95,12674387
2009-04-21,1240320600,87.85001,87.884,86.33,86.89,10656668
2009-04-22,1240407000,87.03,87.82001,86.8,87.38,10085816
2009-04-23,1240493400,87.71001,89.37,87.6236,88.8,16623379
2009-04-24,1240579800,89.10001,89.84,88.83,89.72,11425820
2009-04-27,1240839000,89.33,89.78999,88.94,89.00999,7156910
2009-04-28,1240925400,87.33,87.95,87.11,87.75,8571500
2009-04-29,1241011800,88.31,88.78,87.67,88.33,8098254
2009-04-30,1241098200,86.83,87.78,86.54089,87.27,9716555
2009-05-01,1241184600,86.75,87.49001,86.692,86.95,6122461
2009-05-04,1241443800,87.55,89.17999,87.55,88.64011,10816637
2009-05-05,1241530200,89.71001,89.73,87.88,88.25,9956426
2009-05-06,1241616600,89.46001,89.69,88.84,89.53999,11337551
2009-05-07,1241703000,90.13,90.3,89.24001,89.44,14808891
2009-05-08,1241789400,89.71001,90.09,88.91,89.98,10940586
2009-05-11,1242048600,89.64,90.00999,89.5,89.69,12212066
2009-05-12,1242135000,90.39999,90.84,89.95,90.7,15764895
2009-05-13,1242221400,90.44,91.5,90.31,91.09,17445856
2009-05-14,1242307800,90.89999,91.25999,90.7,91.03,8025676
2009-05-15,1242394200,91.14999,91.81,91.10001,91.55,11707305
2009-05-18,1242653400,91.53,91.57001,90.14,90.36,17353824
2009-05-19,1242739800,90.64,91.35001,90.57001,90.96001,9631578
2009-05-20,1242826200,91.53999,92.44,91.52,92.25,18298352
2009-05-21,1242912600,92.35001,93.86,91.92999,93.85001,21830160
2009-05-22,1242999000,94.25,94.42,93.8,94.14999,15408555
2009-05-26,1243344600,92.95,93.84,92.85001,93.75999,12360109
2009-05-27,1243431000,93.73,94.28,93.10001,93.45,13708406
2009-05-28,1243517400,94.14,94.83,93.8,94.24001,14973223
2009-05-29,1243603800,95.7,96.35001,95.58,96.2,18139776
2009-06-01,1243863000,96.47,96.75999,95.63,95.73,17923776
2009-06-02,1243949400,96.19,96.96989,96.10001,96.36,14536031
2009-06-03,1244035800,95.89999,96.21001,94.31,94.41,18208144
2009-06-04,1244122200,95.24001,96.49001,95.2,96.23,13635203
2009-06-05,1244208600,94.24001,94.78799,93.57001,93.71001,18601248
2009-06-08,1244467800,93.25999,93.7,92.58,93.56,11557477
2009-06-09,1244554200,94.27,94.39,93.44,93.83,9481703
2009-06-10,1244640600,94.5,94.53,92.89999,93.86,14445102
2009-06-11,1244727000,93.13,94.53,93,93.7,14778781
2009-06-12,1244813400,92.41,92.75999,92,92.17,13810957
2009-06-15,1245072600,91.89999,91.89999,90.89999,91.10001,13121699
2009-06-16,1245159000,91.87,92.12,91.35001,91.92999,9841434
2009-06-17,1245245400,91.61,92.39,90.14571,92.35001,12130008
2009-06-18,1245331800,92.24001,92.5,91.3,91.61,16244430
2009-06-19,1245418200,91.81,92.23,91.58,91.89999,11812320
2009-06-22,1245677400,90.41,90.64,90.13,90.53999,12957164
2009-06-23,1245763800,90.66,91.03,89.95,90.92,11965777
2009-06-24,1245850200,92.09,92.33,91.03999,91.45,12115727
2009-06-25,1245936600,92.12,92.33,91.72,92.31,11446875
2009-06-26,1246023000,92.81,92.92999,91.92999,92.28999,10418844
2009-06-29,1246282200,92.32001,92.39999,91.71001,92.03999,6529176
2009-06-30,1246368600,91.85001,91.96001,90.53,91.17999,24194976
2009-07-01,1246455000,92.31,93,92,92.39,10744129
2009-07-02,1246541400,91.47,91.58,91.08,91.25,7365848
2009-07-06,1246887000,90.48,90.92999,90.36,90.75999,6287480
2009-07-07,1246973400,90.89,91.38,90.5,90.71001,7691172
2009-07-08,1247059800,90.11,97.8,88.82001,89.27,21958176
2009-07-09,1247146200,89.63,90.2599,89.33,89.50999,13688945
2009-07-10,1247232600,89.3,89.77,89.1601,89.58,5040633
2009-07-13,1247491800,89.45,90.69,89.10001,90.19,8811711
2009-07-14,1247578200,90.86,91.11,90.59,90.81,5722457
2009-07-15,1247664600,92.17,92.52,92.03,92.24001,9863797
2009-07-16,1247751000,92,92.12,91.55,91.98,4605453
2009-07-17,1247837400,92.14999,92.3,91.84,91.92999,8748953
2009-07-20,1248096600,93.61,93.8,92.91,93.28,13175207
2009-07-21,1248183000,93.52,93.53,92.69,93.13,9348941
2009-07-22,1248269400,92.82001,93.82001,92.73,93.44,10243730
2009-07-23,1248355800,93.2,94.005,93.11,93.25999,9764992
2009-07-24,1248442200,93.48,93.71001,93.33,93.41,4734320
2009-07-27,1248701400,93.89999,93.95,93.36,93.71001,5172012
2009-07-28,1248787800,92.74001,92.82001,91.64999,92.11,10887930
2009-07-29,1248874200,91.67,91.75,90.81,91.2,9677395
2009-07-30,1248960600,91.55,92,91.44,91.62,6248020
2009-07-31,1249047000,91.86,94.03,91.83,93.35001,14389816
2009-08-03,1249306200,94.14,94.49001,93.64999,93.87,10016973
2009-08-04,1249392600,94.17999,95.25,93.99001,94.67999,11550215
2009-08-05,1249479000,94.88,95.05,94.00999,94.78,8987566
2009-08-06,1249565400,95.00999,95.19,93.75999,94.60001,13660953
2009-08-07,1249651800,94.32001,94.64,93.60001,93.75,8042699
2009-08-10,1249911000,92.91,93.14,92.60001,92.927,6420801
2009-08-11,1249997400,92.67999,92.97,92.41,92.78999,5030715
2009-08-12,1250083800,92.60001,93.49001,92.47,92.95,7911125
2009-08-13,1250170200,93.85001,94.05,93.45,93.72,6757973
2009-08-14,1250256600,93.84,93.91,92.39999,93,6189477
2009-08-17,1250515800,91.49001,91.85741,91.28,91.61,6833184
2009-08-18,1250602200,91.81,92.2,91.7601,92.06,4362418
2009-08-19,1250688600,91.67999,92.78,91.66,92.532,7119770
2009-08-20,1250775000,92.31,92.55,92.12,92.27,3973181
2009-08-21,1250861400,93.63,93.8,93.39999,93.64999,7287203
2009-08-24,1251120600,93.64,93.7,91.64,92.34,8547902
2009-08-25,1251207000,93.39999,93.46001,92.48801,92.75999,8284254
2009-08-26,1251293400,92.67,92.85001,92.21001,92.78999,5226918
2009-08-27,1251379800,92.8,93.31,92.379,93.19,6876398
2009-08-28,1251466200,94.07001,94.14999,93.63,93.87,6759492
2009-08-31,1251725400,93.14,93.5,92.92,93.39999,4957430
2009-09-01,1251811800,93.41,93.96001,93.06,93.89999,8002379
2009-09-02,1251898200,94.7,96.25999,94.57001,96.19,27673616
2009-09-03,1251984600,96.52,97.94,96.2,97.46001,26443584
2009-09-04,1252071000,97.14,97.83,96,97.52901,14913855
2009-09-08,1252416600,98.57001,98.64,97.39,97.42999,22989936
2009-09-09,1252503000,97.98,98.36,96.85001,97.08,20439856
2009-09-10,1252589400,97.03,98.03,96.88,97.7,12256434
2009-09-11,1252675800,98.96001,99.33,98.27,98.78,19502928
2009-09-14,1252935000,98.16,98.4326,97.73,97.96001,9639145
2009-09-15,1253021400,97.75,99.10001,97.56,98.89999,16253797
2009-09-16,1253107800,100.00999,100.02,99.5,99.91,16588191
2009-09-17,1253194200,99.66,100.08,99.03999,99.34,12493516
2009-09-18,1253280600,99.73,99.87,98.67,98.67,13941668
2009-09-21,1253539800,97.95,98.62,97.73,98.36,11121387
2009-09-22,1253626200,99.84,99.84,99.37,99.67,10887238
2009-09-23,1253712600,99.16,99.89,98.67999,98.83,14735512
2009-09-24,1253799000,99.36,99.44,97.14,97.55,23350144
2009-09-25,1253885400,97.07001,97.5,96.77,97,10729059
2009-09-28,1254144600,97.21001,97.81,97,97.05,7794539
2009-09-29,1254231000,97.19,97.73,96.95,97.42999,9262402
2009-09-30,1254317400,98.31,99.06,97.56,98.85001,18672624
2009-10-01,1254403800,98.84,98.86,97.88,97.89,11049336
2009-10-02,1254490200,97.84,98.86,97.74001,98.37,10477793
2009-10-05,1254749400,98.48,99.84,98.36,99.82001,11709305
2009-10-06,1254835800,101.33,102.42,100.5425,102.28,33537456
2009-10-07,1254922200,102.28999,102.52,101.83,102.36099,16194156
2009-10-08,1255008600,102.62,104.1501,102.3,103.64,24250112
2009-10-09,1255095000,103.06,103.25,102.37,102.84,15182285
2009-10-12,1255354200,103.39,103.91499,103.22501,103.56,9178961
2009-10-13,1255440600,103.7,104.5,103.46001,104.25999,17358784
2009-10-14,1255527000,104.28999,104.7,103.75999,104.17999,17871088
2009-10-15,1255613400,103.27,103.95,102.60001,102.86,15786465
2009-10-16,1255699800,102.7,103.67999,102.53,103.17999,14321289
2009-10-19,1255959000,103.16,104.25999,102.75,104.23,13936590
2009-10-20,1256045400,104.34,104.35001,102.7925,103.42,18252672
2009-10-21,1256131800,103.38,104.46001,103.24001,103.745,16011621
2009-10-22,1256218200,103.46001,104.09,103.10001,103.92,11583551
2009-10-23,1256304600,104.5,104.58,102.96001,103.49001,11423723
2009-10-26,1256563800,103.41,103.97,101.74001,101.86,21527248
2009-10-27,1256650200,101.89,102.0598,101.22,101.85001,18420544
2009-10-28,1256736600,101.5,102.03,100.64999,100.73,19351056
2009-10-29,1256823000,101.72,102.75999,101.5,102.688,15328242
2009-10-30,1256909400,102.33,102.66,101.48,102.53,15246449
2009-11-02,1257172200,103.5,104.25,103.25,103.95,15466422
2009-11-03,1257258600,103.74001,106.7,103.72,106.46001,33610384
2009-11-04,1257345000,107.11,107.67999,106.42999,107.10001,27197456
2009-11-05,1257431400,106.81,107.2,106.60001,106.98,10197020
2009-11-06,1257517800,107.38,108.03999,107.06,107.42999,14789090
2009-11-09,1257777000,108.69,108.75,107.91,108.19,18452768
2009-11-10,1257863400,108.03,108.78,107.7,108.39,15980473
2009-11-11,1257949800,109.49001,109.71001,109,109.60001,17670720
2009-11-12,1258036200,109.16,109.56,108.12,108.21001,17859808
2009-11-13,1258122600,108.32001,109.8,108.14,109.74001,17252016
2009-11-16,1258381800,110.7,112.16,110.64999,111.63,25017040
2009-11-17,1258468200,111.09,111.99001,110.89999,111.97,19831104
2009-11-18,1258554600,112.69,113.09,111.8,112.25,22336896
2009-11-19,1258641000,111.85001,112.39999,110.75999,112.3,21249840
2009-11-20,1258727400,111.74001,112.94,111.53999,112.94,17310000
2009-11-23,1258986600,114.67,115.1199,113.99001,114.28999,24457696
2009-11-24,1259073000,114.73,114.81,113.97,114.73,22618000
2009-11-25,1259159400,115.69,116.88,115.53,116.62,24569840
2009-11-27,1259332200,113.08,115.81,113.02,115.06,21234384
2009-11-30,1259591400,114.48,115.89,114.27,115.64,16420957
2009-12-01,1259677800,117.3,117.92999,116.78,117.38,27721264
2009-12-02,1259764200,118.8,119.27,118.3,119.17999,31109280
2009-12-03,1259850600,118.57001,119.53999,118.03,118.7,28863968
2009-12-04,1259937000,117.14999,117.25999,112.41,113.75301,79189808
2009-12-07,1260196200,111.50999,114.22,111.44,113.11,42538640
2009-12-08,1260282600,112.75999,113.06,110.21001,110.95,37654944
2009-12-09,1260369000,111.60001,112.48,109.38,110.84,37125840
2009-12-10,1260455400,110.66,111.03,110.03999,110.82001,20531776
2009-12-11,1260541800,110.60001,110.82001,108.71741,109.32001,28986048
2009-12-14,1260801000,110.00999,110.7,109.5,110.24001,16339031
2009-12-15,1260887400,109.94,110.57001,109.39,110.21001,20059456
2009-12-16,1260973800,110.83,111.91,110.63,111.59,22850224
2009-12-17,1261060200,109.47,109.98,107.28,107.34,35016720
2009-12-18,1261146600,108,109.5,107.03999,108.95,25594096
2009-12-21,1261405800,109.17,109.3,106.82001,106.95,23337504
2009-12-22,1261492200,106.78999,107.09,105.312,106.17,28702864
2009-12-23,1261578600,106.64999,107.45,106.3,106.55,16941824
2009-12-24,1261665000,107.89999,108.37,107.77,108.36,7991563
2009-12-28,1262010600,108.64,108.78,107.91,108.55,9637449
2009-12-29,1262097000,108.5,108.5,107.45,107.47,11043676
2009-12-30,1262183400,106.64,107.44,106.39999,106.92999,9405086
2009-12-31,1262269800,107.98,108.11,107.24001,107.31,9125461
2010-01-04,1262615400,109.82001,110.14,109.31,109.8,16224043
2010-01-05,1262701800,109.88,110.39,109.25999,109.7,14213051
2010-01-06,1262788200,110.71001,111.77,110.4086,111.50999,24990480
2010-01-07,1262874600,111.07001,111.28999,110.62,110.82001,13609730
2010-01-08,1262961000,111.52,111.58,110.25999,111.37,15896297
2010-01-11,1263220200,113.34,113.59,112.52,112.85001,17252992
2010-01-12,1263306600,112.38,113.05,110.14,110.49001,29182544
2010-01-13,1263393000,110.92,111.57001,109.57001,111.53999,20013968
2010-01-14,1263479400,111.50999,112.37,110.78999,112.03,18316944
2010-01-15,1263565800,111.35001,112.00999,110.38,110.86,18008048
2010-01-19,1263911400,110.95,111.75,110.83,111.52,10474426
2010-01-20,1263997800,109.97,110.05,108.46001,108.94,17539024
2010-01-21,1264084200,108.48,108.78,106.61,107.37,25753632
2010-01-22,1264170600,106.92999,107.67999,106.00999,107.17,24213568
2010-01-25,1264429800,107.44,107.72,107.07001,107.48,13200461
2010-01-26,1264516200,106.87,107.99001,106.75,107.56,12297082
2010-01-27,1264602600,107.53,108.8,106.16,106.528,19005024
2010-01-28,1264689000,107.17999,107.23,105.17999,106.48,16800448
2010-01-29,1264775400,105.88,106.3,105.27,105.96001,20278960
2010-02-01,1265034600,106.64,108.48,106.37,108.35001,14901855
2010-02-02,1265121000,109.16,109.60001,108.61,109.13,14328266
2010-02-03,1265207400,109.10001,109.53999,108.4305,108.7,13393184
2010-02-04,1265293800,106.78999,106.8,103.75,104.37,39991888
2010-02-05,1265380200,103.75999,104.67999,102.28,104.67999,32660000
2010-02-08,1265639400,104.41,105.14,104,104.03999,17182688
2010-02-09,1265725800,105.17999,106.14999,104.87,105.41,25969136
2010-02-10,1265812200,105.13,105.5,104.11,105.12,16280930
2010-02-11,1265898600,105.58,107.56,105.27,107.13,19350032
2010-02-12,1265985000,106.08,107.10001,105.57001,107.03999,14464156
2010-02-16,1266330600,109.45,109.87,109.10001,109.62,20904496
2010-02-17,1266417000,109.66,110.00999,108.87,109.25,19593360
2010-02-18,1266503400,109.61,110.11,109.19,109.98,19177328
2010-02-19,1266589800,109.32001,110.39,108.81,109.47,21929984
2010-02-22,1266849000,109.86,109.97,108.66,109.07001,10746801
2010-02-23,1266935400,108.84,108.91,107.64999,107.89,13634059
2010-02-24,1267021800,107.33,108.16,107.10001,107.36,17207328
2010-02-25,1267108200,106.7,108.7,106.60001,108.31,23400304
2010-02-26,1267194600,108.89,109.60001,108.41,109.42999,13036629
2010-03-01,1267453800,109.48,109.89999,108.97,109.42999,12830852
2010-03-02,1267540200,109.86,111.45,109.86,111.02,20106992
2010-03-03,1267626600,111.46001,112.17999,111.1763,111.63,16222020
2010-03-04,1267713000,111.25,111.37,110.22,110.83,12951883
2010-03-05,1267799400,111.13,111.75,110.8,110.81,11091383
2010-03-08,1268058600,111.22,111.3,109.52,109.88,12760305
2010-03-09,1268145000,109.16,110.16,109.03999,109.718,12652902
2010-03-10,1268231400,109.94,110.5,108.02,108.47,21990944
2010-03-11,1268317800,108.28,108.64999,107.86,108.60001,9521555
2010-03-12,1268404200,108.56,108.77,107.45,107.95,11849453
2010-03-15,1268659800,108.16,108.56,107.82001,108.36,7700871
2010-03-16,1268746200,110.02,110.57001,109.7,110.39999,17754512
2010-03-17,1268832600,110.17999,110.46001,109.55,109.59,13784691
2010-03-18,1268919000,110.10001,110.61,109.5,110.34,13853484
2010-03-19,1269005400,110.25999,110.28999,107.85001,108.28,24329088
2010-03-22,1269264600,107.31,108,106.95,107.75,11586676
2010-03-23,1269351000,107.5,108.5,107.34,108.32001,11282996
2010-03-24,1269437400,106.94,107.07001,106.24001,106.3,14240953
2010-03-25,1269523800,107,107.25,106.48,106.78,16871360
2010-03-26,1269610200,107.16,108.7,106.82001,108.59,17435120
2010-03-29,1269869400,108.87,109.17,108.39999,108.75,11530586
2010-03-30,1269955800,108.57001,108.6615,107.87,107.97,9818398
2010-03-31,1270042200,109.44,109.5,108.85001,108.95,14006723
2010-04-01,1270128600,109.97,110.47,109.92,110.25999,11371918
2010-04-05,1270474200,110.56,110.9837,110.27,110.89,8210363
2010-04-06,1270560600,110.89,111.50999,110.83,111.03,10324191
2010-04-07,1270647000,111.85001,112.92999,111.77,112.49001,19145120
2010-04-08,1270733400,112.47,112.98,112.13,112.64999,12448066
2010-04-09,1270819800,113.09,114.07001,112.74001,113.64,16428527
2010-04-12,1271079000,113.64,114.13,112.98,113.00999,11120559
2010-04-13,1271165400,113.12,113.16,112.06,112.69,11261969
2010-04-14,1271251800,113.23,113.66,112.78,113.03,10573840
2010-04-15,1271338200,112.89999,113.71001,112.85001,113.64999,10955309
2010-04-16,1271424600,112.5,113.07001,110.53999,111.24001,24575680
2010-04-19,1271683800,110.8801,111.36,110.67,111.14999,7996070
2010-04-20,1271770200,111.73,112.21001,111.33,111.46001,7020160
2010-04-21,1271856600,111.82001,112.64,111.48,112.31,6843809
2010-04-22,1271943000,111.78999,112.00999,110.75999,111.84,9605438
2010-04-23,1272029400,111.25999,113.3,111.09,113.19,12506207
2010-04-26,1272288600,112.88,113.2,112.63,112.75,8337738
2010-04-27,1272375000,112.42999,114.82001,112.34,114.63,25057024
2010-04-28,1272461400,114.03,114.99001,113.63,114.31,26899072
2010-04-29,1272547800,113.85001,114.52,113.84,114.28,10381848
2010-04-30,1272634200,115.25999,115.7,115.21001,115.36,13406375
2010-05-03,1272893400,115.91,116.28,115.53,115.73,13571133
2010-05-04,1272979800,116.39,116.42999,114.17,114.87,21520144
2010-05-05,1273066200,113.58,115.24001,113.312,115.09,21616624
2010-05-06,1273152600,115.62,118.62,115.57001,118.48599,50545280
2010-05-07,1273239000,117.64,118.88,116.74001,118.27,34276272
2010-05-10,1273498200,117.5,117.89999,116.8101,117.57001,28433776
2010-05-11,1273584600,119.46001,120.87,118.97,120.65601,36731744
2010-05-12,1273671000,121.28,122.235,120.76849,121.39999,32703536
2010-05-13,1273757400,121.28999,121.71001,120.10001,120.56,22340480
2010-05-14,1273843800,121.88,122.02,119.12,120.37,34645680
2010-05-17,1274103000,120.55,121.12,119.28999,119.36,27898192
2010-05-18,1274189400,118.86,120.32001,118.5,119.49001,26595952
2010-05-19,1274275800,118.19,118.42999,116.08,116.63,34412704
2010-05-20,1274362200,116.14,116.95,115.17999,115.84,28908160
2010-05-21,1274448600,115.05,116.24001,114.50999,115.22,20098272
2010-05-24,1274707800,116.34,117.17,116.03999,116.84,14336746
2010-05-25,1274794200,117.16,117.52,116.82001,117.36,21232672
2010-05-26,1274880600,118.58,119.08,118.32001,118.47,13153438
2010-05-27,1274967000,118.16,119.03799,118.14,118.69,10424770
2010-05-28,1275053400,118.48,118.89999,117.63,118.881,11581441
2010-06-01,1275399000,119.88,120.25,119.63,119.91,12207707
2010-06-02,1275485400,119.35001,119.88,118.72,119.78,10348184
2010-06-03,1275571800,119.16,119.39,117.48,117.96001,13861387
2010-06-04,1275658200,117.96001,119.39,117.05,119.19,16536586
2010-06-07,1275917400,118.73,121.8,118.62,121.49001,20246176
2010-06-08,1276003800,121.61,122.45,120.66,121.0025,23410224
2010-06-09,1276090200,120.48,120.99001,119.50999,120.56,12884566
2010-06-10,1276176600,119.36,120.03999,118.83,118.97501,13687871
2010-06-11,1276263000,119.88,120.41,119.33,120.00999,7830520
2010-06-14,1276522200,119.63,120.25999,118.96001,119.60001,11004043
2010-06-15,1276608600,119.71001,121.03,119.48,120.99001,15073836
2010-06-16,1276695000,120.67999,120.89,120.03999,120.33,10505516
2010-06-17,1276781400,121.6398,122.41,121.49001,121.89999,19799680
2010-06-18,1276867800,123.03999,123.5,122.81,122.83,19430912
2010-06-21,1277127000,123.09,123.11,120.36,120.39,20041600
2010-06-22,1277213400,121.16,121.59,120.87,121.45,12944684
2010-06-23,1277299800,120.89,121.02,119.77,120.95,14120711
2010-06-24,1277386200,120.75999,122.1601,120.67,121.3,13140891
2010-06-25,1277472600,122.75,123.13,122.49001,122.75999,9990879
2010-06-28,1277731800,122.78999,123.56,120.81,121.09,19655952
2010-06-29,1277818200,121.05,121.82001,119.03,121.27,17337152
2010-06-30,1277904600,121.07001,122.09,120.88,121.67999,12016230
2010-07-01,1277991000,120.91,121.03,116.98,117.03999,33248896
2010-07-02,1278077400,118.21001,118.5,117.41,118.49001,14733043
2010-07-06,1278423000,117.6698,117.72,116.3,116.50999,16849136
2010-07-07,1278509400,116.57001,117.78,116.5,117.73,10933969
2010-07-08,1278595800,117.39,117.41,116.10001,117.21001,11315984
2010-07-09,1278682200,118.14,118.73,118,118.36,9597355
2010-07-12,1278941400,117.83,118.2,116.97,117.34,7511234
2010-07-13,1279027800,118.98,119.10001,118.36,118.36,8423609
2010-07-14,1279114200,118.25999,119.13,117.59,118.3,9576078
2010-07-15,1279200600,118.59,118.7,117.73,118.23,8588898
2010-07-16,1279287000,116.69,116.78999,115.95,116.67,17494304
2010-07-19,1279546200,115.57001,115.80409,115.11,115.73,15723859
2010-07-20,1279632600,115.75,116.74001,115.48,116.64999,9267258
2010-07-21,1279719000,116.8,117,115.71001,115.85001,9401816
2010-07-22,1279805400,115.95,117.5,115.91,116.86301,8163977
2010-07-23,1279891800,117.12,117.47,115.78999,116.09,8335430
2010-07-26,1280151000,116.38,116.47,115.3,115.52,11223641
2010-07-27,1280237400,114.95,114.99001,113.21001,113.50999,29529968
2010-07-28,1280323800,113.48,113.92999,113.08,113.78,16074254
2010-07-29,1280410200,113.53999,114.35001,113.34,114.28799,9483746
2010-07-30,1280496600,114.36,115.73,114.08,115.49001,10093637
2010-08-02,1280755800,116.12,116.39,115.2,115.53999,8473383
2010-08-03,1280842200,115.88,116.44,115.81,115.99001,5585137
2010-08-04,1280928600,117.41,117.64999,116.64999,116.72,10326180
2010-08-05,1281015000,117.00999,117.10001,116.35001,116.98,7026266
2010-08-06,1281101400,117.99001,118.42,117.49001,117.84,10001961
2010-08-09,1281360600,117.75999,117.85001,117.23,117.39999,6754906
2010-08-10,1281447000,116.59,118.09,116.39999,117.73,10444820
2010-08-11,1281533400,117.74001,118.14,116.58,117.34,12436883
2010-08-12,1281619800,118.56,118.86,118.46001,118.77,12326949
2010-08-13,1281706200,118.82001,118.89,118.36,118.74001,10214531
2010-08-16,1281965400,119.7,119.825,119.46001,119.73,8954063
2010-08-17,1282051800,119.75,119.97,119.60001,119.75,9145320
2010-08-18,1282138200,119.23,120.50999,119,120.22,12105465
2010-08-19,1282224600,120.64999,120.99001,120.11,120.39,10015406
2010-08-20,1282311000,119.97,120.07001,119.45,119.97,10682813
2010-08-23,1282570200,119.91,120.07001,119.42,119.78,4862695
2010-08-24,1282656600,118.77,120.8,118.71001,120.36,14811387
2010-08-25,1282743000,121.1199,121.38,120.67,121.36,13996641
2010-08-26,1282829400,121.09,122.95,120.5,120.96001,8895559
2010-08-27,1282915800,121.2,121.45,120.42,121.00999,11157418
2010-08-30,1283175000,120.85001,121.0598,120.58,120.91,4398738
2010-08-31,1283261400,121.77,122.19,121.46001,122.08,12257102
2010-09-01,1283347800,122.14999,122.21001,121.42999,121.69,11880082
2010-09-02,1283434200,122.38,122.48,121.89,122.28999,7002012
2010-09-03,1283520600,121.39,122.38499,121.14999,121.86,9077508
2010-09-07,1283866200,122.91,123.06,122.63,122.7,8781191
2010-09-08,1283952600,122.82001,123.42,122.60001,122.71001,9792742
2010-09-09,1284039000,122.44,122.88,121.38,121.56,13749730
2010-09-10,1284125400,121.39999,122.3,121.39,121.73,12510395
2010-09-13,1284384600,121.63,122.11,121.39,121.62,9693281
2010-09-14,1284471000,122.92,124.59,121.5489,124.024,26588848
2010-09-15,1284557400,123.97,124.28999,123.435,123.94,11689008
2010-09-16,1284643800,124.5,124.77,124.19,124.63,12672719
2010-09-17,1284730200,125.03,125.03,124.27,124.5425,13820957
2010-09-20,1284989400,125.09,125.45,124.778,124.87,8479129
2010-09-21,1285075800,124.77,126.17,124.16,126.00999,20408304
2010-09-22,1285162200,126.58,126.63,125.7,126.2,11055852
2010-09-23,1285248600,126.2,126.66,125.81,126.3,9328863
2010-09-24,1285335000,126.91,127.00011,126.3,126.69,14948535
2010-09-27,1285594200,126.89999,126.91,126.48,126.72,6686129
2010-09-28,1285680600,126.42,128.03,126.11,127.85001,19857152
2010-09-29,1285767000,127.92999,128.2399,127.52,127.95,12336703
2010-09-30,1285853400,128.14999,128.28,126.61,127.91,19213392
2010-10-01,1285939800,128.72,129.07001,127.91,128.91,17213504
2010-10-04,1286199000,128.52,128.62,128.22,128.46001,8367914
2010-10-05,1286285400,130.11,131.12,129.87,130.99001,17489504
2010-10-06,1286371800,131.45,131.86,131.34,131.81,16142184
2010-10-07,1286458200,132.60001,132.67,129.50999,130.37,38676784
2010-10-08,1286544600,130.78,131.88,130.47,131.66,18695296
2010-10-11,1286803800,131.28,132.33,130.98,132.29201,10629816
2010-10-12,1286890200,132.06,132.21001,131.36,131.96001,13295785
2010-10-13,1286976600,132.73,134.31,132.63,134.07001,18398464
2010-10-14,1287063000,134.06,134.85001,133.89999,134.75,26890448
2010-10-15,1287149400,134.24001,134.46001,133.07001,133.67999,26171168
2010-10-18,1287408600,133.46001,134.34,133.16,134.28,12301734
2010-10-19,1287495000,130.46001,131.59,129.75,130.11,25327168
2010-10-20,1287581400,130.36,131.64999,130.32001,131.32001,12556590
2010-10-21,1287667800,131.08,131.59,128.72,129.47,21810816
2010-10-22,1287754200,129.47,129.75,128.97,129.73,11889375
2010-10-25,1288013400,131.16,131.38,130.21001,130.85001,12158348
2010-10-26,1288099800,129.99001,131.14,129.73,130.88,10710898
2010-10-27,1288186200,129.92999,130,128.78999,129.52,16132023
2010-10-28,1288272600,130.36,131.5,129.84,131.24001,15895902
2010-10-29,1288359000,131.48,132.82001,131.06,132.62,14340785
2010-11-01,1288618200,132.85001,133.07001,131.75999,131.92,12403504
2010-11-02,1288704600,132.44,132.59,131.88,132.49001,9405215
2010-11-03,1288791000,132.28,132.52,129.48,131.57001,31705840
2010-11-04,1288877400,134.64,136.13,134.24001,136.03,23474592
2010-11-05,1288963800,135.14,136.61,134.95,136.38,20343600
2010-11-08,1289226600,135.92,137.78999,135.53,137.78,17367376
2010-11-09,1289313000,138.7,139.14999,135.05,135.59,39445120
2010-11-10,1289399400,137.03,137.28,135.14999,137.24001,28484608
2010-11-11,1289485800,137.62,137.75,136.45,137.66,15447418
2010-11-12,1289572200,135.89,136.3062,132.821,133.69,35891104
2010-11-15,1289831400,133.86,134.49001,132.39,132.42,15096719
2010-11-16,1289917800,132.24001,132.38,129.83,130.968,32489664
2010-11-17,1290004200,130.77,131.37,130.13,130.38,16432078
2010-11-18,1290090600,131.82001,132.78,131.55,132.088,16009336
2010-11-19,1290177000,131.48,132.35001,131.00999,132.2,14148340
2010-11-22,1290436200,132.13,133.60001,131.69,133.48,13093375
2010-11-23,1290522600,133.60001,135.07001,133.46001,134.41,18215168
2010-11-24,1290609000,134.36,134.7,133.74001,134.17999,8861055
2010-11-26,1290781800,132.38,133.16,131.92999,133.11,7823117
2010-11-29,1291041000,133.19,133.75,132.33,133.508,13983797
2010-11-30,1291127400,135.21001,135.75,134.78,135.42,17473056
2010-12-01,1291213800,135.71001,136.14,134.96001,135.38,16831056
2010-12-02,1291300200,135.62,136.59,135.14999,135.2,17583712
2010-12-03,1291386600,136.62,138.11,136.48,138.07001,16520223
2010-12-06,1291645800,138.14,139.46001,137.73,139.11,15640797
2010-12-07,1291732200,139.455,139.53999,136.46001,136.5,26499136
2010-12-08,1291818600,135.91,136.28999,133.88,134.78999,23483264
2010-12-09,1291905000,135.69,136.16,134.88,135.37,14157551
2010-12-10,1291991400,134.94,135.48,133.95,135.408,11938168
2010-12-13,1292250600,136.25999,136.64,135.86,136.05,13352305
2010-12-14,1292337000,136.27,137.21001,135.86,136.17999,17433264
2010-12-15,1292423400,135.34,135.92999,134.67999,134.7,15089496
2010-12-16,1292509800,134.21001,134.23,132.86,133.81,23469056
2010-12-17,1292596200,133.97,134.63,133.22,134.2,17214688
2010-12-20,1292855400,135.13,135.44,134.33,135.11,13142258
2010-12-21,1292941800,135.17,135.7775,134.78999,135.32001,10242703
2010-12-22,1293028200,135.60001,135.7,134.97,135.05,7303863
2010-12-23,1293114600,134.25999,134.89999,133.92999,134.66,8702055
2010-12-27,1293460200,134.96001,135.06,134.49001,135.02,3438495
2010-12-28,1293546600,136.85001,137.34,136.62,137.22,10119297
2010-12-29,1293633000,137.38,138.05,137.19,137.71001,8444184
2010-12-30,1293719400,137.58,137.71001,136.94,137.03,5752074
2010-12-31,1293805800,137.78,138.77,137.72,138.72,9222316
2011-01-03,1294065000,138.67,139,137.88,138,11510129
2011-01-04,1294151400,136.24001,136.28,134.16,134.75,26154224
2011-01-05,1294237800,133.5,134.67999,133.10001,134.37,16700805
2011-01-06,1294324200,134.05,134.38,133.14,133.83,15969285
2011-01-07,1294410600,133.38,134.61,133.17999,133.58,16761762
2011-01-10,1294669800,133.85001,134.2,133.24001,134.12,8429805
2011-01-11,1294756200,134.78999,135.16,133.96001,134.91,10271746
2011-01-12,1294842600,134.78999,135.58,134.35001,135.46001,10789629
2011-01-13,1294929000,135.66,135.67999,133.63,134.05,14302770
2011-01-14,1295015400,133.17,133.60001,132.22,132.69,21226576
2011-01-18,1295361000,133.625,134,133.17,133.42999,11599762
2011-01-19,1295447400,134.34,134.39999,133.39999,133.72,11795121
2011-01-20,1295533800,131.75999,132.10001,131.03999,131.2,24362816
2011-01-21,1295620200,130.75999,131.42999,130.53,131.03,19490784
2011-01-24,1295879400,131.00999,131.63,130.14,130.36,15127191
2011-01-25,1295965800,129.64999,130.27,129.07001,130.10001,22224448
2011-01-26,1296052200,129.83,131.17,129.28,131.16,20548384
2011-01-27,1296138600,130.28999,130.49001,127.8,127.925,33046912
2011-01-28,1296225000,127.97,131.4762,127.95,130.28,28096032
2011-01-31,1296484200,129.27,130.50999,129.25,129.87,14670004
2011-02-01,1296570600,130.52,131.08,129.33,130.8,15365934
2011-02-02,1296657000,130.37,130.60001,129.4536,130.45,10085188
2011-02-03,1296743400,130.07001,132.32001,129.28,132.2,17414640
2011-02-04,1296829800,131.84,132.7,131.23,131.66,15216145
2011-02-07,1297089000,131.67,131.95,131.23,131.67999,7179160
2011-02-08,1297175400,132.96001,133.5,132.8,133.14,16227188
2011-02-09,1297261800,133.19,133.39,132.489,133.07001,10181223
2011-02-10,1297348200,132.11,133.31,132,132.85001,8105117
2011-02-11,1297434600,133.00999,133.44,132.09,132.32249,9889309
2011-02-14,1297693800,132.95,133.38,132.7,132.95,8702449
2011-02-15,1297780200,133.85989,134.17,133.63,133.97,10112863
2011-02-16,1297866600,134.23,134.86,133.45,134.10001,12824188
2011-02-17,1297953000,134.74001,135.16,134.47,135.03999,11332105
2011-02-18,1298039400,135.17,135.8,134.882,135.41,15890887
2011-02-22,1298385000,136.92,137.22,136.19,136.28999,16678988
2011-02-23,1298471400,136.97,138.2,136.92,137.50999,15692883
2011-02-24,1298557800,138.03999,138.14,135.73,136.48,18791216
2011-02-25,1298644200,137.22,137.74001,136.77,137.384,10352844
2011-02-28,1298903400,137.64999,138.14,137.03,137.661,8851012
2011-03-01,1298989800,138.57001,140.03,138.49001,140.03,17438080
2011-03-02,1299076200,140.24001,140.55,139.48,139.91701,15726535
2011-03-03,1299162600,138.81,139.13,137.57001,138.09,16490281
2011-03-04,1299249000,138.63,139.75,138.61,139.35001,17457264
2011-03-07,1299508200,140.28999,140.61,139.28,139.72099,14070016
2011-03-08,1299594600,139.64999,139.66,138.83,139.36,10730492
2011-03-09,1299681000,139.92,139.95,138.94,139.41,8736434
2011-03-10,1299767400,138.5,138.5,136.845,137.77,15565465
2011-03-11,1299853800,137.285,138.92999,137.17999,138.22,10417496
2011-03-14,1300109400,139.33,139.55,138.61,138.86,10243570
2011-03-15,1300195800,135.35001,136.94,135.23,136.27,23465120
2011-03-16,1300282200,136.52,137.2,135.8,136.24001,13394012
2011-03-17,1300368600,136.56,137.08,136.25,136.97,9123203
2011-03-18,1300455000,138.14,138.83,137.75999,138.37,18602096
2011-03-21,1300714200,139.5,139.91,138.97,139.14,13743637
2011-03-22,1300800600,138.88,139.36,138.67,139.05,9558223
2011-03-23,1300887000,139.61,140.55,139.55,140.34,11542852
2011-03-24,1300973400,140.2742,141.28,138.83,139.22,17016544
2011-03-25,1301059800,140,140.24001,138.66,139.25999,13191941
2011-03-28,1301319000,137.8199,138.83,137.78,138.53999,7663555
2011-03-29,1301405400,138.21001,138.82001,137.94,138.21001,6349738
2011-03-30,1301491800,139.07001,139.17999,137.67999,138.67,10756660
2011-03-31,1301578200,140.08,140.39999,139.78,139.86,15235891
2011-04-01,1301664600,138.64999,139.55,137.72,139.2,15739867
2011-04-04,1301923800,140.13,140.25999,139.45,139.84,9685074
2011-04-05,1302010200,139.58,142.09,139.52,142.05,18334048
2011-04-06,1302096600,142.39999,142.62,141.77,142.38,10718684
2011-04-07,1302183000,142.23,142.89,141.8,142.50999,9489977
2011-04-08,1302269400,143.34,143.84,142.97,143.66,13129840
2011-04-11,1302528600,143.28,143.49001,142.28,142.64,10114504
2011-04-12,1302615000,142.74001,142.82001,140.75,141.61,14950516
2011-04-13,1302701400,142.3894,142.53,141.48,141.89999,13888852
2011-04-14,1302787800,142.35001,143.83,142.23,143.81,14174211
2011-04-15,1302874200,143.85001,145.12,143.57001,145.05,19127264
2011-04-18,1303133400,145.21001,146.07001,144.63,145.92999,17343168
2011-04-19,1303219800,145.73,146.24001,145.17999,145.92999,10957383
2011-04-20,1303306200,146.37,146.84,145.74001,146.5,13718219
2011-04-21,1303392600,146.57001,147.06,146.32001,146.74001,10114152
2011-04-25,1303738200,147.57001,147.58,146.42,146.87,15576820
2011-04-26,1303824600,146.47,146.62,145.48,146.38,16244105
2011-04-27,1303911000,147.38,149.21001,146.52,149.2,21945936
2011-04-28,1303997400,149.3,150,148.60001,149.82001,20759392
2011-04-29,1304083800,149.89999,153.03,149.75,152.37,27601216
2011-05-02,1304343000,151.46001,153.61,150.36,150.414,24094096
2011-05-03,1304429400,150.42999,150.97,148.85001,149.88,24215600
2011-05-04,1304515800,149.86,150.34,146.75999,147.73,35111680
2011-05-05,1304602200,146.82001,147.58,142.55,143.47,51284416
2011-05-06,1304688600,145.24001,146.09,144.39999,145.3,24185168
2011-05-09,1304947800,146.67,147.58,146.34,147.38,13854766
2011-05-10,1305034200,147.19,148.19,146.92999,147.89999,11285469
2011-05-11,1305120600,147.24001,147.35001,145.77,146.53999,21386896
2011-05-12,1305207000,145.88,147.12,144.96001,146.59,18730320
2011-05-13,1305293400,146.72,147.28,144.49001,145.63,17270048
2011-05-16,1305552600,145.88,146.67,145.19,145.37,10069234
2011-05-17,1305639000,144.23,144.78,143.42,144.74001,17203664
2011-05-18,1305725400,145.55,146.22,145.14,145.60001,10508324
2011-05-19,1305811800,145.12,145.85001,144.86,145.64999,8098801
2011-05-20,1305898200,145.82001,147.78,144.89999,147.49001,23188960
2011-05-23,1306157400,147.03999,147.95,146.97,147.83,15946477
2011-05-24,1306243800,148.48,149.05,148.17999,148.59,14947992
2011-05-25,1306330200,148.72,149.37,148.52,148.58,10973703
2011-05-26,1306416600,148.45,148.61,147.59,148.22,9791500
2011-05-27,1306503000,149.02,149.92,148.96001,149.7,10188109
2011-05-31,1306848600,149.88,150.16499,149.41,149.64,10503840
2011-06-01,1306935000,149.66,151.13,149.42999,149.91,18365344
2011-06-02,1307021400,150.14999,150.38,148.07001,149.5,13553078
2011-06-03,1307107800,150.28,150.66,149.62,150.22,12608508
2011-06-06,1307367000,150.82001,151.45,150.21001,150.48,11479094
2011-06-07,1307453400,150.67,150.85001,149.67999,150.42,10145082
2011-06-08,1307539800,150.02,150.38,149.3,149.81,9612426
2011-06-09,1307626200,150.00999,151.02,149.75,150.56,7651641
2011-06-10,1307712600,149.03999,149.78,148.69,149.24001,12346105
2011-06-13,1307971800,148.6601,149.03999,147.19,147.77,12998004
2011-06-14,1308058200,147.7,148.73,147.478,148.67,10942926
2011-06-15,1308144600,148.16,149.55,147.92,149.12,14550668
2011-06-16,1308231000,148.83,149.49001,148.22,148.97,11034914
2011-06-17,1308317400,148.87,150.28999,148.83,149.94,19206784
2011-06-20,1308576600,150.0799,150.78999,149.582,150.03,10463336
2011-06-21,1308663000,150.25999,150.87,150.17999,150.75999,12445105
2011-06-22,1308749400,151.00999,151.86,150.56,150.99001,14117348
2011-06-23,1308835800,148.6701,148.84,147.25999,148.339,24869552
2011-06-24,1308922200,147.86,148.02499,145.97,146.25999,19304384
2011-06-27,1309181400,145.92999,146.39999,145.2,145.73,11604328
2011-06-28,1309267800,146.16,146.77,145.67,146.24001,8813789
2011-06-29,1309354200,146.77,147.42,146.44,147.17999,12626820
2011-06-30,1309440600,147.17999,147.41,145.98,146.00101,12669715
2011-07-01,1309527000,144.75999,145.07001,143.97,144.92999,16367168
2011-07-05,1309872600,146.96001,147.82001,146.85001,147.63,11281734
2011-07-06,1309959000,148.7,149.44,148.58,148.91,14506238
2011-07-07,1310045400,148.97,149.35001,148.28999,149.14999,9524063
2011-07-08,1310131800,150.32001,150.5,149.99001,150.25,13663008
2011-07-11,1310391000,151.33,151.69,150.2,151.59,20451120
2011-07-12,1310477400,151.24001,153.32001,150.77,152.77,24037696
2011-07-13,1310563800,153.7599,154.71001,153.58,154.14,26350976
2011-07-14,1310650200,154.81,155.24001,153.95,154.53999,17617984
2011-07-15,1310736600,154.34,155.28999,154.22,155.2,18452400
2011-07-18,1310995800,155.75999,156.58,155.67,156.57001,17133328
2011-07-19,1311082200,156.32001,156.32001,154.10001,154.66,22879888
2011-07-20,1311168600,154.22,156.02,154.11099,156.02,14568746
2011-07-21,1311255000,155.91,156.03999,154.33,154.83,18422864
2011-07-22,1311341400,156,156.56,155.67999,156.12,11378645
2011-07-25,1311600600,157.60001,157.8,156.72,157.34,13036137
2011-07-26,1311687000,156.97,157.78999,156.60001,157.77,11743605
2011-07-27,1311773400,158.47,158.6369,156.69,157.19,18301584
2011-07-28,1311859800,157.53999,157.60001,156.11,157.32001,11374918
2011-07-29,1311946200,158.42999,159.25,157.67999,158.28999,17129120
2011-08-01,1312205400,157.47009,158.97,156.78,157.72,14825641
2011-08-02,1312291800,159.3299,161.62,158.96899,161.52,24284496
2011-08-03,1312378200,162.36,162.86,161.34,161.49001,27823664
2011-08-04,1312464600,163.61,163.87,159.67999,160.64,40380208
2011-08-05,1312551000,161.64,162.37,160.48,161.75,24557392
2011-08-08,1312810200,165.48,167.61,164.75999,167.119,43002320
2011-08-09,1312896600,169.92999,173.14999,167.48,168.61,55765744
2011-08-10,1312983000,172.46001,175.13,171.62,174.58,44797104
2011-08-11,1313069400,172.28,172.34,168.64999,170.75,49888256
2011-08-12,1313155800,169.57001,170.06,167.77,169.97,29225984
2011-08-15,1313415000,169.32001,171.91,168.95,171.8,17807888
2011-08-16,1313501400,172.60001,174.07001,172.5,173.92,19657952
2011-08-17,1313587800,173.87,174.67999,173.25,174.42,16481984
2011-08-18,1313674200,177.14999,178.10001,176.41,177.72,25514224
2011-08-19,1313760600,181.64,181.67,178.91,179.95,34407680
2011-08-22,1314019800,181.94991,184.82001,181.60001,184.59,27482592
2011-08-23,1314106200,182.245,183.82001,177.5,177.67,55265328
2011-08-24,1314192600,177.89999,178.31,170.31,171.646,70700320
2011-08-25,1314279000,167,172.81,165.88,172.36,43273648
2011-08-26,1314365400,173.57001,177.55,171.75,177.47,38672976
2011-08-29,1314624600,175.94501,176.00999,172.88,173.89,25265456
2011-08-30,1314711000,177.7,179.31,176.66,179.10001,23440928
2011-08-31,1314797400,177.73,179.16,176.33,177.72,16060320
2011-09-01,1314883800,177.44,178.25999,176.55,177.87,13900453
2011-09-02,1314970200,182.8199,183.50999,182.10001,183.23801,19920592
2011-09-06,1315315800,184.58,185.85001,181.31,182.89999,30278000
2011-09-07,1315402200,176.19,178.09,174.45,177.08,30759968
2011-09-08,1315488600,181.39,182.12,179.77,181.81,20741280
2011-09-09,1315575000,179.75999,181.95,179.17,180.7,25434736
2011-09-12,1315834200,178.73,178.99001,175.33,176.67,21812800
2011-09-13,1315920600,177.52,179.53999,176.28999,178.53999,17246368
2011-09-14,1316007000,177.55,177.78,176.05,177.21001,18122800
2011-09-15,1316093400,174.61,174.85001,172.56,174.39999,20896960
2011-09-16,1316179800,173.72,177.39999,173.71001,176.03,20699072
2011-09-19,1316439000,176.83,176.86,172.2,173.31,18301056
2011-09-20,1316525400,173.17999,176.37,172.84,175.78,12677438
2011-09-21,1316611800,174.78999,176.73,173.14,173.59,16434949
2011-09-22,1316698200,169.3,170.32001,167.48,169.05,32476256
2011-09-23,1316784600,164.50999,165.72,158.55,159.8,52986832
2011-09-26,1317043800,157.12,158.8,154.19,157.58,42373776
2011-09-27,1317130200,161.61,162.28999,159.91,160.63,25124128
2011-09-28,1317216600,160.73,161.28999,155.56,156.22,21775952
2011-09-29,1317303000,158.12,158.2,156.14,157.7,17340736
2011-09-30,1317389400,157.3,160,156.33,158.06,16770758
2011-10-03,1317648600,161.09,161.56,159.92999,160.96001,14200305
2011-10-04,1317735000,160.95,161.03,155.27,157.644,24048224
2011-10-05,1317821400,158.00999,160.32001,156.4355,159.46001,15141855
2011-10-06,1317907800,160.02,161.11,158.77,160.49001,12399273
2011-10-07,1317994200,161.02,161.58,158.23,159.17999,12977973
2011-10-10,1318253400,162.05,163.32001,161.14,163.26601,8984402
2011-10-11,1318339800,162.21001,162.50999,161.2133,162.10001,8263355
2011-10-12,1318426200,163.7,164,162.5,163.25999,10875098
2011-10-13,1318512600,162.3,162.48,160.82001,162.3,8334961
2011-10-14,1318599000,163.33,163.82001,162.25,163.39999,9744930
2011-10-17,1318858200,164,164.16,161.95,162.62,8765695
2011-10-18,1318944600,159.96001,162.03,158.30299,161.84,15390773
2011-10-19,1319031000,161.09,161.42999,159.55,159.87,8535871
2011-10-20,1319117400,157.62,158.42,156.05,157.77,17367424
2011-10-21,1319203800,159.99001,160.45,158.94,159.52,13335535
2011-10-24,1319463000,160.55,161.33,160.22,161.02,10199742
2011-10-25,1319549400,161.24001,166.34,160.4088,165.59,22130720
2011-10-26,1319635800,167.03,168.05,166.42,167.39999,17116288
2011-10-27,1319722200,167.59,170.28999,166.64999,169.55,15865516
2011-10-28,1319808600,169.64,169.94,168.75,169.62,9362855
2011-10-31,1320067800,167.75999,168.16,166.91,167.34,8441563
2011-11-01,1320154200,164.03,167.41,163.61,167.38,15335336
2011-11-02,1320240600,168.59,169.7386,167.3,169.06,14544691
2011-11-03,1320327000,171.17,172.03999,169.89999,171.72,17610384
2011-11-04,1320413400,171.03,171.34,170.16,170.85001,11062344
2011-11-07,1320676200,172.85001,175,172.71001,174.98,20141408
2011-11-08,1320762600,174.35001,175.46001,172.89999,173.53,16062242
2011-11-09,1320849000,174.28,174.81,171.61,172.07001,12313844
2011-11-10,1320935400,172.4299,172.59,168.83,171.14,11848637
2011-11-11,1321021800,172.10001,174.05,172.07001,173.96001,8730988
2011-11-14,1321281000,173.74001,173.86,172.59,173.2,5893508
2011-11-15,1321367400,173.35001,173.81,171.89999,173.36,9174027
2011-11-16,1321453800,171.63,172.96001,170.57001,171.50999,15099441
2011-11-17,1321540200,170.03999,170.3,166.39,167.10001,28468864
2011-11-18,1321626600,167.23,168.69,166.60001,167.62,14172895
2011-11-21,1321885800,166.60989,166.71001,162.07001,163.5,22035776
2011-11-22,1321972200,164.74001,165.92,164.61,165.31,12098352
2011-11-23,1322058600,164.55,165.37,163.12,164.83,11486855
2011-11-25,1322231400,163.33,165.2,163.28999,163.39999,6097918
2011-11-28,1322490600,166.92999,167.14,165.98,166.63,12006664
2011-11-29,1322577000,166.39999,167.33,166.08,166.88,9198816
2011-11-30,1322663400,169.7,170.3,169.06,170.13,11821551
2011-12-01,1322749800,169.8499,170.57001,168.59,169.63,11614141
2011-12-02,1322836200,170.64999,170.8,169.36,169.82001,8434992
2011-12-05,1323095400,169.06,169.95,167.06,167.32001,10256258
2011-12-06,1323181800,166.31,168.57001,165.53,168.17999,10388141
2011-12-07,1323268200,168.78999,169.52,167.75999,169.39999,10361266
2011-12-08,1323354600,166.96001,167.63,165.73,165.976,11734426
2011-12-09,1323441000,166.42999,167.34,166.12,166.39999,8354152
2011-12-12,1323700200,162.35001,162.41,161.14,161.99001,15339344
2011-12-13,1323786600,161.86,163.19,157.75999,158.45,25040384
2011-12-14,1323873000,156.785,157.34,152.05,152.89,42334368
2011-12-15,1323959400,154.74001,154.95,151.71001,152.33,21521840
2011-12-16,1324045800,154.31,155.37,153.89999,155.23,18126352
2011-12-19,1324305000,155.48,155.86,154.36,154.87,12547273
2011-12-20,1324391400,156.82001,157.42999,156.58,156.98,9142414
2011-12-21,1324477800,156.98,157.53,156.13,157.16,12005863
2011-12-22,1324564200,156.35001,156.8,155.33,156.03999,9891934
2011-12-23,1324650600,156.35001,156.49001,155.82001,156.31,3565685
2011-12-27,1324996200,155.08,155.55,154.53999,154.91,4924082
2011-12-28,1325082600,154.05,154.25999,150.66,151.03,16436043
2011-12-29,1325169000,149.09,150.72,148.27,150.34,19812144
2011-12-30,1325255400,152.14011,153.75,151.78999,151.99001,10853355
2012-01-03,1325601000,154.75999,156.3,154.55,155.92,13385730
2012-01-04,1325687400,155.42999,157.38,155.34,156.71001,11549684
2012-01-05,1325773800,155.37,158.03,155.25,157.78,11621504
2012-01-06,1325860200,158.5901,158.63,156.38,157.2,9792730
2012-01-09,1326119400,157.36,157.59,156.19,156.5,8774676
2012-01-10,1326205800,158.97,159.47,158.47,158.64,8371402
2012-01-11,1326292200,159.34,160.05,158.91,159.67,7971270
2012-01-12,1326378600,161.02,161.61501,159.83,160.38,8605949
2012-01-13,1326465000,159.32001,159.59,158.00999,159.25999,8911828
2012-01-17,1326810600,161.17,161.64999,160.42,160.5,8313293
2012-01-18,1326897000,159.94,161.64,159.67999,161.60001,9341191
2012-01-19,1326983400,160.96001,161.45,160.33,161.22,8119449
2012-01-20,1327069800,160.5,162.09,160,162.07001,11618832
2012-01-23,1327329000,162.325,163.47,162.325,163.16,8839090
2012-01-24,1327415400,161.81,162.37,161.53,162.00999,7502855
2012-01-25,1327501800,161.07001,166.55,160.28999,166.42,28957664
2012-01-26,1327588200,168.05,168.31,167.05,167.27,19143728
2012-01-27,1327674600,167.44,169,167.41,168.97,13031828
2012-01-30,1327933800,168.19,168.53999,167.74001,168.03,8437988
2012-01-31,1328020200,169.77,169.86,167.72,169.31,11192473
2012-02-01,1328106600,169.75,170.17999,169.08,169.56,7734105
2012-02-02,1328193000,169.96001,171.2299,169.67999,171.05,11517559
2012-02-03,1328279400,169.88,170.14,167.50999,167.64,23362528
2012-02-06,1328538600,166.96001,167.67999,166.61,167.17999,8807402
2012-02-07,1328625000,167.38,170.09,167.14999,169.7,11620887
2012-02-08,1328711400,169.25999,169.96001,167.5,168.5,10655465
2012-02-09,1328797800,170.00999,170.37,167.67,168.02,16085109
2012-02-10,1328884200,166.49001,167.64,166.33,167.14,10327531
2012-02-13,1329143400,167.33,167.94,166.74001,167.50999,7092270
2012-02-14,1329229800,167.64999,167.92999,166.42,167.12,7871504
2012-02-15,1329316200,168.63,168.75,167.19,168.108,11639879
2012-02-16,1329402600,166.33,168.14,166.17,168,10733910
2012-02-17,1329489000,168.28999,168.33,166.87199,167.35001,7287086
2012-02-21,1329834600,169.64999,171.07001,169.59,171.02,13611184
2012-02-22,1329921000,170.39999,173.17,170.19,172.94,16676496
2012-02-23,1330007400,172.69,173.77,172.28,173.02,11654195
2012-02-24,1330093800,172.63,173.03999,172,172.231,9295621
2012-02-27,1330353000,172.14,172.92,171.58,171.7,7348145
2012-02-28,1330439400,172.84,174,172.60001,173.49001,12422426
2012-02-29,1330525800,173.19,173.59,164,164.286,44149008
2012-03-01,1330612200,166.10001,167.72,165.75,166.61,19208832
2012-03-02,1330698600,166.23,166.83,165.63,166.34,9301039
2012-03-05,1330957800,165.77,165.91,164.55,165.64999,12076852
2012-03-06,1331044200,162.14999,162.81,161.78,162.7,15541535
2012-03-07,1331130600,162.75999,164.02,162.50999,163.63,9557176
2012-03-08,1331217000,164.74001,165.55,164.05,165.28,8861840
2012-03-09,1331303400,163.64,166.57001,163.25,166.3799,13700547
2012-03-12,1331559000,165.33,165.58,164.39999,165.07001,6532961
2012-03-13,1331645400,163.94,165.41,161.42999,162.3,20046960
2012-03-14,1331731800,159.61,160.57581,158.8,159.57001,28826496
2012-03-15,1331818200,159.73,161.98,159.28,161.08,12693246
2012-03-16,1331904600,160.08,161.53999,159.9201,161.3,12549953
2012-03-19,1332163800,160.85001,162.3,160.722,161.59,9923617
2012-03-20,1332250200,160.1976,161.08,159.77,160.13,11646215
2012-03-21,1332336600,160.63,161.48,160.14999,160.21001,6676988
2012-03-22,1332423000,158.2,159.71001,158.13,159.57001,11110266
2012-03-23,1332509400,160.88,161.88,160.52,161.5329,10689781
2012-03-26,1332768600,163.17,164.53999,162.95,164.39999,13226684
2012-03-27,1332855000,164.52,164.89,163.13,163.24001,10915617
2012-03-28,1332941400,162.71001,162.98,160.66,161.50999,11015051
2012-03-29,1333027800,161.14,161.46001,159.81,161.28,11029512
2012-03-30,1333114200,161.67,162.33,161.22,162.12,7534086
2012-04-02,1333373400,161.96001,163.56,161.81,162.94,7546840
2012-04-03,1333459800,163.23,163.23,159.17,159.89,16825952
2012-04-04,1333546200,157.7,158.03,156.58,157.21001,15982621
2012-04-05,1333632600,157.87,158.67999,157.78,158.31,8969414
2012-04-09,1333978200,159.72,160.00999,158.91,159.37,8252559
2012-04-10,1334064600,159.66,161.58,158.47,161.10001,14290535
2012-04-11,1334151000,161.2,161.53999,160.74001,161.065,10006797
2012-04-12,1334237400,160.74001,163.2,160.455,162.7,9232566
2012-04-13,1334323800,162.4509,162.46001,160.17,160.85001,10041539
2012-04-16,1334583000,160.50999,161.17999,159.53,160.46001,6672051
2012-04-17,1334669400,160.53999,160.96001,158.75,160.27,7587035
2012-04-18,1334755800,159.49001,160.12,159.07001,159.31,7465203
2012-04-19,1334842200,160,160.64,159.02,159.42999,9917180
2012-04-20,1334928600,159.25,159.91,159.2,159.53999,9149352
2012-04-23,1335187800,158.2,159.17999,157.88,159.07001,8880965
2012-04-24,1335274200,159.63,160.17999,159.28999,159.3,5201496
2012-04-25,1335360600,159.48,159.96001,157.75999,159.62,15099488
2012-04-26,1335447000,160.46001,161.38,160.10001,161.03,10919977
2012-04-27,1335533400,161.78,161.97,161.14999,161.38,8897262
2012-04-30,1335792600,160.49001,161.88,160.31,161.88,8013887
2012-05-01,1335879000,162.09,162.17999,160.89,161.32001,7418785
2012-05-02,1335965400,160.74001,160.78,159.75999,160.59,5637824
2012-05-03,1336051800,159.16,159.48,158.37,158.97,13176789
2012-05-04,1336138200,158.82001,159.98,158.57001,159.47,11390543
2012-05-07,1336397400,159.31,159.34,158.45,159.08,4927777
2012-05-08,1336483800,156.61,156.73,154.92,156,17858256
2012-05-09,1336570200,154.10001,154.98,153.60001,154.47,13870520
2012-05-10,1336656600,155.16,155.57001,154.64,154.77,7462414
2012-05-11,1336743000,153.44,154.47,153.24001,153.56,8286156
2012-05-14,1337002200,151.58,152.03,151,151.33,13392855
2012-05-15,1337088600,151.16,151.44,149.63,149.74001,13363035
2012-05-16,1337175000,149.48,150.7,148.60001,149.46001,16759152
2012-05-17,1337261400,150.83,153.39999,150.38,152.8,18086336
2012-05-18,1337347800,154.46001,155.13,153.97,154.55,12996223
2012-05-21,1337607000,154.11,154.95,153.86,154.64999,7542313
2012-05-22,1337693400,153.59,154.42,151.55,152.08,11309547
2012-05-23,1337779800,151.5,151.8401,148.84,151.62,18854416
2012-05-24,1337866200,152.71001,152.91,150.62,151.41,9701113
2012-05-25,1337952600,151.89,152.85001,151.63,152.67999,6214305
2012-05-29,1338298200,153.47,153.62,150.25,151.02,11246609
2012-05-30,1338384600,149.74001,152.38,148.53,151.91,16771047
2012-05-31,1338471000,152.0284,152.71001,150.62,151.62,10116273
2012-06-01,1338557400,155.41,158.31,154.87,157.5,27408032
2012-06-04,1338816600,157.25999,157.44,156.16,157.32001,11463574
2012-06-05,1338903000,156.92,157.27,156.42,157.14,8095219
2012-06-06,1338989400,158.89999,159.2,156.59,157.21001,15771539
2012-06-07,1339075800,157.82001,157.84,153.19,154.5,18925632
2012-06-08,1339162200,153.02,154.83,153,154.73,11077297
2012-06-11,1339421400,154.83,155.39999,153.55,155.36,9166594
2012-06-12,1339507800,155.49001,157.03999,155.45,156.4594,13248766
2012-06-13,1339594200,157.61,157.64999,156.42,157.12,10111309
2012-06-14,1339680600,157.64,157.94,156.24001,157.75,11508273
2012-06-15,1339767000,157.75,158.46001,157.42,157.84,13099906
2012-06-18,1340026200,157.46001,158.21001,156.53999,157.92999,6733816
2012-06-19,1340112600,158,158.14,156.97,157.16,6946949
2012-06-20,1340199000,156,157.37,154.25999,155.97,16975696
2012-06-21,1340285400,153.73,154.2299,151.8,152.015,14449902
2012-06-22,1340371800,152.03999,152.7,151.21001,152.64,6755922
2012-06-25,1340631000,152.58,154.16,152.25,153.75999,6190121
2012-06-26,1340717400,153.03,153.3,152.13,152.62,6123863
2012-06-27,1340803800,153.3,153.45,152.14999,152.83,4840648
2012-06-28,1340890200,151.89999,152.16,150.14999,151.05,8757977
2012-06-29,1340976600,155.13,155.95,154.52,155.19,10378676
2012-07-02,1341235800,154.67,155.55,154.341,155.09,3656938
2012-07-03,1341322200,156.97,157.72,156.77,157.46001,5037637
2012-07-05,1341495000,155.44,156.39999,154.45,155.67999,5363449
2012-07-06,1341581400,154.23,154.49001,152.95,153.71001,7047172
2012-07-09,1341840600,153.61,154.58,153.42999,154.03999,4469754
2012-07-10,1341927000,155.13,155.1799,151.78,152.14999,9747832
2012-07-11,1342013400,152.58,153.45,152.02,152.99001,6841266
2012-07-12,1342099800,151.25999,153.07001,150.85001,152.59,11401938
2012-07-13,1342186200,153.45,154.94,153.44,154.14,5081629
2012-07-16,1342445400,154.42999,154.75,153.98,154.21001,5712180
2012-07-17,1342531800,154.00999,154.5,152.45,153.47,13025512
2012-07-18,1342618200,152.67,153.60001,152.39999,153.05,6810531
2012-07-19,1342704600,153.73,154.32001,152.92999,153.38,6074070
2012-07-20,1342791000,152.97,154,152.75,153.67,8584145
2012-07-23,1343050200,152.5,153.33,152.28999,153.03,5258027
2012-07-24,1343136600,153.63,153.8,152.2,153.52,6538898
2012-07-25,1343223000,155.33,156.28999,155.05,155.67,9359438
2012-07-26,1343309400,156.7,157.25999,156.05,156.77,7343551
2012-07-27,1343395800,157.64,157.96001,156.66,157.53999,9772629
2012-07-30,1343655000,156.84,157.66,154.81,157.42999,7212324
2012-07-31,1343741400,157.60001,157.72,156.25999,156.49001,10922930
2012-08-01,1343827800,155.17999,155.78999,154.41,155.14,12715531
2012-08-02,1343914200,154.66,155.14,153.61,154.13,11541461
2012-08-03,1344000600,154.64999,155.89,154.42,155.55,10670688
2012-08-06,1344259800,155.92,156.73,155.74001,156.3,4611957
2012-08-07,1344346200,156.37,156.63,156.00999,156.28,5926074
2012-08-08,1344432600,156.49001,156.86,156.25999,156.48,3621101
2012-08-09,1344519000,156.36,157,156.28,156.99001,3181289
2012-08-10,1344605400,156.89999,157.82001,156.6523,157.17999,4607930
2012-08-13,1344864600,157.05,157.45,155.89999,155.99001,4574543
2012-08-14,1344951000,155.06,155.58,154.83,155.13,5077289
2012-08-15,1345037400,155.32001,155.82001,155.271,155.63,4993836
2012-08-16,1345123800,155.85001,157.09,155.5,156.56,8839172
2012-08-17,1345210200,157.06,157.07001,156.22,156.72,7812004
2012-08-20,1345469400,156.52,157.395,156.47,157.25999,7847652
2012-08-21,1345555800,158.81,159.2,158.69,158.83,11840965
2012-08-22,1345642200,159.19,160.63,158.50999,160.53999,13605891
2012-08-23,1345728600,161.41,162.451,161.23,161.89,17237600
2012-08-24,1345815000,161.87,162.35001,161.33,161.97,8498883
2012-08-27,1346074200,161.77,162.29401,161.34,161.36,5381660
2012-08-28,1346160600,161.63,162.19,161.3,161.64,5076680
2012-08-29,1346247000,161.60001,161.67999,160.17999,160.59,9287660
2012-08-30,1346333400,161.25999,161.31,160.00999,160.52,5814387
2012-08-31,1346419800,161.14,164.22,159.56,164.22,18026336
2012-09-04,1346765400,164.11,164.77,163.66,164.48,12040824
2012-09-05,1346851800,164.12,164.39,163.81,164.31,8404699
2012-09-06,1346938200,165.16,165.78,164.8,164.89,12967066
2012-09-07,1347024600,167.77,169,167.37,168.44,19140032
2012-09-10,1347283800,167.84,168.14,167.22501,167.28999,7765406
2012-09-11,1347370200,168.22,168.53,167.78999,167.89999,7524035
2012-09-12,1347456600,168.84,168.87,167.25,167.92,9946203
2012-09-13,1347543000,167.87,171.91,166.3,171.31,28336816
2012-09-14,1347629400,171.89,172.23,171.31,171.8,16848736
2012-09-17,1347888600,171.77,171.96001,170.06,170.39999,11284773
2012-09-18,1347975000,170.81,171.95,170.67,171.72,12486512
2012-09-19,1348061400,171.88,172.03,171.19,171.74001,9126852
2012-09-20,1348147800,171.03,171.69,170.226,171.47,8707691
2012-09-21,1348234200,172.92999,173.185,171.53999,171.96001,13362738
2012-09-24,1348493400,170.63,171.39,170.57001,171.05,9181996
2012-09-25,1348579800,171.75999,172.11,170.5,170.77,10365203
2012-09-26,1348666200,169.46001,170.05,168.34,169.81,12068148
2012-09-27,1348752600,171.02,172.60001,170.75999,172.34,10540852
2012-09-28,1348839000,172.03,172.48,171.34,171.89,9683633
2012-10-01,1349098200,172.83,173.62,171.77,172.295,10679406
2012-10-02,1349184600,172.47,172.7,171.59,172.10001,7057027
2012-10-03,1349271000,172.50999,172.61,171.89,172.41,5653766
2012-10-04,1349357400,173.2,174.07001,172.916,173.61,10379223
2012-10-05,1349443800,172.87,173.37,172.00999,172.62,8871227
2012-10-08,1349703000,171.75,172.28,171.67999,172.05,3750943
2012-10-09,1349789400,171.86,172.17,170.56,170.99001,7755672
2012-10-10,1349875800,170.53999,171.34,170.3,170.84,7365328
2012-10-11,1349962200,171.3,171.95,171.13,171.32001,5716852
2012-10-12,1350048600,171.14999,171.41,169.81,170.06,8267223
2012-10-15,1350307800,169.00999,169.10001,167.53,168.35001,10711012
2012-10-16,1350394200,168.87,169.45,168.67,169.42,6208398
2012-10-17,1350480600,169.21001,169.95,168.92,169.53999,5203352
2012-10-18,1350567000,168.8,169.31,168.59,168.78909,6612656
2012-10-19,1350653400,168.42,168.45,166.23,166.97,13861461
2012-10-22,1350912600,167.08,167.63,167.03011,167.58,6371629
2012-10-23,1350999000,166.03999,166.06,165.12,165.4258,11892484
2012-10-24,1351085400,165.78,165.83,164.60001,164.86031,10794801
2012-10-25,1351171800,166.28999,166.53,165.77,166.02,7015539
2012-10-26,1351258200,166.23,166.60001,165.77,165.92999,6441758
2012-10-31,1351690200,166.47,167.28,166.38,166.83,4682926
2012-11-01,1351776600,167.02,167.03999,166.03999,166.07001,6021020
2012-11-02,1351863000,164.45,164.47,162.3,162.60001,14763523
2012-11-05,1352125800,163.12,163.42,162.81,163.23,6158684
2012-11-06,1352212200,163.91,166.77,163.61,166.3,16051730
2012-11-07,1352298600,166.87,167.13,165.03999,166.49001,13198270
2012-11-08,1352385000,166.14,168.16,166.12,167.99001,8828984
2012-11-09,1352471400,168.21001,168.53999,167.55,167.82001,7361848
2012-11-12,1352730600,168.10001,168.28,167.21001,167.45,5652156
2012-11-13,1352817000,166.66,167.9399,166.63,167.10001,6471313
2012-11-14,1352903400,167.46001,168.03999,166.78,167.14,8513621
2012-11-15,1352989800,167,167.05499,165.17999,166.09,10023203
2012-11-16,1353076200,165.74001,166.36,165.47,165.88,6944891
2012-11-19,1353335400,167.75,168.16,167.38,167.87,6771691
2012-11-20,1353421800,167.75,168.02,166.8401,167.39,5502105
2012-11-21,1353508200,167.19,167.8199,166.97,167.56,3811125
2012-11-23,1353681000,167.97,170.00999,167.8,169.61,6110070
2012-11-26,1353940200,169.56,169.73,169.25,169.42999,5377750
2012-11-27,1354026600,169.14,169.39999,168.62,168.71001,7320516
2012-11-28,1354113000,165.42999,166.84,165.38499,166.55,12881773
2012-11-29,1354199400,167.14,167.5,166.85001,167.1817,7447145
2012-11-30,1354285800,166.94,167.22,165.53,166.05,8414250
2012-12-03,1354545000,166.11,166.92,166.03999,166.12669,6364531
2012-12-04,1354631400,164.06,164.83,163.87,164.42,10212309
2012-12-05,1354717800,164.22,164.5,163.2,164.12,10649109
2012-12-06,1354804200,163.72,165,163.53,164.5,7301570
2012-12-07,1354890600,164.88,165.22,164.60001,165.16499,7290613
2012-12-10,1355149800,166.11,166.16,165.715,165.8,4649160
2012-12-11,1355236200,165.45,165.66,165.12,165.64999,4725750
2012-12-12,1355322600,166.2,166.94,165.36,165.77,14172340
2012-12-13,1355409000,163.86501,164.895,163.78,164.37,9333254
2012-12-14,1355495400,164.17,164.48,164.02,164.13,5352141
2012-12-17,1355754600,164.16,164.62,164.13,164.44,8177387
2012-12-18,1355841000,164.35001,164.42999,160.89999,162.08,24000528
2012-12-19,1355927400,161.31,162.22,161.11,161.69,12995516
2012-12-20,1356013800,159.87,160.12,158.39,159.73,25148768
2012-12-21,1356100200,159.82001,160.75999,159.78,160.33,13445840
2012-12-24,1356359400,160.88,160.96001,160.47,160.62,3699741
2012-12-26,1356532200,161.36,161.485,160.64,160.78,4967629
2012-12-27,1356618600,160.23,161.31,160.05,161.16,8938695
2012-12-28,1356705000,160.94,160.97,160.14999,160.53999,6854191
2012-12-31,1356964200,160.89999,162.75,160.77,162.0204,11789684
2013-01-02,1357137000,163.49001,164.14,163.14,163.17,10436879
2013-01-03,1357223400,162.48,162.881,160.83,161.2,16117492
2013-01-04,1357309800,159.52,160.63499,158.89,160.44,19179856
2013-01-07,1357569000,159.36,159.96001,159.14999,159.42999,9362473
2013-01-08,1357655400,160.46001,160.99001,160.00999,160.56,7696234
2013-01-09,1357741800,160.77,160.83,159.905,160.49001,8337074
2013-01-10,1357828200,161.61,162.56,161.61,161.98,11432563
2013-01-11,1357914600,161.86,161.89999,160.1084,161.06,13676629
2013-01-14,1358173800,161.88,161.97,161.13,161.53999,7289789
2013-01-15,1358260200,162.8,163.17,162.355,162.558,10085277
2013-01-16,1358346600,162.42,163.03,162.14999,162.64999,9219230
2013-01-17,1358433000,161.94,164.39999,161.83,163.35001,14913402
2013-01-18,1358519400,163.95,163.97,163.019,163.09,10038832
2013-01-22,1358865000,163.48,164.22,163.37,163.67,8590883
2013-01-23,1358951400,163.92,163.95,163,163.21001,6698625
2013-01-24,1359037800,161.98,162.27,161.17999,161.42,13191992
2013-01-25,1359124200,160.56,161.03999,160.31,160.64999,9037563
2013-01-28,1359383400,160.24001,160.73,160.02,160.28999,8497270
2013-01-29,1359469800,161.00999,161.31,160.69,160.99001,7366469
2013-01-30,1359556200,162.67999,163.03999,162.03011,162.19,12015934
2013-01-31,1359642600,161.62,161.81,160.47,161.2,9336016
2013-02-01,1359729000,162.66,162.77,160.87,161.45,12904578
2013-02-04,1359988200,161.19,162.42,161.14999,162,7360340
2013-02-05,1360074600,162.75,162.795,161.33,161.96001,8979387
2013-02-06,1360161000,162.13,162.63,161.99001,162.39,6147988
2013-02-07,1360247400,161.24001,162.96001,161.13,161.84,12828578
2013-02-08,1360333800,161.46001,162.02,161.2,161.57001,6086535
2013-02-11,1360593000,159.78,159.98,159.24989,159.7,12147328
2013-02-12,1360679400,159.35001,160.05,158.88,159.89,7632727
2013-02-13,1360765800,159.60001,159.64,158.77,159.05,8962734
2013-02-14,1360852200,159.31,159.6499,158.03999,158.34801,12415059
2013-02-15,1360938600,156.42,156.58,154.56,155.75999,23374848
2013-02-19,1361284200,155.8,155.84,154.92999,155.33,11809395
2013-02-20,1361370600,153.89999,153.92999,150.841,151.44,30923936
2013-02-21,1361457000,152,153.41,151.899,152.62,17970032
2013-02-22,1361543400,152.25999,152.99001,151.92999,152.97,10093910
2013-02-25,1361802600,153.52,154.56,153.31,154.34,9488191
2013-02-26,1361889000,154.39,156.8,153.32001,156.22,18182736
2013-02-27,1361975400,155.46001,155.60001,154.08,154.57001,9604801
2013-02-28,1362061800,154.09,154.16,152.39,153,14866488
2013-03-01,1362148200,153.1599,153.61,152.14,152.44,11179551
2013-03-04,1362407400,152.45,152.74001,151.87,152.3,6643754
2013-03-05,1362493800,153.10001,153.39,152.11,152.38,10805641
2013-03-06,1362580200,152.17,153.38,151.64999,153.23,10862680
2013-03-07,1362666600,153.02,153.21001,152.39999,152.69,6593848
2013-03-08,1362753000,151.61,153.28999,151.403,152.71001,11860090
2013-03-11,1363008600,152.82001,153.06,152.64999,152.99001,4810699
2013-03-12,1363095000,154.07001,154.69,153.89999,154.19,7265977
2013-03-13,1363181400,154.25999,154.604,153.423,153.66,7436945
2013-03-14,1363267800,153.02,154.17,153.00999,153.67999,11420238
2013-03-15,1363354200,154.12,154.72,153.97,154.00101,5701574
2013-03-18,1363613400,155.7,155.92999,155,155.38,9303074
2013-03-19,1363699800,155.22,156.34,155.10001,156.08,11027602
2013-03-20,1363786200,155.53,155.83,154.88,155.37,8221934
2013-03-21,1363872600,156.17,156.42999,155.879,156.246,4992609
2013-03-22,1363959000,155.451,155.99001,155.42,155.55,4746375
2013-03-25,1364218200,154.71001,155.57001,154.36,155.24001,6820543
2013-03-26,1364304600,154.47,154.91,154.28,154.72,7389043
2013-03-27,1364391000,154.67,155.62,154.509,155.36,6718520
2013-03-28,1364477400,154.5,154.8,154.22,154.47,6851500
2013-04-01,1364823000,154.57001,154.92999,154.3,154.67,4289035
2013-04-02,1364909400,153.09,153.31,152.25999,152.42999,9398855
2013-04-03,1364995800,152.02,152.53,149.92,150.73,15740715
2013-04-04,1365082200,149.64999,150.60001,149.44,150.28999,12429898
2013-04-05,1365168600,151.53999,152.9599,151.07001,152.81,14491938
2013-04-08,1365427800,152.39,152.59,151.60001,152.16,6246883
2013-04-09,1365514200,152.32001,153.85001,152.28,153.34,7047105
2013-04-10,1365600600,152.67,152.71001,150.5799,150.75,18515664
2013-04-11,1365687000,150.75999,151.71001,150.629,151.05,8063117
2013-04-12,1365773400,148.64999,148.8499,143.42599,143.95,55601760
2013-04-15,1366032600,136,136.75,130.50999,131.31,93804128
2013-04-16,1366119000,134.89999,135.11,131.75999,132.8,45650752
2013-04-17,1366205400,133.81,134.95,132.32001,132.87,25444016
2013-04-18,1366291800,134.12,135.31,133.62,134.3,20044064
2013-04-19,1366378200,136,136.02,134.60001,135.47,15666375
2013-04-22,1366637400,138.14999,138.269,137.22,137.89999,16572848
2013-04-23,1366723800,137.22,137.24001,135.85001,136.88,14650664
2013-04-24,1366810200,138.09,138.55,137.45,138.3699,10372520
2013-04-25,1366896600,140,142.08,139.785,141.63,18895392
2013-04-26,1366983000,142.3,143.42999,140.03999,140.91,19313584
2013-04-29,1367242200,142.1353,142.66,141.485,142.3,11006188
2013-04-30,1367328600,142.27,142.83,141.55,142.77,11287219
2013-05-01,1367415000,140.59,141.55,139.30009,141.11,13939145
2013-05-02,1367501400,142,142.47,141.642,141.92,11504270
2013-05-03,1367587800,141.7,142.71001,141.39999,142.09,11671918
2013-05-06,1367847000,142.33,142.465,141.63,142.14999,7734078
2013-05-07,1367933400,140.38,140.64,139.37,140.38,13630086
2013-05-08,1368019800,141.78,142.81,141.49001,142.46001,11163082
2013-05-09,1368106200,141.33,142.36,140.50999,140.81,8265281
2013-05-10,1368192600,138.22,139.75,137.25999,139.60001,14657797
2013-05-13,1368451800,138.46001,138.966,138.16,138.42999,6719359
2013-05-14,1368538200,137.95,139.16,137.64,137.81,9897148
2013-05-15,1368624600,136.59,136.98,134.23,134.63,19068464
2013-05-16,1368711000,133.17999,134.48,133,134.09,12761977
2013-05-17,1368797400,133.17,133.48,131.02,131.07001,20349776
2013-05-20,1369056600,130.88,135.32001,130.85001,135.12,21593904
2013-05-21,1369143000,132.17,133.64999,131.452,132.88,14542461
2013-05-22,1369229400,134.17999,136.77,130.95,131.94,25982352
2013-05-23,1369315800,134.50999,134.84,133.12,134.61,10272773
2013-05-24,1369402200,134.11,134.50999,133.64,133.75999,5522984
2013-05-28,1369747800,133.67999,135.57001,132.8,133.49001,12466648
2013-05-29,1369834200,134.09,134.91,133.64,134.83,8765195
2013-05-30,1369920600,136.67,137.11,136.25999,136.7,8612082
2013-05-31,1370007000,135.71001,136.05,133.89,133.92,9726566
2013-06-03,1370266200,134.77,136.98,134.42999,136.50999,9176633
2013-06-04,1370352600,135.21001,135.4399,134.27,135.23,5506215
2013-06-05,1370439000,135.47,136.37,135.00999,135.52,7444992
2013-06-06,1370525400,135.39,137.62,134.98,136.53,9848313
2013-06-07,1370611800,134.11,134.62,133.17999,133.28,11057789
2013-06-10,1370871000,133.3,134.28,132.99001,133.94,6142738
2013-06-11,1370957400,132.31,133.50999,132.245,133.25,7201203
2013-06-12,1371043800,132.95,134.83,132.83,134.25,6552184
2013-06-13,1371130200,133.31,134.2,132.82001,133.74001,7164766
2013-06-14,1371216600,134,134.60001,133.88,134.42999,4279367
2013-06-17,1371475800,133.89,134.05991,133.5201,133.77,4077112
2013-06-18,1371562200,132.72,132.9601,131.5303,132.13,7381824
2013-06-19,1371648600,132.58,133.14999,130.38,130.59,13017730
2013-06-20,1371735000,125.2178,126.38,123.33,123.60001,28872048
2013-06-21,1371821400,125.16,125.57001,124.46001,125.05,16602086
2013-06-24,1372080600,124.31,124.7,123.31,123.92999,12751715
2013-06-25,1372167000,123.64999,123.89999,122.88,123.47,9373477
2013-06-26,1372253400,119.88,119.89999,118.06,118.28,24748768
2013-06-27,1372339800,119.10001,119.50999,115.64999,115.94,30001808
2013-06-28,1372426200,115.22,119.33,114.67999,119.11,32986544
2013-07-01,1372685400,119.94,121.95,119.38,121.13,15952484
2013-07-02,1372771800,121.34,121.47,119.78,120.05,10553430
2013-07-03,1372858200,120.7,121.77,120.53999,120.74001,6750238
2013-07-05,1373031000,118.08,118.17999,116.74001,118.09,11593512
2013-07-08,1373290200,119.09,119.66,118.92999,119.50999,8654730
2013-07-09,1373376600,120.84,121.50999,120.05,120.62,8203008
2013-07-10,1373463000,121.14999,122.35001,120.59,120.95,14697063
2013-07-11,1373549400,124.25999,124.36501,123.47,124.24001,11282191
2013-07-12,1373635800,123.52,124.3,123.32001,124.13,6584027
2013-07-15,1373895000,124.08,124.39,123.84,124.17999,4134879
2013-07-16,1373981400,124.75999,125.21001,124.33,124.89,5579680
2013-07-17,1374067800,125.03999,125.7,122.73,123.32001,10887039
2013-07-18,1374154200,124.11,124.52,123.78,124.00999,6152047
2013-07-19,1374240600,124.89,125.42,124.64999,125.11,5768262
2013-07-22,1374499800,127.64999,129.46001,127.59,128.84,10858301
2013-07-23,1374586200,128.7,130.13989,128.35001,129.71001,8826016
2013-07-24,1374672600,129.17,129.3999,126.873,127.48,9979035
2013-07-25,1374759000,127.7,128.87,127.64,128.67,4725105
2013-07-26,1374845400,128.11,128.97,126.78,128.78,6149387
2013-07-29,1375104600,128.45,128.78,128.25,128.47,3558052
2013-07-30,1375191000,127.95,128.31,127.22,128.12,4489262
2013-07-31,1375277400,127.75999,128.92,126.13,127.96001,16016250
2013-08-01,1375363800,127.84,127.89,126.33,126.61,10564258
2013-08-02,1375450200,126.74001,127.25,126.32001,126.36,6466230
2013-08-05,1375709400,126.50999,126.64,125.34,125.7,4007090
2013-08-06,1375795800,124.33,124.55,123.55,123.97,6021418
2013-08-07,1375882200,124,124.60001,123.85001,124.14999,5306328
2013-08-08,1375968600,124.78,126.99001,124.77,126.86,8661285
2013-08-09,1376055000,126.50999,127.27,126.3,126.86,6194027
2013-08-12,1376314200,129.57001,129.71001,128.88,129.13,7422563
2013-08-13,1376400600,128.49001,128.6499,127.38,127.74001,7339539
2013-08-14,1376487000,127.66,129.07001,127.57001,129,8713160
2013-08-15,1376573400,128.06,132.36,127.98,131.69,17226256
2013-08-16,1376659800,132.56,133.27,131.39,132.58,14447035
2013-08-19,1376919000,132.33,132.5,131.59,132.00999,8120305
2013-08-20,1377005400,132.0345,133.13,132.02,132.45,7809098
2013-08-21,1377091800,131.74001,133.23,131.50999,132.07001,10726613
2013-08-22,1377178200,132.56,133.46001,132.27,132.81,5742699
2013-08-23,1377264600,132.58,135.24001,132.5,134.89999,11623316
2013-08-26,1377523800,134.88,135.60001,134.14999,135.45,7692078
2013-08-27,1377610200,136.94,137.55,136.52,136.75,11283234
2013-08-28,1377696600,137.21001,137.46001,136.66,136.71001,13652145
2013-08-29,1377783000,136.12,136.55,135.42,135.87,7943156
2013-08-30,1377869400,134.64999,135.71001,134.44,134.62,7689484
2013-09-03,1378215000,135.46001,136.789,135.02499,136.42,8101531
2013-09-04,1378301400,134.61,134.84,133.72,134.66,7789180
2013-09-05,1378387800,134.13,134.35001,131.8,132.2,11126270
2013-09-06,1378474200,133.42,134.39999,133.33,134.14999,8449141
2013-09-09,1378733400,134.13,134.32001,133.67,133.91,5090473
2013-09-10,1378819800,131.82001,132,131.11,131.74001,8433008
2013-09-11,1378906200,131.58,131.81,131.25999,131.7,5049934
2013-09-12,1378992600,128.62,128.78,127.61,127.67,12943984
2013-09-13,1379079000,127.16,127.96001,126.21001,127.82001,12060316
2013-09-16,1379338200,127.48,128.02,126.33501,126.45,9987684
2013-09-17,1379424600,126.81,126.99001,126.11,126.5,8135453
2013-09-18,1379511000,125.32001,132.16,125.14999,132.00999,24825328
2013-09-19,1379597400,132,132.78,131.22,131.75,14353863
2013-09-20,1379683800,130.60001,130.91,127.89999,127.96001,19558096
2013-09-23,1379943000,127.52,128.44,127.33,127.55,7425633
2013-09-24,1380029400,126.39999,128.21001,126.34,127.66,7350109
2013-09-25,1380115800,127.57001,129.21001,127.52,128.78999,7519078
2013-09-26,1380202200,128.6097,128.99001,127.32001,127.78999,9492820
2013-09-27,1380288600,128.86,129.58,128.84,128.97,7454160
2013-09-30,1380547800,127.95,129.14,127.7,128.17999,8982402
2013-10-01,1380634200,125.25,125.25999,123.81,124.59,16721145
2013-10-02,1380720600,125.37,127.81,125.34,127.06,11997199
2013-10-03,1380807000,126.77,127.69,126.22,127.17999,11632914
2013-10-04,1380893400,127.05,127.14999,126,126.53,6924926
2013-10-07,1381152600,127.25,128.33,127.12,127.64,6737848
2013-10-08,1381239000,127.78999,128.45,127.21001,127.39999,6999742
2013-10-09,1381325400,126.21001,126.89,124.97,126.11,10707750
2013-10-10,1381411800,125.34,125.83,124.10001,124.27,10523559
2013-10-11,1381498200,122.37,122.81,121.85001,122.60001,15972629
2013-10-14,1381757400,123.89999,124.24001,122.81,122.83,6118215
2013-10-15,1381843800,122.28,124.36,122.22,123.73,8384160
2013-10-16,1381930200,123.52,123.89,122.50999,123.53999,8525277
2013-10-17,1382016600,127.00999,127.86,126.81,127.42,11785090
2013-10-18,1382103000,126.87,127.33,126.60001,126.85001,5350480
2013-10-21,1382362200,127.13,127.3356,126.78999,126.98,3395173
2013-10-22,1382448600,128.25,129.81,128.22,129.34,8852594
2013-10-23,1382535000,128.55,129.09,128.35001,128.69,5099156
2013-10-24,1382621400,129.41,130.53,129.41,129.89999,10225797
2013-10-25,1382707800,129.53,130.92,129.46001,130.46001,8771039
2013-10-28,1382967000,130.41,131.44,130.1,130.56,6817414
2013-10-29,1383053400,130.1642,130.59,129.57,129.77,5334537
2013-10-30,1383139800,130.83,131.22,128.81,129.6,8895989
2013-10-31,1383226200,128.04,128.49,127.3,127.74,7753276
2013-11-01,1383312600,126.86,127.17,126.05,126.95,9571847
2013-11-04,1383575400,127.18,127.52,126.74,126.81,3819272
2013-11-05,1383661800,126.71,126.86,126,126.56,4942373
2013-11-06,1383748200,127.11,127.36,126.92,127.2,3544927
2013-11-07,1383834600,126.14,126.85,125.86,126.16,7700172
2013-11-08,1383921000,124.46,124.46,123.62,124.279,8427259
2013-11-11,1384180200,123.92,123.97,123.66,123.87,3277698
2013-11-12,1384266600,123.51,123.87,121.7256,122.45,7705623
2013-11-13,1384353000,122.97,123.24,122.39,122.85,5966976
2013-11-14,1384439400,123.92,124.91,123.88,124.27,7669667
2013-11-15,1384525800,124.16,124.52,124.07,124.32,4664240
2013-11-18,1384785000,123.7,123.96,122.55,122.9,6241279
2013-11-19,1384871400,122.97,123.4,122.83,122.95,3666451
2013-11-20,1384957800,121.67,122.44,119.76,120.12,14281010
2013-11-21,1385044200,119.81,120.35,119.31,119.94,7562937
2013-11-22,1385130600,120.24,120.4,119.82,119.92,6776461
2013-11-25,1385389800,119.18,121,119.13,120.46,7271846
2013-11-26,1385476200,119.84,120.4,119.59,119.82,9053320
2013-11-27,1385562600,120.49,120.69,119.25,119.46,6144568
2013-11-29,1385735400,120.67,121.05,120.62,120.7,2364671
2013-12-02,1385994600,119.2,119.29,117.5,117.58,10297128
2013-12-03,1386081000,117.58,118.31,117.23,117.96,7004847
2013-12-04,1386167400,118.33,120.76,118.16,119.96,9110691
2013-12-05,1386253800,118.2,119.24,117.41,118.3,10254676
2013-12-06,1386340200,118.86,119.26,118.01,118.55,7910040
2013-12-09,1386599400,118.99,119.92,118.9496,119.72,5510392
2013-12-10,1386685800,122.14,122.32,121.47,121.82,9164469
2013-12-11,1386772200,121.49,121.81,120.76,120.86,9934908
2013-12-12,1386858600,118.61,118.82,118.03,118.29,8810811
2013-12-13,1386945000,118.89,119.49,118.761,119.38,6484891
2013-12-16,1387204200,119.26,120.77,118.97,119.69,8193324
2013-12-17,1387290600,118.96,119.9001,118.37,118.65,8589144
2013-12-18,1387377000,119,120.05,117.29,117.61,16265046
2013-12-19,1387463400,115.97,116.06,114.5,114.82,15984757
2013-12-20,1387549800,115.37,116.469,115.06,115.94,14697716
2013-12-23,1387809000,115.61,116.12,115.43,115.57,6244146
2013-12-24,1387895400,115.79,116.29,115.71,116.1,3353940
2013-12-26,1388068200,117.23,117.23,116.65,116.74,3868528
2013-12-27,1388154600,117.31,117.38,116.85,117.12,4207991
2013-12-30,1388413800,116.37,116.4,115.18,115.39,6713023
2013-12-31,1388500200,114.61,117.13,114.46,116.12,12838233
2014-01-02,1388673000,117.93,118.73,117.75,118,7570508
2014-01-03,1388759400,118.64,119.62,118.59,119.29,5879119
2014-01-06,1389018600,119.76,120.39,117.11,119.5,10107731
2014-01-07,1389105000,118.46,118.92,118.1301,118.82,6435823
2014-01-08,1389191400,117.99,118.52,117.5,118.12,7432317
2014-01-09,1389277800,118.11,118.69,117.99,118.46,3972991
2014-01-10,1389364200,119.72,120.43,119.58,120.26,7994809
2014-01-13,1389623400,120.27,121.04,120.2,121.02,5877632
2014-01-14,1389709800,120.54,121.06,119.72,119.89,7506301
2014-01-15,1389796200,119.19,119.8099,119.1126,119.66,5476409
2014-01-16,1389882600,119.84,119.96,119.57,119.79,3950105
2014-01-17,1389969000,120.35,121.02,120.2,120.93,7926430
2014-01-21,1390314600,119.23,119.97,119.23,119.7,6765085
2014-01-22,1390401000,119.65,119.768,119.17,119.19,4898314
2014-01-23,1390487400,120.97,122.02,120.97,121.79,11038741
2014-01-24,1390573800,122.06,122.5,121.55,122.29,8540453
2014-01-27,1390833000,121.65,122.06,120.72,120.96,7533917
2014-01-28,1390919400,121.32,121.4,120.41,120.95,5156327
2014-01-29,1391005800,122.19,122.51,121.13,122.47,12262531
2014-01-30,1391092200,119.67,120.22,119.6001,119.77,8752038
2014-01-31,1391178600,120.65,120.86,119.46,120.09,7984890
2014-02-03,1391437800,120.47,122.11,120.32,121.32,9270176
2014-02-04,1391524200,120.41,121.09,120.3888,120.99,7029192
2014-02-05,1391610600,121.76,121.88,120.73,121.29,6801879
2014-02-06,1391697000,121.38,121.51,120.78,121.24,4748431
2014-02-07,1391783400,121.24,122.24,121.23,122.17,6683018
2014-02-10,1392042600,122.8,123.16,122.72,122.92,7937659
2014-02-11,1392129000,123.38,124.75,123.36,124.36,11558005
2014-02-12,1392215400,124.4,124.98,124.13,124.43,6654131
2014-02-13,1392301800,124.7,125.6,124.66,125.49,9263314
2014-02-14,1392388200,126.99,127.38,126.75,127.15,11180946
2014-02-18,1392733800,127.42,127.75,127.09,127.4,7690800
2014-02-19,1392820200,127.26,127.45,126.16,126.27,9390584
2014-02-20,1392906600,126.75,127.75,126.4,127.6,10578232
2014-02-21,1392993000,127.57,128.07,127.15,127.58,7306796
2014-02-24,1393252200,128.51,129.07,128.34,128.99,12116210
2014-02-25,1393338600,128.62,129.53,128.57,129.21,5787114
2014-02-26,1393425000,128.49,128.76,127.42,128.11,7057157
2014-02-27,1393511400,128.4,128.8,127.89,128.2,5067646
2014-02-28,1393597800,128.27,128.35,127.15,127.62,10588738
2014-03-03,1393857000,130,130.5856,129.81,130.29,11785006
2014-03-04,1393943400,128.54,129.24,128.3236,128.68,6350420
2014-03-05,1394029800,128.71,129.34,128.58,128.89,4880728
2014-03-06,1394116200,129.71,130.47,129.47,130.17,5417902
2014-03-07,1394202600,128.25,129.23,128.21,129.09,7577498
2014-03-10,1394458200,128.88,129.61,128.7804,129.13,4170499
2014-03-11,1394544600,130.01,130.15,128.9301,129.86,7295113
2014-03-12,1394631000,131.56,132.12,131.39,131.76,11107630
2014-03-13,1394717400,131.69,132.54,131.56,132.21,8007721
2014-03-14,1394803800,133.68,133.69,132.35,133.1,11949426
2014-03-17,1395063000,132.73,133.22,131.22,131.64,14630110
2014-03-18,1395149400,130.39,131.27,130.33,130.62,6424385
2014-03-19,1395235800,129.55,129.68,127.94,128.09,12932862
2014-03-20,1395322200,127.78,128.41,127.58,127.86,7690848
2014-03-21,1395408600,129.04,129.09,128.41,128.47,7246489
2014-03-24,1395667800,126.87,127.14,126.03,126.18,13076493
2014-03-25,1395754200,126.44,126.82,126.24,126.41,6567962
2014-03-26,1395840600,126.27,126.38,125.13,125.41,8581634
2014-03-27,1395927000,125.06,125.29,124.21,124.59,7315310
2014-03-28,1396013400,124.23,124.96,123.88,124.56,7253673
2014-03-31,1396272600,124.52,124.79,123.57,123.61,12379151
2014-04-01,1396359000,123.71,123.85,123.1099,123.39,5998286
2014-04-02,1396445400,124.41,124.75,124.19,124.32,4907847
2014-04-03,1396531800,123.75,124.26,123.59,123.92,3659603
2014-04-04,1396618200,125.2,125.96,124.86,125.57,7278979
2014-04-07,1396877400,125.07,125.4725,124.84,124.91,3969823
2014-04-08,1396963800,126.34,126.34,125.9,126.09,6946163
2014-04-09,1397050200,125.46,126.72,125.33,126.32,5307863
2014-04-10,1397136600,126.95,127.37,126.82,127.01,5008847
2014-04-11,1397223000,127.04,127.31,126.73,126.93,4699538
2014-04-14,1397482200,127.8,128.25,127.62,127.85,6680185
2014-04-15,1397568600,124.79,125.7,124.6,125.49,9970175
2014-04-16,1397655000,125.37,125.57,125.03,125.54,4072028
2014-04-17,1397741400,125.38,125.53,124.57,124.75,5902491
2014-04-21,1398087000,124.07,124.33,123.76,124.24,6579161
2014-04-22,1398173400,124.15,124.16,122.92,123.78,6899367
2014-04-23,1398259800,123.7,123.942,123.38,123.76,3741184
2014-04-24,1398346200,122.87,125.12,122.8404,124.56,8755120
2014-04-25,1398432600,125.18,125.71,125.07,125.43,7025124
2014-04-28,1398691800,125.3,125.34,124.45,124.88,4898101
2014-04-29,1398778200,124.95,125.38,124.65,124.86,5241798
2014-04-30,1398864600,124.19,125.05,123.82,124.22,10354278
2014-05-01,1398951000,123.17,123.83,123.06,123.8,6687796
2014-05-02,1399037400,123.69,125.67,123.33,125.06,9914822
2014-05-05,1399296600,126.47,126.63,126,126.22,5202763
2014-05-06,1399383000,126.02,126.11,125.63,125.98,3488007
2014-05-07,1399469400,125.52,125.57,123.92,124.17,8471166
2014-05-08,1399555800,124.19,124.47,123.891,124.17,3696147
2014-05-09,1399642200,124.39,124.47,123.82,124.1,3119978
2014-05-12,1399901400,125.4,125.42,124.69,124.94,4025958
2014-05-13,1399987800,124.79,125.1,124.5,124.6,2643478
2014-05-14,1400074200,125.8,125.96,125.44,125.81,4018583
2014-05-15,1400160600,124.77,125.51,124.54,124.77,5862519
2014-05-16,1400247000,124.35,124.77,124.29,124.5,4052154
2014-05-19,1400506200,125.28,125.47,124.48,124.58,3903200
2014-05-20,1400592600,124.12,124.91,124.09,124.69,3771117
2014-05-21,1400679000,124.25,124.55,123.53,124.39,6848002
2014-05-22,1400765400,125.14,125.24,124.535,124.67,3458801
2014-05-23,1400851800,124.6,124.661,124.19,124.51,2206288
2014-05-27,1401197400,122.98,123.07,121.75,121.85,10905402
2014-05-28,1401283800,121.47,121.7,120.92,121.2,6741191
2014-05-29,1401370200,120.78,121.46,120.77,120.94,5555563
2014-05-30,1401456600,120.76,120.81,119.62,120.43,8753575
2014-06-02,1401715800,119.93,120.4599,119.61,119.7,5923679
2014-06-03,1401802200,119.73,120.09,119.42,120.01,5010345
2014-06-04,1401888600,120.1,120.16,119.68,119.76,3861805
2014-06-05,1401975000,120.55,120.88,120.43,120.66,4183681
2014-06-06,1402061400,120.68,120.77,119.94,120.61,4808750
2014-06-09,1402320600,120.79,120.85,120.57,120.65,2789577
2014-06-10,1402407000,121.29,121.47,121.21,121.39,3561677
2014-06-11,1402493400,121.51,121.61,121.18,121.41,3573593
2014-06-12,1402579800,121.92,122.75,121.83,122.64,7394697
2014-06-13,1402666200,122.57,123.036,122.51,122.96,4026822
2014-06-16,1402925400,122.88,123.01,122.302,122.42,5833646
2014-06-17,1403011800,121.85,122.5,121.82,122.28,4035098
2014-06-18,1403098200,122.22,122.8,122.09,122.67,4604909
2014-06-19,1403184600,124.33,127.23,124.32,126.94,24374779
2014-06-20,1403271000,126.32,127.07,126.21,126.5,9955149
2014-06-23,1403530200,126.65,126.935,126.37,126.85,5142796
2014-06-24,1403616600,127.22,127.32,126.73,126.98,6355294
2014-06-25,1403703000,126.78,127.55,126.66,126.99,6695428
2014-06-26,1403789400,126.53,126.92,126.2,126.73,5531190
2014-06-27,1403875800,126.88,127.17,126.65,126.66,4200393
2014-06-30,1404135000,126.53,128.04,126.37,128.04,18143018
2014-07-01,1404221400,127.99,128.12,127.49,127.7,8148345
2014-07-02,1404307800,127.76,128.24,127.64,127.7,5742612
2014-07-03,1404394200,126.79,127.29,126.61,127.16,4922466
2014-07-07,1404739800,126.63,127.03,126.23,127.02,4636886
2014-07-08,1404826200,127.29,127.53,126.43,127.07,6220335
2014-07-09,1404912600,127.54,128.26,127.18,127.84,8369851
2014-07-10,1404999000,129.11,129.21,128.49,128.54,6314294
2014-07-11,1405085400,128.41,128.83,128.38,128.78,4322535
2014-07-14,1405344600,125.5,126.1,125.45,125.72,11469917
2014-07-15,1405431000,125.89,126.32,124.36,124.53,10548113
2014-07-16,1405517400,125.02,125.47,124.78,124.97,4104117
2014-07-17,1405603800,125.52,127.55,125.11,127.0899,11430637
2014-07-18,1405690200,125.79,126.21,125.6701,126.13,6461677
2014-07-21,1405949400,126.53,126.55,126.11,126.34,3303835
2014-07-22,1406035800,126.33,126.4299,125.47,125.74,3887606
2014-07-23,1406122200,125.72,126.04,125.4,125.62,3045018
2014-07-24,1406208600,124.85,124.87,123.9,124.35,8118607
2014-07-25,1406295000,124.48,125.93,124.43,125.791,5644498
2014-07-28,1406554200,125.44,125.67,125.3,125.58,3213705
2014-07-29,1406640600,125.79,125.88,124.72,125.2,5270794
2014-07-30,1406727000,124.89,124.93,124.41,124.83,5622346
2014-07-31,1406813400,123.85,124.07,123.23,123.39,9898582
2014-08-01,1406899800,124.54,124.81,124.23,124.38,7397317
2014-08-04,1407159000,124.36,124.47,123.73,123.99,6500560
2014-08-05,1407245400,123.74,124.52,123.4,123.87,8342542
2014-08-06,1407331800,125.71,126,125.52,125.67,9327849
2014-08-07,1407418200,125.47,126.51,125.37,126.18,7298926
2014-08-08,1407504600,126.08,126.41,125.89,126.19,5729316
2014-08-11,1407763800,125.84,126.04,125.64,125.96,3165498
2014-08-12,1407850200,126.42,126.81,125.87,125.99,4613407
2014-08-13,1407936600,126.35,126.53,125.9,126.2,3969676
2014-08-14,1408023000,126.24,126.53,126.13,126.31,3348451
2014-08-15,1408109400,124.52,126.07,124.41,125.483,13071958
2014-08-18,1408368600,124.78,125.08,124.65,124.96,4953347
2014-08-19,1408455000,125,125,124.48,124.68,4878772
2014-08-20,1408541400,124.82,124.82,123.88,124.22,4395911
2014-08-21,1408627800,122.72,123.24,122.45,122.88,8010459
2014-08-22,1408714200,123.09,123.33,122.57,123.19,4739968
2014-08-25,1408973400,122.92,123.04,122.72,122.74,5019903
2014-08-26,1409059800,123.92,123.97,123.28,123.35,3891112
2014-08-27,1409146200,123.6,123.71,123.25,123.3199,2576944
2014-08-28,1409232600,124.15,124.33,123.81,124,3297757
2014-08-29,1409319000,123.75,124.22,123.62,123.86,3684122
2014-09-02,1409664600,121.97,122.08,121.43,121.65,10128581
2014-09-03,1409751000,121.7,122.2,121.66,122.15,3415925
2014-09-04,1409837400,122.48,122.66,121.25,121.48,7310640
2014-09-05,1409923800,121.83,122.06,121.63,122.06,3490704
2014-09-08,1410183000,121.58,121.61,120.37,120.73,7508620
2014-09-09,1410269400,120.57,120.94,120,120.87,6157321
2014-09-10,1410355800,120.13,120.54,119.64,120.26,7022579
2014-09-11,1410442200,119.61,119.7,118.77,119.472,7618266
2014-09-12,1410528600,118.63,118.9,118.07,118.38,8129457
2014-09-15,1410787800,118.79,118.86,118.46,118.64,4778579
2014-09-16,1410874200,118.85,119.43,118.44,118.83,6544481
2014-09-17,1410960600,118.95,119.24,117.5,117.54,8328712
2014-09-18,1411047000,117.41,118.09,117.19,117.78,5368874
2014-09-19,1411133400,117.51,117.57,116.72,117.09,10931243
2014-09-22,1411392600,116.72,117.37,116.58,116.85,7602075
2014-09-23,1411479000,117.99,117.99,117.31,117.6,4667327
2014-09-24,1411565400,117.12,117.719,116.9,117.05,5518416
2014-09-25,1411651800,116.3,117.76,116.2,117.39,7640357
2014-09-26,1411738200,117.02,117.1,116.58,117.06,4185425
2014-09-29,1411997400,117.27,117.4,116.8999,117.03,4051047
2014-09-30,1412083800,116.54,117.35,115.85,116.21,10174560
2014-10-01,1412170200,116.61,117.26,116.59,116.77,7024201
2014-10-02,1412256600,116.86,117.21,116.33,116.74,6352009
2014-10-03,1412343000,115.17,115.51,114.42,114.61,11304593
2014-10-06,1412602200,115.16,116.31,114.94,116.03,7647060
2014-10-07,1412688600,116.31,116.63,116.09,116.36,5278476
2014-10-08,1412775000,117.03,117.71,115.85,117.4701,10675551
2014-10-09,1412861400,117.86,118.26,117.49,117.64,6612637
2014-10-10,1412947800,117.7,117.74,117.19,117.59,4653307
2014-10-13,1413207000,118.14,118.665,117.93,118.52,5397633
2014-10-14,1413293400,118.58,118.82,118.351,118.59,5180665
2014-10-15,1413379800,119.23,120.18,118.59,118.99,9460425
2014-10-16,1413466200,119.02,119.65,118.8799,119.22,6550140
2014-10-17,1413552600,119.06,119.23,118.42,118.99,8060834
2014-10-20,1413811800,119.68,119.86,119.54,119.8,3034916
2014-10-21,1413898200,120.27,120.5,119.905,120.02,4568269
2014-10-22,1413984600,119.69,119.79,119.25,119.34,3741487
2014-10-23,1414071000,118.71,118.82,117.88,118.52,6423205
2014-10-24,1414157400,118.62,118.63,118.12,118.35,3611311
2014-10-27,1414416600,118.18,118.37,118.01,118.06,2445376
2014-10-28,1414503000,118.48,118.48,118.01,118.1,3262626
2014-10-29,1414589400,117.65,117.91,116.14,116.41,7900772
2014-10-30,1414675800,115.8,115.83,114.94,115.19,7852239
2014-10-31,1414762200,111.83,112.88,111.655,112.66,18209615
2014-11-03,1415025000,112.39,112.68,112,112.15,6605175
2014-11-04,1415111400,112.12,112.71,112.08,112.22,6430111
2014-11-05,1415197800,109.92,110.84,109.67,109.79,13560114
2014-11-06,1415284200,109.92,110.49,109.75,109.88,7019854
2014-11-07,1415370600,110.78,113.15,110.73,112.97,10916540
2014-11-10,1415629800,112.24,112.24,110.28,110.46,8548523
2014-11-11,1415716200,111.08,112.76,110.87,112.04,8603165
2014-11-12,1415802600,112.05,112.17,111.23,111.5,5133300
2014-11-13,1415889000,111.89,112.26,111.22,111.67,4874598
2014-11-14,1415975400,110.76,114.72,110.6501,114.47,14173586
2014-11-17,1416234600,113.97,114.27,113.56,114.05,5440990
2014-11-18,1416321000,114.86,115.17,114.55,115.05,5586694
2014-11-19,1416407400,114.93,115.35,112.88,113.68,11997742
2014-11-20,1416493800,114.57,115.0156,114.09,114.86,5607779
2014-11-21,1416580200,115.58,115.96,114.47,115.39,6564258
2014-11-24,1416839400,115.15,115.3699,114.79,115.11,4695022
2014-11-25,1416925800,115.1,115.47,114.9,115.38,9051813
2014-11-26,1417012200,115.25,115.34,114.98,115.16,3184017
2014-11-28,1417185000,113.53,113.83,111.95,112.11,9616332
2014-12-01,1417444200,113.8,117.36,113.74,116.58,15643964
2014-12-02,1417530600,115.13,115.7095,114.72,115.14,6378105
2014-12-03,1417617000,115.68,116.76,115.56,116.33,5758821
2014-12-04,1417703400,116.01,116.3399,115.61,115.88,3623615
2014-12-05,1417789800,115.16,115.18,114.24,114.43,6330980
2014-12-08,1418049000,114.97,116.16,114.46,115.78,5224491
2014-12-09,1418135400,117.04,118.99,116.98,118.19,10467158
2014-12-10,1418221800,118.15,118.47,117.81,117.96,4277427
2014-12-11,1418308200,116.98,118.38,116.82,117.69,5214467
2014-12-12,1418394600,117.39,117.8,116.68,117.41,4736535
2014-12-15,1418653800,116.22,116.9698,114.36,114.39,8795987
2014-12-16,1418740200,116.28,116.5,114.07,114.95,9173964
2014-12-17,1418826600,115.1,115.48,113.58,114.27,9097329
2014-12-18,1418913000,115.59,115.81,114.58,115.15,5258103
2014-12-19,1418999400,115.06,115.22,114.77,114.77,4652333
2014-12-22,1419258600,114.81,114.97,112.41,112.55,7483195
2014-12-23,1419345000,112.88,113.32,112.61,112.74,7763327
2014-12-24,1419431400,112.83,112.92,112.66,112.77,1501552
2014-12-26,1419604200,114.82,114.98,114.53,114.83,3765581
2014-12-29,1419863400,114.61,114.64,113.23,113.67,12963725
2014-12-30,1419949800,114.99,116.26,114.9,115.2,7987311
2014-12-31,1420036200,114.89,115,113.28,113.58,7624198
2015-01-02,1420209000,112.49,114.8,112.32,114.08,7109594
2015-01-05,1420468200,114.78,116,114.73,115.8,8177350
2015-01-06,1420554600,116.22,117.5,115.8,117.12,11238313
2015-01-07,1420641000,116.47,116.88,116.17,116.43,6434196
2015-01-08,1420727400,116.45,116.87,115.85,115.94,7033675
2015-01-09,1420813800,116.51,117.34,116.5,117.26,7962886
2015-01-12,1421073000,117.46,118.71,117.32,118.56,8318211
2015-01-13,1421159400,118.96,119.19,117.87,118.16,7693200
2015-01-14,1421245800,119.08,119.32,117.9,117.97,7727403
2015-01-15,1421332200,120.41,121.695,120.34,120.94,17692548
2015-01-16,1421418600,121.73,123.15,121.705,122.52,14428223
2015-01-20,1421764200,123.63,124.6,123.49,124.2,14968636
2015-01-21,1421850600,125.18,125.34,123.37,124.23,11082739
2015-01-22,1421937000,125.07,125.58,124.145,125.23,10518355
2015-01-23,1422023400,124.43,124.5,123.35,124.23,6270911
2015-01-26,1422282600,123.33,123.3447,122.52,122.99,6768646
2015-01-27,1422369000,123.56,124.64,123.51,124.4,9584838
2015-01-28,1422455400,123.52,123.89,122.94,123.42,8470574
2015-01-29,1422541800,121.99,122.29,120.26,120.76,11997964
2015-01-30,1422628200,121.3,123.55,120.915,123.45,14555862
2015-02-02,1422887400,121.84,123.155,121.82,122.42,8885189
2015-02-03,1422973800,121.74,121.76,120.5648,121.05,8255863
2015-02-04,1423060200,121.63,122.22,120.92,121.58,5386747
2015-02-05,1423146600,120.98,121.83,120.61,121.79,6879945
2015-02-06,1423233000,119.15,119.52,117.95,118.64,13206906
2015-02-09,1423492200,118.83,119.4,118.77,119.17,5237181
2015-02-10,1423578600,118.63,119.06,118.21,118.47,4086321
2015-02-11,1423665000,118.49,118.57,117,117.07,6784397
2015-02-12,1423751400,117.68,117.82,117.09,117.34,4344444
2015-02-13,1423837800,118.05,118.58,117.79,117.98,4108870
2015-02-17,1424183400,116.4,116.54,115.58,116.01,7225154
2015-02-18,1424269800,115.99,116.53,114.99,116.34,8336029
2015-02-19,1424356200,116.4,116.54,115.74,115.94,6528724
2015-02-20,1424442600,116.1,116.455,115.05,115.28,6681734
2015-02-23,1424701800,115.11,116.22,115.07,115.43,4812393
2015-02-24,1424788200,115,115.55,114.29,115.26,7612919
2015-02-25,1424874600,115.83,115.89,115.33,115.7,5032535
2015-02-26,1424961000,116.54,116.55,115.83,116.07,4025356
2015-02-27,1425047400,116.74,117.07,116.16,116.16,8255636
2015-03-02,1425306600,116.5,116.64,115.62,115.68,7993280
2015-03-03,1425393000,116.04,116.61,115.35,115.47,4738347
2015-03-04,1425479400,115.7,115.79,115.02,115.11,4762403
2015-03-05,1425565800,115.43,116.12,114.84,115,5872197
2015-03-06,1425652200,113.17,113.26,111.7,111.86,11190846
2015-03-09,1425907800,112.42,112.62,111.95,111.97,5534011
2015-03-10,1425994200,112.09,112.35,111.22,111.42,7019781
2015-03-11,1426080600,111.23,111.25,110.16,110.75,6550445
2015-03-12,1426167000,111.15,111.2,110.25,110.72,6631459
2015-03-13,1426253400,111.1,111.28,110.51,110.88,4557576
2015-03-16,1426512600,111.09,111.205,110.42,110.81,3265305
2015-03-17,1426599000,109.92,111.35,109.77,110.21,8923264
2015-03-18,1426685400,110.33,112.87,110.09,112.37,12448040
2015-03-19,1426771800,111.85,112.58,111.58,112.29,6537743
2015-03-20,1426858200,112.71,114,112.67,113.57,8033444
2015-03-23,1427117400,113.7,114.3701,113.4899,114.29,4240258
2015-03-24,1427203800,114.35,114.6499,113.82,114.57,2979338
2015-03-25,1427290200,115.11,115.14,114.65,114.73,3021437
2015-03-26,1427376600,115.73,115.84,115.34,115.48,5495161
2015-03-27,1427463000,115.14,115.36,114.45,115.06,4921741
2015-03-30,1427722200,113.9,114.01,113.54,113.75,4383858
2015-03-31,1427808600,113.84,114.28,113.4065,113.66,4383314
2015-04-01,1427895000,114.56,115.99,114.54,115.6,7324008
2015-04-02,1427981400,115.47,115.72,114.68,115.28,3884072
2015-04-06,1428327000,117.32,117.47,116.52,116.69,5914163
2015-04-07,1428413400,116.27,116.51,115.94,116.11,2468498
2015-04-08,1428499800,115.98,116.03,114.9,115.47,5568527
2015-04-09,1428586200,114.8,114.85,114.48,114.67,4707044
2015-04-10,1428672600,116,116.19,115.5,115.966,3932404
2015-04-13,1428931800,115.35,115.3899,114.8,115.14,3190149
2015-04-14,1429018200,114.69,115.07,114.39,114.44,3651459
2015-04-15,1429104600,114.8,115.6,114.47,115.43,3655950
2015-04-16,1429191000,115.55,115.66,114.64,115.03,3132336
2015-04-17,1429277400,115.38,115.79,115.23,115.6,3496313
2015-04-20,1429536600,114.82,114.95,114.3162,114.72,3932756
2015-04-21,1429623000,114.72,115.56,114.65,115.38,3317715
2015-04-22,1429709400,114.83,114.96,113.77,113.83,5695960
2015-04-23,1429795800,113.9,114.96,113.81,114.66,3459495
2015-04-24,1429882200,113.96,114.07,112.77,113.05,7152913
2015-04-27,1430141400,113.87,115.82,113.67,115.33,7487557
2015-04-28,1430227800,115.36,116.62,115.34,116.33,8054361
2015-04-29,1430314200,116.06,116.39,115.28,115.51,7170477
2015-04-30,1430400600,113.88,113.88,112.96,113.47,9440253
2015-05-01,1430487000,112.42,113.3089,112.28,113.08,7597006
2015-05-04,1430746200,114.18,114.44,113.88,114.1,3648052
2015-05-05,1430832600,114.89,115.11,114.39,114.42,3856520
2015-05-06,1430919000,114.59,114.75,114.02,114.36,3280733
2015-05-07,1431005400,113.84,114.01,113.32,113.42,5455090
2015-05-08,1431091800,114.34,114.43,113.59,113.97,9964072
2015-05-11,1431351000,114.09,114.31,113.08,113.53,2916745
2015-05-12,1431437400,114.1,114.67,114.0648,114.5,3256715
2015-05-13,1431523800,115.74,116.93,115.68,116.55,11768224
2015-05-14,1431610200,117.28,117.75,117.03,117.18,6923017
2015-05-15,1431696600,116.8,117.63,116.68,117.53,4447333
2015-05-18,1431955800,117.78,117.88,117.27,117.52,5079850
2015-05-19,1432042200,116.55,116.73,115.65,115.89,5052147
2015-05-20,1432128600,116.03,116.38,115.76,116.08,4432556
2015-05-21,1432215000,115.53,116,115.47,115.69,2514693
2015-05-22,1432301400,115.51,115.93,115.32,115.6,1780191
2015-05-26,1432647000,113.84,114.23,113.7,113.91,5769580
2015-05-27,1432733400,113.78,114.0149,113.63,113.89,2681069
2015-05-28,1432819800,113.85,114.16,113.21,114.02,5266016
2015-05-29,1432906200,114.14,114.48,114,114.1,3407489
2015-06-01,1433165400,115.02,115.5,113.9,114,8254034
2015-06-02,1433251800,114.36,114.645,114.17,114.46,3988639
2015-06-03,1433338200,114.13,114.37,113.08,113.64,4886054
2015-06-04,1433424600,112.98,113.1497,112.48,112.84,5566618
2015-06-05,1433511000,111.6,112.39,111.5668,112.24,5561283
2015-06-08,1433770200,112.39,112.6599,112.13,112.57,3122078
2015-06-09,1433856600,113.15,113.23,112.71,112.82,3529924
2015-06-10,1433943000,114.14,114.14,113.69,113.78,5452863
2015-06-11,1434029400,113.27,113.41,112.92,113.26,4434731
2015-06-12,1434115800,113.06,113.499,112.96,113.23,2998483
2015-06-15,1434375000,113.28,114.15,113.21,113.73,5055086
2015-06-16,1434461400,113.08,113.45,112.789,113.32,4033268
2015-06-17,1434547800,113.07,114.04,112.63,113.85,6455983
2015-06-18,1434634200,115.19,115.61,114.89,115.32,8041255
2015-06-19,1434720600,115.34,115.46,114.95,115.12,4611647
2015-06-22,1434979800,113.79,113.94,113.34,113.64,5763662
2015-06-23,1435066200,112.96,113.17,112.79,112.89,4522797
2015-06-24,1435152600,112.48,112.74,112.31,112.59,2975539
2015-06-25,1435239000,112.43,112.71,112.32,112.44,2904711
2015-06-26,1435325400,112.2,112.68,112.13,112.56,4392589
2015-06-29,1435584600,112.81,113.23,112.53,113.07,5820226
2015-06-30,1435671000,112.24,113.05,111.84,112.37,7897042
2015-07-01,1435757400,112.12,112.51,111.94,111.98,4409026
2015-07-02,1435843800,111.66,111.839,111.41,111.76,3838553
2015-07-06,1436189400,111.71,112.58,111.63,112.06,4259775
2015-07-07,1436275800,111.08,111.14,110.05,110.76,9073403
2015-07-08,1436362200,111.38,111.65,111.08,111.09,5694941
2015-07-09,1436448600,111.8,111.93,111.15,111.36,3802857
2015-07-10,1436535000,111.18,111.71,111.03,111.49,3594918
2015-07-13,1436794200,110.43,111.14,110.36,110.99,4279310
2015-07-14,1436880600,111,111.075,110.63,110.74,2600955
2015-07-15,1436967000,110,110.1914,109.58,110.16,9286201
2015-07-16,1437053400,109.67,110.01,109.6,109.76,4629683
2015-07-17,1437139800,109.11,109.16,108.4,108.65,14858273
2015-07-20,1437399000,106.6,106.65,105.62,105.7,15751735
2015-07-21,1437485400,105.81,106.32,105.25,105.37,10519791
2015-07-22,1437571800,104.39,105.09,104.18,104.8,8349201
2015-07-23,1437658200,104.98,105.3,104.2,104.33,5779289
2015-07-24,1437744600,103.61,105.59,103.431,105.35,11572679
2015-07-27,1438003800,104.94,105.68,104.66,104.86,10690142
2015-07-28,1438090200,105.09,105.33,104.83,105.02,5549222
2015-07-29,1438176600,104.93,105.63,104.49,105.17,5616909
2015-07-30,1438263000,104.03,104.97,103.86,104.27,6651960
2015-07-31,1438349400,105.41,105.75,104.69,104.93,6689175
2015-08-03,1438608600,104.59,104.82,104.05,104.1,3528596
2015-08-04,1438695000,104.56,104.75,103.95,104.31,3241016
2015-08-05,1438781400,104.42,104.5038,103.78,103.93,5041015
2015-08-06,1438867800,104.15,104.86,104.14,104.39,3908124
2015-08-07,1438954200,104.56,105.38,104.55,104.65,4400915
2015-08-10,1439213400,105.03,106.27,104.9172,105.72,5892602
2015-08-11,1439299800,106.49,106.63,105.77,106.26,4060892
2015-08-12,1439386200,106.99,107.91,106.93,107.75,10022547
2015-08-13,1439472600,106.95,107.18,106.71,106.86,4761682
2015-08-14,1439559000,107.07,107.41,106.543,106.85,3509238
2015-08-17,1439818200,107.37,107.51,107,107.13,5769080
2015-08-18,1439904600,106.67,107.33,106.31,107.11,4121839
2015-08-19,1439991000,107.63,108.67,107.63,108.55,7035087
2015-08-20,1440077400,109.81,110.61,109.7,110.44,12549017
2015-08-21,1440163800,110.93,111.33,110.12,111.13,13917638
2015-08-24,1440423000,111.54,112.12,109.77,110.53,18388730
2015-08-25,1440509400,110.01,110.05,108.72,109.16,9974186
2015-08-26,1440595800,107.72,108.06,107.08,107.67,10856643
2015-08-27,1440682200,107.33,108.04,107.11,107.73,8102071
2015-08-28,1440768600,108.17,109.3,108.12,108.7,7558923
2015-08-31,1441027800,108.19,108.92,108.03,108.82,4532081
2015-09-01,1441114200,109.63,109.77,108.94,109.2,7077848
2015-09-02,1441200600,109.01,109.34,108.46,108.62,4115731
2015-09-03,1441287000,107.77,108.32,107.56,107.84,3913100
2015-09-04,1441373400,107.14,107.56,107.07,107.49,4025022
2015-09-08,1441719000,107.6,107.94,107.31,107.52,5982061
2015-09-09,1441805400,106.64,106.71,105.48,106.13,8855138
2015-09-10,1441891800,106.61,106.698,106.18,106.38,6203955
2015-09-11,1441978200,105.65,106.2,105.27,106.16,4023894
2015-09-14,1442237400,105.86,106.39,105.78,106.22,2350848
2015-09-15,1442323800,105.83,106.06,105.68,105.9,2904958
2015-09-16,1442410200,106.6,107.709,106.56,107.31,5315633
2015-09-17,1442496600,107.07,108.58,106.96,108.41,8403849
2015-09-18,1442583000,109.1,109.38,108.82,109.21,6794284
2015-09-21,1442842200,108.49,108.66,108.328,108.53,4104752
2015-09-22,1442928600,107.58,107.96,107.44,107.79,5483262
2015-09-23,1443015000,108.54,108.64,108.2,108.22,2744177
2015-09-24,1443101400,109.67,110.82,109.63,110.49,11024343
2015-09-25,1443187800,109.87,110.03,109.55,109.81,5209493
2015-09-28,1443447000,108.37,108.91,108.27,108.42,3809622
2015-09-29,1443533400,108.24,108.69,107.88,107.98,4043592
2015-09-30,1443619800,106.78,107.075,106.47,106.86,7405576
2015-10-01,1443706200,106.98,107.21,106.63,106.73,4278592
2015-10-02,1443792600,108.54,109.3199,108.54,108.99,7730647
2015-10-05,1444051800,109.14,109.38,108.46,108.77,5490200
2015-10-06,1444138200,109.8,110.26,109.63,109.86,7513898
2015-10-07,1444224600,109.75,110.14,109.34,109.7,5355489
2015-10-08,1444311000,109.16,110.27,109.06,109.14,5038194
2015-10-09,1444397400,110.54,111.05,110.23,110.87,7907263
2015-10-12,1444656600,111.67,111.7324,111.01,111.31,6257945
2015-10-13,1444743000,111.36,111.87,111.28,111.86,5149627
2015-10-14,1444829400,112.63,113.95,112.3,113.81,10207765
2015-10-15,1444915800,113.2,113.99,112.94,113.29,14083929
2015-10-16,1445002200,113.24,113.44,112.43,112.49,7328038
2015-10-19,1445261400,112.64,112.69,111.89,112.02,3959383
2015-10-20,1445347800,112.38,113.09,112.38,112.73,4903225
2015-10-21,1445434200,112.37,112.37,111.41,111.73,3908787
2015-10-22,1445520600,111.52,112.21,111.43,111.69,3436365
2015-10-23,1445607000,111.81,111.84,110.9601,111.5,4868351
2015-10-26,1445866200,111.73,111.98,111.33,111.43,2573512
2015-10-27,1445952600,111.31,111.81,111.29,111.68,2646105
2015-10-28,1446039000,112.68,113.25,110.31,110.78,8201197
2015-10-29,1446125400,110.23,110.6,109.66,109.72,5150835
2015-10-30,1446211800,109.5,109.58,109.06,109.3,5543162
2015-11-02,1446474600,108.64,108.84,108.46,108.59,5843311
2015-11-03,1446561000,107.79,107.8094,106.68,106.98,7145264
2015-11-04,1446647400,107.02,107.09,105.92,105.97,7617813
2015-11-05,1446733800,106.01,106.1,105.58,105.64,5931124
2015-11-06,1446820200,104.17,104.42,104.02,104.1,8831874
2015-11-09,1447079400,104.29,104.58,104.19,104.4,4129199
2015-11-10,1447165800,104.09,104.65,103.87,104.18,4450764
2015-11-11,1447252200,104.09,104.23,103.78,103.83,3527590
2015-11-12,1447338600,103.09,104.32,103.04,103.85,6300546
2015-11-13,1447425000,103.54,103.74,103.45,103.56,3224207
2015-11-16,1447684200,103.98,104.03,103.515,103.71,2951244
2015-11-17,1447770600,103.38,103.3999,101.98,102.34,8593070
2015-11-18,1447857000,102.39,102.95,102.04,102.43,5043766
2015-11-19,1447943400,103.07,104.09,103.07,103.56,5087639
2015-11-20,1448029800,103.58,103.66,102.97,103.09,5971643
2015-11-23,1448289000,102.48,102.75,102.16,102.26,4042473
2015-11-24,1448375400,103.12,103.25,102.69,102.94,3479620
2015-11-25,1448461800,102.47,102.69,102.21,102.46,2931291
2015-11-27,1448634600,101.01,101.62,100.99,101.25,4993553
2015-11-30,1448893800,101.53,102.38,101.52,101.92,6772983
2015-12-01,1448980200,102.3,102.43,101.81,102.28,4645916
2015-12-02,1449066600,101.35,101.35,100.53,100.69,10223492
2015-12-03,1449153000,101.23,101.97,100.845,101.76,6499935
2015-12-04,1449239400,102.74,104.21,102.65,104.02,10670249
2015-12-07,1449498600,103.32,103.37,102.5,102.67,4393461
2015-12-08,1449585000,103.13,103.26,102.53,102.84,3412291
2015-12-09,1449671400,103.63,103.66,102.32,102.64,6026283
2015-12-10,1449757800,102.51,102.825,102.34,102.55,3853545
2015-12-11,1449844200,101.91,103.32,101.85,103.11,6798411
2015-12-14,1450103400,102.58,102.72,101.74,101.79,5563778
2015-12-15,1450189800,101.71,102.06,101.41,101.52,6831064
2015-12-16,1450276200,102.59,103.2,101.66,102.75,8292194
2015-12-17,1450362600,100.92,100.99,100.2326,100.5,10156223
2015-12-18,1450449000,101.35,102.53,101.3,102.04,8345864
2015-12-21,1450708200,102.95,103.52,102.83,103.15,6378892
2015-12-22,1450794600,103.09,103.2,102.5599,102.61,4123512
2015-12-23,1450881000,102.4,102.59,102.21,102.31,2821380
2015-12-24,1450967400,102.82,103.05,102.77,103.05,1710153
2015-12-28,1451313000,102.48,102.5962,102.03,102.27,3356190
2015-12-29,1451399400,102.52,102.58,102.11,102.2,2832238
2015-12-30,1451485800,101.47,101.6,101.345,101.42,3744959
2015-12-31,1451572200,101.48,101.72,101.31,101.46,3823564
2016-01-04,1451917800,103.13,103.67,102.485,102.89,6439982
2016-01-05,1452004200,103.13,103.46,102.93,103.18,3500272
2016-01-06,1452090600,104.37,104.8,103.93,104.67,9316599
2016-01-07,1452177000,105.83,106.237,105.19,106.15,11730376
2016-01-08,1452263400,105.48,105.8,105.04,105.68,7678153
2016-01-11,1452522600,105.47,105.566,104.71,104.74,6272359
2016-01-12,1452609000,104.09,104.59,103.65,104.21,5540231
2016-01-13,1452695400,103.89,104.8199,103.78,104.72,7324203
2016-01-14,1452781800,103.75,104.18,102.4985,103.02,9989065
2016-01-15,1452868200,104.92,104.96,103.965,104.08,10052735
2016-01-19,1453213800,104.06,104.45,103.65,103.98,4588405
2016-01-20,1453300200,105.17,106.16,104.94,105.37,10120876
2016-01-21,1453386600,104.99,105.49,104.515,105.49,5425032
2016-01-22,1453473000,104.93,105.51,104.76,105,4185326
2016-01-25,1453732200,105.76,106.09,105.6,106.08,6819409
2016-01-26,1453818600,106.32,107.43,106.255,107.29,8443381
2016-01-27,1453905000,106.86,107.93,106.65,107.69,8273353
2016-01-28,1453991400,106.55,106.86,106.48,106.54,5914192
2016-01-29,1454077800,106.61,107,106.26,106.9492,8098682
2016-02-01,1454337000,107.54,108.15,107.53,108.05,10471814
2016-02-02,1454423400,107.92,108.18,107.35,108.09,6656018
2016-02-03,1454509800,107.91,109.58,107.9,109.25,15785215
2016-02-04,1454596200,110.45,110.7,109.92,110.57,13213681
2016-02-05,1454682600,109.79,112.35,109.58,112.32,14777267
2016-02-08,1454941800,113.67,114.8692,113.39,113.83,28341176
2016-02-09,1455028200,114.43,114.69,113.55,113.58,18156696
2016-02-10,1455114600,113.92,114.52,112.98,114.46,13311118
2016-02-11,1455201000,118.59,120.84,117.77,119.0592,49138983
2016-02-12,1455287400,118.12,118.74,117.88,118.36,16981163
2016-02-16,1455633000,116,116.31,114.74,114.77,14601662
2016-02-17,1455719400,115.47,116.07,114.89,115.48,10582440
2016-02-18,1455805800,115.3,118.595,115.29,118.29,13586529
2016-02-19,1455892200,117.26,117.965,117.1,117.58,15191950
2016-02-22,1456151400,115.44,116.19,115.41,115.49,10677842
2016-02-23,1456237800,116.68,117.42,116.52,117.22,9033429
2016-02-24,1456324200,119,119.86,117.35,117.61,17938767
2016-02-25,1456410600,117.62,118.91,117.5401,117.92,12500275
2016-02-26,1456497000,117.43,117.72,115.8637,117.11,12505077
2016-02-29,1456756200,117.59,118.7,117.53,118.64,11517545
2016-03-01,1456842600,118.74,119.11,117.34,117.77,14139278
2016-03-02,1456929000,118.34,118.97,118.07,118.68,8903045
2016-03-03,1457015400,118.86,121.3,118.81,120.73,18724053
2016-03-04,1457101800,121.13,122.37,120.22,120.54,16261054
2016-03-07,1457361000,121.18,121.5801,120.41,121.14,9358611
2016-03-08,1457447400,121.79,121.88,120.47,120.58,11530989
2016-03-09,1457533800,119.2,120.39,118.84,119.58,8672862
2016-03-10,1457620200,120.5,121.76,120.42,121.5,18104896
2016-03-11,1457706600,121.19,121.385,119.36,119.41,10812322
2016-03-14,1457962200,120.27,120.31,117.5,117.87,14236159
2016-03-15,1458048600,117.78,118.04,117.36,117.96,9941816
2016-03-16,1458135000,117.42,120.76,117.34,120.59,17333961
2016-03-17,1458221400,121.16,121.18,120.03,120.13,9914349
2016-03-18,1458307800,119.59,120.34,119.51,119.8,16965893
2016-03-21,1458567000,119,119.33,118.73,118.96,7240640
2016-03-22,1458653400,119.73,120.16,118.96,119.31,6786752
2016-03-23,1458739800,116.74,117.12,116.16,116.61,15993672
2016-03-24,1458826200,116.77,116.94,116.3,116.33,6280937
2016-03-28,1459171800,116.73,116.91,116.27,116.6,3879076
2016-03-29,1459258200,117.36,118.81,116.8,118.76,14472350
2016-03-30,1459344600,117.88,118.2,116.91,117.1,10769071
2016-03-31,1459431000,118.161,118.39,117.6,117.64,9348249
2016-04-01,1459517400,116.08,116.98,115.55,116.93,10405379
2016-04-04,1459776600,116.67,116.73,116.07,116.15,7643738
2016-04-05,1459863000,117.76,117.93,117.15,117.66,8865906
2016-04-06,1459949400,116.7,117.385,116.26,116.94,7549435
2016-04-07,1460035800,118.65,118.85,115,118.61,11900452
2016-04-08,1460122200,118.07,118.77,117.98,118.43,9078874
2016-04-11,1460381400,119.47,120.3,119.42,120.03,9845964
2016-04-12,1460467800,120.23,120.345,119.55,120.05,9689464
2016-04-13,1460554200,119.37,119.43,118.56,118.77,8841545
2016-04-14,1460640600,118.09,118.1869,116.95,117.11,13165804
2016-04-15,1460727000,117.33,118.12,117.19,117.92,7838146
2016-04-18,1460986200,118.53,118.56,117.63,117.74,5809803
2016-04-19,1461072600,119.87,120.09,119.37,119.58,21031520
2016-04-20,1461159000,119.67,120.08,118.721,118.97,10233193
2016-04-21,1461245400,120.42,120.55,119.13,119.42,14612767
2016-04-22,1461331800,118.71,119.02,117.28,117.89,10047007
2016-04-25,1461591000,118.14,118.7122,118.11,118.23,4369353
2016-04-26,1461677400,118.79,118.89,118.45,118.7,9906835
2016-04-27,1461763800,118.97,119.7,118.43,119.04,7976411
2016-04-28,1461850200,119.92,121.42,119.7301,121.29,15133641
2016-04-29,1461936600,122.43,123.93,122.34,123.65,19043902
2016-05-02,1462195800,123.78,123.96,123.045,123.24,12137459
2016-05-03,1462282200,123.73,123.82,122.51,122.96,9063588
2016-05-04,1462368600,122.85,123.23,121.51,122.21,9398242
2016-05-05,1462455000,122.63,122.7325,121.25,122.07,8846907
2016-05-06,1462541400,122.83,123.805,122.5876,123.18,11366823
2016-05-09,1462800600,121.2,121.285,120.59,120.65,9236166
2016-05-10,1462887000,120.74,121.38,120.08,120.98,9844957
2016-05-11,1462973400,121.85,122.16,121.38,122.12,7590081
2016-05-12,1463059800,122.02,122.39,121,121.16,7447120
2016-05-13,1463146200,121.09,121.86,120.66,121.71,7672825
2016-05-16,1463405400,122.93,122.97,121.38,121.8,7103042
2016-05-17,1463491800,121.58,122.52,121.48,122.22,8619848
2016-05-18,1463578200,121.22,121.92,119.88,120.1,13381728
2016-05-19,1463664600,119,119.975,118.9201,119.87,14339652
2016-05-20,1463751000,120.19,120.32,119.31,119.71,10379355
2016-05-23,1464010200,118.86,119.6,118.75,119.37,8628234
2016-05-24,1464096600,118.17,118.23,117.25,117.3,12772047
2016-05-25,1464183000,116.59,117.0599,116.32,116.98,10499963
2016-05-26,1464269400,117.57,117.63,116.39,116.58,5893510
2016-05-27,1464355800,116.27,116.36,115.29,115.62,8686689
2016-05-31,1464701400,115.76,116.4,115.5,116.06,8187605
2016-06-01,1464787800,115.97,116.135,115.2,115.94,8399598
2016-06-02,1464874200,115.78,115.97,115.58,115.67,4591562
2016-06-03,1464960600,118.25,118.89,118.23,118.88,14605056
2016-06-06,1465219800,118.89,119.17,118.455,118.92,9887863
2016-06-07,1465306200,118.5,119.02,118.41,118.82,4602865
2016-06-08,1465392600,120.3,120.78,120.23,120.58,11661736
2016-06-09,1465479000,120.61,121.4829,120.55,121.25,12173954
2016-06-10,1465565400,121.55,122.1,121.175,121.74,13939966
2016-06-13,1465824600,122.8,122.83,122.03,122.64,12594223
2016-06-14,1465911000,123,123.06,122.3,122.77,11651694
2016-06-15,1465997400,122.52,123.87,122.38,123.68,15053005
2016-06-16,1466083800,125.17,125.67,122.23,122.38,26635004
2016-06-17,1466170200,123.26,124.1,122.69,123.95,15573825
2016-06-20,1466429400,122.26,123.33,122.13,123.21,11866200
2016-06-21,1466515800,121.65,121.86,120.77,120.84,14585633
2016-06-22,1466602200,120.83,121.25,120.68,120.9,7861000
2016-06-23,1466688600,120.48,121.03,120.06,120.11,10704904
2016-06-24,1466775000,126.62,126.82,125,126.01,35782892
2016-06-27,1467034200,126.44,127.05,125.83,126.68,21400484
2016-06-28,1467120600,125.56,126.02,125.06,125.32,16001451
2016-06-29,1467207000,125.91,126.81,125.7,125.84,12218444
2016-06-30,1467293400,125.95,126.52,125.5,126.47,15981577
2016-07-01,1467379800,127.66,128.42,127.44,128.41,14940706
2016-07-05,1467725400,128.8,129.59,128.17,129.47,19026247
2016-07-06,1467811800,130.5,131.15,129.82,130.23,17376671
2016-07-07,1467898200,129.82,130.12,128.98,129.74,16508526
2016-07-08,1467984600,129.85,130.52,128.97,130.52,17634218
2016-07-11,1468243800,129.49,129.895,129.16,129.29,10855630
2016-07-12,1468330200,128.52,128.54,126.99,127.15,26459620
2016-07-13,1468416600,128,128.43,127.61,128.32,7377686
2016-07-14,1468503000,126.31,127.37,126.03,127.33,12132423
2016-07-15,1468589400,126.38,127.19,126.33,126.84,13892073
2016-07-18,1468848600,127.02,127.5,126.63,127.04,8489677
2016-07-19,1468935000,126.95,127.35,126.82,127.21,5170665
2016-07-20,1469021400,125.5,126.12,125.31,125.39,11777708
2016-07-21,1469107800,125.66,127.37,125.6,127.3,9399212
2016-07-22,1469194200,126.43,126.52,126.01,126.35,7716032
2016-07-25,1469453400,125.53,126.21,125.11,125.47,13139408
2016-07-26,1469539800,126.09,126.14,125.745,126,7613155
2016-07-27,1469626200,126.79,128.12,126.04,128.03,17066363
2016-07-28,1469712600,128.09,128.2,127.205,127.66,9261756
2016-07-29,1469799000,128.42,129.41,127.88,128.98,13708194
2016-08-01,1470058200,128.57,129.34,128.56,129.22,7109898
2016-08-02,1470144600,130.04,130.55,129.9449,130.27,7652767
2016-08-03,1470231000,129.95,129.96,129.27,129.65,5010703
2016-08-04,1470317400,130.01,130.28,129.82,129.87,4908131
2016-08-05,1470403800,128.46,128.5466,127.39,127.55,16205122
2016-08-08,1470663000,127.29,127.7,127.274,127.44,6773804
2016-08-09,1470749400,127.94,128.14,127.75,127.96,7500421
2016-08-10,1470835800,129.12,129.2006,128.15,128.56,6196202
2016-08-11,1470922200,128.61,129.19,127.475,127.67,9763821
2016-08-12,1471008600,129.12,129.26,127.2,127.4,15395846
2016-08-15,1471267800,127.62,128.25,127.6,127.84,4530841
2016-08-16,1471354200,128.12,129.04,128,128.47,8678143
2016-08-17,1471440600,128.17,128.99,127.46,128.5,12034752
2016-08-18,1471527000,128.89,129.17,128.58,129.11,9500636
2016-08-19,1471613400,128.08,128.67,127.855,127.97,10660119
2016-08-22,1471872600,127.63,127.92,127.45,127.78,8627222
2016-08-23,1471959000,128.14,128.22,127.61,127.76,9038482
2016-08-24,1472045400,126.92,126.9663,126.295,126.34,13539655
2016-08-25,1472131800,125.98,126.31,125.96,126.23,5926294
2016-08-26,1472218200,126.88,128.11,125.82,126.05,17967738
2016-08-29,1472477400,126,126.48,125.93,126.3,5562409
2016-08-30,1472563800,125.73,125.95,124.88,125.03,9877044
2016-08-31,1472650200,124.73,125.11,124.64,124.78,13324105
2016-09-01,1472736600,124.67,125.51,124.55,125.29,12877745
2016-09-02,1472823000,126.29,126.57,125.58,126.57,11318572
2016-09-06,1473168600,127.4,129.08,127.27,128.71,15115279
2016-09-07,1473255000,128.79,128.86,128.12,128.27,8859847
2016-09-08,1473341400,128.16,128.52,127.4,127.59,10561791
2016-09-09,1473427800,127.24,127.51,126.7,126.75,12485597
2016-09-12,1473687000,126.31,126.92,125.97,126.59,11140336
2016-09-13,1473773400,126.47,126.6,125.53,125.75,8866372
2016-09-14,1473859800,126.1,126.54,126.03,126.18,5820694
2016-09-15,1473946200,125.73,126.1,124.91,125.37,12978856
2016-09-16,1474032600,124.81,125.245,124.67,125.06,18995065
2016-09-19,1474291800,125.61,125.62,125.25,125.32,4959637
2016-09-20,1474378200,125.31,125.59,125.17,125.44,5672021
2016-09-21,1474464600,126.33,127.42,125.96,127.27,13646448
2016-09-22,1474551000,127.57,128.2,127.5,127.57,15188007
2016-09-23,1474637400,127.6,127.86,127.43,127.65,7702291
2016-09-26,1474896600,127.96,128.035,127.42,127.55,5842740
2016-09-27,1474983000,126.86,126.9,126.341,126.62,6220662
2016-09-28,1475069400,126.25,126.4,125.73,126.22,6757652
2016-09-29,1475155800,125.84,126.34,125.54,126.07,7448407
2016-09-30,1475242200,126.52,126.55,125.235,125.64,11204261
2016-10-03,1475501400,125.32,125.46,124.9,125.32,9044105
2016-10-04,1475587800,123.16,123.18,120.86,120.97,24372722
2016-10-05,1475674200,121.33,121.59,120.4,120.78,14718120
2016-10-06,1475760600,119.69,119.98,119.24,119.66,17917672
2016-10-07,1475847000,120.49,120.58,118.42,119.74,17907270
2016-10-10,1476106200,120.16,120.42,119.92,120.16,4514368
2016-10-11,1476192600,119.92,120.16,119.53,119.55,6065330
2016-10-12,1476279000,119.72,120.07,119.289,119.74,4848622
2016-10-13,1476365400,120,120.42,119.8,120.03,7184647
2016-10-14,1476451800,119.37,120.16,119.29,119.36,6577309
2016-10-17,1476711000,119.7,119.92,119.58,119.68,4777878
2016-10-18,1476797400,120.08,120.64,119.82,120.42,4919730
2016-10-19,1476883800,121.13,121.4565,120.89,121.11,6019772
2016-10-20,1476970200,121.39,121.59,120.63,120.74,6496724
2016-10-21,1477056600,120.9,120.925,120.55,120.83,6707783
2016-10-24,1477315800,121.28,121.3,120.16,120.56,5481119
2016-10-25,1477402200,120.89,121.76,120.855,121.47,6141110
2016-10-26,1477488600,121.37,121.53,120.61,120.79,3905914
2016-10-27,1477575000,121.11,121.18,120.75,121.01,4335994
2016-10-28,1477661400,121.2,122.48,120.81,121.58,11639887
2016-10-31,1477920600,121.51,122,121.23,121.94,7722055
2016-11-01,1478007000,122.8,123.21,122.57,122.73,13384307
2016-11-02,1478093400,123.76,124.76,123.56,123.64,15692420
2016-11-03,1478179800,123.36,124.33,123.35,124.3,10093107
2016-11-04,1478266200,124.4,124.54,124.04,124.39,8594613
2016-11-07,1478529000,122.66,122.71,121.88,122.15,10014986
2016-11-08,1478615400,122.12,123.09,121.36,121.64,9480647
2016-11-09,1478701800,124.3,124.35,121.105,121.56,18236450
2016-11-10,1478788200,121.52,121.54,119.38,119.75,22267962
2016-11-11,1478874600,119.65,119.69,116.23,117.1,20381828
2016-11-14,1479133800,116.12,117.14,115.49,116.11,20729377
2016-11-15,1479220200,116.46,117.24,116.29,117.12,9348572
2016-11-16,1479306600,117.27,117.27,116.58,116.77,5486129
2016-11-17,1479393000,116.91,117.22,115.44,116.17,10342274
2016-11-18,1479479400,115.52,115.77,114.96,115.15,10444285
2016-11-21,1479738600,115.72,115.94,115.29,115.58,6654155
2016-11-22,1479825000,115.72,115.79,114.98,115.54,6391928
2016-11-23,1479911400,113.87,113.88,112.65,113.25,20982117
2016-11-25,1480084200,113.42,113.51,112.35,112.61,5345889
2016-11-28,1480343400,113.23,113.84,112.77,113.8,5655402
2016-11-29,1480429800,112.76,113.48,112.6901,113.27,7438616
2016-11-30,1480516200,112.69,112.79,111.5,111.75,10925538
2016-12-01,1480602600,111.11,111.99,110.63,111.54,10236970
2016-12-02,1480689000,111.89,112.32,111.78,112.14,7416468
2016-12-05,1480948200,111.15,112.11,110.31,111.54,10187891
2016-12-06,1481034600,111.69,112.03,111.19,111.43,5533689
2016-12-07,1481121000,112.13,112.5,111.77,111.83,4901840
2016-12-08,1481207400,111.72,111.8711,111.46,111.57,5977792
2016-12-09,1481293800,111.18,111.25,110.19,110.4,10507697
2016-12-12,1481553000,110.59,111.11,110.2659,110.82,6156717
2016-12-13,1481639400,110.57,110.79,110.06,110.45,7961600
2016-12-14,1481725800,110.95,110.98,108.52,108.83,12933647
2016-12-15,1481812200,107.85,107.99,107,107.34,14427539
2016-12-16,1481898600,107.95,108.78,107.475,108.05,10602807
2016-12-19,1482157800,108.6,108.88,108.34,108.59,5339066
2016-12-20,1482244200,107.47,107.997,107.2942,107.79,7321100
2016-12-21,1482330600,108.25,108.3125,107.68,107.85,5188680
2016-12-22,1482417000,107.68,108.1,107.49,107.59,4942759
2016-12-23,1482503400,107.84,108.25,107.8,107.93,5012242
2016-12-27,1482849000,108.61,108.67,108.24,108.56,3685504
2016-12-28,1482935400,108.4,108.91,108.29,108.86,5091228
2016-12-29,1483021800,109.23,110.53,109.16,110.29,7563896
2016-12-30,1483108200,110.38,110.62,109.53,109.61,8873725
2017-01-03,1483453800,109.62,111,109.37,110.47,7527353
2017-01-04,1483540200,111.06,111.22,110.61,110.86,4904119
2017-01-05,1483626600,112.16,112.94,112.07,112.58,9606761
2017-01-06,1483713000,111.81,112.38,111.57,111.75,7686070
2017-01-09,1483972200,112.39,113.0399,112.18,112.67,5674636
2017-01-10,1484058600,112.94,113.45,112.635,113.15,6093404
2017-01-11,1484145000,112.87,114.19,112.17,113.5,9918689
2017-01-12,1484231400,114.52,114.93,113.805,113.91,8457319
2017-01-13,1484317800,113.65,114.31,113.19,114.21,7261454
2017-01-17,1484663400,115.89,115.96,115.495,115.85,9142370
2017-01-18,1484749800,115.74,115.92,114.56,114.87,6498109
2017-01-19,1484836200,114.32,114.96,113.935,114.77,6437008
2017-01-20,1484922600,114.65,115.76,114.32,115.05,12261510
2017-01-23,1485181800,115.51,116.17,115.2,115.79,6373102
2017-01-24,1485268200,115.69,116.02,114.94,115.27,5798840
2017-01-25,1485354600,114.14,114.44,113.68,114.32,6697523
2017-01-26,1485441000,113.24,113.505,112.83,113.26,5390463
2017-01-27,1485527400,112.93,113.545,112.81,113.49,6706570
2017-01-30,1485786600,113.61,114.3,113.535,113.97,7687782
2017-01-31,1485873000,115.27,115.8173,115.18,115.55,10421882
2017-02-01,1485959400,114.66,115.45,114.14,115.2,6932889
2017-02-02,1486045800,116.26,116.57,115.625,115.84,7189461
2017-02-03,1486132200,115.73,116.365,115.71,116.13,9455464
2017-02-06,1486391400,117.07,117.74,116.74,117.7,8547843
2017-02-07,1486477800,117.31,117.74,117.2,117.46,8621039
2017-02-08,1486564200,118.09,118.59,117.81,118.19,9633443
2017-02-09,1486650600,118.32,118.58,117.2,117.29,8177210
2017-02-10,1486737000,116.68,117.86,116.67,117.6,9072146
2017-02-13,1486996200,116.73,116.95,116.15,116.8,7354924
2017-02-14,1487082600,117.51,117.56,116.38,116.93,6927842
2017-02-15,1487169000,116.33,117.48,116.2466,117.45,7088419
2017-02-16,1487255400,117.93,118.35,117.83,118.08,6378650
2017-02-17,1487341800,118.19,118.4,117.6201,117.68,7338065
2017-02-21,1487687400,117.04,118,116.77,117.75,6166875
2017-02-22,1487773800,117.86,118.02,117.24,117.91,6057179
2017-02-23,1487860200,118.76,119.155,118.675,118.94,7523304
2017-02-24,1487946600,119.74,119.88,119.25,119.7,9808957
2017-02-27,1488205800,119.73,120.4,119.12,119.12,9263499
2017-02-28,1488292200,119.71,119.84,118.82,119.23,8727832
2017-03-01,1488378600,117.98,119.12,117.95,119.06,8679637
2017-03-02,1488465000,117.76,118.34,117.225,117.58,10986262
2017-03-03,1488551400,116.95,117.73,116.44,117.51,10665818
2017-03-06,1488810600,117.35,117.35,116.63,116.72,4883547
2017-03-07,1488897000,116.13,116.25,115.615,115.78,6846277
2017-03-08,1488983400,114.99,115.36,114.945,115.06,7620924
2017-03-09,1489069800,114.78,115.025,114.405,114.47,6410916
2017-03-10,1489156200,114.45,114.73,114.13,114.72,7929500
2017-03-13,1489411800,114.63,114.91,114.505,114.74,5807391
2017-03-14,1489498200,114.54,115.01,114.025,114.12,5301810
2017-03-15,1489584600,114.29,116.25,114.02,116.25,13524082
2017-03-16,1489671000,117.27,117.29,116.69,116.73,9322018
2017-03-17,1489757400,117.04,117.27,116.91,116.99,4683039
2017-03-20,1490016600,117.31,117.595,117.205,117.5645,4000202
2017-03-21,1490103000,117.77,118.8,117.76,118.54,9567932
2017-03-22,1490189400,118.87,119.15,118.68,118.83,7287350
2017-03-23,1490275800,119.15,119.25,118.32,118.67,6201129
2017-03-24,1490362200,118.5,119.21,118.39,118.86,6879634
2017-03-27,1490621400,119.93,120.08,119.27,119.53,8519573
2017-03-28,1490707800,119.74,119.83,118.78,119.04,7112787
2017-03-29,1490794200,119.22,119.45,119.047,119.33,4910528
2017-03-30,1490880600,118.77,119.12,118.32,118.47,6894572
2017-03-31,1490967000,118.61,119.08,118.46,118.72,8520847
2017-04-03,1491226200,118.69,119.37,118.67,119.35,6105704
2017-04-04,1491312600,119.59,119.77,119.38,119.62,4687301
2017-04-05,1491399000,118.62,119.63,118.4,119.62,8105952
2017-04-06,1491485400,119.22,119.42,118.975,119.18,4633470
2017-04-07,1491571800,120.3,120.67,119.14,119.46,12351114
2017-04-10,1491831000,119.04,119.69,118.85,119.46,4623673
2017-04-11,1491917400,120.33,121.4,120.29,121.19,12455294
2017-04-12,1492003800,121.38,122.22,121.14,122.02,9502540
2017-04-13,1492090200,122.54,122.65,122.03,122.6,9892641
2017-04-17,1492435800,122.55,123.07,121.99,122.24,8469580
2017-04-18,1492522200,122.43,123.0292,121.73,122.82,10903701
2017-04-19,1492608600,122.25,122.26,121.28,121.73,8472702
2017-04-20,1492695000,121.82,122.17,121.5,121.96,11787330
2017-04-21,1492781400,122.14,122.61,121.73,122.31,15608031
2017-04-24,1493040600,120.77,121.51,120.6601,121.48,11053559
2017-04-25,1493127000,120.53,120.87,120.05,120.25,10340290
2017-04-26,1493213400,120.21,120.96,119.87,120.84,9758844
2017-04-27,1493299800,120.42,120.5975,119.97,120.39,8266954
2017-04-28,1493386200,120.34,120.77,120.27,120.77,9134246
2017-05-01,1493645400,120.21,120.75,119.35,119.67,9331809
2017-05-02,1493731800,119.3,119.65,119.24,119.65,4900784
2017-05-03,1493818200,119.18,119.34,117.92,117.98,10811052
2017-05-04,1493904600,116.81,117.28,116.63,116.79,12406931
2017-05-05,1493991000,116.86,117.07,116.68,117.01,7127199
2017-05-08,1494250200,117.03,117.14,116.68,116.75,5438375
2017-05-09,1494336600,116.18,116.24,115.56,116.05,6801280
2017-05-10,1494423000,116.42,116.4999,115.86,116.04,4290459
2017-05-11,1494509400,116.21,116.845,116.185,116.5,6274368
2017-05-12,1494595800,117.07,117.16,116.73,116.83,5434477
2017-05-15,1494855000,117.52,117.54,116.99,117.14,5019589
2017-05-16,1494941400,117.45,117.91,117.4,117.65,4942822
2017-05-17,1495027800,119.36,120.02,119.27,119.79,13936876
2017-05-18,1495114200,119.77,119.84,118.56,118.81,10341141
2017-05-19,1495200600,119.39,119.545,118.88,119.4,6787254
2017-05-22,1495459800,119.63,120.14,119.58,119.9,5132485
2017-05-23,1495546200,120.13,120.19,118.9841,119.14,8305434
2017-05-24,1495632600,119.07,119.7425,118.915,119.61,7064911
2017-05-25,1495719000,119.52,119.695,119.29,119.48,4105092
2017-05-26,1495805400,120.49,120.79,120.33,120.54,6791648
2017-05-30,1496151000,120.24,120.33,119.95,120.14,4507493
2017-05-31,1496237400,120.31,121.23,120.26,120.62,10360724
2017-06-01,1496323800,120.17,120.74,120.06,120.72,8702543
2017-06-02,1496410200,121.31,121.71,121.19,121.61,7268054
2017-06-05,1496669400,121.91,121.94,121.58,121.73,3979162
2017-06-06,1496755800,123.09,123.31,122.77,123.1,10798527
2017-06-07,1496842200,122.79,123.16,122.015,122.45,9039175
2017-06-08,1496928600,122.07,122.08,120.95,121.65,8169807
2017-06-09,1497015000,120.46,120.91,120.4,120.54,7054664
2017-06-12,1497274200,120.33,120.685,120.265,120.36,4927375
2017-06-13,1497360600,119.95,120.71,119.92,120.48,3786628
2017-06-14,1497447000,121.51,121.88,119.57,119.82,21124841
2017-06-15,1497533400,119.22,119.5,119.1275,119.32,6796668
2017-06-16,1497619800,119.35,119.5,119.24,119.34,6435674
2017-06-19,1497879000,118.74,118.84,118.33,118.43,6786973
2017-06-20,1497965400,118.42,118.46,118.07,118.18,4617387
2017-06-21,1498051800,118.15,118.66,118.15,118.52,4723749
2017-06-22,1498138200,119.13,119.1978,118.6,118.92,5811927
2017-06-23,1498224600,119.65,119.66,119.31,119.43,9258628
2017-06-26,1498483800,118.29,118.535,118.17,118.36,6593380
2017-06-27,1498570200,118.87,119.05,118.481,118.81,5759344
2017-06-28,1498656600,119.06,119.06,118.685,118.9,4220130
2017-06-29,1498743000,117.97,118.64,117.91,118.32,7705165
2017-06-30,1498829400,118.08,118.41,117.95,118.02,7272612
2017-07-03,1499088600,116.54,116.85,115.94,116.09,12145049
2017-07-05,1499261400,115.91,116.67,115.87,116.52,7223256
2017-07-06,1499347800,116.58,116.61,116.24,116.47,4443390
2017-07-07,1499434200,115.78,115.79,114.8,115.28,11153608
2017-07-10,1499693400,115.02,115.57,114.83,115.47,4970886
2017-07-11,1499779800,115.26,115.77,114.88,115.62,6637939
2017-07-12,1499866200,116.21,116.33,115.87,116.03,4654361
2017-07-13,1499952600,116.04,116.04,115.67,115.82,4148935
2017-07-14,1500039000,117.04,117.25,116.64,116.77,5788219
2017-07-17,1500298200,117.42,117.53,117.23,117.29,5170849
2017-07-18,1500384600,117.99,118.33,117.88,118.11,7158573
2017-07-19,1500471000,118.18,118.27,117.8363,118.08,3205142
2017-07-20,1500557400,117.92,118.62,117.66,118.24,5571648
2017-07-21,1500643800,119,119.39,118.751,119.26,10135919
2017-07-24,1500903000,119.52,119.5762,119.18,119.31,3654331
2017-07-25,1500989400,118.99,119.32,118.79,118.92,6202988
2017-07-26,1501075800,118.57,120.15,118.55,119.88,8527944
2017-07-27,1501162200,120.1,120.14,119.28,119.79,6385216
2017-07-28,1501248600,120.15,120.8558,120.14,120.69,7393606
2017-07-31,1501507800,120.5,120.805,120.45,120.75,3944561
2017-08-01,1501594200,120.44,121.14,120.44,120.65,7365056
2017-08-02,1501680600,120.51,121.02,120.34,120.4,5945279
2017-08-03,1501767000,120.31,120.83,120.31,120.59,4275576
2017-08-04,1501853400,119.97,120.039,119.2201,119.65,8644781
2017-08-07,1502112600,119.43,119.79,119.43,119.51,3010138
2017-08-08,1502199000,120.02,120.12,118.97,119.86,7227220
2017-08-09,1502285400,121.02,121.55,120.76,121.31,9186236
2017-08-10,1502371800,122.08,122.44,122.03,122.21,9817872
2017-08-11,1502458200,122.24,122.83,122.03,122.79,8019519
2017-08-14,1502717400,121.98,122.24,121.6845,121.92,6035297
2017-08-15,1502803800,120.6,121.2299,120.5828,120.98,6731340
2017-08-16,1502890200,120.66,122.06,120.66,121.87,8267341
2017-08-17,1502976600,122.29,122.6099,121.76,122.49,8183805
2017-08-18,1503063000,123.37,123.54,122,122.3,13654226
2017-08-21,1503322200,122.54,122.981,122.5,122.76,5549687
2017-08-22,1503408600,122.56,122.56,121.85,122.21,6493937
2017-08-23,1503495000,122.58,122.69,122.31,122.67,5038391
2017-08-24,1503581400,122.39,122.64,122.13,122.29,4193396
2017-08-25,1503667800,122.77,123.02,121.29,122.74,12398247
2017-08-28,1503927000,123.33,124.73,123.33,124.69,11578265
2017-08-29,1504013400,125.81,125.87,124.0545,124.42,9861471
2017-08-30,1504099800,124.33,124.62,124.16,124.36,6328422
2017-08-31,1504186200,124.58,125.84,124.55,125.82,11775530
2017-09-01,1504272600,126.01,126.17,125.12,126.06,11567404
2017-09-05,1504618200,126.65,127.78,126.57,127.46,11813065
2017-09-06,1504704600,127.34,127.44,126.55,126.81,10059273
2017-09-07,1504791000,127.56,128.32,127.39,128.13,10219719
2017-09-08,1504877400,128.205,128.3,127.59,127.97,9020001
2017-09-11,1505136600,126.74,126.94,126.045,126.19,9126591
2017-09-12,1505223000,126.03,126.59,125.94,126.56,8349012
2017-09-13,1505309400,126.4,126.45,125.5,125.61,8490963
2017-09-14,1505395800,125.66,126.44,125.62,126.16,5330663
2017-09-15,1505482200,125.99,125.99,125.41,125.53,8375074
2017-09-18,1505741400,124.71,124.76,123.965,124.36,8859807
2017-09-19,1505827800,124.49,124.65,124.03,124.62,5826537
2017-09-20,1505914200,124.68,125.0599,123.15,123.62,11415431
2017-09-21,1506000600,122.56,123.07,122.49,122.68,7757897
2017-09-22,1506087000,123.03,123.39,122.9348,123.24,6011928
2017-09-25,1506346200,122.78,124.66,122.71,124.53,10257209
2017-09-26,1506432600,123.57,123.81,122.9,123.14,8673582
2017-09-27,1506519000,122.04,122.51,121.88,121.98,6903944
2017-09-28,1506605400,122.04,122.475,121.83,122.21,5968213
2017-09-29,1506691800,122.29,122.3,121.55,121.58,10207991
2017-10-02,1506951000,121.17,121.34,120.74,120.77,11755378
2017-10-03,1507037400,120.72,121.1,120.7041,120.83,3728655
2017-10-04,1507123800,121.21,121.27,120.7101,121.17,6475238
2017-10-05,1507210200,121.15,121.24,120.395,120.52,6205423
2017-10-06,1507296600,120.26,121.21,119.7835,121.09,10013282
2017-10-09,1507555800,121.64,122.11,121.551,122.08,5264116
2017-10-10,1507642200,122.62,122.97,122.36,122.4,9315476
2017-10-11,1507728600,122.57,122.88,122.03,122.79,5649430
2017-10-12,1507815000,122.84,123.035,122.5,122.89,3037576
2017-10-13,1507901400,123.66,123.86,123.34,123.82,6820348
2017-10-16,1508160600,123.82,123.97,122.57,122.97,8201979
2017-10-17,1508247000,122.03,122.32,121.73,122.13,7041261
2017-10-18,1508333400,121.71,121.94,121.55,121.67,3666407
2017-10-19,1508419800,122.2,122.55,122.111,122.39,5567279
2017-10-20,1508506200,121.68,121.98,121.39,121.61,8481102
2017-10-23,1508765400,120.98,121.9,120.96,121.8,5069650
2017-10-24,1508851800,121.26,121.71,120.98,121.33,5114120
2017-10-25,1508938200,121.31,121.5899,120.84,121.35,4282369
2017-10-26,1509024600,121.16,121.16,120.22,120.33,6438806
2017-10-27,1509111000,120.38,120.99,120.21,120.9,6664180
2017-10-30,1509370200,120.93,121.47,120.8,121.13,5119241
2017-10-31,1509456600,120.82,120.84,120.38,120.67,3910495
2017-11-01,1509543000,120.98,121.55,120.835,121.11,4647787
2017-11-02,1509629400,121.29,121.96,121.05,121.19,5369504
2017-11-03,1509715800,121.36,121.43,120.1844,120.62,6330642
2017-11-06,1509978600,120.72,121.85,120.68,121.65,6953772
2017-11-07,1510065000,121.51,121.56,120.78,121.21,4165933
2017-11-08,1510151400,121.95,122.25,121.59,121.63,5565212
2017-11-09,1510237800,121.85,122.41,121.73,122.13,6072442
2017-11-10,1510324200,121.99,122.11,120.935,121.13,7116200
2017-11-13,1510583400,121.43,121.55,121.27,121.31,6249346
2017-11-14,1510669800,120.9,121.91,120.77,121.56,6188992
2017-11-15,1510756200,122.13,122.36,121.25,121.41,4984812
2017-11-16,1510842600,121.45,121.71,121.29,121.4,2796545
2017-11-17,1510929000,122.15,123.17,121.95,122.86,10613955
2017-11-20,1511188200,122.3,122.41,121.04,121.31,8356673
2017-11-21,1511274600,121.67,122,121.5,121.51,4956456
2017-11-22,1511361000,122.26,122.95,122.17,122.63,5211832
2017-11-24,1511533800,122.36,122.61,122.22,122.32,1779705
2017-11-27,1511793000,123.26,123.33,122.67,122.83,4961215
2017-11-28,1511879400,123.05,123.17,122.53,122.81,5603112
2017-11-29,1511965800,122.24,122.33,121.74,122.04,6138941
2017-11-30,1512052200,121.44,121.695,120.64,121.1,7936260
2017-12-01,1512138600,120.94,122.43,120.74,121.59,13080101
2017-12-04,1512397800,121.15,121.2,120.84,121.18,6943679
2017-12-05,1512484200,120.44,120.505,119.72,120.32,10041159
2017-12-06,1512570600,120.03,120.44,119.87,120.07,6643006
2017-12-07,1512657000,119.01,119.24,118.1,118.49,12900240
2017-12-08,1512743400,118.63,118.92,118.33,118.48,5231287
2017-12-11,1513002600,118.37,118.54,117.8,118.01,4522244
2017-12-12,1513089000,117.73,118.17,117.4,118.15,8020109
2017-12-13,1513175400,118.19,119.35,118.01,119.17,10086657
2017-12-14,1513261800,119.1,119.285,118.705,118.93,6993592
2017-12-15,1513348200,119.41,119.5,118.97,119.18,7531964
2017-12-18,1513607400,119.63,119.99,119.6,119.73,5452212
2017-12-19,1513693800,119.67,119.9,119.53,119.82,4018885
2017-12-20,1513780200,119.98,120.36,119.81,120.14,5734625
2017-12-21,1513866600,120.07,120.45,120,120.31,4823709
2017-12-22,1513953000,120.67,121.14,120.57,120.94,5791312
2017-12-26,1514298600,121.55,121.87,121.51,121.77,8224411
2017-12-27,1514385000,122,122.34,121.875,122.23,6232678
2017-12-28,1514471400,122.82,122.92,122.56,122.85,5732725
2017-12-29,1514557800,123.7,124.085,123.46,123.65,7852109
2018-01-02,1514903400,124.66,125.18,124.39,125.15,11762515
2018-01-03,1514989800,125.05,125.09,124.101,124.82,7904326
2018-01-04,1515076200,124.89,125.85,124.74,125.46,7329718
2018-01-05,1515162600,124.93,125.48,124.83,125.33,5739904
2018-01-08,1515421800,125.2,125.32,124.9,125.31,3566707
2018-01-09,1515508200,124.49,124.86,124.23,124.73,9153584
2018-01-10,1515594600,125.17,125.31,124.72,125.03,14809303
2018-01-11,1515681000,125.37,125.66,125.25,125.44,5994730
2018-01-12,1515767400,126.01,127.13,125.81,126.96,9258570
2018-01-16,1516113000,126.6,127.18,126.4,127.17,8083895
2018-01-17,1516199400,126.77,127.22,125.9,126.14,10130509
2018-01-18,1516285800,126.13,126.52,125.8,125.86,6289271
2018-01-19,1516372200,126.57,126.73,126.41,126.42,8773753
2018-01-22,1516631400,126.51,126.75,126.28,126.65,4893546
2018-01-23,1516717800,126.53,127.35,126.34,127.28,6167910
2018-01-24,1516804200,128.39,129.265,128.2338,128.83,11827554
2018-01-25,1516890600,128.69,129.515,127.36,127.97,15219664
2018-01-26,1516977000,128.24,128.52,127.97,128.07,7828744
2018-01-29,1517236200,127.58,127.63,126.915,127.35,6956392
2018-01-30,1517322600,127.91,127.9167,126.74,126.8,9736105
2018-01-31,1517409000,127.45,127.85,126.4,127.65,13418904
2018-02-01,1517495400,127.18,128.15,127.08,128.07,10854639
2018-02-02,1517581800,126.81,126.85,125.955,126.39,16789214
2018-02-05,1517841000,126.82,127.31,126.44,126.71,13596327
2018-02-06,1517927400,126.54,126.55,125.22,125.38,17672450
2018-02-07,1518013800,125.48,125.77,124.41,124.79,8558460
2018-02-08,1518100200,124.92,125.44,124.51,124.98,7343637
2018-02-09,1518186600,124.65,125.14,124.39,124.77,14140696
2018-02-12,1518445800,125.19,125.82,125.11,125.37,6984852
2018-02-13,1518532200,125.67,126.18,125.52,126.08,5321327
2018-02-14,1518618600,126.47,128.59,126.29,128.23,16416413
2018-02-15,1518705000,128.43,128.569,127.94,128.38,7276495
2018-02-16,1518791400,128.3,128.7,127.5689,127.96,7956921
2018-02-20,1519137000,127.28,127.4,126.04,126.24,11148745
2018-02-21,1519223400,126.36,126.76,125.44,125.66,7908753
2018-02-22,1519309800,125.92,126.37,125.88,126.3,5346347
2018-02-23,1519396200,126.06,126.3,125.85,126.14,4239709
2018-02-26,1519655400,126.45,126.62,126.18,126.45,3194743
2018-02-27,1519741800,126.06,126.15,124.59,125.13,7082301
2018-02-28,1519828200,125.09,125.46,124.81,125,4534884
2018-03-01,1519914600,124.15,125.31,123.575,124.72,12910071
2018-03-02,1520001000,125.67,125.69,124.97,125.39,9994341
2018-03-05,1520260200,125.35,125.48,124.96,125.18,5778343
2018-03-06,1520346600,126.2,126.9563,126.13,126.53,8676781
2018-03-07,1520433000,126.22,126.29,125.42,125.72,5158674
2018-03-08,1520519400,125.69,125.7,125.125,125.42,3474944
2018-03-09,1520605800,124.94,125.69,124.78,125.54,5066833
2018-03-12,1520861400,125.04,125.57,124.84,125.54,2884269
2018-03-13,1520947800,125.67,125.99,125.05,125.78,4798303
2018-03-14,1521034200,125.49,125.76,125.34,125.7,3777021
2018-03-15,1521120600,125.12,125.21,124.72,124.9,6130124
2018-03-16,1521207000,124.84,124.87,124.21,124.6,7402188
2018-03-19,1521466200,124.57,125.16,124.42,124.87,4335420
2018-03-20,1521552600,124.41,124.55,123.96,124.31,3399440
2018-03-21,1521639000,125.4,126.76,125.03,126.48,12532035
2018-03-22,1521725400,126.09,126.34,125.64,125.98,5298709
2018-03-23,1521811800,127.82,128.06,127.4054,127.61,12025882
2018-03-26,1522071000,128.05,128.58,128.0107,128.28,6169843
2018-03-27,1522157400,127.23,127.62,127.05,127.49,6180707
2018-03-28,1522243800,126.48,126.61,125.51,125.73,10254883
2018-03-29,1522330200,125.42,125.81,125.31,125.79,7117156
2018-04-02,1522675800,126.65,127.54,126.375,127.26,11421144
2018-04-03,1522762200,126.54,126.59,126.01,126.3,6083717
2018-04-04,1522848600,127.5,127.53,126.32,126.45,7488254
2018-04-05,1522935000,125.45,126.0825,125.425,125.8,5332957
2018-04-06,1523021400,126.57,126.6,126.125,126.39,6121225
2018-04-09,1523280600,126.45,126.86,126.23,126.82,4189864
2018-04-10,1523367000,127.02,127.305,126.67,127.12,5403992
2018-04-11,1523453400,128.09,129.47,127.78,128.11,12348564
2018-04-12,1523539800,127.25,127.34,126.47,126.62,8141339
2018-04-13,1523626200,127.07,127.75,127.03,127.45,6821338
2018-04-16,1523885400,127.74,128.05,127.57,127.63,4600039
2018-04-17,1523971800,127.02,127.78,127.001,127.75,4184077
2018-04-18,1524058200,128.32,128.54,127.751,127.85,6755575
2018-04-19,1524144600,127.81,127.8839,127.13,127.6,8736103
2018-04-20,1524231000,126.69,126.97,126.55,126.63,10403128
2018-04-23,1524490200,125.62,125.76,125.3412,125.62,6921519
2018-04-24,1524576600,125.78,126.34,125.67,126.23,4733107
2018-04-25,1524663000,125.23,125.51,125.06,125.41,5985694
2018-04-26,1524749400,125.54,125.57,124.69,124.97,7517135
2018-04-27,1524835800,125.2,125.62,125.17,125.5,5653996
2018-04-30,1525095000,124.41,125.2,124.1901,124.59,9830612
2018-05-01,1525181400,123.9,123.9848,123.39,123.71,7551577
2018-05-02,1525267800,123.9,124.54,123.58,123.65,7614019
2018-05-03,1525354200,124.66,124.76,124.24,124.28,4857387
2018-05-04,1525440600,124.1,124.65,124,124.54,5883574
2018-05-07,1525699800,124.5,124.7,124.3,124.57,3397508
2018-05-08,1525786200,124.14,124.95,123.79,124.59,5551078
2018-05-09,1525872600,124.45,124.87,124.24,124.33,4405593
2018-05-10,1525959000,125.22,125.3724,124.75,125.18,5218356
2018-05-11,1526045400,125.57,125.59,124.94,125,4299164
2018-05-14,1526304600,125.16,125.21,124.44,124.49,3753223
2018-05-15,1526391000,122.82,122.82,122.13,122.48,10911850
2018-05-16,1526477400,122.38,122.61,122.03,122.29,4943275
2018-05-17,1526563800,122.23,122.43,122.04,122.36,7781336
2018-05-18,1526650200,122.05,122.65,122.01,122.41,6837125
2018-05-21,1526909400,122.16,122.53,121.97,122.48,4126673
2018-05-22,1526995800,122.7,122.74,122.34,122.41,4579602
2018-05-23,1527082200,122.14,122.74,122.11,122.54,7007256
2018-05-24,1527168600,123.1,123.82,123.08,123.59,8850085
2018-05-25,1527255000,123.66,123.7,123.21,123.21,7920650
2018-05-29,1527600600,122.84,123.64,122.66,123.19,9013170
2018-05-30,1527687000,123.17,123.61,123.17,123.37,4573697
2018-05-31,1527773400,123.26,123.78,123.1,123.1,7862495
2018-06-01,1527859800,122.58,123.09,122.44,122.49,8059121
2018-06-04,1528119000,122.85,122.93,122.37,122.37,4345370
2018-06-05,1528205400,122.55,123.2257,122.281,122.85,6864209
2018-06-06,1528291800,123.08,123.35,122.63,122.92,4083702
2018-06-07,1528378200,122.96,123.145,122.69,122.86,3700745
2018-06-08,1528464600,123.08,123.12,122.91,123.01,3865667
2018-06-11,1528723800,123.1,123.42,123.0175,123.23,3201179
2018-06-12,1528810200,122.95,123.18,122.64,122.82,7279620
2018-06-13,1528896600,122.84,123.34,122.47,123.19,5867744
2018-06-14,1528983000,123.63,123.86,123.32,123.38,8015447
2018-06-15,1529069400,122.18,122.2,120.83,121.34,14536993
2018-06-18,1529328600,121.35,121.44,120.99,121.11,3845950
2018-06-19,1529415000,120.81,121.03,120.581,120.8,4925832
2018-06-20,1529501400,120.79,120.81,120.16,120.26,4548491
2018-06-21,1529587800,119.92,120.32,119.821,120.05,5681906
2018-06-22,1529674200,120.21,120.4,120.1,120.34,4518408
2018-06-25,1529933400,120,120.23,119.8299,119.89,9350195
2018-06-26,1530019800,119.28,119.59,119.09,119.26,8675447
2018-06-27,1530106200,118.96,119.05,118.48,118.58,6480501
2018-06-28,1530192600,118.59,118.67,118.01,118.22,7760936
2018-06-29,1530279000,118.43,118.94,118.26,118.65,8002828
2018-07-02,1530538200,118.18,118.21,117.4,117.46,12021957
2018-07-03,1530624600,118.41,119.08,118.38,118.65,8900973
2018-07-05,1530797400,118.92,119.33,118.77,119.05,4951873
2018-07-06,1530883800,118.97,119.03,118.731,118.86,2947058
2018-07-09,1531143000,119.65,119.73,119.14,119.15,4075297
2018-07-10,1531229400,118.89,119,118.61,118.93,3754770
2018-07-11,1531315800,118.45,118.53,117.62,117.64,6974791
2018-07-12,1531402200,118,118.2638,117.94,118.13,4585460
2018-07-13,1531488600,117.62,117.75,117.4465,117.61,5444284
2018-07-16,1531747800,117.51,117.625,117.28,117.55,3670943
2018-07-17,1531834200,116.72,116.925,116.12,116.28,7939635
2018-07-18,1531920600,116.03,116.35,115.83,116.31,5391963
2018-07-19,1532007000,115.13,116.47,115.12,115.81,14227628
2018-07-20,1532093400,116.4,116.71,116.24,116.56,7892317
2018-07-23,1532352600,116.25,116.31,115.76,116,6247368
2018-07-24,1532439000,116.22,116.43,115.91,116.04,4801046
2018-07-25,1532525400,116.79,116.8366,116.27,116.68,5480914
2018-07-26,1532611800,116.24,116.51,115.77,115.77,6382946
2018-07-27,1532698200,115.92,116.2399,115.77,115.83,5242099
2018-07-30,1532957400,115.8,116.02,115.64,115.65,4157371
2018-07-31,1533043800,115.47,116.35,115.394,115.99,5508456
2018-08-01,1533130200,115.63,115.7,115.125,115.14,7941660
2018-08-02,1533216600,115.17,115.23,114.42,114.52,6204910
2018-08-03,1533303000,115.09,115.53,114.86,114.92,5953227
2018-08-06,1533562200,114.56,114.72,114.31,114.33,5811614
2018-08-07,1533648600,114.85,114.935,114.42,114.59,5188447
2018-08-08,1533735000,114.75,114.95,114.41,114.91,3809872
2018-08-09,1533821400,115.02,115.12,114.69,114.74,4252956
2018-08-10,1533907800,114.81,115.23,114.6076,114.69,6757857
2018-08-13,1534167000,113.81,113.81,112.83,112.96,9150873
2018-08-14,1534253400,113.25,113.48,112.84,113.07,7086193
2018-08-15,1534339800,112.17,112.18,111.06,111.19,12398366
2018-08-16,1534426200,111.46,111.88,111.1,111.1,7484637
2018-08-17,1534512600,111.69,112.15,111.38,112.13,8470951
2018-08-20,1534771800,112.38,112.74,112.16,112.69,5313403
2018-08-21,1534858200,112.77,113.1,112.44,113.02,5042443
2018-08-22,1534944600,113.39,113.49,113.07,113.27,6215910
2018-08-23,1535031000,112.68,112.88,112.06,112.2,5500102
2018-08-24,1535117400,113.25,114.42,113.21,114.16,9214703
2018-08-27,1535376600,114.12,114.78,114.12,114.59,4364167
2018-08-28,1535463000,114.76,114.8666,113.55,113.68,6101386
2018-08-29,1535549400,114.16,114.21,113.85,114.2,5616329
2018-08-30,1535635800,113.92,113.93,113.24,113.64,5431837
2018-08-31,1535722200,113.72,114.06,113.44,113.51,5048673
2018-09-04,1536067800,112.75,113.07,112.61,112.93,6617486
2018-09-05,1536154200,113.36,113.44,113.12,113.32,4459202
2018-09-06,1536240600,113.89,114.26,113.28,113.54,4784729
2018-09-07,1536327000,113.26,113.6,112.97,113.23,3714023
2018-09-10,1536586200,113.26,113.43,113,113.15,2316718
2018-09-11,1536672600,112.65,113.37,112.42,113.22,3791338
2018-09-12,1536759000,113.12,114.39,113.055,114.17,6315934
2018-09-13,1536845400,114.72,114.78,113.58,113.76,5636023
2018-09-14,1536931800,113.79,113.9,112.91,113.02,5375645
2018-09-17,1537191000,113.6,114.03,113.55,113.61,4727254
2018-09-18,1537277400,113.79,113.91,113.275,113.44,4737849
2018-09-19,1537363800,113.94,114.15,113.68,113.88,4223199
2018-09-20,1537450200,114.21,114.37,113.855,114.27,4384523
2018-09-21,1537536600,112.8701,113.68,112.79,113.49,6831550
2018-09-24,1537795800,113.68,113.96,113.43,113.47,4435578
2018-09-25,1537882200,113.75,113.885,113.57,113.65,3004824
2018-09-26,1537968600,113.11,113.6,112.66,113.05,8297429
2018-09-27,1538055000,112.1,112.4156,111.8499,112.05,7683739
2018-09-28,1538141400,112.16,113,112.07,112.76,6020579
2018-10-01,1538400600,112.4,112.62,112.15,112.57,3893012
2018-10-02,1538487000,113.7,114.33,113.61,113.87,10776912
2018-10-03,1538573400,113.87,114.05,113.26,113.42,6674517
2018-10-04,1538659800,113.83,114.19,113.255,113.48,6616212
2018-10-05,1538746200,113.81,114.1,113.57,113.8,7994440
2018-10-08,1539005400,112.25,112.59,111.9,112.54,12111577
2018-10-09,1539091800,112.37,112.67,111.97,112.6,8352697
2018-10-10,1539178200,112.47,112.96,112.25,112.88,10571316
2018-10-11,1539264600,114.2,116.04,114.09,115.78,26810920
2018-10-12,1539351000,115.58,115.71,115.08,115.23,12939315
2018-10-15,1539610200,116.12,116.53,115.89,116,11828366
2018-10-16,1539696600,116.49,116.6,115.8,115.8,9531769
2018-10-17,1539783000,115.89,116.33,115.68,115.79,7078639
2018-10-18,1539869400,115.83,116.41,115.63,115.92,7964106
2018-10-19,1539955800,116.23,116.24,115.96,116.01,7453947
2018-10-22,1540215000,115.57,115.7789,115.43,115.71,5200759
2018-10-23,1540301400,117.16,117.25,116.33,116.39,12704177
2018-10-24,1540387800,116.38,116.72,116.1101,116.66,8563293
2018-10-25,1540474200,116.58,116.73,116.19,116.4,8303495
2018-10-26,1540560600,116.83,117.65,116.46,116.77,15733170
2018-10-29,1540819800,116.41,116.54,115.84,116.31,8732486
2018-10-30,1540906200,115.85,116.04,115.635,115.8,7233614
2018-10-31,1540992600,114.89,115.17,114.66,115.15,11409346
2018-11-01,1541079000,116.33,117.07,116.18,116.63,13662915
2018-11-02,1541165400,116.61,116.98,116.39,116.65,8796962
2018-11-05,1541428200,116.28,116.67,116.23,116.37,6291450
2018-11-06,1541514600,116.44,116.525,115.74,116.04,7270793
2018-11-07,1541601000,116.26,116.345,115.9,116.03,8392112
2018-11-08,1541687400,115.77,116.15,115.5,115.78,7638817
2018-11-09,1541773800,114.6,114.75,114.14,114.48,14159472
2018-11-12,1542033000,114.01,114.05,113.58,113.66,7499046
2018-11-13,1542119400,113.72,113.93,113.42,113.7,9309074
2018-11-14,1542205800,113.53,115.06,113.46,114.64,13950218
2018-11-15,1542292200,114.83,114.99,114.56,114.77,8910585
2018-11-16,1542378600,115.83,115.88,115.37,115.62,8576955
2018-11-19,1542637800,115.45,115.92,115.37,115.67,8508445
2018-11-20,1542724200,115.94,115.95,115.37,115.67,9075193
2018-11-21,1542810600,115.94,116.35,115.86,115.86,8834206
2018-11-23,1542983400,115.76,115.88,115.585,115.77,3726611
2018-11-26,1543242600,115.84,115.87,115.53,115.64,4018622
2018-11-27,1543329000,115.55,115.63,114.6,114.95,9671170
2018-11-28,1543415400,114.76,116.07,114.59,115.38,13789016
2018-11-29,1543501800,115.97,116.24,115.56,115.74,6479502
2018-11-30,1543588200,115.42,115.66,115.04,115.54,8169579
2018-12-03,1543847400,116.6,116.77,116.295,116.41,8475664
2018-12-04,1543933800,117.37,117.39,116.931,117.12,7186437
2018-12-06,1544106600,117.38,117.685,116.92,117.14,9267628
2018-12-07,1544193000,117.62,118.23,117.54,118.09,10402903
2018-12-10,1544452200,117.7,117.94,117.42,117.68,8118110
2018-12-11,1544538600,117.67,117.89,117.35,117.54,6395391
2018-12-12,1544625000,117.7,117.95,117.6117,117.79,4136781
2018-12-13,1544711400,117.54,117.62,117.26,117.53,4131770
2018-12-14,1544797800,116.63,117.3,116.58,117.06,7501660
2018-12-17,1545057000,117.37,118.03,117.35,117.87,8455007
2018-12-18,1545143400,117.85,118.2,117.81,118.15,7542875
2018-12-19,1545229800,118.24,118.96,117.4,117.43,13827509
2018-12-20,1545316200,119.11,119.74,118.68,119.24,18615143
2018-12-21,1545402600,119.19,119.25,118.57,118.72,13629830
2018-12-24,1545661800,119.57,120.14,119.57,120.02,9736359
2018-12-26,1545834600,120.62,120.995,119.57,119.66,14293459
2018-12-27,1545921000,120.57,120.895,120.14,120.57,11874408
2018-12-28,1546007400,120.8,121.08,120.72,121.06,6864842
2018-12-31,1546266600,120.98,121.26,120.83,121.25,8449441
2019-01-02,1546439400,121.35,121.75,120.88,121.33,12776155
2019-01-03,1546525800,121.78,122.46,121.73,122.43,15440840
2019-01-04,1546612200,121.32,121.6,120.69,121.44,13334368
2019-01-07,1546871400,122.16,122.22,121.5731,121.86,7473641
2019-01-08,1546957800,121.15,121.71,121.06,121.53,7643363
2019-01-09,1547044200,121.45,122.335,121.44,122.31,10555933
2019-01-10,1547130600,121.98,122.179,121.57,121.59,6672058
2019-01-11,1547217000,121.74,122.05,121.66,121.8,8622666
2019-01-14,1547476200,122.15,122.24,121.87,122.09,6477072
2019-01-15,1547562600,122.28,122.38,121.62,121.88,7512779
2019-01-16,1547649000,122.04,122.44,122.02,122.27,6878137
2019-01-17,1547735400,122.03,122.26,121.81,122.11,8558523
2019-01-18,1547821800,121.23,121.515,121.02,121.02,10896455
2019-01-22,1548167400,121.18,121.5,120.9,121.45,7896668
2019-01-23,1548253800,120.96,121.54,120.86,121.28,5224918
2019-01-24,1548340200,121.16,121.36,120.92,121.09,5662490
2019-01-25,1548426600,122.02,122.91,122.02,122.86,11103309
2019-01-28,1548685800,122.75,123.29,122.7178,123.29,8522178
2019-01-29,1548772200,123.71,124,123.46,123.98,11610204
2019-01-30,1548858600,123.91,125.07,123.7,124.69,12104563
2019-01-31,1548945000,125.18,125.23,124.62,124.75,10209516
2019-02-01,1549031400,124.89,125.05,124.37,124.5,12485496
2019-02-04,1549290600,123.99,124.29,123.82,123.96,6879187
2019-02-05,1549377000,124.29,124.42,124.05,124.28,6291367
2019-02-06,1549463400,124.16,124.1899,123.4,123.44,6595100
2019-02-07,1549549800,123.8,123.95,123.4367,123.74,5935456
2019-02-08,1549636200,124.05,124.33,123.9799,124.21,4235221
2019-02-11,1549895400,123.19,123.82,123.19,123.6,4821904
2019-02-12,1549981800,123.96,124.03,123.61,123.86,4271869
2019-02-13,1550068200,123.84,124.55,123.31,123.37,7640509
2019-02-14,1550154600,123.84,124.2,123.53,124.06,6276529
2019-02-15,1550241000,124.59,125,124.18,124.8,12190104
2019-02-19,1550586600,125.98,126.79,125.93,126.7,15614028
2019-02-20,1550673000,127,127.21,126.31,126.48,8889665
2019-02-21,1550759400,126.15,126.22,125.05,125.05,8634596
2019-02-22,1550845800,125.53,125.95,125.39,125.5,5439375
2019-02-25,1551105000,125.78,125.9,125.23,125.37,4882615
2019-02-26,1551191400,125.33,125.6171,125.05,125.58,5153511
2019-02-27,1551277800,125.17,125.226,124.4,124.69,7935647
2019-02-28,1551364200,124.71,124.71,123.98,123.99,7811731
2019-03-01,1551450600,123.48,123.96,121.87,121.88,16411743
2019-03-04,1551709800,121.56,121.85,121.18,121.56,10272586
2019-03-05,1551796200,121.38,121.73,121.03,121.72,7120090
2019-03-06,1551882600,121.43,121.64,121.26,121.61,4819443
2019-03-07,1551969000,121.27,121.71,121.18,121.51,6088768
2019-03-08,1552055400,122.7,122.89,122.37,122.84,10427747
2019-03-11,1552311000,122.52,122.54,121.92,122.24,6708655
2019-03-12,1552397400,122.54,123.03,122.4,122.98,6289860
2019-03-13,1552483800,123.56,123.88,123.425,123.84,7377297
2019-03-14,1552570200,122.33,122.545,122.12,122.41,6778443
2019-03-15,1552656600,123.06,123.4,122.9132,122.97,9412061
2019-03-18,1552915800,123.3,123.3998,122.89,123.04,7781205
2019-03-19,1553002200,123.72,123.79,123.34,123.38,6558693
2019-03-20,1553088600,123.66,124.42,122.65,124.18,11304912
2019-03-21,1553175000,124.36,124.37,123.11,123.68,7739775
2019-03-22,1553261400,123.93,124.22,123.73,123.97,5874016
2019-03-25,1553520600,124.56,125.11,124.4801,124.92,7288343
2019-03-26,1553607000,124.48,124.51,124.07,124.3,5056224
2019-03-27,1553693400,124.35,124.375,123.56,123.65,6595016
2019-03-28,1553779800,122.28,122.355,121.705,121.9,11878328
2019-03-29,1553866200,122.64,122.75,122.01,122.01,7094201
2019-04-01,1554125400,122.4,122.43,121.46,121.53,13559963
2019-04-02,1554211800,121.72,122.01,121.68,121.98,4475195
2019-04-03,1554298200,121.73,122.01,121.675,121.8,6152734
2019-04-04,1554384600,121.1,122.24,120.96,122.11,7508760
2019-04-05,1554471000,121.88,122.13,121.6633,121.98,5114493
2019-04-08,1554730200,122.97,123.0199,122.4,122.51,4271034
2019-04-09,1554816600,123.26,123.35,123.03,123.15,4648392
2019-04-10,1554903000,123.22,123.77,123.19,123.53,6344767
2019-04-11,1554989400,122.54,122.75,121.79,121.95,11694503
2019-04-12,1555075800,121.96,122.31,121.8,121.83,5272844
2019-04-15,1555335000,121.2,121.82,121.095,121.6,4252774
2019-04-16,1555421400,120.38,120.63,120.19,120.51,10097802
2019-04-17,1555507800,120.46,120.51,120.195,120.28,4693864
2019-04-18,1555594200,120.24,120.54,120.15,120.37,4090401
2019-04-22,1555939800,120.46,120.5,120.27,120.37,2251185
2019-04-23,1556026200,119.67,120.2,119.55,120.12,5574897
2019-04-24,1556112600,120.06,120.72,120.04,120.47,4173034
2019-04-25,1556199000,120.72,121.0962,120.5,120.57,4836857
2019-04-26,1556285400,121.26,121.67,121.2199,121.37,6022715
2019-04-29,1556544600,120.88,120.91,120.665,120.83,4469721
2019-04-30,1556631000,120.89,121.36,120.85,121.2,4758567
2019-05-01,1556717400,121.03,121.55,120.18,120.4,12331836
2019-05-02,1556803800,119.69,120.11,119.54,119.94,6759844
2019-05-03,1556890200,120.56,121.08,120.475,120.65,8414504
2019-05-06,1557149400,120.61,121.12,120.54,120.81,3479563
2019-05-07,1557235800,121.02,121.42,120.9067,121.21,4010654
2019-05-08,1557322200,121.54,121.54,120.77,120.91,4178965
2019-05-09,1557408600,120.96,121.62,120.86,121.2,5015785
2019-05-10,1557495000,121.41,121.73,121.3,121.43,4586301
2019-05-13,1557754200,122.63,122.85,122.325,122.67,11130908
2019-05-14,1557840600,122.6,122.66,122.12,122.46,5556105
2019-05-15,1557927000,122.71,122.765,122.2199,122.39,10298968
2019-05-16,1558013400,122.03,122.0734,121.19,121.51,6349454
2019-05-17,1558099800,121.03,121.06,120.33,120.65,6589382
2019-05-20,1558359000,120.51,120.74,120.42,120.64,4345803
2019-05-21,1558445400,120.08,120.36,119.83,120.36,3845702
2019-05-22,1558531800,120.35,120.5,120.19,120.24,3741805
2019-05-23,1558618200,120.82,121.52,120.77,121.17,6054721
2019-05-24,1558704600,121.13,121.31,120.89,121.3,2324653
2019-05-28,1559050200,120.8,120.84,120.46,120.83,4303495
2019-05-29,1559136600,121.11,121.26,120.745,120.87,4133202
2019-05-30,1559223000,120.96,121.69,120.8,121.69,7757033
2019-05-31,1559309400,122.55,123.4,122.315,123.33,15367001
2019-06-03,1559568600,124.09,125.34,123.9,125.11,14173636
2019-06-04,1559655000,124.88,125.42,124.61,125.15,7997062
2019-06-05,1559741400,126.18,126.37,125.24,125.47,7637880
2019-06-06,1559827800,125.93,126.45,125.8,125.88,5551778
2019-06-07,1559914200,126.79,127.25,126.32,126.59,8145853
2019-06-10,1560173400,125.46,125.525,125.065,125.33,5409983
2019-06-11,1560259800,124.94,125.4,124.884,125.18,4757841
2019-06-12,1560346200,125.6,126.2,125.56,125.83,5756153
2019-06-13,1560432600,126.03,126.77,125.9599,126.6,5374818
2019-06-14,1560519000,127.21,127.63,126.26,126.56,9226446
2019-06-17,1560778200,126.7,126.77,126.17,126.48,4763345
2019-06-18,1560864600,127.58,127.75,126.39,127.12,10309646
2019-06-19,1560951000,126.77,127.99,126.7,127.89,11660649
2019-06-20,1561037400,130.41,131.49,130.185,131.11,18636339
2019-06-21,1561123800,131.77,132.17,131.07,131.98,15068037
2019-06-24,1561383000,132.77,134.035,132.58,133.94,17851801
2019-06-25,1561469400,134.9,135.55,133.21,134.2,24772241
2019-06-26,1561555800,132.99,133.55,132.41,132.97,12016402
2019-06-27,1561642200,132.38,132.97,132.26,132.84,8412764
2019-06-28,1561728600,133.05,133.34,132.61,133.2,8076966
2019-07-01,1561987800,131.56,131.755,130.55,130.62,13369815
2019-07-02,1562074200,131.27,133.63,131.16,133.41,13282139
2019-07-03,1562160600,133.61,134.1,133.23,133.63,6351547
2019-07-05,1562333400,131.46,132.32,130.81,132.14,11536581
2019-07-08,1562592600,132.18,132.341,131.28,131.29,8028884
2019-07-09,1562679000,131.43,132.1,131.1575,131.75,6633439
2019-07-10,1562765400,132.94,133.87,132.35,133.83,13920593
2019-07-11,1562851800,133.58,133.7,132.41,132.7,7535133
2019-07-12,1562938200,132.89,133.69,132.53,133.53,6309451
2019-07-15,1563197400,133.18,133.53,132.805,133.53,4026583
2019-07-16,1563283800,133.18,133.3,132.13,132.4,7965981
2019-07-17,1563370200,133,134.6,132.89,134.58,11288279
2019-07-18,1563456600,133.83,136.63,133.61,136.48,18466488
2019-07-19,1563543000,135.45,136.03,133.97,134.47,18079195
2019-07-22,1563802200,134.56,134.82,134.32,134.45,7570898
2019-07-23,1563888600,134.43,134.95,133.56,133.69,9981379
2019-07-24,1563975000,134.59,134.84,133.98,134.37,6715167
2019-07-25,1564061400,134.24,134.28,133.09,133.42,11708240
2019-07-26,1564147800,134.24,134.29,133.59,133.64,6249928
2019-07-29,1564407000,134.06,134.729,133.44,134.53,9162417
2019-07-30,1564493400,134.76,135.18,134.41,134.98,9458733
2019-07-31,1564579800,135.03,135.42,133.02,133.21,18797199
2019-08-01,1564666200,132.42,136.43,132.305,136.41,27719822
2019-08-02,1564752600,135.39,136.6,135.37,135.89,13753222
2019-08-05,1565011800,137.93,138.64,137.05,137.79,17519817
2019-08-06,1565098200,138.33,139.03,138.005,138.91,9471209
2019-08-07,1565184600,141.28,142.47,140.88,141.02,26671092
2019-08-08,1565271000,140.9,142.37,140.71,141.73,13108554
2019-08-09,1565357400,141.28,142.03,140.96,141.26,9485912
2019-08-12,1565616600,141.67,143.38,141.64,142.63,14864976
2019-08-13,1565703000,143.17,143.285,139.35,141.78,29930394
2019-08-14,1565789400,142.9,143.75,142.05,142.75,20672858
2019-08-15,1565875800,142.96,144.02,142.61,143.7,13501099
2019-08-16,1565962200,142.75,143.13,141.8,142.78,12184492
2019-08-19,1566221400,141.33,141.79,140.85,141.11,10558366
2019-08-20,1566307800,141.77,142.255,141.6,142.21,7479375
2019-08-21,1566394200,141.62,142.17,141.46,141.76,8118733
2019-08-22,1566480600,141.39,141.9,141.17,141.4,6847647
2019-08-23,1566567000,141.84,144.33,141.64,144.17,20290539
2019-08-26,1566826200,144.35,144.97,143.91,144.19,12200810
2019-08-27,1566912600,144.3,145.68,144.27,145.57,12857588
2019-08-28,1566999000,145.39,145.68,144.64,145.16,11454605
2019-08-29,1567085400,145.4,145.49,143.28,144.12,14764572
2019-08-30,1567171800,143.84,144.8822,143.02,143.75,9642584
2019-09-03,1567517400,144.96,146.13,144.741,145.75,15627012
2019-09-04,1567603800,145.54,146.82,145.5,146.66,11292000
2019-09-05,1567690200,144.98,145.015,142,143.14,20297877
2019-09-06,1567776600,143.64,144.06,141.86,141.92,14175216
2019-09-09,1568035800,142.37,142.46,141.18,141.39,11323819
2019-09-10,1568122200,141.23,141.525,140.16,140.18,12629208
2019-09-11,1568208600,140.34,141.26,140.28,141.03,7453049
2019-09-12,1568295000,142.68,143.1,141.11,141.32,12673707
2019-09-13,1568381400,141.73,141.99,140.06,140.15,13451701
2019-09-16,1568640600,141.6,142.05,141.02,141.32,8094567
2019-09-17,1568727000,141.82,142.11,141.2237,141.6,7046430
2019-09-18,1568813400,141.93,142.53,139.81,140.71,15071647
2019-09-19,1568899800,141.57,141.74,141.0851,141.28,8062589
2019-09-20,1568986200,141.61,143.03,141.46,142.95,12276521
2019-09-23,1569245400,143.22,143.94,143.07,143.75,9036267
2019-09-24,1569331800,143.21,144.77,142.88,144.51,10620690
2019-09-25,1569418200,144.08,144.29,141.44,141.83,11997855
2019-09-26,1569504600,142.19,142.57,141.56,141.79,8803139
2019-09-27,1569591000,140.35,141.68,140.16,141.06,9665953
2019-09-30,1569850200,139.77,140.21,138.03,138.87,15530068
2019-10-01,1569936600,138.07,140.19,137.8,139.63,12502406
2019-10-02,1570023000,140.79,141.88,140.462,141.26,11944623
2019-10-03,1570109400,141.36,143.25,141.29,141.9,12407863
2019-10-04,1570195800,141.48,142.31,141.14,141.9,9689966
2019-10-07,1570455000,141.16,141.7709,140.24,140.69,6162696
2019-10-08,1570541400,142.03,142.29,141.17,141.92,10485490
2019-10-09,1570627800,142.16,142.58,141.62,142.05,7052811
2019-10-10,1570714200,141.59,141.66,140.578,140.81,9331584
2019-10-11,1570800600,139.97,140.19,138.91,140.03,11425535
2019-10-14,1571059800,140.45,140.82,140.34,140.59,4009169
2019-10-15,1571146200,140.27,140.3,139.21,139.61,9131732
2019-10-16,1571232600,140.14,140.53,139.6988,140.41,10363893
2019-10-17,1571319000,140.5,141.12,140.42,140.61,6224288
2019-10-18,1571405400,140.5,140.71,140.32,140.46,6416213
2019-10-21,1571664600,140.72,140.76,139.6,139.79,8314307
2019-10-22,1571751000,140.13,140.3,139.72,140.2,3885045
2019-10-23,1571837400,140.59,141,140.5,140.53,4160001
2019-10-24,1571923800,141.02,141.74,140.93,141.53,6275566
2019-10-25,1572010200,142.79,142.83,141.4,141.86,6011459
2019-10-28,1572269400,141.25,141.25,140.4004,140.64,5442028
2019-10-29,1572355800,140,140.63,139.78,140.25,3835427
2019-10-30,1572442200,140.54,141.04,139.55,141.02,6992869
2019-10-31,1572528600,141.98,142.69,141.89,142.43,7050926
2019-11-01,1572615000,142.21,142.9,142.01,142.56,8089975
2019-11-04,1572877800,142.26,142.45,141.7446,142.15,4740282
2019-11-05,1572964200,140.65,140.89,139.38,139.85,11782250
2019-11-06,1573050600,140.12,140.79,140,140.45,6416469
2019-11-07,1573137000,140.11,140.2,137.6,138.27,15214223
2019-11-08,1573223400,137.73,138.33,137.39,137.39,10378201
2019-11-11,1573482600,137.61,137.79,136.435,137.06,7038053
2019-11-12,1573569000,137.03,137.59,136.19,137.43,6451809
2019-11-13,1573655400,137.8,138.22,137.64,137.98,8809752
2019-11-14,1573741800,138.39,138.94,137.8685,138.56,5220927
2019-11-15,1573828200,138.03,138.4208,137.971,138.21,10106940
2019-11-18,1574087400,138.44,138.85,138.3,138.62,5722188
2019-11-19,1574173800,138.13,138.9716,138.13,138.69,4825641
2019-11-20,1574260200,138.53,139,138.1,138.76,6894534
2019-11-21,1574346600,138.39,138.56,137.77,138,4197208
2019-11-22,1574433000,138.37,138.46,137.66,137.74,3620534
2019-11-25,1574692200,137.32,137.62,136.99,137.08,6418042
2019-11-26,1574778600,136.98,137.8,136.58,137.74,4725594
2019-11-27,1574865000,137.03,137.21,136.83,137.01,4113152
2019-11-29,1575037800,137.1,138.1341,137.08,137.86,4516421
2019-12-02,1575297000,137.32,138.09,137.3,137.79,8297366
2019-12-03,1575383400,139.04,139.57,138.97,139.11,8502789
2019-12-04,1575469800,139.16,139.165,138.59,138.92,6326512
2019-12-05,1575556200,138.8,139.45,138.79,139,5674471
2019-12-06,1575642600,137.76,137.8262,137.4,137.62,8748968
2019-12-09,1575901800,137.8,137.81,137.45,137.58,2814342
2019-12-10,1575988200,138.25,138.33,137.74,137.97,3241771
2019-12-11,1576074600,138.2,139.3,138.1201,138.92,6117701
2019-12-12,1576161000,139.78,139.85,137.88,138.43,8816618
2019-12-13,1576247400,138.52,139.21,137.98,139.05,6979801
2019-12-16,1576506600,139.2,139.39,138.8,139.04,4647211
2019-12-17,1576593000,139.02,139.3,138.851,139.01,4288118
2019-12-18,1576679400,138.86,139.25,138.81,139.02,3608069
2019-12-19,1576765800,139.04,139.55,138.87,139.38,4975164
2019-12-20,1576852200,139.37,139.52,138.98,139.52,4481503
2019-12-23,1577111400,139.53,139.96,139.53,139.95,5182388
2019-12-24,1577197800,140.44,141.33,140.43,141.27,5303698
2019-12-26,1577370600,142.06,142.47,141.9062,142.38,8343019
2019-12-27,1577457000,142.26,142.73,142.17,142.33,5120441
2019-12-30,1577716200,142.56,142.8,142.46,142.63,4812117
2019-12-31,1577802600,143.31,143.605,142.8,142.9,5314467
2020-01-02,1577975400,143.86,144.21,143.4,143.95,7736828
2020-01-03,1578061800,145.75,146.32,145.4,145.86,12285501
2020-01-06,1578321000,148.44,148.48,146.95,147.39,14409912
2020-01-07,1578407400,147.57,148.14,147.43,147.97,8401088
2020-01-08,1578493800,148.49,148.61,146.14,146.86,22276323
2020-01-09,1578580200,146.07,146.41,145.44,146.03,10304334
2020-01-10,1578666600,146.22,146.99,146.17,146.91,6183992
2020-01-13,1578925800,146.35,146.38,145.78,145.82,7603649
2020-01-14,1579012200,145.42,145.81,145.082,145.69,6607124
2020-01-15,1579098600,146.21,146.73,145.82,146.54,6510029
2020-01-16,1579185000,146.27,146.4658,145.755,146.31,6069101
2020-01-17,1579271400,146.51,146.99,146.31,146.58,11121140
2020-01-21,1579617000,145.77,146.86,145.551,146.74,6086149
2020-01-22,1579703400,146.68,146.81,146.38,146.79,4778186
2020-01-23,1579789800,147,147.62,146.62,147.12,8419778
2020-01-24,1579876200,146.9,148.38,146.89,147.98,9919871
2020-01-27,1580135400,149.24,149.32,148.4575,148.99,9988069
2020-01-28,1580221800,148.36,148.56,147.53,147.66,7543088
2020-01-29,1580308200,147.7,148.56,147.61,148.46,5023827
2020-01-30,1580394600,148.69,149.31,148.01,148.47,9119545
2020-01-31,1580481000,148.88,149.68,148.81,149.33,14788263
2020-02-03,1580740200,148.66,148.78,147.6802,148.36,9115075
2020-02-04,1580826600,146.97,147.03,145.8,146.43,10525585
2020-02-05,1580913000,146.38,146.81,146.16,146.61,6160661
2020-02-06,1580999400,147.28,147.63,147,147.4,4819778
2020-02-07,1581085800,147.83,148.18,147.335,147.79,6379311
2020-02-10,1581345000,148.21,148.4464,147.91,148.17,5793599
2020-02-11,1581431400,148.03,148.16,147.01,147.66,5179392
2020-02-12,1581517800,147.42,147.81,147.1567,147.54,5040584
2020-02-13,1581604200,148.24,148.58,147.9501,148.38,7082098
2020-02-14,1581690600,148.74,149.13,148.63,149,5345393
2020-02-18,1582036200,149.88,151.09,149.47,150.91,11527580
2020-02-19,1582122600,151,151.82,150.815,151.79,9269784
2020-02-20,1582209000,152,152.83,151.95,152.41,8457348
2020-02-21,1582295400,154.43,155.2219,154.18,154.7,16353292
2020-02-24,1582554600,158.5,158.53,155.36,156.09,27170954
2020-02-25,1582641000,155.12,156.08,152.91,153.3,28091497
2020-02-26,1582727400,153.82,155.28,152.9,153.97,17983155
2020-02-27,1582813800,155.58,156.27,153.9,154,27878524
2020-02-28,1582900200,152.71,152.77,147.05,148.38,42707124
2020-03-02,1583159400,150,150.73,149.04,149.2,16295360
2020-03-03,1583245800,150.84,155.24,150.735,153.89,28687689
2020-03-04,1583332200,154.4,154.96,153.7,154.16,12315472
2020-03-05,1583418600,156.06,157.62,155.72,157.49,17973475
2020-03-06,1583505000,158.33,159.25,154.54,157.55,26973448
2020-03-09,1583760600,158.6,159.37,156.33,157.81,24868674
2020-03-10,1583847000,156.18,156.41,154.39,154.48,18811547
2020-03-11,1583933400,156.25,156.5,153.61,153.93,18353302
2020-03-12,1584019800,151.53,151.55,146.85,147.79,32893430
2020-03-13,1584106200,149.42,149.6,141.58,143.28,35177244
2020-03-16,1584365400,137.56,142.96,136.12,141.64,24495962
2020-03-17,1584451800,140.18,146.2,139.93,143.56,24490276
2020-03-18,1584538200,141.75,142.88,138.5,140.7,21953448
2020-03-19,1584624600,139.08,140.5,137.8503,138.04,20828884
2020-03-20,1584711000,140.71,141.17,139.14,140.11,20056048
2020-03-23,1584970200,142.675,146.93,142.28,146.3,28275212
2020-03-24,1585056600,153.5,155.66,152.05,153.4,20743472
2020-03-25,1585143000,152.58,152.878,151.01,151.3,16457183
2020-03-26,1585229400,153.3107,154.81,152.08,153.24,12778782
2020-03-27,1585315800,153,153.55,152,152.25,9824572
2020-03-30,1585575000,152.41,153.08,151.57,152.92,12080881
2020-03-31,1585661400,151.36,151.8,147.97,148.05,13319495
2020-04-01,1585747800,148.2,150.08,147.85,149.45,11827400
2020-04-02,1585834200,151.2,152.5,150.7,151.9,9188303
2020-04-03,1585920600,152.23,153.09,151.66,152.65,8469099
2020-04-06,1586179800,154.16,157.22,153.96,156.88,14739272
2020-04-07,1586266200,155.33,156.14,154.38,156.04,9195370
2020-04-08,1586352600,155.91,155.94,154.59,154.65,7600804
2020-04-09,1586439000,158.08,159.08,157.21,158.69,18123039
2020-04-13,1586784600,159.17,162.38,158.625,161.41,20549213
2020-04-14,1586871000,162.73,164.42,161.78,162.68,17095086
2020-04-15,1586957400,161.8,162.54,160.8061,161.85,12141890
2020-04-16,1587043800,161.88,163.15,160.65,161.71,9233164
2020-04-17,1587130200,159.72,160.07,158.12,158.57,14652737
2020-04-20,1587389400,158.62,160.22,158.46,159.7,10688689
2020-04-21,1587475800,157.6,159.21,157.04,158.61,12478080
2020-04-22,1587562200,160.5,161.74,160.42,161.73,12937093
2020-04-23,1587648600,162.39,163.6,161.84,163.34,14928503
2020-04-24,1587735000,163.13,163.31,160.89,162.64,11203587
2020-04-27,1587994200,161.88,162,160.41,161.56,9033533
2020-04-28,1588080600,160.89,160.98,159.16,160.84,10382975
2020-04-29,1588167000,160.1,161.85,159.76,161.73,12232348
2020-04-30,1588253400,160.22,160.82,158.13,158.8,13633483
2020-05-01,1588339800,158,160.45,157.8,159.78,10914334
2020-05-04,1588599000,160.33,160.95,159.91,160.34,7986191
2020-05-05,1588685400,160.16,161.1,159.33,161.02,10563066
2020-05-06,1588771800,158.99,159.81,158.1,158.95,13351959
2020-05-07,1588858200,159.5,161.96,159.36,161.39,13696493
2020-05-08,1588944600,161.08,162,160,160.42,12244561
2020-05-11,1589203800,160.34,160.71,158.89,159.42,11209822
2020-05-12,1589290200,160.3,160.95,159.72,160.04,10405991
2020-05-13,1589376600,160.94,161.62,160.54,161.58,10950397
2020-05-14,1589463000,161.53,163.34,161.51,163.01,17084368
2020-05-15,1589549400,164.02,164.8,163.08,163.93,13918816
2020-05-18,1589808600,164.33,164.495,162.4102,162.69,14137907
2020-05-19,1589895000,163.6,164.43,163.04,164.26,8531719
2020-05-20,1589981400,164.54,164.9599,163.89,164.65,10666071
2020-05-21,1590067800,163.46,163.58,161.37,162.25,11790992
2020-05-22,1590154200,162.88,163.47,162.74,163.21,8540909
2020-05-26,1590499800,162.58,162.58,160.69,160.89,13972012
2020-05-27,1590586200,159.42,161.34,159.2,161.18,13063451
2020-05-28,1590672600,162.12,162.4598,160.9,161.72,9761610
2020-05-29,1590759000,162.58,163.4,162.32,162.91,12584009
2020-06-01,1591018200,162.9235,163.74,162.39,163.66,8155048
2020-06-02,1591104600,163.89,164.08,161.86,162.6,10388908
2020-06-03,1591191000,160.34,160.9,158.82,159.6,17000510
2020-06-04,1591277400,161.14,161.87,159.84,161.28,10094024
2020-06-05,1591363800,158.72,158.72,157.035,158.01,16021182
2020-06-08,1591623000,158.9,159.8599,158.47,159.72,9244440
2020-06-09,1591709400,161.1,161.775,160.87,161.26,9045618
2020-06-10,1591795800,162.1,163.63,160.52,163.57,13009343
2020-06-11,1591882200,163.35,164.06,161.9701,162.39,11673902
2020-06-12,1591968600,163.41,163.88,162.56,162.62,6895361
2020-06-15,1592227800,160.52,162.56,160.16,162.33,8538826
2020-06-16,1592314200,161.85,162.685,161.36,162.25,7969781
2020-06-17,1592400600,162,162.62,161.77,162.56,4758210
2020-06-18,1592487000,162.1965,162.32,161.44,162.24,5397628
2020-06-19,1592573400,162.87,164.09,162.78,164.03,12187390
2020-06-22,1592832600,165.06,165.73,164.41,165.09,12385635
2020-06-23,1592919000,165.63,166.52,165.52,166.48,12137343
2020-06-24,1593005400,166.01,166.99,165.45,165.9,10901444
2020-06-25,1593091800,165.89,165.91,165.16,165.8,7093774
2020-06-26,1593178200,164.87,166.56,164.22,166.54,9753492
2020-06-29,1593437400,166.56,166.8,166.18,166.63,6735695
2020-06-30,1593523800,166.31,167.9906,166.185,167.37,12762295
2020-07-01,1593610200,167.05,167.06,165.34,166.62,13214759
2020-07-02,1593696600,166.2,167.24,166.02,166.98,8753455
2020-07-06,1594042200,167.75,168,167.1901,167.98,7265701
2020-07-07,1594128600,167.41,169.04,167.38,169.04,11633122
2020-07-08,1594215000,170.32,170.8558,169.7827,170.09,11662726
2020-07-09,1594301400,170.48,170.635,168.78,169.63,13327389
2020-07-10,1594387800,169.95,170.15,168.57,169.19,8218013
2020-07-13,1594647000,170.29,170.42,169.16,169.4,11095948
2020-07-14,1594733400,168.97,170.2,168.8141,170.19,9812736
2020-07-15,1594819800,169.62,170.43,169.39,170.34,7533752
2020-07-16,1594906200,169.8,169.995,168.65,168.73,10242371
2020-07-17,1594992600,169.94,170.27,169.605,170.12,10296037
2020-07-20,1595251800,170.76,171.07,170.27,170.94,10095548
2020-07-21,1595338200,172.53,173.25,172.31,173,12864620
2020-07-22,1595424600,174.05,175.77,173.76,175.63,18712467
2020-07-23,1595511000,176.17,178.41,175.65,177.18,23006824
2020-07-24,1595597400,179.14,179.16,178.2,178.7,15601327
2020-07-27,1595856600,181.85,182.83,181.53,182.23,21115604
2020-07-28,1595943000,182.02,184.26,181.42,183.75,21164633
2020-07-29,1596029400,184.0089,186.14,182.39,185.13,25640100
2020-07-30,1596115800,183.44,184.33,182.13,183.76,18061227
2020-07-31,1596202200,184.51,185.7501,184.165,185.43,15885010
2020-08-03,1596461400,185.05,185.82,184.2,185.64,12896999
2020-08-04,1596547800,185.61,189.6,185.21,189.59,20773210
2020-08-05,1596634200,191.65,193.13,190.62,191.35,27193718
2020-08-06,1596720600,193.74,194.4499,192.5207,193.89,20640119
2020-08-07,1596807000,192.705,192.96,189.33,190.81,24570160
2020-08-10,1597066200,191.2,192.61,189.66,190.15,19047223
2020-08-11,1597152600,183.57,183.98,179.43,179.94,45354997
2020-08-12,1597239000,182.61,183.1,179.04,179.1,28779419
2020-08-13,1597325400,181.56,184.7,181.36,183.33,18596773
2020-08-14,1597411800,183.44,183.72,181.49,182.54,11791981
2020-08-17,1597671000,184.69,187.01,184.66,186.5,15709818
2020-08-18,1597757400,189.18,189.4,185.63,188.18,16291627
2020-08-19,1597843800,187.21,187.46,181.71,182.24,24646942
2020-08-20,1597930200,181.19,183.71,180.93,183.5,16692201
2020-08-21,1598016600,182.14,182.81,180.47,182.03,12713741
2020-08-24,1598275800,182.91,182.925,180.685,181,11605788
2020-08-25,1598362200,181.06,181.25,179.731,181.22,10056066
2020-08-26,1598448600,180.26,183.58,180.2,183.36,12715762
2020-08-27,1598535000,185,185.17,179.37,181.24,16299207
2020-08-28,1598621400,183.98,185.4,183.4046,184.39,13200826
2020-08-31,1598880600,184.79,185.53,184.28,184.83,10251152
2020-09-01,1598967000,186.99,186.99,184.33,185.05,10689058
2020-09-02,1599053400,183.75,183.86,181.5,182.62,11536946
2020-09-03,1599139800,182.3,182.82,180.49,181.14,12176904
2020-09-04,1599226200,180.95,182.1,180.05,181.64,11567864
2020-09-08,1599571800,179.5,182.27,179.02,181.29,13229196
2020-09-09,1599658200,182.5,183.22,182.19,183.05,8424118
2020-09-10,1599744600,184.23,184.68,182.28,182.46,9143612
2020-09-11,1599831000,183.14,183.5499,182.005,182.45,7662287
2020-09-14,1600090200,183.57,184.3,183.39,183.89,9709501
2020-09-15,1600176600,184.46,184.67,182.92,183.45,7993693
2020-09-16,1600263000,184.98,185.01,183.33,183.97,12717630
2020-09-17,1600349400,181.92,183.09,181.48,182.96,8836188
2020-09-18,1600435800,183.07,184.09,182.64,183.2,9959667
2020-09-21,1600695000,179.84,180.29,176.75,179.52,17436121
2020-09-22,1600781400,179.63,180.02,178.11,178.65,7977916
2020-09-23,1600867800,176.98,177.26,174.1,174.79,18134030
2020-09-24,1600954200,174.36,176.235,173.77,175.44,11759192
2020-09-25,1601040600,174.41,175.3,173.89,174.94,6779192
2020-09-28,1601299800,175.83,176.805,175.09,176.7,7109746
2020-09-29,1601386200,177.19,178.33,176.95,178.19,8762004
2020-09-30,1601472600,177.71,178.61,176.66,177.12,8371844
2020-10-01,1601559000,178.71,179.5,178.0375,178.7,10402833
2020-10-02,1601645400,178.69,179.29,178.16,178.54,7488503
2020-10-05,1601904600,179.02,180.14,178.9,179.41,6969605
2020-10-06,1601991000,180.16,180.37,177.0513,177.3,8632761
2020-10-07,1602077400,177.09,177.42,176.43,177.22,6410899
2020-10-08,1602163800,178.18,178.45,176.67,177.85,6530845
2020-10-09,1602250200,180.13,181.17,179.93,181.08,15979775
2020-10-12,1602509400,180.57,180.83,180.19,180.56,4842997
2020-10-13,1602595800,178.5633,178.6,177.1,177.72,8384295
2020-10-14,1602682200,179.09,179.59,178.27,178.27,9100896
2020-10-15,1602768600,177.71,179.15,177.59,178.92,6821291
2020-10-16,1602855000,179.22,179.32,178.13,178.3,7262158
2020-10-19,1603114200,179.41,179.475,178.37,178.39,6084398
2020-10-20,1603200600,178.54,179.67,178.08,179.25,7124678
2020-10-21,1603287000,180.47,181.31,180.23,180.6,7548086
2020-10-22,1603373400,178.8767,179.027,177.72,178.83,8376974
2020-10-23,1603459800,179.09,179.2,177.76,178.64,5919276
2020-10-26,1603719000,178.75,179.14,178.22,178.55,5105103
2020-10-27,1603805400,178.71,179.43,178.51,179.02,5826871
2020-10-28,1603891800,176.45,176.85,175.44,176.13,11734083
2020-10-29,1603978200,175.02,176.14,174.83,175.4,8474453
2020-10-30,1604064600,177.18,177.36,175.95,176.2,7304589
2020-11-02,1604327400,177.4499,177.925,177.1301,177.91,6498368
2020-11-03,1604413800,178.95,179.39,178.3,178.92,7577092
2020-11-04,1604500200,178.93,179.19,177.66,178.82,11117259
2020-11-05,1604586600,181,183.285,180.97,182.93,16102775
2020-11-06,1604673000,183.4,183.53,182.19,183.19,10378266
2020-11-09,1604932200,176.42,176.45,173.64,175.08,29800706
2020-11-10,1605018600,176.75,176.91,175.66,175.66,11728459
2020-11-11,1605105000,174.695,175.28,174.435,174.9,9008471
2020-11-12,1605191400,176.04,176.765,175.84,175.96,7182263
2020-11-13,1605277800,177.65,177.8,176.84,177.16,6470910
2020-11-16,1605537000,177.23,177.91,176.87,177.15,8358474
2020-11-17,1605623400,177.25,177.44,176.0903,176.5,8229142
2020-11-18,1605709800,176.26,176.86,175.35,175.49,7384661
2020-11-19,1605796200,174.3,175.22,174.17,175.16,6965056
2020-11-20,1605882600,176.12,176.38,175.58,175.69,6380936
2020-11-23,1606141800,175.1,175.24,171.78,172.23,15510552
2020-11-24,1606228200,169.3,169.69,168.86,169.59,19503992
2020-11-25,1606314600,169.975,170.52,169.24,169.51,10286575
2020-11-27,1606487400,166.9,167.8298,166.78,167.79,10569141
2020-11-30,1606746600,166.68,167.43,166.03,166.67,13209977
2020-12-01,1606833000,169.76,170.48,169.3,170.18,13555209
2020-12-02,1606919400,170.57,171.76,170.15,171.46,9199741
2020-12-03,1607005800,172.64,172.85,171.08,172.81,10457274
2020-12-04,1607092200,172.78,173.32,171.59,172.32,10098639
2020-12-07,1607351400,172.56,175.29,172.51,174.89,10555101
2020-12-08,1607437800,175.51,175.93,174.72,175.5,6348418
2020-12-09,1607524200,173.92,174.0399,171.24,172.5,10743185
2020-12-10,1607610600,172.9,173.58,171.7,172.17,6564030
2020-12-11,1607697000,172.25,173.32,172.11,172.49,6084848
2020-12-14,1607956200,171.91,172.52,170.91,171.54,7644419
2020-12-15,1608042600,173.43,173.9799,173.055,173.94,6848629
2020-12-16,1608129000,174.13,175.015,173.02,174.9,8174737
2020-12-17,1608215400,177.15,177.87,176.575,176.74,9475790
2020-12-18,1608301800,176.65,176.98,176.1,176.44,6789888
2020-12-21,1608561000,176.29,176.94,175.76,175.88,8168924
2020-12-22,1608647400,176.2,176.34,174.34,174.49,9447403
2020-12-23,1608733800,175.1,176.21,175.06,175.65,6542767
2020-12-24,1608820200,175.55,176.37,175.5145,176.35,3695443
2020-12-28,1609165800,177.26,177.91,175.625,175.71,7778685
2020-12-29,1609252200,176.25,176.97,175.57,176.35,5983741
2020-12-30,1609338600,176.44,177.72,176.44,177.7,5914039
2020-12-31,1609425000,178.07,178.4,177.32,178.36,7540757
2021-01-04,1609770600,181.97,182.4,180.955,182.33,14331436
2021-01-05,1609857000,182.87,183.21,181.8239,182.87,12718753
2021-01-06,1609943400,181.49,181.58,178.24,179.9,18453495
2021-01-07,1610029800,179.69,179.92,178.84,179.48,7110214
2021-01-08,1610116200,176.83,176.9899,171.48,173.34,24399895
2021-01-11,1610375400,172.14,173.68,172.03,173,8579195
2021-01-12,1610461800,173.13,174.18,172.32,174.12,9798480
2021-01-13,1610548200,173.68,174.46,173.05,173.37,14110299
2021-01-14,1610634600,173.44,174.22,172.655,173.28,13522670
2021-01-15,1610721000,172.8437,173.07,170.975,171.13,16172494
2021-01-19,1611066600,172.71,172.85,171.92,172.58,7485700
2021-01-20,1611153000,174.37,175.467,173.82,175.39,9456038
2021-01-21,1611239400,175.11,175.51,174.51,175.28,7250164
2021-01-22,1611325800,172.89,174.29,172.35,173.9,7269592
2021-01-25,1611585000,174.8199,174.96,173.19,174.05,5936770
2021-01-26,1611671400,173.98,174.26,173.4202,173.62,4685568
2021-01-27,1611757800,172.93,173.52,171.66,172.52,9036528
2021-01-28,1611844200,174.28,174.73,172.04,172.68,9392363
2021-01-29,1611930600,174.87,175.1633,172.61,172.61,11252816
2021-02-01,1612189800,175.02,175.26,174.06,174.23,9079082
2021-02-02,1612276200,172.49,172.53,171.51,172.11,7221689
2021-02-03,1612362600,172.36,172.5901,171.5,171.85,4658060
2021-02-04,1612449000,168.29,168.395,167.34,168.15,13736624
2021-02-05,1612535400,168.99,170.18,168.67,169.81,6538458
2021-02-08,1612794600,171.9799,172.4,171.49,171.52,6887535
2021-02-09,1612881000,172.57,173.03,171.75,172.08,5131799
2021-02-10,1612967400,173.15,173.22,172.01,172.71,6112812
2021-02-11,1613053800,172.7,172.871,170.71,171.21,5994522
2021-02-12,1613140200,170.29,171.65,169.88,170.69,6018930
2021-02-16,1613485800,168.14,170.065,167.73,168.24,14761087
2021-02-17,1613572200,166.92,167.34,165.85,166.33,11425421
2021-02-18,1613658600,166.98,167.3,165.73,166.32,7498157
2021-02-19,1613745000,166.76,167.94,166.6,167.01,8273502
2021-02-22,1614004200,168.54,169.89,168.3,169.51,10083290
2021-02-23,1614090600,169.48,169.74,168.28,169.12,8616789
2021-02-24,1614177000,167.65,169.14,167.15,169,8890612
2021-02-25,1614263400,166.92,167.66,165.45,165.82,16359418
2021-02-26,1614349800,165,165.1,160.95,161.81,23730391
2021-03-01,1614609000,163.03,163.35,161.16,161.53,13828347
2021-03-02,1614695400,161.93,162.925,161.22,162.41,11424608
2021-03-03,1614781800,160.61,161.69,159.485,160.62,13059936
2021-03-04,1614868200,160.6,161.455,158.43,159.04,13870077
2021-03-05,1614954600,159.66,159.82,158.55,159.14,12068139
2021-03-08,1615213800,158.58,158.74,157.1297,157.49,12134854
2021-03-09,1615300200,160.75,161.2521,160.415,160.84,10382555
2021-03-10,1615386600,161.06,161.78,160.66,161.66,7962003
2021-03-11,1615473000,161.47,161.98,161.12,161.52,6749209
2021-03-12,1615559400,159.54,161.69,159.35,161.49,8608514
2021-03-15,1615815000,162.305,162.55,161.43,162.2,8110140
2021-03-16,1615901400,162.36,163.2,161.81,162.35,7547417
2021-03-17,1615987800,162.268,164.15,161.48,163.51,12626689
2021-03-18,1616074200,161.15,162.82,161.11,162.56,8731762
2021-03-19,1616160600,162.56,163.43,162.4299,163.24,6868892
2021-03-22,1616419800,162.27,163.13,162.16,163,5239970
2021-03-23,1616506200,162.45,162.49,161.592,161.81,6048301
2021-03-24,1616592600,162.21,162.89,161.94,162.37,6183666
2021-03-25,1616679000,163.0599,163.5799,161.32,161.78,8398596
2021-03-26,1616765400,161.71,162.73,161.6499,162.24,6153894
2021-03-29,1617024600,161.46,161.52,159.83,160.31,8409316
2021-03-30,1617111000,157.94,158.2,157.55,157.57,8353246
2021-03-31,1617197400,158.06,160.68,158.05,159.96,10623771
2021-04-01,1617283800,161.56,162.11,161.28,161.98,7105228
2021-04-05,1617629400,161.52,162.4047,161.36,161.92,6163799
2021-04-06,1617715800,162.79,163.53,162.75,163.22,6761166
2021-04-07,1617802200,162.82,163.31,162.5,162.76,5436014
2021-04-08,1617888600,164.1679,164.77,164.14,164.51,6574524
2021-04-09,1617975000,162.75,163.66,162.48,163.27,6657898
2021-04-12,1618234200,162.73,162.8,161.81,162.28,4896669
2021-04-13,1618320600,163.18,163.85,163.03,163.43,6995903
2021-04-14,1618407000,162.77,163.05,162.3,162.72,6312296
2021-04-15,1618493400,164.07,165.79,164.03,165.35,8250646
2021-04-16,1618579800,166.24,166.811,165.94,166.35,10057602
2021-04-19,1618839000,165.91,166.44,165.72,165.89,5721727
2021-04-20,1618925400,165.65,166.81,165.62,166.48,6531979
2021-04-21,1619011800,167.18,168.39,167.15,168.13,8380178
2021-04-22,1619098200,167.11,167.53,166.4901,167.04,7680140
2021-04-23,1619184600,167.37,167.53,165.78,166.4,7107484
2021-04-26,1619443800,166.63,166.865,166.05,166.84,4786613
2021-04-27,1619530200,166.92,167.15,166.28,166.42,5363499
2021-04-28,1619616600,165.75,166.96,165.49,166.91,6932217
2021-04-29,1619703000,165.58,166.26,164.47,166.22,9067627
2021-04-30,1619789400,165.86,166,165.24,165.66,6248711
2021-05-03,1620048600,167.61,168.43,167.41,167.81,9014708
2021-05-04,1620135000,167.69,168.55,165.5,166.58,10267411
2021-05-05,1620221400,166.63,167.31,166.61,167.27,5949985
2021-05-06,1620307800,167.95,170.29,167.92,170.06,13574072
2021-05-07,1620394200,171.53,172.5501,171,171.59,14748628
2021-05-10,1620653400,172.74,172.84,171.78,172.11,8276584
2021-05-11,1620739800,170.5582,172.17,170.27,172.14,8348213
2021-05-12,1620826200,171.4321,171.835,170.345,170.43,12666262
2021-05-13,1620912600,170.35,171.27,170.225,171.13,8078266
2021-05-14,1620999000,172.05,172.7,171.82,172.69,9686777
2021-05-17,1621258200,173.3,175,173.28,174.7,11956831
2021-05-18,1621344600,175.18,175.21,174.46,175.04,7294010
2021-05-19,1621431000,175.14,177,174.345,175.16,20741106
2021-05-20,1621517400,175.32,176.46,175.11,175.96,9802799
2021-05-21,1621603800,176.58,176.8602,175.145,176.04,7677190
2021-05-24,1621863000,176.15,176.59,175.87,176.35,5557339
2021-05-25,1621949400,176.15,177.95,176.04,177.95,8986945
2021-05-26,1622035800,178.368,178.61,177.04,177.64,8495383
2021-05-27,1622122200,177.39,177.82,176.81,177.71,7992951
2021-05-28,1622208600,177.46,178.43,177.2411,178.38,9968324
2021-06-01,1622554200,178.76,178.85,177.19,177.9,9143250
2021-06-02,1622640600,178.34,178.78,177.97,178.77,6613106
2021-06-03,1622727000,175.83,175.83,174.66,175.27,10153899
2021-06-04,1622813400,176.65,177.57,176.61,177.16,8375264
2021-06-07,1623072600,176.96,177.9,176.63,177.87,7709094
2021-06-08,1623159000,177.23,177.54,176.37,177.32,5905832
2021-06-09,1623245400,177.38,177.8,176.78,176.98,6346094
2021-06-10,1623331800,176.7,177.85,176.48,177.74,9896612
2021-06-11,1623418200,176.33,176.57,175.48,175.74,7836860
2021-06-14,1623677400,173.16,175.06,172.95,174.71,7733645
2021-06-15,1623763800,174.78,174.915,173.34,174.05,7550154
2021-06-16,1623850200,173.91,174.465,171.03,171.11,16919749
2021-06-17,1623936600,167.02,167.615,165.44,165.85,27232236
2021-06-18,1624023000,166.14,166.72,164.87,164.93,15744310
2021-06-21,1624282200,166.52,167.2218,166,166.95,8370991
2021-06-22,1624368600,166.35,166.915,166.01,166.25,7223919
2021-06-23,1624455000,166.97,168.03,165.97,166.14,8474276
2021-06-24,1624541400,167,167.23,166.01,166.04,6903352
2021-06-25,1624627800,167.45,167.525,166.29,166.59,7473679
2021-06-28,1624887000,166.68,166.91,166.3575,166.58,6508902
2021-06-29,1624973400,164.34,165.2782,164.01,164.83,7451415
2021-06-30,1625059800,164.57,166.1,164.29,165.63,7955839
2021-07-01,1625146200,166.65,166.88,165.5,166.2,7430497
2021-07-02,1625232600,167.35,167.715,166.4,167.29,7873574
2021-07-06,1625578200,169.27,169.65,167.54,168.12,7932050
2021-07-07,1625664600,168.72,169.23,168.19,168.76,7108909
2021-07-08,1625751000,169.82,169.855,167.91,168.65,7244275
2021-07-09,1625837400,168.84,169.62,168.66,169.21,4997398
2021-07-12,1626096600,168.7,169.16,167.64,169,7315422
2021-07-13,1626183000,169.51,169.9,168.93,169.22,7040277
2021-07-14,1626269400,170.91,171.04,170.28,171.04,8830335
2021-07-15,1626355800,170.89,171.3,170.34,171.07,6520126
2021-07-16,1626442200,170.65,170.95,169.28,169.41,9460348
2021-07-19,1626701400,169.51,169.91,168.89,169.61,6707365
2021-07-20,1626787800,170.51,170.8,168.92,169.39,6540058
2021-07-21,1626874200,168.33,169,168.14,168.76,4622581
2021-07-22,1626960600,168.49,169.191,168.06,169.09,4793605
2021-07-23,1627047000,168.5,168.88,167.95,168.56,5831463
2021-07-26,1627306200,168.58,168.86,168.08,168.16,5229817
2021-07-27,1627392600,168.73,168.905,167.93,168.44,6300183
2021-07-28,1627479000,168.26,169.38,167.72,169.29,7905846
2021-07-29,1627565400,170.7,171.52,170.67,171.17,8119591
2021-07-30,1627651800,170.72,170.99,169.38,169.82,7391706
2021-08-02,1627911000,169.3,170.245,169.1,169.61,10783240
2021-08-03,1627997400,169.42,169.83,169.21,169.49,5402340
2021-08-04,1628083800,171.28,171.4,168.99,169.53,9796349
2021-08-05,1628170200,169.37,169.4371,168.203,168.86,7893245
2021-08-06,1628256600,165.84,165.93,164.55,164.64,13547643
2021-08-09,1628515800,163.01,163.295,161.26,161.72,11546973
2021-08-10,1628602200,161.39,162.11,160.68,161.77,6870766
2021-08-11,1628688600,163.15,164.17,162.68,164,7382417
2021-08-12,1628775000,163.65,164.1,162.9335,164.04,5222080
2021-08-13,1628861400,165.02,166.46,164.89,166.39,7466887
2021-08-16,1629120600,166.73,167.39,166.59,167.22,7781796
2021-08-17,1629207000,167.29,167.73,166.56,166.97,7106992
2021-08-18,1629293400,167.24,167.51,166.26,167.1,7697931
2021-08-19,1629379800,167.24,167.29,166.16,166.61,6934268
2021-08-20,1629466200,166.8,167.14,166.36,166.7,7154348
2021-08-23,1629725400,168.82,168.91,167.96,168.73,8190548
2021-08-24,1629811800,169.04,169.27,168.52,168.65,4519173
2021-08-25,1629898200,167.88,167.92,166.74,167.48,5588751
2021-08-26,1629984600,167.21,168.21,166.83,167.67,4371866
2021-08-27,1630071000,167.58,170.19,166.87,170.19,10036431
2021-08-30,1630330200,169.66,169.835,169.09,169.35,3768628
2021-08-31,1630416600,169.23,169.92,168.75,169.69,6336002
2021-09-01,1630503000,169.94,170,169.16,169.7,4764866
2021-09-02,1630589400,169.5,169.63,168.82,169.25,4601128
2021-09-03,1630675800,170.59,171.55,170.15,171.06,8353646
2021-09-07,1631021400,169.56,169.78,167.63,167.71,10007697
2021-09-08,1631107800,168.02,168.08,166.7,167.29,6575990
2021-09-09,1631194200,168.17,168.28,166.83,168.03,6641424
2021-09-10,1631280600,167.81,168.08,167.145,167.18,7426272
2021-09-13,1631539800,167.45,168.22,167.395,167.74,5474323
2021-09-14,1631626200,168.22,169.16,167.48,168.82,7922917
2021-09-15,1631712600,168.1332,168.36,167.45,167.83,5624883
2021-09-16,1631799000,164.38,164.44,163.233,164.03,11780399
2021-09-17,1631885400,163.86,164.32,163.4,163.77,8369679
2021-09-20,1632144600,164.29,165.28,164.07,164.94,7566577
2021-09-21,1632231000,165.81,166.63,165.49,166.04,7181458
2021-09-22,1632317400,165.89,167.15,165.03,165.42,9777794
2021-09-23,1632403800,164.1,164.2,163.27,163.51,8451899
2021-09-24,1632490200,163,164,162.74,163.3,6937521
2021-09-27,1632749400,163.85,164.3608,163.51,163.64,4942989
2021-09-28,1632835800,162.73,162.82,161.73,162.05,9282755
2021-09-29,1632922200,162.35,162.74,160.97,161.32,8360656
2021-09-30,1633008600,162.66,164.95,162.34,164.22,10574824
2021-10-01,1633095000,164.27,164.96,163.885,164.59,6654686
2021-10-04,1633354200,163.69,165.54,163.47,165.36,7651658
2021-10-05,1633440600,163.94,164.85,163.49,164.59,5617283
2021-10-06,1633527000,164.23,165.06,164.1531,165.03,6067156
2021-10-07,1633613400,164.02,164.8507,163.96,164.16,4791505
2021-10-08,1633699800,166.32,166.42,164.135,164.23,8536109
2021-10-11,1633959000,164.04,164.58,163.91,163.92,3820087
2021-10-12,1634045400,164.5701,165.44,164.31,164.66,5453049
2021-10-13,1634131800,165.28,167.92,165.28,167.59,11118291
2021-10-14,1634218200,168.19,168.22,167.71,168,5083847
2021-10-15,1634304600,165.39,166.09,165.1,165.33,8699223
2021-10-18,1634563800,165.42,165.59,164.81,164.92,4029594
2021-10-19,1634650200,166.5,166.5,165.2001,165.45,6588473
2021-10-20,1634736600,166.21,167.11,165.9258,166.9,5022036
2021-10-21,1634823000,166.7,166.94,166.24,166.75,4412389
2021-10-22,1634909400,168.67,169.54,166.67,167.77,10703927
2021-10-25,1635168600,168.66,169.21,168.53,168.93,4881346
2021-10-26,1635255000,167.88,167.91,166.63,167.68,6658890
2021-10-27,1635341400,167.73,168.2,166.86,168.12,5823080
2021-10-28,1635427800,168.98,169.25,167.53,168.08,7000717
2021-10-29,1635514200,166.29,166.73,165.64,166.65,7531872
2021-11-01,1635773400,167.38,167.84,166.91,167.52,4975560
2021-11-02,1635859800,167.43,167.63,166.963,167.16,3760736
2021-11-03,1635946200,165.34,165.95,164.38,165.77,9055208
2021-11-04,1636032600,167.51,168.14,167.37,167.65,6656097
2021-11-05,1636119000,168.42,169.94,167.85,169.84,9368948
2021-11-08,1636381800,170.43,170.7,170.06,170.45,4966135
2021-11-09,1636468200,170.73,171.31,170.12,171.29,5781180
2021-11-10,1636554600,173.67,174.65,172.11,173.15,11461779
2021-11-11,1636641000,173.98,174.27,173.74,174.12,5959640
2021-11-12,1636727400,173.51,174.67,173.4,174.45,7894848
2021-11-15,1636986600,174.1,174.59,173.69,174.18,5630808
2021-11-16,1637073000,173.97,174.48,172.86,172.92,8667323
2021-11-17,1637159400,174.24,174.605,173.89,174.5,6523061
2021-11-18,1637245800,173.96,174.36,173.53,173.94,6253445
2021-11-19,1637332200,173.69,174.1,172.235,172.61,8787253
2021-11-22,1637591400,169.9,170.44,168.42,168.74,13100511
2021-11-23,1637677800,167.28,167.6,166.53,167.28,8053370
2021-11-24,1637764200,166.5825,167.44,166.32,167.12,5359457
2021-11-26,1637937000,168.6,168.64,166.37,166.85,9605192
2021-11-29,1638196200,166.84,167.255,166.38,166.62,7394940
2021-11-30,1638282600,167.77,169.01,165.37,165.5,12925270
2021-12-01,1638369000,166.84,167.47,166.06,166.16,7825484
2021-12-02,1638455400,165.89,165.9405,164.63,165.24,9604118
2021-12-03,1638541800,165.49,166.93,165,166.63,9507938
2021-12-06,1638801000,166.14,166.8,165.93,166.22,4813624
2021-12-07,1638887400,166.2,167.08,166.18,166.81,4900713
2021-12-08,1638973800,166.51,166.96,166.28,166.9,4288935
2021-12-09,1639060200,166.54,166.58,165.65,165.88,4913771
2021-12-10,1639146600,166.72,166.915,166.18,166.58,6450614
2021-12-13,1639405800,166.9,167.255,166.67,167,6610673
2021-12-14,1639492200,165.34,166.14,165.16,165.44,8637879
2021-12-15,1639578600,165.27,166.4,163.8,166.15,14231184
2021-12-16,1639665000,167.01,168.18,166.94,168.16,11186197
2021-12-17,1639751400,168.73,169.125,167.78,167.8,9867792
2021-12-20,1640010600,167.88,168,167.06,167.09,6972959
2021-12-21,1640097000,167.69,167.7754,166.74,167.02,4548504
2021-12-22,1640183400,167.58,168.64,167.11,168.59,4672941
2021-12-23,1640269800,168.69,169.16,168.01,168.97,4551124
2021-12-27,1640615400,168.96,169.42,168.78,169.37,4763297
2021-12-28,1640701800,169.33,169.65,168.62,168.64,4545714
2021-12-29,1640788200,167.36,168.69,167.28,168.59,5889714
2021-12-30,1640874600,168.43,169.81,168.37,169.8,5426311
2021-12-31,1640961000,170.53,171.04,170.04,170.96,7039330
2022-01-03,1641220200,168.86,169.01,168,168.33,9014423
2022-01-04,1641306600,168.9,169.72,168.73,169.57,6965598
2022-01-05,1641393000,170.62,170.93,168.9,169.06,8715585
2022-01-06,1641479400,167.16,167.75,166.86,166.99,10902661
2022-01-07,1641565800,167.37,168.01,166.86,167.75,8191936
2022-01-10,1641825000,167.36,168.3,167.31,168.26,7026475
2022-01-11,1641911400,168.44,170.31,168.37,170.29,8368980
2022-01-12,1641997800,170.19,170.75,170.01,170.74,6280745
2022-01-13,1642084200,170.09,170.22,169.27,170.16,7034202
2022-01-14,1642170600,170.22,170.56,169.4796,169.67,7865900
2022-01-18,1642516200,169.6401,170.005,169.09,169.39,9323046
2022-01-19,1642602600,170.3919,172.1895,170.2,172.08,15784477
2022-01-20,1642689000,172.31,172.5999,171.585,171.65,9570477
2022-01-21,1642775400,172.04,172.12,170.74,171.09,10982517
2022-01-24,1643034600,171.78,172.14,170.85,172.03,15735970
2022-01-25,1643121000,171.95,173.1499,171.775,172.58,17382097
2022-01-26,1643207400,171.39,171.725,169.48,169.79,17799403
2022-01-27,1643293800,168.02,169.09,167.325,167.6,15875306
2022-01-28,1643380200,166.56,167.46,166.365,167.1,9782484
2022-01-31,1643639400,167.79,168.14,167.46,168.09,8539265
2022-02-01,1643725800,168.57,168.85,167.87,168.23,9763909
2022-02-02,1643812200,168.34,169.12,168.155,168.84,9085285
2022-02-03,1643898600,168.31,168.82,167.03,168.6,10650800
2022-02-04,1643985000,168.04,169.1,167.99,168.86,9619611
2022-02-07,1644244200,169.45,170.3,169.19,170.11,7796866
2022-02-08,1644330600,170.1,170.78,169.95,170.63,5801993
2022-02-09,1644417000,170.68,171.42,170.55,171.21,8002766
2022-02-10,1644503400,170.5201,171.99,170.46,170.56,10693524
2022-02-11,1644589800,170.75,174.2,170.71,173.81,25741494
2022-02-14,1644849000,173.78,175,173.68,174.74,13650704
2022-02-15,1644935400,173.1,173.34,172.39,173.08,12607006
2022-02-16,1645021800,173.49,174.86,173.48,174.86,12772069
2022-02-17,1645108200,176.7,177.53,176.39,177.25,18612546
2022-02-18,1645194600,177.07,177.25,176.51,177.12,12760663
2022-02-22,1645540200,177.67,178.07,176.8175,177.49,14960494
2022-02-23,1645626600,177.39,178.39,177.36,178.29,11772201
2022-02-24,1645713000,182.59,182.6,175.27,177.14,32725999
2022-02-25,1645799400,176.42,176.79,175.79,176.55,11530929
2022-02-28,1646058600,178.86,178.99,176.5,178.38,16055844
2022-03-01,1646145000,179.0456,181.76,179.03,181.62,21942127
2022-03-02,1646231400,180.13,180.71,178.788,179.73,19727192
2022-03-03,1646317800,179.96,181.3,179.5,180.8,14826051
2022-03-04,1646404200,182.1137,183.98,181.36,183.68,22412092
2022-03-07,1646663400,184.45,186.64,184.22,186.41,27951785
2022-03-08,1646749800,188.35,193.3,188.26,191.51,47347678
2022-03-09,1646836200,186.04,187.225,184.76,185.82,26839671
2022-03-10,1646922600,186.8799,187.38,184.99,186.4,18455213
2022-03-11,1647009000,183.7399,185.78,183.44,185.09,14824715
2022-03-14,1647264600,183.03,183.29,181.95,182.3,13186389
2022-03-15,1647351000,179.1,180.27,178.01,178.89,16962273
2022-03-16,1647437400,179.13,180.115,176.87,180.01,17548090
2022-03-17,1647523800,181.16,182.03,180.65,180.89,10954139
2022-03-18,1647610200,179.93,180.93,179.035,179.3,13996452
2022-03-21,1647869400,179.33,181.29,179.32,180.67,10582224
2022-03-22,1647955800,179.6,179.71,178.3231,179.36,9621751
2022-03-23,1648042200,180.29,181.89,179.76,181.81,12557272
2022-03-24,1648128600,182.35,183.51,181.77,183.13,10970070
2022-03-25,1648215000,181.81,183.13,181.35,182.38,7914035
2022-03-28,1648474200,180.38,181.325,178.85,179.06,9489725
2022-03-29,1648560600,177.02,179.33,176.69,179.14,10458927
2022-03-30,1648647000,179.76,180.92,179.6801,180.58,8361286
2022-03-31,1648733400,180.91,181.96,180.56,180.65,9844398
2022-04-01,1648819800,179.5501,180.4599,178.98,179.5,13034395
2022-04-04,1649079000,180.2439,180.81,179.58,180.37,7063124
2022-04-05,1649165400,180.91,181.49,178.93,179.24,10828531
2022-04-06,1649251800,179.78,180.31,178.7,179.66,8942121
2022-04-07,1649338200,179.87,180.88,179.8,180.34,10140585
2022-04-08,1649424600,180.52,181.82,180.52,181.47,10655681
2022-04-11,1649683800,183.17,183.33,181.11,182.37,10071319
2022-04-12,1649770200,184.04,184.64,182.96,183.77,12024560
2022-04-13,1649856600,184.5,184.94,184.13,184.65,8651635
2022-04-14,1649943000,184.28,184.41,182.88,184.04,11567178
2022-04-18,1650288600,185.95,186.1,184.39,184.61,8886690
2022-04-19,1650375000,183.19,183.6506,181.33,181.82,12585622
2022-04-20,1650461400,181.59,182.72,181.35,182.71,7038625
2022-04-21,1650547800,181.77,182.32,180.775,182.06,9639834
2022-04-22,1650634200,180.7235,181.605,179.74,180.29,9146973
2022-04-25,1650893400,177.17,177.51,176.48,177.05,13073688
2022-04-26,1650979800,177.95,178.3,176.915,177.32,9042403
2022-04-27,1651066200,176.4561,176.64,175.5,175.98,8854721
2022-04-28,1651152600,175.92,176.965,175.69,176.93,6384762
2022-04-29,1651239000,178.0667,178.615,176.71,176.91,7719702
2022-05-02,1651498200,173.6121,174.65,172.98,173.63,14318600
2022-05-03,1651584600,173.89,175.205,173.85,174.09,7214348
2022-05-04,1651671000,174.32,176.35,173.67,175.8,10491681
2022-05-05,1651757400,177.56,177.61,174.66,175.13,12794160
2022-05-06,1651843800,175.39,176.56,174.86,175.42,7643269
2022-05-09,1652103000,174.27,174.27,172.79,172.88,10742410
2022-05-10,1652189400,173.8039,173.96,171.2,171.42,11010440
2022-05-11,1652275800,172.51,173.32,172.2,172.82,9179592
2022-05-12,1652362200,172.072,172.4,169.9,170.17,11626799
2022-05-13,1652448600,168.312,169.62,168.01,168.79,13031057
2022-05-16,1652707800,168.43,170.43,168.34,170.4,7319277
2022-05-17,1652794200,170.44,170.53,169.1409,169.33,6441110
2022-05-18,1652880600,169.01,170.21,168.81,169.42,7472850
2022-05-19,1652967000,171.5489,172.5197,170.89,171.91,10580267
2022-05-20,1653053400,171.71,172.24,170.89,172.03,6578056
2022-05-23,1653312600,173.13,173.38,172.28,172.83,5518503
2022-05-24,1653399000,173.47,174.41,173.35,174.13,6793991
2022-05-25,1653485400,172.79,173.16,171.73,173.08,4595917
2022-05-26,1653571800,172.13,172.93,171.76,172.76,6466982
2022-05-27,1653658200,173.4901,173.52,172.64,172.85,3847871
2022-05-31,1654003800,172.71,173.07,171.08,171.14,6243967
2022-06-01,1654090200,172.2099,172.53,171.39,172.23,6946516
2022-06-02,1654176600,173.66,174.45,173.49,174.35,5623129
2022-06-03,1654263000,173.5285,173.965,172.25,172.58,5519407
2022-06-06,1654522200,172.81,172.89,171.65,171.82,3766042
2022-06-07,1654608600,172.11,173.05,171.985,172.94,3860035
2022-06-08,1654695000,172.89,173.45,172.67,172.78,5140816
2022-06-09,1654781400,172.45,172.59,171.58,172.23,4701143
2022-06-10,1654867800,170.89,174.94,170.46,174.54,16856138
2022-06-13,1655127000,171.18,171.335,169.61,169.93,13265243
2022-06-14,1655213400,169.61,169.7309,168.3,168.57,7347935
2022-06-15,1655299800,170.4,171.84,169.08,170.77,9000294
2022-06-16,1655386200,170.56,172.77,170.17,172.69,8823558
2022-06-17,1655472600,172.15,172.3,170.97,171.27,7407223
2022-06-21,1655818200,171.06,171.91,170.47,170.63,5608485
2022-06-22,1655904600,171.61,172.3,171.1,171.31,6558656
2022-06-23,1655991000,171.39,172.13,169.9,170.26,6535261
2022-06-24,1656077400,170.24,170.7401,169.85,170.09,6143081
2022-06-27,1656336600,170.595,170.67,169.75,169.9,5719684
2022-06-28,1656423000,170.0699,170.21,169.51,169.62,2984448
2022-06-29,1656509400,170.58,170.7,169.17,169.49,4785576
2022-06-30,1656595800,169.51,169.96,168.24,168.46,9144391
2022-07-01,1656682200,167.135,168.68,166.96,168.32,11380332
2022-07-05,1657027800,167.18,167.33,164.41,164.75,14035426
2022-07-06,1657114200,164.32,164.57,161.47,162.14,11861144
2022-07-07,1657200600,162.43,163.04,162.06,162.23,4588418
2022-07-08,1657287000,162.35,163.38,161.84,162.3,4584112
2022-07-11,1657546200,161.93,162.435,161.3757,161.43,4321663
2022-07-12,1657632600,161.22,161.62,160.72,160.83,5375081
2022-07-13,1657719000,160.1,162.705,160.06,161.6,8456636
2022-07-14,1657805400,159.02,159.83,158.22,159.33,12213614
2022-07-15,1657891800,159.01,159.25,158.35,159.01,6783785
2022-07-18,1658151000,160.08,160.43,159.05,159.16,5791779
2022-07-19,1658237400,159.47,159.87,159.33,159.54,3796198
2022-07-20,1658323800,159.71,159.815,158.025,158.04,4795846
2022-07-21,1658410200,158.31,160.31,158.2699,160.27,5863333
2022-07-22,1658496600,160.55,162.13,160.35,160.67,5733753
2022-07-25,1658755800,160.64,160.7,159.81,160.23,3713368
2022-07-26,1658842200,160.23,160.5,159.79,160.04,2672764
2022-07-27,1658928600,160.02,162.21,159.51,161.67,5709082
2022-07-28,1659015000,163.31,163.76,162.88,163.64,5606353
2022-07-29,1659101400,163.89,164.69,163.28,164.1,7537307
2022-08-01,1659360600,164.98,165.41,164.41,165.03,4666912
2022-08-02,1659447000,165.66,166.46,164.02,164.05,5725388
2022-08-03,1659533400,164.77,164.91,163.475,164.45,4417759
2022-08-04,1659619800,165.53,167.31,165.34,167.17,5502000
2022-08-05,1659706200,164.99,165.84,164.87,165.29,6023291
2022-08-08,1659965400,166.03,166.8103,165.93,166.69,3457314
2022-08-09,1660051800,167.48,167.8,166.82,167.2,3205494
2022-08-10,1660138200,167.3925,167.98,166.6201,166.78,4077274
2022-08-11,1660224600,167.16,167.66,166.31,166.34,4445977
2022-08-12,1660311000,167.17,167.94,166.83,167.87,5151653
2022-08-15,1660570200,165.99,166.25,165.44,165.71,5236292
2022-08-16,1660656600,165.31,165.72,165.18,165.42,4291529
2022-08-17,1660743000,165.21,165.228,163.95,164.35,5569071
2022-08-18,1660829400,164.6,164.9125,163.545,163.92,3646087
2022-08-19,1660915800,163.65,163.74,162.615,162.72,8172954
2022-08-22,1661175000,161.66,162.12,161.36,161.64,4458113
2022-08-23,1661261400,161.96,163.43,161.91,162.77,4425075
2022-08-24,1661347800,162.44,163.61,162.37,163.25,3202411
2022-08-25,1661434200,163.97,163.985,163.24,163.75,2857488
2022-08-26,1661520600,163.12,163.61,161.55,161.76,6689259
2022-08-29,1661779800,161.88,162.62,161.7,161.86,4702256
2022-08-30,1661866200,161.27,161.43,160.34,160.51,4856576
2022-08-31,1661952600,159.5,160.575,159.255,159.27,5438641
2022-09-01,1662039000,158.17,158.39,157.32,157.87,7390755
2022-09-02,1662125400,159.3499,160.06,159.14,159.26,5196908
2022-09-06,1662471000,159.17,159.46,158.32,158.33,4863819
2022-09-07,1662557400,158.15,160.15,158.08,159.94,3981410
2022-09-08,1662643800,159.54,159.86,158.7115,158.98,4607118
2022-09-09,1662730200,159.72,160.24,159.41,159.82,3927788
2022-09-12,1662989400,161.04,161.62,160.55,160.63,4537530
2022-09-13,1663075800,158.47,159.2675,158.39,158.54,6526388
2022-09-14,1663162200,158.68,158.98,157.73,157.93,6091085
2022-09-15,1663248600,156.76,157.485,154.62,154.98,13181203
2022-09-16,1663335000,154.66,156.56,154.34,155.84,7141210
2022-09-19,1663594200,154.87,156.04,154.815,155.96,5582767
2022-09-20,1663680600,155.03,155.23,154.59,155.07,5943724
2022-09-21,1663767000,155.97,157.25,154.01,155.79,7816071
2022-09-22,1663853400,156.26,156.48,155.31,155.7,5975237
2022-09-23,1663939800,153.9,154,152.64,153.01,9597991
2022-09-26,1664199000,153.22,153.51,151.0301,151.23,8240501
2022-09-27,1664285400,152.25,152.73,151.5,151.54,7151310
2022-09-28,1664371800,153.2,154.88,152.93,154.69,8977243
2022-09-29,1664458200,154.14,155.03,153.16,154.66,6317021
2022-09-30,1664544600,154.94,156.045,154.57,154.67,6832430
2022-10-03,1664803800,155.438,158.48,155.23,158.43,10362232
2022-10-04,1664890200,159.18,161.08,158.92,160.7,8024496
2022-10-05,1664976600,159.32,160.08,158.38,159.81,5296309
2022-10-06,1665063000,159.41,159.94,158.9511,159.63,5712627
2022-10-07,1665149400,158.46,158.98,157.68,157.88,5030041
2022-10-10,1665408600,155.94,156.35,155.12,155.48,6110794
2022-10-11,1665495000,155.49,156.81,154.92,155.16,5306673
2022-10-12,1665581400,155.51,156.29,155.26,155.99,3998472
2022-10-13,1665667800,153.48,155.73,152.92,154.91,7083767
2022-10-14,1665754200,154.02,154.1996,152.72,152.98,5474648
2022-10-17,1666013400,154.92,155.33,153.325,153.42,4348044
2022-10-18,1666099800,154.08,154.2393,153.24,153.75,4528441
2022-10-19,1666186200,152.09,152.49,151.54,151.69,8257060
2022-10-20,1666272600,151.92,153.23,151.27,151.45,5019849
2022-10-21,1666359000,151.98,154.31,151.83,154.15,6898351
2022-10-24,1666618200,153.45,154.06,153.06,153.65,4673274
2022-10-25,1666704600,153.9599,154.79,153.83,154,3434053
2022-10-26,1666791000,154.78,155.73,154.78,154.98,4451056
2022-10-27,1666877400,154.7148,155.09,154.22,154.74,3654871
2022-10-28,1666963800,152.96,153.54,152.5,153.16,4645440
2022-10-31,1667223000,152.16,152.8721,151.89,151.91,6097760
2022-11-01,1667309400,153.82,153.98,152.87,153.46,4603597
2022-11-02,1667395800,154.16,155.42,152.26,152.39,7220403
2022-11-03,1667482200,150.699,151.955,150.5703,151.81,5378810
2022-11-04,1667568600,154.95,156.6,154.66,156.47,7691954
2022-11-07,1667831400,156.22,156.569,155.81,155.85,4425710
2022-11-08,1667917800,155.99,159.87,155.975,159.45,11299635
2022-11-09,1668004200,159.359,160.35,158.45,158.65,6040627
2022-11-10,1668090600,162.01,163.51,161.655,163.48,9939858
2022-11-11,1668177000,163.914,164.58,163.42,164.56,4622422
2022-11-14,1668436200,164.2,165.24,164.15,164.92,6187552
2022-11-15,1668522600,165.27,166.23,164.56,165.5,9903495
2022-11-16,1668609000,165.41,165.71,164.8301,165.12,3645845
2022-11-17,1668695400,163.79,164.1099,163.4,163.92,4578129
2022-11-18,1668781800,163.38,163.69,162.68,162.79,4321075
2022-11-21,1669041000,162.44,162.5,161.28,161.88,4766512
2022-11-22,1669127400,162.3,162.6,161.72,162.07,3203837
2022-11-23,1669213800,161.69,163.24,161.56,163.08,4167005
2022-11-25,1669386600,162.85,163.43,162.765,163.22,1436508
2022-11-28,1669645800,162.93,163.06,161.91,161.93,4053918
2022-11-29,1669732200,162.7,163.6299,162.6,162.73,2620637
2022-11-30,1669818600,163.69,164.81,162.4,164.81,4874746
2022-12-01,1669905000,167.48,167.95,166.975,167.84,8625780
2022-12-02,1669991400,166.18,167.47,165.76,167.26,5185941
2022-12-05,1670250600,166.55,166.72,164.3201,164.39,5436175
2022-12-06,1670337000,165.2,165.54,164.45,164.84,3597758
2022-12-07,1670423400,165.4699,166.64,165.318,166.33,4610697
2022-12-08,1670509800,166.58,167.045,166.07,166.47,3217874
2022-12-09,1670596200,167.26,168.085,166.6,167.06,5431272
2022-12-12,1670855400,166.438,166.6,165.43,165.68,3504409
2022-12-13,1670941800,169.21,169.79,168.02,168.51,6750199
2022-12-14,1671028200,168.43,168.81,167.14,168.1,5642965
2022-12-15,1671114600,165.73,166.21,165.1,165.35,8370909
2022-12-16,1671201000,166.02,166.98,165.84,166.79,5371967
2022-12-19,1671460200,166.71,167.11,165.99,166.32,3940525
2022-12-20,1671546600,168.1,169.53,168.03,169.08,7803118
2022-12-21,1671633000,169.04,169.71,168.675,168.8,3990060
2022-12-22,1671719400,167.76,167.7632,166.06,166.76,5672656
2022-12-23,1671805800,166.8801,167.795,166.66,167.26,2912300
2022-12-27,1672151400,167.89,170.61,167.8,168.67,6885715
2022-12-28,1672237800,168.05,168.34,167.1,167.91,3662456
2022-12-29,1672324200,168.54,169.35,168.52,168.85,3345874
2022-12-30,1672410600,169.26,169.8999,168.795,169.64,2864455
2023-01-03,1672756200,171.32,172.09,170.02,171.06,7992927
2023-01-04,1672842600,172.86,173.09,171.845,172.67,7574633
2023-01-05,1672929000,170.824,171,169.79,170.52,4692610
2023-01-06,1673015400,171.76,173.96,171.23,173.71,7888954
2023-01-09,1673274600,174.51,175.035,173.881,174.1,5134503
2023-01-10,1673361000,174.61,174.98,174.06,174.74,4398411
2023-01-11,1673447400,174.76,174.79,173.72,174.62,3374201
2023-01-12,1673533800,176.01,176.71,174.88,176.64,6936919
2023-01-13,1673620200,176.96,178.825,176.8934,178.76,7468768
2023-01-17,1673965800,178.21,178.24,177.09,177.59,6610834
2023-01-18,1674052200,178.92,179.18,176.9,177.08,5384664
2023-01-19,1674138600,178.37,180.03,178.09,179.89,6678687
2023-01-20,1674225000,179.06,179.66,178.645,179.29,5754818
2023-01-23,1674484200,178.35,179.69,177.78,179.63,5265507
2023-01-24,1674570600,179.56,180.32,178.35,180.28,4604628
2023-01-25,1674657000,179.35,181.22,179.2925,181.11,6925348
2023-01-26,1674743400,180.146,180.265,178.46,179.47,5860129
2023-01-27,1674829800,179.27,179.72,178.262,179.22,6052728
2023-01-30,1675089000,179.286,179.43,178.65,178.76,4210726
2023-01-31,1675175400,178.82,179.699,178.54,179.41,5976888
2023-02-01,1675261800,179.75,181.73,178.63,181.67,7996005
2023-02-02,1675348200,181.08,181.11,177.74,177.9,8842396
2023-02-03,1675434600,174.92,175.43,173.12,173.46,13674441
2023-02-06,1675693800,174.11,174.455,173.28,173.82,8956963
2023-02-07,1675780200,173.72,175.27,173.47,173.98,6794153
2023-02-08,1675866600,174.942,174.99,173.83,174.41,4075638
2023-02-09,1675953000,175.49,175.52,172.87,173.03,5361340
2023-02-10,1676039400,173.63,173.68,172.63,173.36,2971125
2023-02-13,1676298600,172.7,172.9014,172.07,172.48,3970786
2023-02-14,1676385000,171.97,173.51,171.41,172.61,5403099
2023-02-15,1676471400,170.6,170.99,170.16,170.89,5435337
2023-02-16,1676557800,170.34,171.6,169.96,170.75,4540398
2023-02-17,1676644200,169.87,171.47,169.52,171.26,4809799
2023-02-21,1676989800,171.2,171.5,170.34,170.62,4035933
2023-02-22,1677076200,170.81,170.96,169.56,169.66,4105675
2023-02-23,1677162600,169.84,170.125,169.08,169.57,5073479
2023-02-24,1677249000,168.42,168.84,168.19,168.35,6496496
2023-02-27,1677508200,168.88,169.23,168.55,169.01,4509151
2023-02-28,1677594600,168.781,170.25,168.59,169.78,6761585
2023-03-01,1677681000,170.95,171.49,170.47,170.76,6590468
2023-03-02,1677767400,170.52,170.975,170.36,170.66,3952266
2023-03-03,1677853800,171.45,172.595,170.98,172.49,6894466
2023-03-06,1678113000,172.32,172.37,171.54,171.62,4264124
2023-03-07,1678199400,170.42,170.47,168.52,168.62,8713268
2023-03-08,1678285800,168.61,169.59,168.52,168.54,5718595
2023-03-09,1678372200,169.751,170.65,169.71,170.2,5582980
2023-03-10,1678458600,171.93,173.88,171.92,173.87,13803589
2023-03-13,1678714200,176.66,178.02,176.3,177.86,20554417
2023-03-14,1678800600,177.35,177.59,176.21,176.83,10019032
2023-03-15,1678887000,178.86,180.13,177.49,178.21,14546095
2023-03-16,1678973400,179.51,179.654,177.87,178.57,10765891
2023-03-17,1679059800,181.02,184.81,180.77,183.77,24156266
2023-03-20,1679319000,184.19,184.54,182.74,183.84,11845702
2023-03-21,1679405400,182.65,182.73,179.9,180.37,10734493
2023-03-22,1679491800,180.4,183.94,180.28,183.44,11969861
2023-03-23,1679578200,183.91,186.24,183.5996,185.74,11347149
2023-03-24,1679664600,185.606,185.99,183.62,183.65,9253075
2023-03-27,1679923800,181.15,182.15,180.69,181.95,6925046
2023-03-28,1680010200,182.31,183.62,182.12,183.44,6202597
2023-03-29,1680096600,182.49,183.27,182.24,182.53,4996493
2023-03-30,1680183000,182.75,184.4401,182.55,184.18,6360296
2023-03-31,1680269400,184.11,184.42,182.8,183.22,8003334
2023-04-03,1680528600,183.85,185.035,183.32,184.54,9206635
2023-04-04,1680615000,184.7224,188.23,184.66,187.98,13765361
2023-04-05,1680701400,188.34,188.86,186.78,187.83,11440827
2023-04-06,1680787800,186.8901,187.26,185.95,186.49,6648428
2023-04-10,1681133400,185.18,185.36,184.19,185.11,6408114
2023-04-11,1681219800,185.905,186.51,185.635,186.28,6031494
2023-04-12,1681306200,187.54,187.66,185.97,187.19,10000948
2023-04-13,1681392600,189.76,190.41,188.99,189.72,14060106
2023-04-14,1681479000,188.08,188.4869,185.17,186.36,13272541
2023-04-17,1681738200,185.89,185.93,184.1,185.53,7468062
2023-04-18,1681824600,185.24,186.99,185.04,186.25,8056928
2023-04-19,1681911000,184.3499,185.58,184.28,185.36,7373518
2023-04-20,1681997400,186.14,187.03,185.78,186.09,5789908
2023-04-21,1682083800,184.98,185.68,183.22,184.25,10698705
2023-04-24,1682343000,184.07,185.025,183.46,184.81,8303396
2023-04-25,1682429400,184.84,186.2204,184.3,185.75,8451933
2023-04-26,1682515800,186.63,186.65,184.3,184.74,8203595
2023-04-27,1682602200,183.9,184.989,183.38,184.75,9107425
2023-04-28,1682688600,184.79,185.38,184.17,184.8,6700418
2023-05-01,1682947800,186.05,186.22,183.91,183.97,7997658
2023-05-02,1683034200,184.65,187.64,184.515,187.52,13554921
2023-05-03,1683120600,187.61,189.205,186.93,189.11,11133826
2023-05-04,1683207000,188.86,191.36,188.81,190.44,14146787
2023-05-05,1683293400,186.56,187.58,185.77,187.46,12508113
2023-05-08,1683552600,187.82,188.67,187.49,187.69,6075441
2023-05-09,1683639000,188.12,189.33,188.07,189.02,7098810
2023-05-10,1683725400,188.975,189.64,187.82,188.75,9392097
2023-05-11,1683811800,188.44,188.81,186.86,187.13,8245523
2023-05-12,1683898200,187.43,187.92,186.58,186.81,7087462
2023-05-15,1684157400,187.3,187.88,187.032,187.21,5518086
2023-05-16,1684243800,186.58,186.82,184.4601,184.87,9527806
2023-05-17,1684330200,184.305,184.45,183.48,184.23,7474277
2023-05-18,1684416600,182.1,182.28,181.335,181.84,8812591
2023-05-19,1684503000,182.25,184.34,181.81,183.64,8434976
2023-05-22,1684762200,183.22,183.84,182.91,183.21,4834298
2023-05-23,1684848600,182.78,183.76,182.48,183.43,6345012
2023-05-24,1684935000,183.54,183.54,181.77,181.95,6732940
2023-05-25,1685021400,181.18,181.31,180.1,180.2,6919174
2023-05-26,1685107800,181.01,181.3,180.09,180.92,5823674
2023-05-30,1685453400,181.72,182.4,181.17,182.04,4906066
2023-05-31,1685539800,182.39,183.445,182.1,182.32,8497893
2023-06-01,1685626200,182.81,184.21,182.72,183.76,7300542
2023-06-02,1685712600,183.53,183.56,180.96,181.05,8726111
2023-06-05,1685971800,180.79,182.44,180.6,182.14,6403343
2023-06-06,1686058200,182.36,182.65,181.52,182.34,4967156
2023-06-07,1686144600,181.94,183,180.15,180.15,9066528
2023-06-08,1686231000,182,183.04,181.96,182.53,6394890
2023-06-09,1686317400,182.36,182.79,181.72,182.04,4380811
2023-06-12,1686576600,181.8,181.94,181.04,181.88,4875450
2023-06-13,1686663000,182.1,182.43,180.165,180.54,5126686
2023-06-14,1686749400,181.69,181.96,180.14,180.64,6807003
2023-06-15,1686835800,180.28,182.05,180.18,181.91,6739009
2023-06-16,1686922200,181.925,182.618,181.41,181.63,8779096
2023-06-20,1687267800,180.06,180.09,179.22,179.75,7586229
2023-06-21,1687354200,179.15,179.95,178.19,179.49,6702339
2023-06-22,1687440600,178.36,178.99,177.63,177.71,7948565
2023-06-23,1687527000,179.6,179.95,178.09,178.2,5419784
2023-06-26,1687786200,179.05,179.075,178.42,178.51,3222050
2023-06-27,1687872600,179.07,179.29,177.43,177.69,5036916
2023-06-28,1687959000,177.23,177.685,176.7,177.28,5866741
2023-06-29,1688045400,175.83,177.63,175.79,177.09,6862511
2023-06-30,1688131800,177.69,178.53,177.32,178.27,6420904
2023-07-03,1688391000,178.61,179.34,178.46,178.47,4085711
2023-07-05,1688563800,179.41,179.42,177.825,177.84,5652091
2023-07-06,1688650200,177.51,177.8,176.66,177.31,5132954
2023-07-07,1688736600,178.38,179.65,178.35,178.64,5201148
2023-07-10,1688995800,178.37,178.92,178.2601,178.78,3320497
2023-07-11,1689082200,179.43,179.71,179.13,179.45,2819610
2023-07-12,1689168600,181.18,181.95,181.1,181.88,7062010
2023-07-13,1689255000,181.96,182.15,181.49,182.01,4527900
2023-07-14,1689341400,181.59,182.17,181.1101,181.43,5389968
2023-07-17,1689600600,180.99,181.6307,180.64,181.56,4152919
2023-07-18,1689687000,182.79,184.23,182.32,183.64,8242597
2023-07-19,1689773400,183.45,183.835,182.87,183.67,3911565
2023-07-20,1689859800,183.73,183.77,182.47,182.74,4972856
2023-07-21,1689946200,182.06,182.46,181.68,182.18,3845361
2023-07-24,1690205400,182.22,182.54,181.34,181.4,4370026
2023-07-25,1690291800,181.72,182.47,181.1,182.41,4090149
2023-07-26,1690378200,182.66,183.64,182.31,183.3,6158432
2023-07-27,1690464600,181.64,181.64,180.32,180.42,7592752
2023-07-28,1690551000,181.48,182.27,181.25,181.86,3829197
2023-07-31,1690810200,182.43,183.09,182.31,182.35,5496890
2023-08-01,1690896600,180.85,181.375,180.19,180.46,6289869
2023-08-02,1690983000,180.57,180.79,179.41,179.6,6348266
2023-08-03,1691069400,179.44,179.95,179.28,179.54,4638874
2023-08-04,1691155800,180.25,180.77,179.85,180.19,5326191
2023-08-07,1691415000,180.15,180.15,179.27,179.78,4510408
2023-08-08,1691501400,178.64,179.33,178.46,178.64,6162879
2023-08-09,1691587800,178.68,178.92,177.78,177.79,4643998
2023-08-10,1691674200,178.22,178.7,177.54,177.6,5934598
2023-08-11,1691760600,177.7,178.36,177.49,177.6,5289694
2023-08-14,1692019800,176.86,177.58,176.5787,177.06,9554477
2023-08-15,1692106200,176.75,177.43,176.33,176.59,7582703
2023-08-16,1692192600,176.62,176.945,175.56,175.57,6559418
2023-08-17,1692279000,176.53,176.56,174.93,175.3,7937672
2023-08-18,1692365400,175.83,176.055,175.1,175.33,6253027
2023-08-21,1692624600,175.9,175.94,174.96,175.81,4206360
2023-08-22,1692711000,175.83,176.25,175.31,176.1,5892540
2023-08-23,1692797400,177.32,178.22,177.07,177.89,7949056
2023-08-24,1692883800,177.66,178.49,177.41,177.85,5526428
2023-08-25,1692970200,177.58,178.38,176.63,177.62,6132927
2023-08-28,1693229400,177.65,178.73,177.51,178.13,4740683
2023-08-29,1693315800,178.03,179.88,177.9,179.87,7576640
2023-08-30,1693402200,180.58,180.88,180.29,180.32,6593692
2023-08-31,1693488600,180.37,180.49,179.94,180.02,4795626
2023-09-01,1693575000,180.8,181.12,179.51,180.11,4970732
2023-09-05,1693920600,179.33,179.4438,178.64,178.64,7056834
2023-09-06,1694007000,178.33,179.01,177.7,177.83,6427224
2023-09-07,1694093400,178.31,178.3701,177.9,178.02,3257213
2023-09-08,1694179800,178.36,179.045,177.9,178.08,3293699
2023-09-11,1694439000,178.97,179.07,178.261,178.41,3689085
2023-09-12,1694525400,177.11,177.7,177.05,177.49,4445435
2023-09-13,1694611800,177.53,177.75,177.035,177.08,3874788
2023-09-14,1694698200,176.5,177.39,176.36,177.17,6184382
2023-09-15,1694784600,178.55,179.105,178.34,178.34,5620888
2023-09-18,1695043800,178.82,179.41,178.38,179.39,5049308
2023-09-19,1695130200,179.54,179.65,179.03,179.22,4225102
2023-09-20,1695216600,179.34,180.66,179.32,179.35,9330262
2023-09-21,1695303000,177.86,178.485,177.69,178.05,7573300
2023-09-22,1695389400,178.65,178.95,178.51,178.62,3637075
2023-09-25,1695648600,178.41,178.71,177.64,177.7,5582074
2023-09-26,1695735000,176.825,177.14,176.16,176.28,7181080
2023-09-27,1695821400,175.27,175.32,173.7,174.1,10919579
2023-09-28,1695907800,173.91,174.135,172.32,173.23,10061917
2023-09-29,1695994200,173.92,174.03,171.265,171.45,10427383
2023-10-02,1696253400,170.23,170.46,169.5,169.65,12706027
2023-10-03,1696339800,169.14,170.08,168.745,169.16,11459840
2023-10-04,1696426200,169.21,169.41,168.5,169.14,10034600
2023-10-05,1696512600,168.74,169,168.3,168.83,6970219
2023-10-06,1696599000,169.17,170.23,168.5,169.7,9948433
2023-10-09,1696858200,171.18,172.86,171.075,172.82,10201547
2023-10-10,1696944600,172.08,172.795,171.9,172.53,5843995
2023-10-11,1697031000,173.6,174.125,173.26,173.79,7128002
2023-10-12,1697117400,174.06,174.23,173.24,173.26,5912663
2023-10-13,1697203800,176.8921,179.095,176.72,178.83,18802885
2023-10-16,1697463000,177.84,178.33,177.535,177.96,8385428
2023-10-17,1697549400,178.37,179.13,177.98,178.29,8231866
2023-10-18,1697635800,180.894,182.02,179.75,180.87,13920793
2023-10-19,1697722200,181.04,183.43,180.82,183.09,13406560
2023-10-20,1697808600,183.43,185.23,183.09,183.59,12785667
2023-10-23,1698067800,183.5099,183.56,182.705,182.97,9479805
2023-10-24,1698154200,182.07,183.4,181.68,182.95,6593963
2023-10-25,1698240600,183.42,184.2993,182.04,183.72,10087016
2023-10-26,1698327000,183.4,184.49,182.87,184.01,7671406
2023-10-27,1698413400,183.76,186.36,183.47,186.15,14102828
2023-10-30,1698672600,185.54,185.7,184.73,185.1,8756405
2023-10-31,1698759000,185.08,186.21,183.495,184.09,10104569
2023-11-01,1698845400,183.91,185,182.67,183.51,9048562
2023-11-02,1698931800,184.13,184.28,183.5,184.12,7343699
2023-11-03,1699018200,184.48,185.47,184.35,184.79,8530399
2023-11-06,1699281000,184.14,184.23,183.34,183.35,8274666
2023-11-07,1699367400,182.25,182.65,181.75,182.59,6795795
2023-11-08,1699453800,182.01,182.065,180.5699,180.77,6738304
2023-11-09,1699540200,180.98,182.28,180.89,181.49,6486286
2023-11-10,1699626600,180.51,180.585,179.245,179.51,7611618
2023-11-13,1699885800,179.4,180.73,179.11,180.51,5385908
2023-11-14,1699972200,181.7,182.75,181.62,182.12,6831639
2023-11-15,1700058600,182.03,182.18,181.31,181.64,4909399
2023-11-16,1700145000,182.8457,184.32,182.8,183.69,8253348
2023-11-17,1700231400,183.96,184.125,183.45,183.67,4871297
2023-11-20,1700490600,182.32,183.48,182.225,183.37,5393464
2023-11-21,1700577000,185.57,186.115,185.065,185.35,7322379
2023-11-22,1700663400,185.47,185.72,184.2715,184.56,4338209
2023-11-24,1700836200,185.47,185.75,185.16,185.52,2445058
2023-11-27,1701095400,186.56,186.8,185.93,186.77,6320420
2023-11-28,1701181800,187.9,189.4,187.52,189.26,10901890
2023-11-29,1701268200,189.16,189.99,189.02,189.54,8407253
2023-11-30,1701354600,188.89,189.24,188.28,188.75,7558123
2023-12-01,1701441000,188.805,192.395,188.685,192.01,16727571
2023-12-04,1701700200,189.599,190.38,187.26,187.86,18460544
2023-12-05,1701786600,187.5501,187.88,186.3,187.15,7027722
2023-12-06,1701873000,188.32,188.46,187.5,187.84,5778604
2023-12-07,1701959400,188.45,188.59,187.26,188.15,5802025
2023-12-08,1702045800,185.93,186.78,184.9,185.64,7883204
2023-12-11,1702305000,184.5,184.53,183.1513,183.59,8519527
2023-12-12,1702391400,183.844,183.98,183.26,183.49,5056911
2023-12-13,1702477800,183.82,187.66,183.38,187.63,10635500
2023-12-14,1702564200,188.8649,189.82,188.08,188.73,9107157
2023-12-15,1702650600,188.52,188.96,186.82,187,8324824
2023-12-18,1702909800,187.5,188.49,187.24,187.85,5357987
2023-12-19,1702996200,188.23,189.7239,188.13,189.13,6025564
2023-12-20,1703082600,188.69,188.96,188.085,188.1,6002395
2023-12-21,1703169000,189.21,189.62,188.75,189.43,4619995
2023-12-22,1703255400,191.6,191.88,190.07,190.27,7176292
2023-12-26,1703601000,190.97,191.74,190.4,191.72,4502664
2023-12-27,1703687400,191.77,193.1823,191.54,192.59,5813295
2023-12-28,1703773800,192.34,192.89,191.44,191.47,6171506
2023-12-29,1703860200,190.99,191.64,190.74,191.17,4612349
2024-01-02,1704205800,191.44,191.89,190.5,190.72,6025646
2024-01-03,1704292200,188.77,189.86,188.16,189.13,8661568
2024-01-04,1704378600,189.08,189.75,188.69,189.32,4416743
2024-01-05,1704465000,189.68,191.26,189.08,189.35,7481883
2024-01-08,1704724200,187.21,188.74,187.11,187.87,6214968
2024-01-09,1704810600,188.68,188.78,187.73,187.93,4437269
2024-01-10,1704897000,188.14,188.44,187.205,187.5,4504726
2024-01-11,1704983400,188.02,188.55,186.56,187.87,6831086
2024-01-12,1705069800,190.67,191.08,189.16,189.71,6833678
2024-01-16,1705415400,189.15,189.26,187.54,187.91,6548068
2024-01-17,1705501800,187.31,187.42,185.45,185.84,8643163
2024-01-18,1705588200,186.36,187.4,186.3,187.37,4685239
2024-01-19,1705674600,188.26,188.3,187.44,187.93,5719650
2024-01-22,1705933800,187.23,187.7601,186.85,187.22,4397522
2024-01-23,1706020200,187.45,188.15,187.28,187.95,5040771
2024-01-24,1706106600,188.33,188.37,186.32,186.4,6085437
2024-01-25,1706193000,187.34,187.64,186.46,187.14,4651026
2024-01-26,1706279400,187.27,187.38,186.76,187.01,5064774
2024-01-29,1706538600,188.31,188.54,187.1899,188.33,5629695
2024-01-30,1706625000,189.7,189.83,187.975,188.59,4976467
2024-01-31,1706711400,189.37,190.46,188.13,188.45,7886115
2024-02-01,1706797800,189.71,191.36,188.99,190.41,10278129
2024-02-02,1706884200,188.07,188.87,187.85,188.61,7337573
2024-02-05,1707143400,186.875,187.82,186.7,187.57,5436062
2024-02-06,1707229800,187.94,188.854,187.742,188.55,4866122
2024-02-07,1707316200,188.45,189.39,188.28,188.5,6276879
2024-02-08,1707402600,187.91,188.5298,187.8199,188.33,3873445
2024-02-09,1707489000,187.56,187.77,187.14,187.6,4412654
2024-02-12,1707748200,186.6,187.27,186.36,187.11,4706253
2024-02-13,1707834600,185.35,185.38,184.33,184.53,9525794
2024-02-14,1707921000,184.27,184.88,183.78,184.42,7031562
2024-02-15,1708007400,185.6,186.02,185.095,185.66,6228859
2024-02-16,1708093800,185.076,186.67,184.835,186.34,6518526
2024-02-20,1708439400,187.96,188.03,187.4,187.47,5531152
2024-02-21,1708525800,187.88,188.04,187.1,187.48,5789951
2024-02-22,1708612200,187.56,187.64,187.05,187.56,4550823
2024-02-23,1708698600,187.56,189.18,187.46,188.62,6827271
2024-02-26,1708957800,187.79,188.36,187.53,188.2,4491937
2024-02-27,1709044200,188.58,188.72,187.88,188,5165376
2024-02-28,1709130600,188.34,188.52,188.0301,188.34,2824131
2024-02-29,1709217000,189.64,189.918,189.23,189.31,6848639
2024-03-01,1709303400,190.27,193.4,189.44,192.89,13410997
2024-03-04,1709562600,194.15,196.3299,193.88,196.01,12216341
2024-03-05,1709649000,197.44,198.14,196.65,197.19,9672210
2024-03-06,1709735400,198.08,199.3,197.44,198.81,10459292
2024-03-07,1709821800,199.54,200.11,198.91,199.94,8403737
2024-03-08,1709908200,200.89,203.3,200.4459,201.63,13540110
2024-03-11,1710163800,201.71,202.41,201.46,202,7329560
2024-03-12,1710250200,200.42,200.6277,199.16,199.79,9436586
2024-03-13,1710336600,200.44,201.86,200.35,201.19,5929990
2024-03-14,1710423000,200.37,200.47,199.34,200.35,6865044
2024-03-15,1710509400,199.94,200.634,199.57,199.71,4556710
2024-03-18,1710768600,199.66,200.145,199.51,200.03,7206823
2024-03-19,1710855000,199.62,199.81,198.935,199.8,4657527
2024-03-20,1710941400,199.16,202.66,199.12,202.18,9593754
2024-03-21,1711027800,203.88,203.92,200.6,201.97,7396540
2024-03-22,1711114200,201.32,201.86,199.715,200.35,6918508
2024-03-25,1711373400,201.19,201.95,200.965,200.99,4034750
2024-03-26,1711459800,202.65,202.76,201.07,201.64,5752677
2024-03-27,1711546200,202.32,203.22,202.32,203.1,6040980
2024-03-28,1711632600,204.54,206.05,203.87,205.72,9194473
2024-04-01,1711978200,208.68,208.73,206.29,207.82,13677114
2024-04-02,1712064600,209.07,211.03,208.36,210.89,13421070
2024-04-03,1712151000,210.57,212.83,210.3,212.74,11416226
2024-04-04,1712237400,212,213.45,211.02,211.52,12307274
2024-04-05,1712323800,212.49,215.74,212.22,215.14,13382720
2024-04-08,1712583000,215.98,216.81,214.61,216.48,10331406
2024-04-09,1712669400,217.81,218.86,216.45,217.67,13079306
2024-04-10,1712755800,215.37,217.78,214.68,215.61,13317492
2024-04-11,1712842200,216.85,219.84,215.89,219.8,11415224
2024-04-12,1712928600,221.87,225.09,216.02,216.89,30898775
2024-04-15,1713187800,217.94,221.03,215.16,220.95,13238952
2024-04-16,1713274200,220.18,221.99,218.78,221.22,10746123
2024-04-17,1713360600,221.05,221.76,218.52,219.59,11521054
2024-04-18,1713447000,221.31,221.4599,219.312,220.34,6496885
2024-04-19,1713533400,220.49,222.36,220.08,221.03,8688967
2024-04-22,1713792600,216.35,216.9578,215.14,215.57,13404253
2024-04-23,1713879000,213.96,215.86,213.87,215.04,10730332
2024-04-24,1713965400,214.76,216.35,214.36,214.64,5741072
2024-04-25,1714051800,214.47,217.05,214.3357,215.92,6606512
2024-04-26,1714138200,216.77,217.0676,215.53,216.62,6268504
2024-04-29,1714397400,216.02,217.215,215.25,216.18,6409870
2024-04-30,1714483800,213.38,214.1271,211.8,211.87,11248615
2024-05-01,1714570200,212.96,215.5,212.41,213.79,10373880
2024-05-02,1714656600,211.9,213.705,211.49,213.13,6286967
2024-05-03,1714743000,212.89,213.225,210.71,212.96,8679910
2024-05-06,1715002200,215.14,215.91,214.47,215.2,6840477
2024-05-07,1715088600,214.52,214.93,213.88,214.21,5660735
2024-05-08,1715175000,213.62,214.8,213.5,213.58,4462736
2024-05-09,1715261400,214.48,216.95,214.44,216.95,7732469
2024-05-10,1715347800,219.22,219.6,218.08,218.71,8700917
2024-05-13,1715607000,217.06,217.31,215.8,216.26,4896343
2024-05-14,1715693400,217.31,218.3795,216.98,218.09,4662679
2024-05-15,1715779800,219.06,221.19,217.65,220.89,9297715
2024-05-16,1715866200,220.14,220.585,219.41,220.03,4301652
2024-05-17,1715952600,222.18,223.8501,221.67,223.66,10481937
2024-05-20,1716211800,223.79,225.66,223.02,224.56,5990860
2024-05-21,1716298200,224.77,225.21,223.7,224.23,4002615
2024-05-22,1716384600,223.09,223.24,219.7407,220.11,8903115
2024-05-23,1716471000,218.78,219.23,215.66,215.72,9537911
2024-05-24,1716557400,216.96,217.21,215.74,215.92,4212379
2024-05-28,1716903000,218.43,218.59,217.21,218.19,3809677
2024-05-29,1716989400,216.92,217.16,216.12,216.16,4184972
2024-05-30,1717075800,216.69,217.51,216.41,216.57,3071290
2024-05-31,1717162200,217.77,217.96,214.65,215.3,5617183
2024-06-03,1717421400,215.92,217.82,215.54,217.22,6172606
2024-06-04,1717507800,216.24,216.24,214.2,215.27,5509361
2024-06-05,1717594200,216.69,218.0795,215.93,217.82,5479226
2024-06-06,1717680600,218.36,219.97,218.1,219.43,5283914
2024-06-07,1717767000,215.07,215.19,211.54,211.6,12195073
2024-06-10,1718026200,213.13,214.02,212.76,213.54,4219641
2024-06-11,1718112600,213.95,214.38,213.24,214.15,4004085
2024-06-12,1718199000,216.47,216.55,214.2,214.72,5911883
2024-06-13,1718285400,214.44,214.96,212.26,212.97,5861099
2024-06-14,1718371800,215.34,216.04,214.98,215.73,7076496
2024-06-17,1718631000,214.9,215.24,213.6,214.61,3852657
2024-06-18,1718717400,214.38,215.83,214.04,215.47,4921415
2024-06-20,1718890200,216.32,218.7413,216.15,218.16,7290516
2024-06-21,1718976600,217.83,217.9,214.255,214.78,8935399
2024-06-24,1719235800,215.55,215.94,215.2,215.63,4626923
2024-06-25,1719322200,214.96,215.31,214.12,214.56,3847694
2024-06-26,1719408600,212.39,213.11,212.1204,212.58,4690348
2024-06-27,1719495000,214.71,215.5,214.45,214.99,4977837
2024-06-28,1719581400,215.64,215.8148,214.82,215.01,3955080
2024-07-01,1719840600,215.25,216,214.485,215.57,3797921
2024-07-02,1719927000,215.33,216.08,214.6204,215.56,4921672
2024-07-03,1720013400,217.34,218.7397,217.33,217.99,5055313
2024-07-05,1720186200,219.58,221.28,219.58,220.93,5950550
2024-07-08,1720445400,219.64,220.04,217.41,218.19,5790811
2024-07-09,1720531800,218.57,219.29,217.265,218.56,3904495
2024-07-10,1720618200,220.14,220.71,219.16,219.36,5556185
2024-07-11,1720704600,222.65,224.1489,221.48,223.25,9323981
2024-07-12,1720791000,222.03,223.62,221.86,223.11,5179297
2024-07-15,1721050200,223.39,225.59,223.02,223.83,5719339
2024-07-16,1721136600,225.45,228.29,225.3,228.29,11070663
2024-07-17,1721223000,228.79,229.65,226.67,227.23,8620511
2024-07-18,1721309400,227.71,228.32,225.57,225.78,5485459
2024-07-19,1721395800,221.52,222.68,221.41,221.73,8665956
2024-07-22,1721655000,221.58,221.92,220.4,221.8,5334060
2024-07-23,1721741400,222.34,222.75,221.86,222.58,4435700
2024-07-24,1721827800,223.47,224.88,221.74,221.8,6838783
2024-07-25,1721914200,219.02,219.2607,217.52,218.33,9777054
2024-07-26,1722000600,219.96,221.04,219.7,220.63,6328784
2024-07-29,1722259800,221.26,221.55,219.045,220.32,4665057
2024-07-30,1722346200,221.41,222.92,220.355,222.52,4939531
2024-07-31,1722432600,223.73,226.6,223.64,226.55,7316552
2024-08-01,1722519000,226.74,227.57,225.05,225.77,7217224
2024-08-02,1722605400,227.95,228.76,222.865,225.34,11109387
2024-08-05,1722864600,220.56,223.1,220.241,222.48,8939011
2024-08-06,1722951000,221.5,222.14,220.11,220.7,14362267
2024-08-07,1723037400,221.94,222.31,220.35,220.55,5287817
2024-08-08,1723123800,222.73,224.25,222.515,224.01,6327054
2024-08-09,1723210200,224.82,225.28,223.82,224.56,4441017
2024-08-12,1723469400,226.14,228.535,225.965,228.41,5561259
2024-08-13,1723555800,228.07,228.87,227.59,228.06,6740238
2024-08-14,1723642200,226.55,227.48,225.35,226.2,5462495
2024-08-15,1723728600,226.51,227.5,225.12,226.91,5273310
2024-08-16,1723815000,229.99,232.02,229.005,231.99,11924536
2024-08-19,1724074200,230.15,231.78,229.74,231.61,5164817
2024-08-20,1724160600,233.71,234.01,231.13,232.46,9073611
2024-08-21,1724247000,231.69,232.87,230.48,232.15,5337388
2024-08-22,1724333400,230.35,230.38,228.26,229.37,5765369
2024-08-23,1724419800,231.04,232.73,230.5199,232.02,5418171
2024-08-26,1724679000,233.45,233.5,232.06,232.76,3151384
2024-08-27,1724765400,231.69,233.47,231.5701,233.39,4435606
2024-08-28,1724851800,232,232.02,230.73,231.75,4961482
2024-08-29,1724938200,231.95,233.61,231.92,232.95,5524161
2024-08-30,1725024600,232.53,232.86,230.5501,231.29,5742963
2024-09-03,1725370200,230.38,230.54,228.52,230.29,6417918
2024-09-04,1725456600,229.79,231.06,229.375,230.43,4695980
2024-09-05,1725543000,232.72,232.89,231.33,232.35,4838112
2024-09-06,1725629400,231.83,232.76,229.62,230.63,6315824
2024-09-09,1725888600,231.26,231.62,230.39,231.6,3548806
2024-09-10,1725975000,232.39,232.74,231.12,232.62,4378349
2024-09-11,1726061400,231.72,232.87,231.09,232.25,4637312
2024-09-12,1726147800,234.63,236.45,234.42,236.33,9944986
2024-09-13,1726234200,238.13,238.98,237.7575,238.68,7455078
2024-09-16,1726493400,238.73,239.278,238.05,238.66,4713541
2024-09-17,1726579800,238.08,238.6,236.61,237.34,5257119
2024-09-18,1726666200,238.19,240.2896,235.3,235.51,11081114
2024-09-19,1726752600,238.24,239.515,237.39,239.17,6108226
2024-09-20,1726839000,241.11,242.625,240.47,242.21,7737416
2024-09-23,1727098200,242.97,243.46,242.585,242.68,5426166
2024-09-24,1727184600,243.39,246.19,243.15,246.07,8386348
2024-09-25,1727271000,246.19,246.47,244.79,245.73,7393448
2024-09-26,1727357400,246.44,247.37,245.19,246.98,7041063
2024-09-27,1727443800,246.31,246.75,244.19,245.02,8329633
2024-09-30,1727703000,243.97,244.08,242.5,243.06,6919352
2024-10-01,1727789400,245.2,246.98,245.06,245.61,10605494
2024-10-02,1727875800,245.61,246.07,243.99,245.66,6798783
2024-10-03,1727962200,244.72,245.91,243.69,245.49,5674503
2024-10-04,1728048600,245,246.69,244.045,245,5951628
2024-10-07,1728307800,244.58,244.82,243.81,244.17,3849026
2024-10-08,1728394200,243.79,244.04,240.63,242.37,7669807
2024-10-09,1728480600,241.16,241.84,240.64,241.05,4120486
2024-10-10,1728567000,241.77,243.02,241.5101,242.82,4792690
2024-10-11,1728653400,244.5,245.92,244.47,245.47,5789546
2024-10-14,1728912600,245.16,245.86,244.26,245.07,3922892
2024-10-15,1728999000,244.99,246.55,244.53,245.92,5640831
2024-10-16,1729085400,247.62,248.09,246.36,247.15,5431939
2024-10-17,1729171800,247.75,249.06,247.62,248.63,5176170
2024-10-18,1729258200,250,251.37,249.9,251.27,7833614
2024-10-21,1729517400,252.74,253.14,250.73,251.22,9258590
2024-10-22,1729603800,253.06,253.94,252.52,253.93,5756321
2024-10-23,1729690200,253.08,253.18,250.2,250.87,8080958
2024-10-24,1729776600,253.27,253.32,251.4,252.8,5962188
2024-10-25,1729863000,252,253.5499,251.77,253.32,4424475
2024-10-28,1730122200,253.01,253.63,252.95,253.33,4029110
2024-10-29,1730208600,254.49,256.29,254.23,256.09,8875470
2024-10-30,1730295000,256.76,257.71,255.9101,257.5,6386196
2024-10-31,1730381400,255.52,255.6,252.2,253.51,9930827
2024-11-01,1730467800,254.33,254.86,252.435,252.47,6473012
2024-11-04,1730730600,253.32,253.58,252.27,252.83,4581435
2024-11-05,1730817000,253.78,253.9893,252.41,253.4,6029884
2024-11-06,1730903400,245.635,247.35,244.9506,245.7,14600217
2024-11-07,1730989800,248.29,250.24,248.12,249.65,8821445
2024-11-08,1731076200,249.07,249.35,247.78,247.96,6267916
2024-11-11,1731335400,242.73,242.73,241.06,242.14,11653848
2024-11-12,1731421800,241.29,241.66,239.39,240.05,10145510
2024-11-13,1731508200,241.31,241.47,237.59,237.63,8431694
2024-11-14,1731594600,236.57,237.9886,236.1326,237.01,8262426
2024-11-15,1731681000,237.57,237.88,236.33,236.59,7299482
2024-11-18,1731940200,240.46,241.495,240.45,241.09,6512986
2024-11-19,1732026600,242.75,243.31,242.03,243.25,6579103
2024-11-20,1732113000,243.74,245.21,243.51,244.62,6630737
2024-11-21,1732199400,246.23,246.81,245.69,246.66,7646429
2024-11-22,1732285800,248.2,250.39,247.86,249.84,7502963
2024-11-25,1732545000,244.27,244.3999,241.48,242.48,10733109
2024-11-26,1732631400,242.71,243.09,241.58,242.95,4945897
2024-11-27,1732717800,244.85,245.1835,243.2,243.49,6930587
2024-11-29,1732890600,245.25,245.81,244.73,245.59,2708494
2024-12-02,1733149800,244.46,244.5805,243.14,243.44,4765001
2024-12-03,1733236200,244.96,245.18,243.3,243.93,3557819
2024-12-04,1733322600,244.93,245.34,244.365,244.67,4608584
2024-12-05,1733409000,244.16,244.38,242.15,242.86,4806206
2024-12-06,1733495400,242.79,243.86,242.435,242.95,3540698
2024-12-09,1733754600,246.28,247.11,245.2595,245.36,4711536
2024-12-10,1733841000,247.86,248.86,247.83,248.59,4641963
2024-12-11,1733927400,249.35,251.26,248.97,250.96,11033776
2024-12-12,1734013800,247.81,248.24,246.87,247.28,10149585
2024-12-13,1734100200,245.67,245.94,244.27,244.29,6602591
2024-12-16,1734359400,245.41,245.54,244.29,244.88,3310036
2024-12-17,1734445800,243.8,244.55,243.23,243.94,4421339
2024-12-18,1734532200,243.57,243.7095,238.82,239.26,8015848
2024-12-19,1734618600,239.67,240.05,238.73,239.6,8113568
2024-12-20,1734705000,241.41,242.955,241.17,242.1,9527805
2024-12-23,1734964200,241.6,241.67,240.65,240.96,5835498
2024-12-24,1735050600,241.49,241.66,240.82,241.44,2421008
2024-12-26,1735223400,242.39,243.56,242.195,243.07,4651778
2024-12-27,1735309800,241.2,241.95,241.05,241.4,4728440
2024-12-30,1735569000,241.08,241.08,239.58,240.63,3522539
2024-12-31,1735655400,241.05,242.52,241.05,242.13,2522102
2025-01-02,1735828200,244.22,245.53,244.08,245.42,6241899
2025-01-03,1735914600,244.56,244.82,243.36,243.49,4875546
2025-01-06,1736173800,242.33,243.79,242.05,243.19,3758903
2025-01-07,1736260200,245.52,245.77,243.81,244.56,5090333
2025-01-08,1736346600,245.72,246.45,244.51,245.86,6303334
2025-01-10,1736519400,248.01,249.04,247.55,248.21,12380131
2025-01-13,1736778600,246.34,246.79,245.151,245.74,8448595
2025-01-14,1736865000,245.62,247.04,245.52,247.03,4914837
2025-01-15,1736951400,248.21,248.9,247.0102,248.88,6344973
2025-01-16,1737037800,250.56,251.39,250.27,250.6,9235998
2025-01-17,1737124200,249.7,250.81,249.15,249.27,8312858
2025-01-21,1737469800,251.95,253.3598,251.83,253.13,7668119
2025-01-22,1737556200,254.29,254.68,253.7801,254.43,5213777
2025-01-23,1737642600,253.19,254.54,252.82,254.07,6511526
2025-01-24,1737729000,255.96,257.07,255.61,255.65,7341337
2025-01-27,1737988200,253.86,254.26,251.92,252.99,5799780
2025-01-28,1738074600,254.225,255.25,253.891,255.18,5332005
2025-01-29,1738161000,254.55,254.82,253.3,254.2,5671753
2025-01-30,1738247400,257.2,258.29,256.45,258.05,12981164
2025-01-31,1738333800,259.08,259.99,257.86,258.56,8965576
2025-02-03,1738593000,259.75,261.3897,259.5236,259.94,11521093
2025-02-04,1738679400,261.83,262.54,261.35,262.5,9850412
2025-02-05,1738765800,264.45,265.99,263.89,264.13,12681127
2025-02-06,1738852200,263.66,263.72,261.49,263.43,8731433
2025-02-07,1738938600,265.22,266.345,263.26,263.9,9154042
2025-02-10,1739197800,268,268.66,267.24,268.37,13250312
2025-02-11,1739284200,267.7,268.36,266.711,267.39,7169450
2025-02-12,1739370600,267.15,268.43,266.3451,267.67,9328598
2025-02-13,1739457000,268.4,270.39,268.22,270.31,8347547
2025-02-14,1739543400,270.07,270.21,265.45,266.29,11546721
2025-02-18,1739889000,269.68,271.0099,269.6,270.7,8185949
2025-02-19,1739975400,270.68,271.33,269.24,270.85,9342452
2025-02-20,1740061800,270.23,271.84,270.17,270.99,7356900
2025-02-21,1740148200,270.795,271.51,269.51,270.74,8917431
2025-02-24,1740407400,271.45,272.32,270.375,272.21,5374360
2025-02-25,1740493800,271.46,271.6796,266.45,268.62,10079777
2025-02-26,1740580200,267.08,269.08,266.6612,269.03,7276033
2025-02-27,1740666600,266.49,266.67,264.4475,264.93,9374626
2025-02-28,1740753000,262.555,263.4,261.25,263.27,11504491
2025-03-03,1741012200,265.07,266.88,265.07,266.74,7725647
2025-03-04,1741098600,269.01,269.4,267.52,269.06,8481343
2025-03-05,1741185000,267.97,270.26,267.96,269.62,6990354
2025-03-06,1741271400,268.25,269.51,268.16,268.25,6136447
2025-03-07,1741357800,269.09,270.34,267.64,268.39,10431236
2025-03-10,1741613400,267.62,268.44,265.64,266.04,7593890
2025-03-11,1741699800,268.47,269.73,268.4401,269.16,8436562
2025-03-12,1741786200,268.47,271.23,268.36,270.33,7236239
2025-03-13,1741872600,271.57,275.345,271.55,275.13,13741460
2025-03-14,1741959000,276.27,276.3,274.66,275.24,13364965
2025-03-17,1742218200,275.54,276.79,275.39,276.73,8583359
2025-03-18,1742304600,279.9,280.215,278.97,279.96,9596547
2025-03-19,1742391000,279.85,281.479,279.06,281.11,8822197
2025-03-20,1742477400,279.49,280.9,279.43,280.75,5863288
2025-03-21,1742563800,279.46,279.46,276.59,278.49,9359340
2025-03-24,1742823000,278.91,279.089,276.86,277.25,7870109
2025-03-25,1742909400,278.78,279.96,278.27,278.47,5090179
2025-03-26,1742995800,278.93,279.02,277.78,278.24,3741843
2025-03-27,1743082200,280.55,282.065,279.5868,281.97,8476335
2025-03-28,1743168600,283.82,284.64,282.86,284.06,9563660
2025-03-31,1743427800,287.53,288.39,285.85,288.14,13925100
2025-04-01,1743514200,288.54,289.13,285.91,287.57,15923553
2025-04-02,1743600600,288.28,289.03,287.36,288.16,11074787
2025-04-03,1743687000,282.78,289.09,282.45,286.42,20524385
2025-04-04,1743773400,283.64,284.03,278.02,279.72,21517158
2025-04-07,1744032600,278.855,280.14,272.58,273.71,19806990
2025-04-08,1744119000,277.8665,278.32,274.24,275.2,12639534
2025-04-09,1744205400,282.22,285.87,281.04,285.38,25342180
2025-04-10,1744291800,288.805,292.86,287.231,292.35,19837799
2025-04-11,1744378200,297.96,299.275,296.81,297.93,21080132
2025-04-14,1744637400,295.54,296.58,294.53,296.23,12427590
2025-04-15,1744723800,296.93,298.02,296.09,297.78,7924134
2025-04-16,1744810200,304.65,308.0599,303.8,307.47,20778079
2025-04-17,1744896600,306.31,307.13,302.73,306.12,18287825
2025-04-21,1745242200,315.015,316.41,313.945,315.59,20372259
2025-04-22,1745328600,317.49,317.63,310.36,311.11,35242287
2025-04-23,1745415000,304.18,304.74,300.59,303.65,25421464
2025-04-24,1745501400,306.98,308.495,304.71,308.07,10844971
2025-04-25,1745587800,301.78,305.37,301.01,304.73,10691590
2025-04-28,1745847000,304.15,309.11,302.97,309.07,9375484
2025-04-29,1745933400,305.81,306.95,304,306.06,6852106
2025-04-30,1746019800,304.605,306.065,303.44,303.77,8331894
2025-05-01,1746106200,297.41,297.94,295.32,297.46,14969062
2025-05-02,1746192600,300.17,300.85,297.03,297.98,8678366
2025-05-05,1746451800,305.92,307.65,304.675,306.88,8924009
2025-05-06,1746538200,313.12,315.62,311.4,315.48,11445270
2025-05-07,1746624600,312.1,313.26,310.08,310.75,7909976
2025-05-08,1746711000,309.76,310.48,303.05,304.63,11927583
2025-05-09,1746797400,307.79,308.57,306.0101,306.84,6913131
2025-05-12,1747056600,298.33,299.47,296.82,298.19,14375881
2025-05-13,1747143000,299.02,300.3,297.24,299.46,10233603
2025-05-14,1747229400,293.67,294.8,291.96,293.16,14800596
2025-05-15,1747315800,294.1,297.9,293.75,297.84,13497735
2025-05-16,1747402200,292.62,294.575,291.78,294.24,14173039
2025-05-19,1747661400,297.845,298.58,296.482,298.03,11656261
2025-05-20,1747747800,298.35,303.6825,298.3,303.58,12850980
2025-05-21,1747834200,304.55,306.46,303.67,305.82,12414518
2025-05-22,1747920600,305.09,305.28,302.1,303.11,9704165
2025-05-23,1748007000,308.86,310.25,307.47,309.75,13339473
2025-05-27,1748352600,303.81,304.875,302.74,304.5,9578486
2025-05-28,1748439000,304.64,304.99,303.06,303.81,8803333
2025-05-29,1748525400,305.74,306.89,304.46,305.61,9502412
2025-05-30,1748611800,303.64,304.02,301.5,303.6,9553260
2025-06-02,1748871000,309.21,311.72,308.72,311.67,13593232
2025-06-03,1748957400,309.56,309.56,307.15,308.91,9315081
2025-06-04,1749043800,309.41,311.88,308.74,310.9,7462529
2025-06-05,1749130200,311.24,312.2,307.6501,309.33,10856012
2025-06-06,1749216600,309.09,309.2,305.1,305.18,7787508
2025-06-09,1749475800,305.39,307.61,305.06,306.62,7159036
2025-06-10,1749562200,308.31,308.6,305.87,306.71,7071702
2025-06-11,1749648600,307.5,308.615,305.85,308.37,9248766
2025-06-12,1749735000,311.74,313.1,311.15,312.2,11531407
2025-06-13,1749821400,317.26,317.6,315.0375,316.29,16592949
2025-06-16,1750080600,314.8,314.87,311.65,311.78,12848440
2025-06-17,1750167000,312.66,313,310.12,311.94,8234115
2025-06-18,1750253400,312.89,312.98,309.86,310.26,9370785
2025-06-20,1750426200,309.33,310.89,309.25,310.13,8794711
2025-06-23,1750685400,310.34,312.67,310.31,311.08,12687916
2025-06-24,1750771800,305.07,306.34,303.54,306.19,12035177
2025-06-25,1750858200,305.31,307.36,305.12,307.12,6733155
2025-06-26,1750944600,305.77,307.28,304.855,306.78,6787517
2025-06-27,1751031000,300.03,302.36,299.89,301.22,13301308
2025-06-30,1751290200,302.385,304.92,301.95,304.83,8192086
2025-07-01,1751376600,308.555,309,307.36,307.55,9335647
2025-07-02,1751463000,308.035,309.395,306.96,309.25,8316377
2025-07-03,1751549400,307.05,307.57,306.15,307.14,5275838
2025-07-07,1751895000,305.07,307.705,304.53,307.37,7351641
2025-07-08,1751981400,306.3,306.445,302.77,304.16,11840545
2025-07-09,1752067800,303.58,305.54,303.23,305.52,10644077
2025-07-10,1752154200,306.11,306.51,304.82,306.2,7059561
2025-07-11,1752240600,308.855,310.28,308.5153,309.14,9187302
2025-07-14,1752499800,309.07,309.38,307.73,308.01,5772879
2025-07-15,1752586200,307.73,308.74,305.79,306.73,8149008
2025-07-16,1752672600,307.11,311.09,305.73,308.26,17693100
2025-07-17,1752759000,305.5,307.665,305.12,307.59,6642258
2025-07-18,1752845400,309.24,309.37,308.32,308.39,5574281
2025-07-21,1753104600,311.88,313.31,311.61,313.13,10995756
2025-07-22,1753191000,314.48,316.24,313.62,316.1,13691849
2025-07-23,1753277400,314,314.96,311.42,312.18,10547520
2025-07-24,1753363800,309.29,310.99,309.06,310.27,7698763
2025-07-25,1753450200,307.82,308.31,306.2,307.4,9376386
2025-07-28,1753709400,306.44,306.58,304.05,305.41,9275440
2025-07-29,1753795800,305.8,307.03,304.985,306.25,5741114
2025-07-30,1753882200,304.42,304.65,300.955,300.96,13459595
2025-07-31,1753968600,304.59,304.61,302.86,302.96,8980956
2025-08-01,1754055000,308.61,309.55,307.45,309.11,12843364
2025-08-04,1754314200,310.8,311.74,310.37,310.91,7639030
2025-08-05,1754400600,310.37,312.24,310.22,311.16,6997693
2025-08-06,1754487000,310.32,311.24,309.84,310.5,7418158
2025-08-07,1754573400,311.72,313.135,310.7,313.12,10891459
2025-08-08,1754659800,312.35,313.53,311,313.05,19886802
2025-08-11,1754919000,308.62,309.66,307.63,308.55,10326704
2025-08-12,1755005400,308.22,309.305,306.71,308.27,9701725
2025-08-13,1755091800,309.1,310.39,308.45,309.21,4718586
2025-08-14,1755178200,307.925,308.34,306.52,307.25,5817726
2025-08-15,1755264600,307.34,308,306.87,307.43,5990110
2025-08-18,1755523800,307.79,307.89,306.625,306.95,6150140
2025-08-19,1755610200,306.76,307.4788,305.19,305.27,5029939
2025-08-20,1755696600,307.54,308.47,307.4,308.36,6515411
2025-08-21,1755783000,307.86,308.15,307.0314,307.29,4808975
2025-08-22,1755869400,306.52,311.025,306.43,310.58,8526492
2025-08-25,1756128600,309.67,310.84,309.67,309.83,4044429
2025-08-26,1756215000,310.62,312.21,310.305,312.08,11698460
2025-08-27,1756301400,311.39,312.91,310.77,312.71,4320071
2025-08-28,1756387800,313.32,315.08,313.07,315.03,9610202
2025-08-29,1756474200,314.72,318.09,314.64,318.07,15642641
2025-09-02,1756819800,320.82,325.92,320.24,325.59,21247534
2025-09-03,1756906200,327.76,329.45,326.7301,328.14,16062221
2025-09-04,1756992600,327.03,327.56,325.35,326.69,11703127
2025-09-05,1757079000,329.53,331.44,328.93,331.05,16065150
2025-09-08,1757338200,333.66,335.67,333.23,334.82,18617325
2025-09-09,1757424600,337.03,338.31,333.85,334.06,21641935
2025-09-10,1757511000,335.73,336.5,326.19,335.26,11945670
2025-09-11,1757597400,333.37,335.1619,332.97,334.76,9082647
2025-09-12,1757683800,335.88,336.39,335.23,335.42,9619709
2025-09-15,1757943000,336.31,339.28,336.23,338.91,10569881
2025-09-16,1758029400,340.09,340.88,338.62,339.59,12161527
2025-09-17,1758115800,338.53,341.24,335.52,336.97,16535307
2025-09-18,1758202200,336.22,336.32,333.81,335.62,14913267
2025-09-19,1758288600,336.51,339.23,336.3119,339.18,14982567
2025-09-22,1758547800,342.75,345.07,341.84,345.05,12386419
2025-09-23,1758634200,348.23,348.75,345.32,346.46,18383982
2025-09-24,1758720600,346.7,346.8299,342.14,343.32,12709068
2025-09-25,1758807000,344.39,345.83,342.47,344.75,12639583
2025-09-26,1758893400,345.83,348.25,345.314,346.74,11698212
2025-09-29,1759152600,351.79,352.8305,351.28,352.46,15719623
2025-09-30,1759239000,351.13,355.57,350.865,355.47,13312353
2025-10-01,1759325400,356.17,356.9722,354.79,356.03,15573610
2025-10-02,1759411800,358.26,358.67,351.4,354.79,16162050
2025-10-03,1759498200,357.12,358.14,355.8,357.64,14463960
2025-10-06,1759757400,362.16,365.3,361.37,364.38,17093657
2025-10-07,1759843800,366.508,367.27,364.55,366.26,16836765
2025-10-08,1759930200,371.65,373.57,370.5,372.3,28052276
2025-10-09,1760016600,373.135,373.22,362.83,365.43,33674823
2025-10-10,1760103000,367.54,370.31,365.44,369.12,24192782
2025-10-13,1760362200,376.5,378.86,375.5797,378.09,18514421
2025-10-14,1760448600,378.21,382.38,377.9,380.79,18409632
2025-10-15,1760535000,385.93,387.755,384.59,387.39,20598324
2025-10-16,1760621400,391.15,396.87,390.4,396.45,33621444
2025-10-17,1760707800,397.14,397.28,385.22,388.99,62024965
2025-10-20,1760967000,397.45,403.3,394.2,403.15,34523022
2025-10-21,1761053400,386.54,388.89,375.65,377.24,54101416
2025-10-22,1761139800,372.75,378.47,368.93,377.28,30524126
2025-10-23,1761226200,381.46,382.25,378.65,378.79,13695495
2025-10-24,1761312600,378.51,380.77,376.81,377.52,13263803
2025-10-27,1761571800,371.13,371.59,365.34,367.01,23657603
2025-10-28,1761658200,361.81,365.3,360.12,364.38,19257592
2025-10-29,1761744600,369.65,370.08,361.3601,363,18891849
2025-10-30,1761831000,365.09,370.36,364.5,370.13,14812754
2025-10-31,1761917400,370.47,370.6625,365.5,368.12,11077910
2025-11-03,1762180200,368.91,370.84,367.54,368.78,7254265
2025-11-04,1762266600,363.48,365.74,361.39,362.32,11540059
2025-11-05,1762353000,366.39,367.1,364.65,366.51,8357300
2025-11-06,1762439400,367.16,368.18,364.7,366.07,6891096
2025-11-07,1762525800,367.94,370.42,366.42,368.31,11060358
2025-11-10,1762785000,375.93,378.66,374.7814,378.38,13456212
2025-11-11,1762871400,379.98,380.4,376.87,379.87,10753182
2025-11-12,1762957800,380.07,387.46,379.44,385.99,16203718
2025-11-13,1763044200,387.29,388.18,381.21,382.87,15867869
2025-11-14,1763130600,372.87,378.2,370.89,375.96,15198027
2025-11-17,1763389800,374.035,375.4553,368.52,371.65,13295248
2025-11-18,1763476200,374.832,375.54,371.62,374.35,7818783
2025-11-19,1763562600,377.775,380.17,373.03,374.96,10980420
2025-11-20,1763649000,375.29,377.6925,371.8514,374.85,10506548
2025-11-21,1763735400,374.025,377.23,372.94,374.27,13194563
2025-11-24,1763994600,374.88,380.28,374.19,380.2,10085318
2025-11-25,1764081000,380.255,382.52,378.06,380.08,10462806
2025-11-26,1764167400,381.055,383.775,380.46,383.12,9184071
2025-11-28,1764340200,385.98,388,384.99,387.88,7175407
2025-12-01,1764599400,390.61,390.7001,388.0605,389.75,11177072
2025-12-02,1764685800,388.87,388.98,382.9103,387.24,8103923
2025-12-03,1764772200,388.46,390.1293,385.83,386.88,7886793
2025-12-04,1764858600,386.92,388,385.4,387.13,6754434
2025-12-05,1764945000,389.12,391.735,386.175,386.44,9449808
2025-12-08,1765204200,387.02,387.2418,384.01,385.42,6822119
2025-12-09,1765290600,385.62,388.21,385.27,387.4,6358694
2025-12-10,1765377000,385.95,389.76,384.5,389.05,9120475
2025-12-11,1765463400,389.02,394.09,388.5,393.24,11240629
2025-12-12,1765549800,399.155,400.39,391.47,395.44,16792059
2025-12-15,1765809000,397.76,398.71,394.0738,395.8,11345031
2025-12-16,1765895400,397.75,398.71,394.59,395.89,9201557
2025-12-17,1765981800,398.08,399.98,397.25,399.29,10456889
2025-12-18,1766068200,398.28,402.21,396.05,398.57,11837551
2025-12-19,1766154600,397.92,400.63,397.17,399.02,9894767
2025-12-22,1766413800,406.98,408.52,405.72,408.23,14202068
2025-12-23,1766500200,410.3,413.76,407.1,413.64,13193258
2025-12-24,1766586600,412.25,412.63,408.83,411.93,6718437
2025-12-26,1766759400,416.48,418.45,414.75,416.74,10476234
2025-12-29,1767018600,403.66,403.76,395.33,398.6,20679239
2025-12-30,1767105000,403.6,403.8,398.56,398.89,10179028
2025-12-31,1767191400,398.6,400.13,395.59,396.31,10194738
2026-01-02,1767364200,401.62,401.82,396.25,398.28,10372572
2026-01-05,1767623400,406.39,409.72,406.15,408.76,13410637
2026-01-06,1767709800,410.67,413.48,410.31,413.18,11640912
2026-01-07,1767796200,408.63,410.81,406.65,409.23,10589452
2026-01-08,1767882600,406.965,411.64,406.4,411.49,8705926
2026-01-09,1767969000,413.215,415.29,411.8,414.47,14011238
2026-01-12,1768228200,421.52,425.74,421.52,422.23,20904133
2026-01-13,1768314600,424.59,426.12,420.07,421.63,16681219
2026-01-14,1768401000,426.03,426.86,422.8398,425.94,18305538
2026-01-15,1768487400,423.02,425.06,422.79,423.33,14253249
2026-01-16,1768573800,422.8,424.8,417.04,421.29,20951571
2026-01-20,1768919400,436.69,438.1399,434.1,437.23,21308137
2026-01-21,1769005800,446.87,447.9999,437.11,443.6,38830228
2026-01-22,1769092200,443.84,452.9841,443.56,451.79,19251185
2026-01-23,1769178600,454.11,458.75,453.45,458,21531873
2026-01-26,1769437800,466.78,469.28,460.36,464.7,34155974
2026-01-27,1769524200,465.07,476.49,463.95,476.1,28386220
2026-01-28,1769610600,483.39,495.88,481.2501,494.56,44154580
2026-01-29,1769697000,509.51,509.7,468.51,495.9,69970856
2026-01-30,1769783400,466.245,470.06,430.8,444.95,86593519
2026-02-02,1770042600,434.01,440.78,422.55,427.13,41626234
2026-02-03,1770129000,452.63,459,448.31,454.29,28703465
2026-02-04,1770215400,462.47,463.1,445.71,453.97,24427923
2026-02-05,1770301800,444.29,450.9,440.35,441.88,17718069
2026-02-06,1770388200,450.73,456.93,450.03,455.46,12663907
2026-02-09,1770647400,461.39,467.56,460.85,467.03,12330874
2026-02-10,1770733800,465.96,466.75,459.52,462.4,7861589
2026-02-11,1770820200,466,468.61,462.82,467.63,11209595
2026-02-12,1770906600,464.9,466.3799,448.06,451.39,20488829
2026-02-13,1770993000,459.73,463.8399,456.25,462.62,12359348
2026-02-17,1771338600,450.26,451.37,445.53,448.2,10976087
2026-02-18,1771425000,455.81,460.51,455.324,458.28,10226301
2026-02-19,1771511400,457.34,461.505,456.03,459.56,8411438
2026-02-20,1771597800,463.25,468.62,458.34,468.62,14316250
2026-02-23,1771857000,474.65,481.46,474.61,481.28,17441572
2026-02-24,1771943400,470.085,475.44,469.55,474.61,14147095
2026-02-25,1772029800,475.74,479.53,472.9,473.42,12954283
2026-02-26,1772116200,474.95,477.83,442.04,477.48,12375047
2026-02-27,1772202600,480.75,483.9,479.11,483.75,16795079
2026-03-02,1772461800,490.095,492.15,483.28,490,19916577
2026-03-03,1772548200,472.83,473.2,458.93,468.14,22591538
2026-03-04,1772634600,474.82,476.415,469.39,471.8,9985887
2026-03-05,1772721000,470.45,470.67,463.91,466.13,11674826
2026-03-06,1772807400,469.04,475.46,467.07,473.51,10489815
2026-03-09,1773063000,468.09,472.68,464.79,472.53,8829848
2026-03-10,1773149400,479.74,481.31,474.21,477.86,9616837
2026-03-11,1773235800,476.13,477.45,473.13,476.24,7522851
2026-03-12,1773322200,475.02,475.02,466.6,466.88,11900580
2026-03-13,1773408600,469.31,470.102,460.22,460.84,11741579
2026-03-16,1773667800,461.265,462.8,456.905,460.43,8964093
2026-03-17,1773754200,460.51,462.21,456.87,459.27,7610091
2026-03-18,1773840600,446.66,450.06,444.39,444.74,18375612
2026-03-19,1773927000,420.36,428.2677,416.8,426.41,30205977
2026-03-20,1774013400,428.09,428.59,411.23,413.38,27204938
2026-03-23,1774272600,405.12,414.54,399.6401,404.04,36796839
2026-03-24,1774359000,400.24,407.29,399.2,404.13,17478516
2026-03-25,1774445400,419.705,420.66,412.25,416.29,15713158
2026-03-26,1774531800,408.53,411.37,400.26,400.64,15756339
2026-03-27,1774618200,406.2,418.4,405.41,414.7,16580719
2026-03-30,1774877400,419.54,420.1,412.66,414.58,13172067
2026-03-31,1774963800,420.075,430.57,419.59,430.29,14534303
2026-04-01,1775050200,435,440.19,433.76,437.82,14133118
2026-04-02,1775136600,422.29,431.67,421.17,429.41,10838639
2026-04-06,1775482200,428.87,431.49,426.71,427.65,5417250
2026-04-07,1775568600,427.895,433.43,423.1,431.81,7263495
2026-04-08,1775655000,439.98,440.44,431.31,434.53,9689696
2026-04-09,1775741400,436.47,440.905,435.87,437.91,6748462
2026-04-10,1775827800,438.59,440.35,436,437.13,6193254
2026-04-13,1776087000,434.775,436.22,431.63,435.36,5549419
2026-04-14,1776173400,439.32,445.18,439.02,445.09,8731650
2026-04-15,1776259800,442.88,443.74,439.6,440.46,6455885
2026-04-16,1776346200,442.15,442.98,438.18,440.08,5350127
2026-04-17,1776432600,445.65,448.7,445.32,445.93,9711965
2026-04-20,1776691800,443.13,443.42,440.05,442.09,8473002
2026-04-21,1776778200,438.55,440.245,428.71,429.57,9480023
2026-04-22,1776864600,436.27,437.17,433.78,435.26,5178054
2026-04-23,1776951000,433.96,435.2913,428.22,431.04,4976399
2026-04-24,1777037400,431.335,435.28,430.6501,433.25,5924116
2026-04-27,1777296600,431.66,431.8,428.52,429.89,6105233
2026-04-28,1777383000,420.72,422.52,418.4,421.91,7723432
2026-04-29,1777469400,416.74,419.1705,414.16,417.41,6452572
2026-04-30,1777555800,425.34,425.46,422.7394,423.66,6732811
2026-05-01,1777642200,421.412,427.93,421.08,423.18,5911487
2026-05-04,1777901400,418.84,420.86,413.2801,414.71,7285730
2026-05-05,1777987800,420.15,421.16,417.905,418.27,4279931
2026-05-06,1778074200,430.15,433.19,429.6,430.96,7013889
2026-05-07,1778160600,435.61,437.42,430.25,431.68,6816211
2026-05-08,1778247000,434.05,436.2,431.7,433.77,5380821
2026-05-11,1778506200,434.182,436.04,432.21,434.65,5569059
2026-05-12,1778592600,430.7,432.98,425.85,432.93,6660930
2026-05-13,1778679000,430.52,432.49,428.75,430.5,4180266
2026-05-14,1778765400,430.3,431.54,427.1,427.21,4021406
2026-05-15,1778851800,417.64,419.2484,414.12,417.29,9360392
2026-05-18,1779111000,419.82,420.9299,416.06,418.43,5628254
2026-05-19,1779197400,412.45,414.47,409.8808,411.5,5419418
2026-05-20,1779283800,412.14,417.99,410.08,417.4,6004981
2026-05-21,1779370200,413.14,418.42,411.95,416.99,4679936
2026-05-22,1779456600,415.17,415.68,412,413.82,5528437
2026-05-26,1779802200,415.16,415.98,411.5,414,5098408
2026-05-27,1779888600,404.335,409.25,404.3,408.49,6624575
2026-05-28,1779975000,406.48,414.51,405.4108,412.77,7184086
2026-05-29,1780061400,415.62,421.82,415.08,417.12,7705706
2026-06-01,1780320600,409.86,412.61,408.24,411.26,6158855
2026-06-02,1780407000,414.08,414.3999,411.1,411.95,3823879
2026-06-03,1780493400,408.38,409.38,406.225,407.87,5038037
2026-06-04,1780579800,413.37,414.37,409.01,411.27,4646545
2026-06-05,1780666200,404.38,404.719,395.92,396.24,11473872
2026-06-08,1780925400,397.52,398.98,396.03,397.27,8057349
2026-06-09,1781011800,397.57,400.48,388.75,390.78,9567301
2026-06-10,1781098200,380.75,384.21,374.55,374.58,13956163
2026-06-11,1781184600,373.96,387.21,371.88,386.32,12622475
2026-06-12,1781271000,385.73,388.77,383.35,386.54,7532577
2026-06-15,1781530200,399.49,401,396.15,396.55,10477124
2026-06-16,1781616600,397.83,398.96,395.82,397.63,6003963
2026-06-17,1781703000,397.82,402.04,387.08,388.6,13343023
2026-06-18,1781789400,391.24,392.5,385.6,387.12,7627319
2026-06-22,1782135000,384.25,386.41,382.64,384.59,7835120
2026-06-23,1782221400,377.722,380.35,377.17,377.32,7389590
2026-06-24,1782307800,364.81,370.9,363.32,365.92,12741716
2026-06-25,1782394200,368.99,371.0398,366.8,369.46,9164674
2026-06-26,1782480600,372.27,375.85,371.18,373.63,5603324
2026-06-29,1782739800,370.575,371.19,366.97,368.58,5006269
2026-06-30,1782826200,369.22,372.83,368.255,368.38,5302053
2026-07-01,1782912600,371.205,377.78,370.21,370.6,9058287
2026-07-02,1782999000,377.435,380.27,376.2862,378.13,7607967
2026-07-06,1783344600,380.21,382.43,378.83,382.13,3906524
2026-07-07,1783431000,382.39,383.5999,375.52,377.49,4815434
2026-07-08,1783517400,373.17,375.47,368.95,374.45,7728535
2026-07-09,1783603800,378.505,379.65,377.41,378.18,4754582
2026-07-10,1783690200,375,377.55,373.7,377.01,5455434
2026-07-13,1783949400,372.77,372.8912,365.77,367.13,7161731
2026-07-14,1784035800,374.53,376.28,370.92,372.15,6303383
2026-07-15,1784122200,372.11,374.49,369.5,372.35,7683667
2026-07-16,1784208600,367.45,368.43,364.05,364.96,9048047
2026-07-17,1784295000,364.11,369.21,363.6,368.41,6456632
2026-07-20,1784554200,367.79,368.7893,366.8,367.6,3922524
2026-07-21,1784640600,371.7,375.01,371.07,374.81,6070621
2026-07-22,1784727000,379.068,382.22,378.83,379.12,7115061
2026-07-23,1784813400,372.36,373.0852,370.53,371.52,9820641
2026-07-24,1784899800,371.26,374.49,371.03,371.9,3852356
2026-07-27,1785159000,373.89,375.53,372.91,374.63,3699961
2026-07-28,1785245400,369.605,371.23,367.98,369.37,4819262
2026-07-29,1785331800,368.29,377.62,366.526,371.08,11839935
2026-07-30,1785418200,374.16,377.86,373.755,377.16,5968409
2026-07-31,1785504600,370.84,372.01,368.815,371.54,6825924
2026-08-03,1785763800,370.1,372.035,368.6428,371.71,4968937
2026-08-04,1785850200,374.14,376.69,373.71,374.16,5723063
2026-08-05,1785936600,384.96,391.51,384.32,389.64,14758685
2026-08-06,1786023000,389.5,392.12,387.27,389.67,10954325
2026-08-07,1786109400,399.595,400.66,396.95,398.47,13324498
2026-08-10,1786368600,397.714,403.24,395.93,402.54,11056999
2026-08-11,1786455000,403.44,404.03,399.89,400.96,7439138
2026-08-12,1786541400,405.31,407.36,403.22,404.92,10383089
2026-08-13,1786627800,402.17,402.58,398.28,398.96,8695240
2026-08-14,1786714200,402.18,403.33,400.935,401.48,6749803
2026-08-17,1786973400,402.335,406.23,402.18,405.49,9604102
2026-08-18,1787059800,402.55,404.32,397.87,398.55,10660892
2026-08-19,1787146200,408.81,414,407.47,413.84,17480673
2026-08-20,1787232600,410.08,416.45,409.82,415.26,13900940
2026-08-21,1787319000,420.53,424.89,419.42,423.36,14528985
2026-08-24,1787578200,428.55,429.42,424.2,426.69,18942968
2026-08-25,1787664600,422.775,428.1399,422.33,428.07,12450559
2026-08-26,1787751000,423,424.95,420.31,421.32,9816476
2026-08-27,1787837400,420.815,423.35,418.43,422.6,7088987
2026-08-28,1787923800,422.24,424.79,407.62,408.89,25044424
2026-08-31,1788183000,407.76,408.8,404.9,408.42,9490022
2026-09-01,1788269400,398.285,401.25,396.45,396.75,13143009
2026-09-02,1788355800,399.71,403.33,399.58,402.78,13714094
2026-09-03,1788442200,410.71,413.54,408.54,410.22,12509474
2026-09-04,1788528600,404.66,408,403.96,406.77,9819435
2026-09-08,1788874200,403.56,404.28,399.48,399.72,8992198
2026-09-09,1788960600,406.11,406.56,401.1815,403.35,8188431
2026-09-10,1789047000,399.53,401.15,395.451,396.36,10202948
2026-09-11,1789133400,402.526,403.65,398.14,398.77,10962990
2026-09-14,1789392600,391.89,395.9,390.96,392.84,7435126
2026-09-15,1789479000,393.11,395.31,391.81,394.15,6705452
2026-09-16,1789565400,398.91,400.6,388.39,391.74,15773160
2026-09-17,1789651800,400.28,401.44,398.04,398.36,7746109
2026-09-18,1789738200,400.48,403.15,398.13,401.17,9523869
2026-09-21,1789997400,400.165,400.24,396.34,398.38,6410962
2026-09-22,1790083800,397.07,400.78,395.58,400.07,6519914
2026-09-23,1790170200,395.33,395.5,391.8701,392.88,7546968
2026-09-24,1790256600,391.96,393.07,389.049,391.69,6710214
2026-09-25,1790343000,392.21,394.2199,390.05,393.41,7701093
2026-09-28,1790602200,379.76,381.52,376.88,377.91,14843407
2026-09-29,1790688600,380.94,383,379.715,382.89,8122813
2026-09-30,1790775000,384.39,384.59,380.18,380.84,7016183
2026-10-01,1790865000,381.9100036621094,383.70001220703125,380.3599853515625,382.760009765625,6095900.0
2026-10-02,1790951400,384.45001220703125,385.2200012207031,378.1099853515625,380.1400146484375,9154900.0
