date,t,o,h,l,c,v
2006-11-13,1163428200,83.12,83.12,82.89,83.06,153500
2006-11-14,1163514600,83.23,83.34,83.19,83.23,222700
2006-11-15,1163601000,83.16,83.16,82.94,83,237100
2006-11-16,1163687400,83.19,83.19,82.72,82.78999,497900
2006-11-17,1163773800,82.91,83.22,82.82001,83.09,362300
2006-11-20,1164033000,83.19,83.19,83.03999,83.14,178100
2006-11-21,1164119400,83.22,83.3,83.08,83.25999,413200
2006-11-22,1164205800,83.35001,83.45,83.28999,83.39,133400
2006-11-24,1164378600,83.62,83.62,83.46001,83.48,119200
2006-11-27,1164637800,83.34,83.57001,83.24001,83.56,708600
2006-11-28,1164724200,83.71001,83.78999,83.52,83.71001,470600
2006-11-29,1164810600,83.92,83.92,83.59,83.61,335500
2006-11-30,1164897000,83.87,84.07001,83.8,84.05,418500
2006-12-01,1164983400,83.72,84.08,83.66,83.94,289800
2006-12-04,1165242600,83.84,83.96001,83.78,83.92999,208200
2006-12-05,1165329000,83.87,83.99989,83.73,83.82001,1133300
2006-12-06,1165415400,83.78999,83.8,83.63,83.69,156800
2006-12-07,1165501800,83.75,83.75,83.57001,83.66,138100
2006-12-08,1165588200,83.64,83.64,83.24001,83.28,277000
2006-12-11,1165847400,83.50999,83.56,83.42999,83.53999,167700
2006-12-12,1165933800,83.57001,83.73,83.5,83.69,360000
2006-12-13,1166020200,83.37,83.42,83.16,83.25999,188300
2006-12-14,1166106600,83.23,83.23,83.07001,83.09,314000
2006-12-15,1166193000,83.60001,83.64999,83.10001,83.14999,215600
2006-12-18,1166452200,83.17999,83.23,83.10001,83.19,111600
2006-12-19,1166538600,83.17999,83.25999,83.10001,83.17,174000
2006-12-20,1166625000,83.11,83.21001,83.11,83.14999,139300
2006-12-21,1166711400,83.25999,83.53,83.1552,83.45,624200
2006-12-22,1166797800,83.28,83.34,83.03999,83.07001,268500
2006-12-26,1167143400,83.17999,83.28999,83.05,83.19,144500
2006-12-27,1167229800,83.00999,83.00999,82.6244,82.67,193300
2006-12-28,1167316200,82.8,82.8,82.3,82.48,185100
2006-12-29,1167402600,82.42999,82.49001,82.31,82.44,272100
2007-01-03,1167834600,82.71001,82.8,82.48,82.67999,1210700
2007-01-04,1167921000,82.83,82.98,82.73,82.95,171200
2007-01-05,1168007400,82.58,82.81,82.52,82.71001,200900
2007-01-08,1168266600,82.72,82.77,82.66,82.7699,163800
2007-01-09,1168353000,82.82001,82.83,82.7,82.75,168600
2007-01-10,1168439400,82.62,82.69,82.56,82.61,95900
2007-01-11,1168525800,82.55,82.55,82.28999,82.39,361700
2007-01-12,1168612200,82.28999,82.3,82.11011,82.22,167600
2007-01-16,1168957800,82.3,82.38,82.25999,82.38,162600
2007-01-17,1169044200,82.33,82.37,82.14,82.22,141300
2007-01-18,1169130600,82.22,82.34,82.09,82.33,225400
2007-01-19,1169217000,82.25999,82.37,82.14999,82.2,270700
2007-01-22,1169476200,82.3,82.38,82.27,82.35001,119000
2007-01-23,1169562600,82.24001,82.28999,82.07001,82.11,412800
2007-01-24,1169649000,82.13,82.14999,82.07001,82.12,138300
2007-01-25,1169735400,82.05,82.05,81.75,81.8,201700
2007-01-26,1169821800,81.73,81.89,81.64,81.78999,471700
2007-01-29,1170081000,81.92,81.92,81.64999,81.73,161700
2007-01-30,1170167400,81.78,81.83,81.75,81.81,200500
2007-01-31,1170253800,81.75,82.14,81.75,82.11,412200
2007-02-01,1170340200,82.00999,82.07001,81.7,81.74001,238600
2007-02-02,1170426600,81.78999,81.89999,81.74001,81.81,163500
2007-02-05,1170685800,81.88,81.94,81.86011,81.89999,216000
2007-02-06,1170772200,81.86,82.14999,81.83,82.13,238100
2007-02-07,1170858600,82.23,82.32001,82.17999,82.31,154900
2007-02-08,1170945000,82.25999,82.3999,82.2,82.33,447600
2007-02-09,1171031400,82.17999,82.19,82.00999,82.08,237400
2007-02-12,1171290600,82.05,82.10001,81.9101,81.97,146900
2007-02-13,1171377000,81.97,81.99001,81.86,81.909,204800
2007-02-14,1171463400,82.05,82.42999,82.05,82.38,192600
2007-02-15,1171549800,82.59,82.64999,82.50999,82.50999,316900
2007-02-16,1171636200,82.63,82.69,82.56,82.60001,308900
2007-02-20,1171981800,82.59,82.74001,82.59,82.7,152900
2007-02-21,1172068200,82.55,82.69,82.55,82.69,173000
2007-02-22,1172154600,82.55,82.56,82.41,82.48,134900
2007-02-23,1172241000,82.59,82.88,82.58,82.81,111700
2007-02-26,1172500200,82.99001,83.10001,82.92,83.07001,160836
2007-02-27,1172586600,83.28999,84.07001,83.2,83.77,496500
2007-02-28,1172673000,83.61,83.7,83.39999,83.48,228100
2007-03-01,1172759400,83.57001,83.59,83.2,83.31,500535
2007-03-02,1172845800,83.42,83.61,83.31,83.55,248900
2007-03-05,1173105000,83.72,83.72,83.46001,83.60001,297400
2007-03-06,1173191400,83.36,83.61,83.36,83.49001,302200
2007-03-07,1173277800,83.44,83.67,83.42,83.64,265500
2007-03-08,1173364200,83.50999,83.67999,83.49001,83.63,170300
2007-03-09,1173450600,83.12,83.28,83.11,83.16,333800
2007-03-12,1173706200,83.3,83.44,83.26801,83.39,253300
2007-03-13,1173792600,83.69,83.8,83.50999,83.75999,196000
2007-03-14,1173879000,83.69,83.92999,83.61,83.64999,267900
2007-03-15,1173965400,83.56,83.62,83.49001,83.56,338900
2007-03-16,1174051800,83.44,83.59,83.41,83.55,340500
2007-03-19,1174311000,83.41,83.44,83.34,83.44,238200
2007-03-20,1174397400,83.64,83.64,83.52,83.56,169400
2007-03-21,1174483800,83.46001,83.78,83.3,83.67999,369800
2007-03-22,1174570200,83.61,83.61,83.32001,83.39999,236500
2007-03-23,1174656600,83.50999,83.52,83.21001,83.27,163400
2007-03-26,1174915800,83.17999,83.5,83.14999,83.34,142100
2007-03-27,1175002200,83.28,83.37,83.23,83.32001,165900
2007-03-28,1175088600,83.47,83.60001,83.23,83.31,240500
2007-03-29,1175175000,83.2,83.25999,83.14999,83.19,121300
2007-03-30,1175261400,83.21001,83.52,82.95,83.09,464300
2007-04-02,1175520600,82.95,82.96001,82.8,82.86,156600
2007-04-03,1175607000,82.78999,82.84,82.75,82.78999,257400
2007-04-04,1175693400,82.92,83,82.82001,82.92,182300
2007-04-05,1175779800,82.82001,82.91,82.71001,82.71001,161200
2007-04-09,1176125400,82.39,82.39999,82.3,82.33,198900
2007-04-10,1176211800,82.5,82.57001,82.47,82.5,97600
2007-04-11,1176298200,82.58,82.62,82.39999,82.39999,150700
2007-04-12,1176384600,82.53,82.57001,82.42999,82.48,111200
2007-04-13,1176471000,82.53,82.53,82.28,82.34,139100
2007-04-16,1176730200,82.47,82.5,82.37,82.42999,262300
2007-04-17,1176816600,82.59,82.8,82.59,82.78,1080400
2007-04-18,1176903000,82.87,83.03,82.87,82.97,252500
2007-04-19,1176989400,83.07001,83.09,82.8501,82.96001,153600
2007-04-20,1177075800,82.98,82.98,82.82001,82.87,88800
2007-04-23,1177335000,82.92,83.117,82.84,83.03999,90500
2007-04-24,1177421400,83.11,83.3,83.10001,83.2,660500
2007-04-25,1177507800,83.17,83.3,83.11,83.14999,537400
2007-04-26,1177594200,83.10001,83.11,82.89,82.91,307600
2007-04-27,1177680600,82.97,82.99001,82.86,82.91,180000
2007-04-30,1177939800,83.08,83.28999,83.07001,83.27,171500
2007-05-01,1178026200,83.03999,83.08,82.7701,82.96001,158900
2007-05-02,1178112600,82.99001,82.99001,82.86,82.86,167000
2007-05-03,1178199000,82.8,82.87,82.6601,82.77,113500
2007-05-04,1178285400,82.94,83,82.89,82.98,144800
2007-05-07,1178544600,83.00999,83.05,82.951,83.05,104500
2007-05-08,1178631000,83.13,83.13,83.03,83.05,158900
2007-05-09,1178717400,83.02,83.05,82.77,82.78,201600
2007-05-10,1178803800,82.83,83.00999,82.81,82.99001,153100
2007-05-11,1178890200,83.09,83.13,82.78,82.82001,178000
2007-05-14,1179149400,82.83,82.85001,82.7,82.7,142400
2007-05-15,1179235800,82.83,82.8499,82.57001,82.69,168400
2007-05-16,1179322200,82.67,82.72,82.61,82.64,191300
2007-05-17,1179408600,82.53999,82.58,82.38,82.42,263500
2007-05-18,1179495000,82.34,82.42,82.1301,82.17999,236400
2007-05-21,1179754200,82.16,82.28999,82.10001,82.28999,222000
2007-05-22,1179840600,82.2,82.25999,82,82.06,217000
2007-05-23,1179927000,82.11,82.11,81.85001,81.89999,228100
2007-05-24,1180013400,81.89999,82.00999,81.71001,82.00999,153279
2007-05-25,1180099800,81.89,82.00999,81.86,81.92,183900
2007-05-29,1180445400,81.89999,81.92999,81.75,81.75,152800
2007-05-30,1180531800,82.03999,82.03999,81.81,81.83009,245600
2007-05-31,1180618200,81.91,81.91,81.64,81.8,235100
2007-06-01,1180704600,81.31,81.33,81.08,81.12,230212
2007-06-04,1180963800,81.22,81.28,81.12,81.25,139200
2007-06-05,1181050200,81.16,81.2,80.92,80.99001,351500
2007-06-06,1181136600,80.99001,81.13,80.99001,81.03,266800
2007-06-07,1181223000,80.71001,80.73,80.21001,80.22,472221
2007-06-08,1181309400,80.16,80.38,80.08,80.37,409900
2007-06-11,1181568600,80.17,80.32001,80.12,80.16,198300
2007-06-12,1181655000,79.86,79.92999,79.52,79.59,698800
2007-06-13,1181741400,79.63,79.92,79.60001,79.85001,514600
2007-06-14,1181827800,79.85001,80.05,79.78011,79.87,207300
2007-06-15,1181914200,79.95,80.22,79.87,80.22,594800
2007-06-18,1182173400,80.19,80.28999,80.00999,80.17999,413500
2007-06-19,1182259800,80.42,80.67999,80.32001,80.57001,460100
2007-06-20,1182346200,80.47,80.49001,80.27,80.3101,152900
2007-06-21,1182432600,80.33,80.42,80.19,80.21001,276700
2007-06-22,1182519000,80.11,80.46001,80.03,80.45,246000
2007-06-25,1182778200,80.69,80.78,80.55,80.71001,253200
2007-06-26,1182864600,80.77,80.8,80.58,80.73,141000
2007-06-27,1182951000,80.92999,81.00999,80.67999,80.72,218600
2007-06-28,1183037400,80.75999,80.81,80.57001,80.67,436800
2007-06-29,1183123800,80.92999,81.14,80.77,81.09,374700
2007-07-02,1183383000,80.75999,80.97,80.64999,80.89999,1030600
2007-07-03,1183469400,80.89999,80.99001,80.6501,80.66,169200
2007-07-05,1183642200,80.44,80.5,80.11,80.21001,269000
2007-07-06,1183728600,80.02,80.10001,79.92999,80.02,468100
2007-07-09,1183987800,80.17,80.31,80.09,80.31,118900
2007-07-10,1184074200,80.62,80.86,80.5,80.86,191300
2007-07-11,1184160600,80.81,80.89,80.52,80.58,218100
2007-07-12,1184247000,80.62,80.72,80.2778,80.35001,309700
2007-07-13,1184333400,80.58,80.60001,80.28999,80.53,157400
2007-07-16,1184592600,80.52,80.85001,80.52,80.85001,154100
2007-07-17,1184679000,80.69,80.81,80.53439,80.67999,136600
2007-07-18,1184765400,80.75,81.14,80.73,80.97,215700
2007-07-19,1184851800,80.77,80.97,80.75,80.96001,200600
2007-07-20,1184938200,81.16,81.50999,81.11,81.36,463300
2007-07-23,1185197400,81.28,81.42999,81.2601,81.33,327500
2007-07-24,1185283800,81.46001,81.61,81.37,81.55,251200
2007-07-25,1185370200,81.57001,81.7599,81.53,81.66,409500
2007-07-26,1185456600,82.09,82.5,82.00999,82.31,391800
2007-07-27,1185543000,82.31,82.57001,82.17999,82.47,305700
2007-07-30,1185802200,82.48,82.52,82.2,82.25999,279600
2007-07-31,1185888600,82.23,82.62,82.14999,82.60001,417200
2007-08-01,1185975000,82.17,82.39999,82.03999,82.05,195100
2007-08-02,1186061400,82.10001,82.23,81.96001,82.11,212100
2007-08-03,1186147800,82.25999,82.64,81.91,82.64,950100
2007-08-06,1186407000,82.45,82.69,82.25,82.31,267900
2007-08-07,1186493400,82.37,82.56,82.08,82.3,673100
2007-08-08,1186579800,82.03999,82.03999,81.61011,81.73,314900
2007-08-09,1186666200,82.28999,82.28999,81.88,82.19,235600
2007-08-10,1186752600,82.39999,82.39999,81.92999,82.07001,685000
2007-08-13,1187011800,82,82.24001,81.95,82.2,154400
2007-08-14,1187098200,81.97,82.50999,81.97,82.5,530100
2007-08-15,1187184600,82.71001,82.82001,82.44,82.64999,902100
2007-08-16,1187271000,82.89,83.47,82.87,82.97,900500
2007-08-17,1187357400,82.95,83.07001,82.87,83.03,308400
2007-08-20,1187616600,83.14,83.44,83.05,83.21001,926600
2007-08-21,1187703000,83.49001,83.64,83.3316,83.57001,459200
2007-08-22,1187789400,83.14999,83.42999,83.13,83.3,197000
2007-08-23,1187875800,83.24001,83.5,83.17,83.33,234900
2007-08-24,1187962200,83.46001,83.47,83.21001,83.36,123400
2007-08-27,1188221400,83.47,83.63,83.36,83.59,120000
2007-08-28,1188307800,83.69,84.05,83.69,84.02,274400
2007-08-29,1188394200,83.94,84.17,83.7,83.7,507600
2007-08-30,1188480600,84.03999,84.2,83.95,84.12,201800
2007-08-31,1188567000,83.84,84.42,83.75999,84.14,261500
2007-09-04,1188912600,83.84,84,83.44,83.64999,281800
2007-09-05,1188999000,83.78,84.21001,83.78,84.17,313300
2007-09-06,1189085400,84.13,84.2,83.92999,83.99001,267100
2007-09-07,1189171800,84.53,84.89,84.49001,84.89,410800
2007-09-10,1189431000,84.87,85.23,84.78999,85.08,238000
2007-09-11,1189517400,84.98,85.09,84.8101,84.89999,123200
2007-09-12,1189603800,84.78999,84.84,84.57001,84.69,147900
2007-09-13,1189690200,84.47,84.47,84.10001,84.19,178500
2007-09-14,1189776600,84.67,84.67,84.12849,84.3,160607
2007-09-17,1190035800,84.25,84.37219,84.14,84.35001,237900
2007-09-18,1190122200,84.14999,84.47,83.91,84.25999,344700
2007-09-19,1190208600,84.09,84.13,83.77,83.96001,1369300
2007-09-20,1190295000,83.67999,83.74001,83.00999,83.00999,685800
2007-09-21,1190381400,83.22,83.5,83.22,83.42999,754900
2007-09-24,1190640600,83.46001,83.58,83.37,83.53999,236300
2007-09-25,1190727000,83.81,83.92,83.53999,83.55,225500
2007-09-26,1190813400,83.45,83.66,83.35001,83.58,151100
2007-09-27,1190899800,83.67,83.96001,83.6055,83.85001,437004
2007-09-28,1190986200,84.03999,84.17999,83.744,83.88,185600
2007-10-01,1191245400,83.63,83.78,83.52,83.67,510600
2007-10-02,1191331800,83.64999,83.98,83.59,83.85001,205900
2007-10-03,1191418200,84.07001,84.10001,83.66701,83.78999,1232800
2007-10-04,1191504600,83.71001,83.97,83.71001,83.94,120300
2007-10-05,1191591000,83.47,83.49699,83.12,83.2,1173000
2007-10-08,1191850200,83.3,83.78999,83.08009,83.5,129100
2007-10-09,1191936600,83.28,83.46001,83.11,83.24001,184000
2007-10-10,1192023000,83.16,83.44,83.06,83.28999,298700
2007-10-11,1192109400,83.00999,83.35001,82.85001,83.33,264100
2007-10-12,1192195800,82.94,83.34,82.94,83.05009,151400
2007-10-15,1192455000,82.86,83.2,82.84,83.13,196200
2007-10-16,1192541400,83.27,83.39,83.16,83.36,205200
2007-10-17,1192627800,83.39999,84.28,83.368,83.87,201200
2007-10-18,1192714200,84.14,84.25999,84.0596,84.19,193200
2007-10-19,1192800600,84.33,84.94,84.33,84.9128,270500
2007-10-22,1193059800,84.88,84.89,84.58,84.75,218900
2007-10-23,1193146200,84.59,84.8399,84.5,84.73,368300
2007-10-24,1193232600,84.92999,85.34,84.92,85.16,273300
2007-10-25,1193319000,85.23,85.28,85.06,85.0874,169800
2007-10-26,1193405400,84.84,85.17,84.75999,84.88,189500
2007-10-29,1193664600,84.89,85.05,84.821,84.9501,171500
2007-10-30,1193751000,85,85.03999,84.85001,85.03999,118400
2007-10-31,1193837400,84.83,84.98,84.46001,84.47,318600
2007-11-01,1193923800,84.34,85.00999,84.34,84.86,219100
2007-11-02,1194010200,84.64999,85.31,84.64999,85.09,337600
2007-11-05,1194273000,85.22,85.27991,84.91,84.9899,172100
2007-11-06,1194359400,84.87,85.17999,84.78,84.84,184100
2007-11-07,1194445800,85.02,85.22,84.89999,85.14999,299665
2007-11-08,1194532200,85.23,85.53,85.16,85.34,1078400
2007-11-09,1194618600,85.60001,85.86,85.5724,85.85001,276680
2007-11-12,1194877800,85.97,86,85.77,86,117881
2007-11-13,1194964200,85.74001,85.74001,85.45,85.45,125236
2007-11-14,1195050600,85.23,85.62,85.23,85.62,96333
2007-11-15,1195137000,85.74001,86.21001,85.7001,86.10001,210320
2007-11-16,1195223400,86.11,86.34,86.02,86.10001,742245
2007-11-19,1195482600,86.2,86.81,86.10001,86.72,503485
2007-11-20,1195569000,86.67999,86.85001,86.33,86.49001,378437
2007-11-21,1195655400,87.05,87.22,86.91,87.17,317519
2007-11-23,1195828200,86.95,87.23,86.67999,86.91,216693
2007-11-26,1196087400,87.14999,88.25,87.02,88.1001,637526
2007-11-27,1196173800,87.67,88.03999,87.03,87.28,353242
2007-11-28,1196260200,87.24001,87.36,86.86,86.97009,159582
2007-11-29,1196346600,87.44,87.75,87.33,87.46001,145226
2007-11-30,1196433000,86.92,87.58,86.7,87.58,395049
2007-12-03,1196692200,88.05,88.05,87.39999,87.63,214697
2007-12-04,1196778600,87.84,87.86,87.37,87.71001,196780
2007-12-05,1196865000,87.41,87.67,87.28,87.38,284600
2007-12-06,1196951400,87.2,87.27991,86.81,86.92,217853
2007-12-07,1197037800,86.73,86.73,86.2001,86.36,193000
2007-12-10,1197297000,86.42,86.47,85.92999,86.16,257750
2007-12-11,1197383400,86.28,87.34,86.28,87.34,318704
2007-12-12,1197469800,86.19,86.8499,86,86.61,470450
2007-12-13,1197556200,86.41,86.47,85.97,85.97,220975
2007-12-14,1197642600,85.83,85.92,85.62,85.72,240046
2007-12-17,1197901800,85.89999,86.27991,85.8,86.23,191000
2007-12-18,1197988200,86.31,86.69,86.23,86.39999,644270
2007-12-19,1198074600,86.81,87.19701,86.3,87.09,411588
2007-12-20,1198161000,87.03999,87.31,86.91,86.95,308551
2007-12-21,1198247400,86.89,86.92,86.2701,86.32001,560200
2007-12-24,1198506600,86.08,86.22,85.97,86.07001,197400
2007-12-26,1198679400,85.98,86.25,85.59,85.66,135700
2007-12-27,1198765800,86.38,86.38,85.6501,85.92,210967
2007-12-28,1198852200,86.22,86.71001,86.16,86.61,302860
2007-12-31,1199111400,86.72,87.13,86.64999,87.00999,181056
2008-01-02,1199284200,86.99001,87.73,86.938,87.63,564637
2008-01-03,1199370600,87.5,87.84,87.3101,87.81,198532
2008-01-04,1199457000,88,88.24361,87.95,88.03999,368665
2008-01-07,1199716200,87.87,88.3,87.87,88.2,341055
2008-01-08,1199802600,88.09,88.42,87.87,88.38519,293108
2008-01-09,1199889000,88.44,88.72,88.23,88.25,335598
2008-01-10,1199975400,88.42999,88.47,87.909,88.00999,258295
2008-01-11,1200061800,88.12,88.5899,88.05,88.57001,310087
2008-01-14,1200321000,88.52,88.64999,88.39999,88.61,346979
2008-01-15,1200407400,88.89999,89.2,88.78999,89.19,353700
2008-01-16,1200493800,89.24001,89.73,88.8,89.02,459400
2008-01-17,1200580200,89.00999,89.78999,88.92999,89.74001,608549
2008-01-18,1200666600,89.49001,89.7,89.31,89.61,628050
2008-01-22,1201012200,90.8,90.8,89.88,90.61501,863759
2008-01-23,1201098600,91.75999,91.78,90.12,90.19,1417531
2008-01-24,1201185000,89.91,90.13,89.36,89.37,398453
2008-01-25,1201271400,89,90.2,88.97,90.2,442503
2008-01-28,1201530600,89.92999,90.10989,89.78,89.87,254807
2008-01-29,1201617000,89.69,89.73,89.31599,89.50999,433099
2008-01-30,1201703400,89.34,89.64999,89.00999,89.467,693906
2008-01-31,1201789800,90.19,90.19,89.64,89.92999,384868
2008-02-01,1201876200,90.03999,90.12,89.56,89.94,597428
2008-02-04,1202135400,89.39999,89.62199,89.33,89.44,442265
2008-02-05,1202221800,90.06,90.19,89.78999,90.07001,234400
2008-02-06,1202308200,89.78999,89.94,89.66,89.91,161701
2008-02-07,1202394600,89.97,89.98,88.67999,88.89999,246431
2008-02-08,1202481000,89.39,89.69,89.272,89.64999,219237
2008-02-11,1202740200,89.8,90.05,89.66,89.85001,199944
2008-02-12,1202826600,89.46001,89.71001,89.17999,89.66,425447
2008-02-13,1202913000,89.28,89.64999,89.25,89.28,310814
2008-02-14,1202999400,89.02,89.16,88.56,88.78999,477836
2008-02-15,1203085800,88.92999,89.14999,88.82249,88.98,511925
2008-02-19,1203431400,88.52,88.78999,88.19,88.34,564215
2008-02-20,1203517800,88.19,88.5399,88.09,88.25999,496671
2008-02-21,1203604200,88.5,89.22,88.49699,89.17,361880
2008-02-22,1203690600,89.12,89.38989,88.84,88.92,237193
2008-02-25,1203949800,88.75,88.916,88.24001,88.33,175316
2008-02-26,1204036200,88.48,88.71001,88.39999,88.55,259678
2008-02-27,1204122600,89.05,89.08,88.42999,88.75999,201592
2008-02-28,1204209000,89.5,89.8,89.3,89.8,289436
2008-02-29,1204295400,90.25,90.80991,90.14999,90.75999,420696
2008-03-03,1204554600,90.28999,90.44,90.00999,90.25011,480234
2008-03-04,1204641000,90.35001,90.64999,89.82001,89.91,305547
2008-03-05,1204727400,90.11,90.13,89.42999,89.52,358220
2008-03-06,1204813800,89.86,90.35989,89.82001,90.24001,292516
2008-03-07,1204900200,90.78,90.85001,90.1199,90.55,413905
2008-03-10,1205155800,90.72,91.34,90.63,91.2,200227
2008-03-11,1205242200,90.48,90.5,90.02,90.207,350798
2008-03-12,1205328600,90.42999,91.2999,90.28999,91.25,289751
2008-03-13,1205415000,91.47,91.53,90.52,90.77,626343
2008-03-14,1205501400,91.16,91.88989,91.16,91.71001,301640
2008-03-17,1205760600,91.67,92.59,91.67,92.17,569025
2008-03-18,1205847000,92.06,92.06,91.42,91.53999,333358
2008-03-19,1205933400,91.45,92.39999,91.42,92.33,1370372
2008-03-20,1206019800,92.47,92.56,92.08,92.53,626234
2008-03-24,1206365400,91.61,91.61,90.89999,90.89999,898218
2008-03-25,1206451800,91.19,91.3737,91.03999,91.22,314538
2008-03-26,1206538200,91.46001,91.5928,91.17,91.28999,615356
2008-03-27,1206624600,91.19,91.50999,90.98,91.17,345039
2008-03-28,1206711000,91.28,91.64,91.0854,91.53,131749
2008-03-31,1206970200,91.92,91.97,91.62,91.69,430960
2008-04-01,1207056600,91.53999,91.53999,90.37,90.58,786610
2008-04-02,1207143000,90.32001,90.60001,90.0836,90.28,734684
2008-04-03,1207229400,90.60001,90.60001,90.14,90.27499,560108
2008-04-04,1207315800,90.75,91,90.74001,90.97,421726
2008-04-07,1207575000,90.47,90.63901,90.062,90.37,330369
2008-04-08,1207661400,90.63,90.64999,90.28999,90.38,469839
2008-04-09,1207747800,90.55,91.08,90.4301,90.92,760929
2008-04-10,1207834200,90.92,91.03,90.36301,90.56,199607
2008-04-11,1207920600,90.95,91.09,90.832,90.95,716323
2008-04-14,1208179800,90.94,91.09,90.66,90.72,245934
2008-04-15,1208266200,90.44,90.60001,90.19,90.31,273677
2008-04-16,1208352600,90.25,90.35001,89.46001,89.7,1116331
2008-04-17,1208439000,89.67,89.77,89.17999,89.49001,814963
2008-04-18,1208525400,88.92999,89.47,88.64999,89.39999,2284800
2008-04-21,1208784600,89.27,89.524,89.14999,89.41,303569
2008-04-22,1208871000,89.34,89.67,89.25,89.48,428042
2008-04-23,1208957400,89.42999,89.5,89.1299,89.39,191238
2008-04-24,1209043800,88.78999,89.02,88.53999,88.69,306534
2008-04-25,1209130200,88.50999,88.75,88.28,88.57001,211325
2008-04-28,1209389400,88.5,88.80991,88.46001,88.73,167775
2008-04-29,1209475800,88.89999,89.12,88.77,88.89,144283
2008-04-30,1209562200,88.86,89.26199,88.58,89.17,168653
2008-05-01,1209648600,89.3,89.37,88.7,88.88,336614
2008-05-02,1209735000,88.28999,88.49989,88.076,88.16,341687
2008-05-05,1209994200,88.36,88.4099,88,88.28999,158783
2008-05-06,1210080600,88.47,88.57899,87.93201,88.00999,557306
2008-05-07,1210167000,87.91,88.39999,87.81,88.36,361299
2008-05-08,1210253400,88.53,88.92999,88.48,88.92999,445536
2008-05-09,1210339800,89.14999,89.21001,88.88,89.03,236502
2008-05-12,1210599000,88.95,89.23,88.83,88.88,112184
2008-05-13,1210685400,88.36,88.5576,88.084,88.14,458790
2008-05-14,1210771800,88.38,88.38,87.78011,88.11,174352
2008-05-15,1210858200,88.03,88.64,88.03,88.60001,269003
2008-05-16,1210944600,88.39999,88.89999,88.37,88.45,318060
2008-05-19,1211203800,88.55,88.6768,88.23,88.64999,163561
2008-05-20,1211290200,88.85001,88.96001,88.64,88.92,230350
2008-05-21,1211376600,88.61,88.9399,88.55701,88.71001,183070
2008-05-22,1211463000,88.37,88.38,87.85001,88.13,223703
2008-05-23,1211549400,88.31,88.64999,88.3,88.52,413134
2008-05-27,1211895000,88.09,88.32001,87.96001,88.09,258809
2008-05-28,1211981400,87.75999,87.82001,87.39999,87.42999,197833
2008-05-29,1212067800,87.23,87.23,86.75999,87.02,387543
2008-05-30,1212154200,87.35001,87.48,87.24001,87.31,2838305
2008-06-02,1212413400,87.5,87.66,86.19,87.52,240232
2008-06-03,1212499800,87.36,88.17,87.17999,87.9801,561468
2008-06-04,1212586200,88.19,88.1964,87.56,87.66,462388
2008-06-05,1212672600,87.41,87.45,87.12,87.2,1079307
2008-06-06,1212759000,87.7,88.05321,87.53,87.96001,249925
2008-06-09,1213018200,87.52,87.726,87.2,87.33,287941
2008-06-10,1213104600,87.12,87.21001,86.67999,86.81,221128
2008-06-11,1213191000,86.99001,87.336,86.72,86.89999,247065
2008-06-12,1213277400,86.52,86.52,86,86.14,546754
2008-06-13,1213363800,86.14,86.42999,85.86,85.94,579255
2008-06-16,1213623000,86.13,86.16,85.8,85.95,180521
2008-06-17,1213709400,86.11,86.3248,85.92999,86.24001,266521
2008-06-18,1213795800,86.39,86.77499,86.35001,86.71001,296173
2008-06-19,1213882200,86.52,86.61,86.19,86.21201,152883
2008-06-20,1213968600,86.69,86.84,86.47321,86.61,318282
2008-06-23,1214227800,86.71001,86.85001,86.46001,86.57001,471993
2008-06-24,1214314200,86.8,87.14999,86.75,87.03,273354
2008-06-25,1214400600,87.00999,87.08,86.56,87.02,254167
2008-06-26,1214487000,87.03,87.61,87.03,87.50999,320436
2008-06-27,1214573400,87.62,88.05,87.52,87.94,172969
2008-06-30,1214832600,87.84,88.035,87.73,88,240418
2008-07-01,1214919000,88.00999,88.11,87.47,87.47,355264
2008-07-02,1215005400,87.55,87.8,87.49001,87.67999,469718
2008-07-03,1215091800,87.57001,87.88,87.45,87.71001,261762
2008-07-07,1215437400,87.77,88.45,87.54401,88.1199,507817
2008-07-08,1215523800,88.17999,88.47,88.14999,88.34,206315
2008-07-09,1215610200,88.35001,88.828,88.25,88.75999,308170
2008-07-10,1215696600,88.8,88.94,88.41,88.78999,291013
2008-07-11,1215783000,88.78999,88.8868,87.85001,87.96001,377963
2008-07-14,1216042200,88.00999,88.64,88,88.42999,296304
2008-07-15,1216128600,88.62,89.10001,88.53999,88.75,506218
2008-07-16,1216215000,88.45,88.5,87.94,87.94,309492
2008-07-17,1216301400,87.89999,88.09,87.36,87.52,266400
2008-07-18,1216387800,87.55,87.73,87.14999,87.22,365498
2008-07-21,1216647000,87.17,87.42,87.05,87.42,264536
2008-07-22,1216733400,87.34,87.38,87.00999,87.12,262939
2008-07-23,1216819800,86.95,87.05991,86.69,86.98,549908
2008-07-24,1216906200,87.09,87.78,87.07001,87.73,276233
2008-07-25,1216992600,87.50999,87.64,87.10001,87.22,296833
2008-07-28,1217251800,87.50999,87.88361,87.48,87.72,362967
2008-07-29,1217338200,87.58,87.62,87.3,87.47,189985
2008-07-30,1217424600,87.27,87.79961,87.14999,87.64,274863
2008-07-31,1217511000,88.11,88.34,88.03999,88.34,274936
2008-08-01,1217597400,87.73,88.10001,87.71001,88.08,308457
2008-08-04,1217856600,87.92,88.2,87.8501,88.02,367413
2008-08-05,1217943000,87.94,88.03999,87.57001,87.57001,355508
2008-08-06,1218029400,87.57001,87.61,87.2,87.60001,272378
2008-08-07,1218115800,87.97,88.60001,87.8588,88.42,341176
2008-08-08,1218202200,88.50999,88.53999,88.22,88.38,202759
2008-08-11,1218461400,88.25999,88.25999,87.67,87.95,412432
2008-08-12,1218547800,88.27,88.58,88.24001,88.56,302197
2008-08-13,1218634200,88.7,88.72,88.2,88.37,210081
2008-08-14,1218720600,88.64,88.78,88.465,88.64,302903
2008-08-15,1218807000,88.88,89.11,88.83,88.97,292455
2008-08-18,1219066200,88.96001,89.23,88.88,89.19,380947
2008-08-19,1219152600,89.28999,89.315,88.955,89.06,373355
2008-08-20,1219239000,89.22,89.45,89.14011,89.3199,487236
2008-08-21,1219325400,89.37,89.37,88.94009,89.13,279851
2008-08-22,1219411800,88.96001,88.96001,88.7001,88.87,157174
2008-08-25,1219671000,89.38,89.55,89.3501,89.46001,232651
2008-08-26,1219757400,89.36,89.49001,89.19,89.49001,166868
2008-08-27,1219843800,89.11,89.646,89.11,89.62,255634
2008-08-28,1219930200,89.37,89.59,89.2,89.49001,201547
2008-08-29,1220016600,89.28999,89.42,89.10001,89.38,496872
2008-09-02,1220362200,88.89,89.59,88.7,89.5699,349117
2008-09-03,1220448600,89.56,89.89999,89.53011,89.78999,410243
2008-09-04,1220535000,89.96001,90.28,89.85001,90.24001,460435
2008-09-05,1220621400,90.47,90.64,90,90.04201,363338
2008-09-08,1220880600,89.42999,90.08,89.24001,90.05,418468
2008-09-09,1220967000,89.88,90.53,89.74001,90.46001,323713
2008-09-10,1221053400,89.92999,90.35001,89.8701,90.23,248884
2008-09-11,1221139800,90.49001,90.5399,90,90.07001,393473
2008-09-12,1221226200,90.17,90.2,89.47,89.62,358300
2008-09-15,1221485400,90.97,91.41,90.616,91.34,526193
2008-09-16,1221571800,92.63,92.64,91.03,91.08,810849
2008-09-17,1221658200,91.67,92.11,91.3201,91.89999,829734
2008-09-18,1221744600,91.39999,91.92999,90.78999,90.82001,687605
2008-09-19,1221831000,89.06,89.75,89.06,89.2,1339411
2008-09-22,1222090200,88.64,89.1144,88.48,89.00999,785799
2008-09-23,1222176600,89.14,89.29201,88.72,89.00999,455435
2008-09-24,1222263000,89.33,89.53931,89.00999,89.24001,415381
2008-09-25,1222349400,89.2,89.2,88.45,88.97,427117
2008-09-26,1222435800,89.14,89.28999,88.83,88.91,310566
2008-09-29,1222695000,89.49001,91.07001,89.49001,90.14999,532431
2008-09-30,1222781400,90.28999,90.28999,88.78,88.96001,477844
2008-10-01,1222867800,89.14,89.8,88.77,89.28,349158
2008-10-02,1222954200,89.42999,89.92,89.32001,89.78,297913
2008-10-03,1223040600,89.88,90.2,89,90.12,505322
2008-10-06,1223299800,90.44,91.32001,90.42999,90.85001,1065183
2008-10-07,1223386200,90.44,91.05,90.27,90.78,825303
2008-10-08,1223472600,91.07001,91.23,88.50999,89.62,869135
2008-10-09,1223559000,88.67,88.78999,88.24001,88.72,577138
2008-10-10,1223645400,88.45,88.45,87.41,87.67999,1154585
2008-10-13,1223904600,87.25999,87.75999,86.87,87.08,478383
2008-10-14,1223991000,87.05,87.39999,86.62,86.67,736612
2008-10-15,1224077400,86.66,87.38,86.59,87.38,247131
2008-10-16,1224163800,87.11,87.586,87.05009,87.39999,330363
2008-10-17,1224250200,87.89999,87.95,86.94,87.95,445772
2008-10-20,1224509400,87.49001,88.10001,87.28999,88.03999,315846
2008-10-21,1224595800,88.59,89.1299,88.18539,88.97,225428
2008-10-22,1224682200,89.11,89.64999,89.06,89.64999,347688
2008-10-23,1224768600,89.91,90.14999,89.28999,89.77,329980
2008-10-24,1224855000,90.39999,90.39999,89.17,89.39,1924570
2008-10-27,1225114200,89.46001,89.67999,88.91,89.34,213649
2008-10-28,1225200600,88.89999,89.33,88.31,88.62,278011
2008-10-29,1225287000,88.69,89.04539,88.32001,88.75,255361
2008-10-30,1225373400,88.06,88.31,87.83,88.07001,406258
2008-10-31,1225459800,88.42999,88.73,87.59,87.89,264071
2008-11-03,1225722600,87.7,87.85001,87.39,87.71001,1942255
2008-11-04,1225809000,87.74001,88.88,87.74001,88.75999,269619
2008-11-05,1225895400,88.78,89.23,88.67,89.23,286416
2008-11-06,1225981800,88.8,89.17,88.5,88.96001,172934
2008-11-07,1226068200,88.73,88.85001,88.44,88.64,212249
2008-11-10,1226327400,88.53999,88.972,88.28999,88.73,205387
2008-11-11,1226413800,88.72,89.37,88.72,89.06,130084
2008-11-12,1226500200,89.28,89.75,89.25,89.61,266887
2008-11-13,1226586600,89.49001,89.9455,88.88,88.96001,300460
2008-11-14,1226673000,89.73,90.06219,89.53,89.84,324009
2008-11-17,1226932200,89.85001,90.3,89.8,90.22,473054
2008-11-18,1227018600,90.60001,91.149,90.42,90.92,543590
2008-11-19,1227105000,91.3,92.048,91.09,91.89999,432378
2008-11-20,1227191400,93.11,93.75,92.61,93.75,727893
2008-11-21,1227277800,92.74001,93.12,92.42999,92.89,791241
2008-11-24,1227537000,92.52,92.60001,91.71001,92.02,611561
2008-11-25,1227623400,93.21001,95.7,92.85001,93.60001,411582
2008-11-26,1227709800,93.73,94.24001,93.69,94.17,483368
2008-11-28,1227882600,94.05,94.52,94.00999,94.36,134001
2008-12-01,1228141800,95.05,96.08,94.64,95.32001,663811
2008-12-02,1228228200,95.25999,95.8708,95.17,95.82001,278212
2008-12-03,1228314600,95.77,96.12,95.2,95.97,352149
2008-12-04,1228401000,96.17,96.789,95.87,96.57001,443785
2008-12-05,1228487400,96.25,96.66,95.42,95.55,557475
2008-12-08,1228746600,95.5,95.71001,95.07001,95.19,523332
2008-12-09,1228833000,95.38,96.21001,95.07001,96,1421682
2008-12-10,1228919400,95.49001,95.91,95.28081,95.91,736945
2008-12-11,1229005800,96.03999,96.56,95.63,96.49001,327472
2008-12-12,1229092200,96.48,96.77,95.49001,96.75999,281246
2008-12-15,1229351400,96.84,97.24001,96.7063,96.97,328810
2008-12-16,1229437800,97.03999,98.63,96.64,98.50999,405933
2008-12-17,1229524200,99.78,100.02,99.00999,99.17999,668572
2008-12-18,1229610600,99.95,100.31,99.67,99.85001,477603
2008-12-19,1229697000,99.44,99.9892,99.44,99.52,597987
2008-12-22,1229956200,99.56,99.724,99.14999,99.25999,804114
2008-12-23,1230042600,99.10001,99.55,99,99.21001,324489
2008-12-24,1230129000,99.16,99.44,99.05,99.11,129156
2008-12-26,1230301800,99.50999,99.64,99.2,99.64,181055
2008-12-29,1230561000,99.45,99.92,99.3801,99.49001,211857
2008-12-30,1230647400,99.23,99.63901,99.10001,99.63,201232
2008-12-31,1230733800,99.37,99.578,98.2,98.53,404555
2009-01-02,1230906600,98.78,98.9632,96.94,97.12,455170
2009-01-05,1231165800,96.71001,97.3,96.45,96.95,1383430
2009-01-06,1231252200,96.21001,97.08,96,96.89,900787
2009-01-07,1231338600,96.74001,97.14,96.55,96.91,296651
2009-01-08,1231425000,97.00999,97.5246,96.86,97.17,262532
2009-01-09,1231511400,97,97.948,97,97.62,278665
2009-01-12,1231770600,97.38,98.31,97.34,98.23,747650
2009-01-13,1231857000,97.98,98.36,97.91,98.3,157687
2009-01-14,1231943400,98.72,99.22,98.7,98.85001,321061
2009-01-15,1232029800,98.97,99.1244,98.5905,98.77,414573
2009-01-16,1232116200,97.55,98.5,97.47,97.86,288761
2009-01-20,1232461800,96.81,98.05,96.75,97.71001,357118
2009-01-21,1232548200,97.10001,97.55,96.62,96.84,484026
2009-01-22,1232634600,96.72,96.77,95.89999,96.2,262522
2009-01-23,1232721000,95.86,96.22,95.56059,96.22,361875
2009-01-26,1232980200,95.85001,96.11,95.56,95.98,324807
2009-01-27,1233066600,95.91,96.75,95.85001,96.61,269280
2009-01-28,1233153000,96.75,96.82001,95.58,95.993,266190
2009-01-29,1233239400,95.50999,95.74001,94.48,94.74001,325887
2009-01-30,1233325800,95.02,95.14999,94.62,94.7,296845
2009-02-02,1233585000,94.8,95.37,94.47,95.2,347513
2009-02-03,1233671400,94.84,94.939,94.2,94.38,435926
2009-02-04,1233757800,94.14999,94.25,93.5,93.89999,324904
2009-02-05,1233844200,94.03,94.46001,93.74001,94.12,641750
2009-02-06,1233930600,94,94.03,93.5,93.55,666997
2009-02-09,1234189800,93.52,93.58,93.12,93.36,468241
2009-02-10,1234276200,94.10001,94.85001,93.98,94.61,437360
2009-02-11,1234362600,94.86,95.49001,94.82001,95.34,316772
2009-02-12,1234449000,95.58,95.78,95.21001,95.31,379868
2009-02-13,1234535400,94.91,95.03,94.42,94.56,304039
2009-02-17,1234881000,95.56,96.2164,95.56,96.14999,416398
2009-02-18,1234967400,96.14,96.189,95.34061,95.45,422295
2009-02-19,1235053800,94.56,95.28999,94.56,94.92,229215
2009-02-20,1235140200,95.48,95.871,95.13,95.19,338752
2009-02-23,1235399400,94.83,95.319,94.69,95.28,440535
2009-02-24,1235485800,95.42999,95.78999,94.85001,94.92,556925
2009-02-25,1235572200,94.87,95.13,93.97,94.06,428665
2009-02-26,1235658600,93.83,94.06,93.6588,93.82001,224707
2009-02-27,1235745000,94.07001,94.28,93.56,93.74001,288208
2009-03-02,1236004200,93.97,94.63,93.89999,94.42999,500317
2009-03-03,1236090600,93.89999,94.61,93.78,94.31,528397
2009-03-04,1236177000,93.47,93.87,93.44,93.83,331536
2009-03-05,1236263400,94.50999,95.05,94.1864,94.92999,474916
2009-03-06,1236349800,94.46001,95.17999,94.46001,94.48,414745
2009-03-09,1236605400,94.63,94.75999,94.0968,94.52,224900
2009-03-10,1236691800,94.05,94.14999,93.73,93.83,244500
2009-03-11,1236778200,93.63,94.5,93.56,94.5,320632
2009-03-12,1236864600,94.57001,95.10001,94.39999,94.77,271063
2009-03-13,1236951000,94.5,95.10001,94.3,94.69479,553145
2009-03-16,1237210200,94.07001,94.39,94.02,94.16,512003
2009-03-17,1237296600,94.46001,94.63,93.78999,93.98,222202
2009-03-18,1237383000,94.14999,97.5,94.14999,97.2,751341
2009-03-19,1237469400,97.50999,97.67999,96.8508,96.87,711049
2009-03-20,1237555800,97.03999,97.21001,96.7,96.87,231302
2009-03-23,1237815000,96.81,97.10001,96.49001,96.53999,285043
2009-03-24,1237901400,96.41,96.81,96,96.39999,810433
2009-03-25,1237987800,96.17,96.42,95.6703,95.82001,443473
2009-03-26,1238074200,95.83,96.34,95.64999,96.07001,507846
2009-03-27,1238160600,96.28,96.39999,95.82001,96.00999,394177
2009-03-30,1238419800,96.55,96.6685,96.11011,96.42,321150
2009-03-31,1238506200,96.42,96.7,96.41,96.59,1150793
2009-04-01,1238592600,96.57001,96.72,96.22,96.55,230159
2009-04-02,1238679000,96.22,96.2924,95.7,95.92,552379
2009-04-03,1238765400,95.50999,95.74001,94.78999,94.82001,1177152
2009-04-06,1239024600,94.97,95.0396,94.53999,94.60001,363544
2009-04-07,1239111000,94.82001,95.00999,94.67,94.84,289620
2009-04-08,1239197400,94.98,95.31,94.85001,95.31,250747
2009-04-09,1239283800,94.72,95.16299,94.60001,94.75,249554
2009-04-13,1239629400,95.16,95.46001,95.11,95.31,207238
2009-04-14,1239715800,95.56,95.91,95.42,95.8,253952
2009-04-15,1239802200,95.92999,96.00999,95.4966,95.89,238472
2009-04-16,1239888600,95.67999,95.80341,95.35001,95.50999,240016
2009-04-17,1239975000,95.24001,95.28,94.64999,94.74001,239394
2009-04-20,1240234200,95.10001,95.5,95.08,95.39999,277678
2009-04-21,1240320600,95.78999,95.86,94.89999,95.03,218467
2009-04-22,1240407000,95.14,95.19,94.5,94.8,160866
2009-04-23,1240493400,94.7,94.89999,94.42999,94.78,238123
2009-04-24,1240579800,94.50999,94.64999,94.2401,94.41,253489
2009-04-27,1240839000,94.8,94.95,94.45,94.8,207462
2009-04-28,1240925400,95.11,95.12,94.2,94.34,283757
2009-04-29,1241011800,94.35001,94.554,93.50999,93.83,454346
2009-04-30,1241098200,93.59,93.78999,93.28999,93.67,410403
2009-05-01,1241184600,93.16,93.21001,92.83,93.09,562680
2009-05-04,1241443800,93.14999,93.36,92.96001,93.185,516340
2009-05-05,1241530200,93.19,93.36099,92.97,93.16,244910
2009-05-06,1241616600,93.08,93.548,93.00999,93.2,442592
2009-05-07,1241703000,92.67999,92.9744,92.25,92.42,490087
2009-05-08,1241789400,92.50999,92.8,92.41,92.53,399813
2009-05-11,1242048600,93.14999,93.45,92.99001,93.39999,697908
2009-05-12,1242135000,93.23,93.48,93.09,93.34,206798
2009-05-13,1242221400,93.57001,93.86,93.56,93.77,287436
2009-05-14,1242307800,93.71001,93.83,93.55,93.78,186479
2009-05-15,1242394200,93.63,93.7,93.39999,93.55,254044
2009-05-18,1242653400,93.61,93.67999,92.96001,93,456041
2009-05-19,1242739800,92.8,92.927,92.5936,92.87,268880
2009-05-20,1242826200,92.88,93.2899,92.73,93.1601,408580
2009-05-21,1242912600,93.46001,93.46001,92.06,92.14,374811
2009-05-22,1242999000,91.74001,92.0099,91.46001,91.60001,382177
2009-05-26,1243344600,91.87,91.99001,90.97,90.99001,519886
2009-05-27,1243431000,91,91.06,89.88,89.96001,733445
2009-05-28,1243517400,90.61,90.63,89.71001,90.42999,660056
2009-05-29,1243603800,90.47,91.53999,90.45,91.45,1119285
2009-06-01,1243863000,90.25999,90.35001,89.42999,89.69,970296
2009-06-02,1243949400,89.92,90.03999,89.45,89.99001,1903733
2009-06-03,1244035800,90.28,90.644,90.14,90.53999,568733
2009-06-04,1244122200,89.98,90.09,89.34,89.49001,591049
2009-06-05,1244208600,88.67999,89.14,88.41,88.60001,1273845
2009-06-08,1244467800,88.71001,88.84,88.08,88.14999,1135746
2009-06-09,1244554200,88.55,88.78999,88.28999,88.53,1127125
2009-06-10,1244640600,88.27,88.48,87.703,88,1406674
2009-06-11,1244727000,87.98,88.95,87.82001,88.60001,781315
2009-06-12,1244813400,88.72,89.28999,88.72,89.07001,608259
2009-06-15,1245072600,89.41,89.616,89.3,89.47,531477
2009-06-16,1245159000,89.44,90,89.28999,89.97,402905
2009-06-17,1245245400,90,90.40199,89.73,89.73,594742
2009-06-18,1245331800,89.23,89.4225,88.53999,88.64,1015403
2009-06-19,1245418200,88.50999,89.07001,88.44,89.05,850837
2009-06-22,1245677400,89.41,89.64,89.3,89.53,1217910
2009-06-23,1245763800,89.56,89.95,89.42999,89.82001,492110
2009-06-24,1245850200,89.87,90.32001,89.48,89.48,687593
2009-06-25,1245936600,89.7,90.60001,89.49001,90.60001,790649
2009-06-26,1246023000,90.67,90.89999,90.5,90.72,263670
2009-06-29,1246282200,90.97,91.09,90.72,90.91,903156
2009-06-30,1246368600,90.46001,90.98599,90.32001,90.67,608736
2009-07-01,1246455000,90.05,90.36,89.88,90.36,394094
2009-07-02,1246541400,90.53,90.88,90.53,90.66,431695
2009-07-06,1246887000,90.50999,90.77,90.41,90.72,472150
2009-07-07,1246973400,90.58,91.09,90.58,91.08,741536
2009-07-08,1247059800,91.16,92.28,91.08,92.13,659898
2009-07-09,1247146200,91.60001,91.74001,91.25,91.59,668884
2009-07-10,1247232600,91.96001,92.35001,91.82001,92.16,400218
2009-07-13,1247491800,92.21001,92.31,91.75,91.83,327362
2009-07-14,1247578200,91.31,91.5694,91.07001,91.22,942025
2009-07-15,1247664600,90.74001,90.82001,90.03999,90.03999,714313
2009-07-16,1247751000,90.64999,90.892,90.52,90.58,194809
2009-07-17,1247837400,90.19,90.38,89.97,89.97,615902
2009-07-20,1248096600,89.75,90.60899,89.71001,90.3,335357
2009-07-21,1248183000,90.09,91.37,90.08,91.31,837604
2009-07-22,1248269400,91.2,91.2,90.65021,90.77,298265
2009-07-23,1248355800,90.75999,90.78,89.71001,89.89,518064
2009-07-24,1248442200,89.85001,90.12,89.83,90.08,292334
2009-07-27,1248701400,89.59,89.82001,89.38,89.66,326865
2009-07-28,1248787800,89.84,90.32001,89.58,89.84,299300
2009-07-29,1248874200,90.24001,90.26649,89.55,89.89999,265162
2009-07-30,1248960600,89.72,90.3,89.55,90.25999,367350
2009-07-31,1249047000,90.64999,91.24001,90.45799,91.17,631744
2009-08-03,1249306200,90.37,90.39999,89.7,89.94,453994
2009-08-04,1249392600,90.17,90.24001,89.35001,89.67999,551917
2009-08-05,1249479000,89.28,89.96001,89.13,89.17,393836
2009-08-06,1249565400,89.13,89.5,88.97,89.17,311196
2009-08-07,1249651800,88.66,88.75999,88.466,88.58,507167
2009-08-10,1249911000,88.69,89.17999,88.60001,89.14999,1487640
2009-08-11,1249997400,89.48,89.77,89.39,89.77,327302
2009-08-12,1250083800,89.85001,89.92,89.14,89.52,624664
2009-08-13,1250170200,89.78999,90.39,89.7,90.22,614621
2009-08-14,1250256600,90.42999,90.97,90.42,90.5,694981
2009-08-17,1250515800,90.87,91.16479,90.85001,91.12,572877
2009-08-18,1250602200,91.13,91.14999,90.78,90.8,514651
2009-08-19,1250688600,91.42999,91.45,90.94,91.14,495397
2009-08-20,1250775000,91.24001,91.42999,90.96989,91.38,542825
2009-08-21,1250861400,91.31,91.38,90.42,90.45,435088
2009-08-24,1251120600,90.24001,91.03999,90.23,91.00999,369069
2009-08-25,1251207000,90.92999,91.3299,90.72,91.25,315743
2009-08-26,1251293400,91.33,91.42999,91.14,91.37,219525
2009-08-27,1251379800,91.09,91.45,91.007,91.12,378638
2009-08-28,1251466200,90.92999,91.39,90.86,91.33,303493
2009-08-31,1251725400,91.41,91.7,91.25999,91.60001,483700
2009-09-01,1251811800,91.13,91.78,90.98,91.58,464415
2009-09-02,1251898200,91.71001,92.13,91.61,92.08,381884
2009-09-03,1251984600,91.83,92.03,91.73,91.75,246381
2009-09-04,1252071000,91.7,91.82001,91.17439,91.2,521340
2009-09-08,1252416600,90.99001,91.4299,90.96001,90.99001,408616
2009-09-09,1252503000,90.86,91.09,90.66,91.07001,568311
2009-09-10,1252589400,91.41,92.07001,91.373,91.75,626855
2009-09-11,1252675800,92.14999,92.45,91.96001,92.02,1319486
2009-09-14,1252935000,91.75999,91.89,91.42999,91.48399,477088
2009-09-15,1253021400,91.12,91.47,91.12,91.28999,710072
2009-09-16,1253107800,91.42,91.45,90.98,91.22,743139
2009-09-17,1253194200,91.28,91.67999,91,91.67,846478
2009-09-18,1253280600,91.39,91.53,91.03999,91.17999,910128
2009-09-21,1253539800,91.34,91.52,91,91.12,617137
2009-09-22,1253626200,91.05,91.36,91.03999,91.36,438769
2009-09-23,1253712600,91.14999,91.61,90.89999,91.56,794412
2009-09-24,1253799000,91.60001,91.92999,91.48,91.81,501157
2009-09-25,1253885400,91.87,92.21001,91.67,92.17999,454003
2009-09-28,1254144600,92.10001,92.42999,92.05,92.34,513923
2009-09-29,1254231000,92.10001,92.4482,91.99001,92.3,276322
2009-09-30,1254317400,92.21001,92.4865,92.16,92.37,670871
2009-10-01,1254403800,92.45,92.95,92.32671,92.81,1762775
2009-10-02,1254490200,93.21001,93.23,92.69,92.77,936556
2009-10-05,1254749400,93.03,93.06,92.702,92.75999,509101
2009-10-06,1254835800,92.64999,92.69,92.44,92.46001,382286
2009-10-07,1254922200,92.8,93.14,92.78,93.05,269425
2009-10-08,1255008600,93.17,93.2,92.61,92.71001,422123
2009-10-09,1255095000,92.25999,92.44,91.62,91.82001,543771
2009-10-12,1255354200,91.82001,92.21001,91.78011,92.09,464731
2009-10-13,1255440600,92.25,92.36,92.0726,92.3,489148
2009-10-14,1255527000,91.75999,91.99699,91.50999,91.67,523428
2009-10-15,1255613400,91.3,91.75,91.23,91.37,826092
2009-10-16,1255699800,91.55,91.78999,91.339,91.78999,765240
2009-10-19,1255959000,91.62,91.92999,91.56,91.92999,487285
2009-10-20,1256045400,92.17999,92.33299,92.07001,92.14,640732
2009-10-21,1256131800,91.86,91.938,91.57001,91.92999,406327
2009-10-22,1256218200,91.53999,91.83,91.50999,91.66,421224
2009-10-23,1256304600,91.28999,91.46001,91.2,91.21001,424766
2009-10-26,1256563800,91.02,91.10001,90.63,90.6891,762590
2009-10-27,1256650200,90.88,91.5,90.88,91.47,669711
2009-10-28,1256736600,91.48,91.94,91.44,91.75,684010
2009-10-29,1256823000,91.49001,91.53191,91.08,91.31,351126
2009-10-30,1256909400,91.58,92,91.55,91.99001,600040
2009-11-02,1257172200,91.28,91.28,90.89,90.98,671071
2009-11-03,1257258600,91.23,91.23,90.60001,90.77,352955
2009-11-04,1257345000,90.48,90.7,90.23,90.52,497641
2009-11-05,1257431400,90.41,90.60001,90.28999,90.53999,147575
2009-11-06,1257517800,90.75,90.83,90.42999,90.81,327272
2009-11-09,1257777000,90.77,90.966,90.74001,90.85001,531418
2009-11-10,1257863400,91.08,91.16,90.748,90.92,522928
2009-11-11,1257949800,91.2,91.42,91.05,91.17999,275525
2009-11-12,1258036200,90.97,91.24001,90.62,91.21001,374449
2009-11-13,1258122600,91.2,91.3,91.07001,91.28,229237
2009-11-16,1258381800,91.46001,91.89,91.37,91.77,514711
2009-11-17,1258468200,91.7,92.03,91.60001,91.97,505957
2009-11-18,1258554600,91.82001,91.91,91.62,91.74001,285284
2009-11-19,1258641000,91.86,92.0899,91.77,91.85001,378132
2009-11-20,1258727400,91.89999,91.98,91.7041,91.84,304188
2009-11-23,1258986600,91.61,91.75,91.46001,91.71001,505065
2009-11-24,1259073000,91.89999,92.25999,91.8,92.17999,753726
2009-11-25,1259159400,92.11,92.53999,91.98,92.49001,431240
2009-11-27,1259332200,92.89999,93,92.73,92.91,412131
2009-11-30,1259591400,92.88,93.12,92.72,93.06,404012
2009-12-01,1259677800,92.61,92.66,92.3,92.34,529540
2009-12-02,1259764200,92.25999,92.41,92.02,92.14999,463798
2009-12-03,1259850600,91.60001,91.78,91.57001,91.72,463403
2009-12-04,1259937000,90.96001,91.14,90.78999,91.03999,756604
2009-12-07,1260196200,91.06,91.37,91.04201,91.28999,399037
2009-12-08,1260282600,91.74001,91.88,91.502,91.61,502177
2009-12-09,1260369000,91.64999,91.8,91.37,91.42999,721779
2009-12-10,1260455400,91.25,91.28,90.85001,91.12,423197
2009-12-11,1260541800,90.81,90.81,90.48,90.67,453936
2009-12-14,1260801000,90.74001,90.86,90.63251,90.67,195113
2009-12-15,1260887400,90.31,90.47,90.2,90.38,325960
2009-12-16,1260973800,90.53999,90.702,90.28,90.38,761489
2009-12-17,1261060200,90.89999,91.17999,90.73,91.17999,468765
2009-12-18,1261146600,90.98,91.13,90.7,90.73,517598
2009-12-21,1261405800,90.32001,90.33,89.75,89.8,609887
2009-12-22,1261492200,89.55,89.59,89.33,89.39999,366611
2009-12-23,1261578600,89.57001,89.78,89.35001,89.36,351303
2009-12-24,1261665000,89.3,89.36,89.03999,89.03999,160137
2009-12-28,1262010600,88.95,88.97,88.78999,88.8,1181337
2009-12-29,1262097000,88.74001,88.92599,88.63,88.87,428708
2009-12-30,1262183400,88.92,89.06,88.81,89.03,473069
2009-12-31,1262269800,88.59,88.96001,88.28999,88.60001,304210
2010-01-04,1262615400,88.74001,88.95,88.63,88.82001,619066
2010-01-05,1262701800,89.06,89.35001,89.06,89.21001,1547485
2010-01-06,1262788200,89.14999,89.2,88.77499,88.85001,365423
2010-01-07,1262874600,88.87,89.048,88.81,88.85001,390882
2010-01-08,1262961000,89.13,89.14,88.82001,88.96001,382435
2010-01-11,1263220200,89.00999,89.14999,88.92999,89.02,653508
2010-01-12,1263306600,89.60001,89.72,89.48199,89.66,402980
2010-01-13,1263393000,89.48,89.67,89.2,89.23,281884
2010-01-14,1263479400,89.49001,89.77,89.39,89.64999,511642
2010-01-15,1263565800,89.98,90.14999,89.96001,90.05,429130
2010-01-19,1263911400,89.86,89.96001,89.7101,89.89,411813
2010-01-20,1263997800,90.14,90.3226,90.13,90.2,228795
2010-01-21,1264084200,90.08,90.60001,90.06,90.53,349133
2010-01-22,1264170600,90.46001,90.67999,90.42999,90.61,272861
2010-01-25,1264429800,90.41,90.53,90.39999,90.41,1698945
2010-01-26,1264516200,90.69,90.71001,90.416,90.59,490561
2010-01-27,1264602600,90.64,90.81,90.3,90.38,342025
2010-01-28,1264689000,90.09,90.45,90.09,90.35001,318066
2010-01-29,1264775400,90.25999,90.7,90.14999,90.7,396686
2010-02-01,1265034600,90.25999,90.25999,89.99001,90.09,634298
2010-02-02,1265121000,90.13,90.25,90.10001,90.24001,425940
2010-02-03,1265207400,89.98,90.05,89.78,89.81,435237
2010-02-04,1265293800,90.2,90.59,90.2,90.55,503366
2010-02-05,1265380200,90.49001,91,90.42999,90.84,694613
2010-02-08,1265639400,90.67999,90.78,90.56,90.75999,257546
2010-02-09,1265725800,90.52,90.73399,90.25,90.27,481166
2010-02-10,1265812200,90.41,90.46001,89.89,90.02,496174
2010-02-11,1265898600,90.03,90.03,89.67,89.91,496817
2010-02-12,1265985000,90.2,90.27,90.10001,90.12,219729
2010-02-16,1266330600,89.94,90.35201,89.91,90.32001,175330
2010-02-17,1266417000,90.09,90.22,89.67999,89.84,357946
2010-02-18,1266503400,89.89999,89.89999,89.31,89.52,474229
2010-02-19,1266589800,89.46001,89.57001,89.25999,89.57001,527882
2010-02-22,1266849000,89.44,89.58,89.42,89.5,349619
2010-02-23,1266935400,89.61,90.23,89.58,90.17999,557176
2010-02-24,1267021800,90.21001,90.38,90.0466,90.23,394228
2010-02-25,1267108200,90.57001,90.62,90.42,90.56,256602
2010-02-26,1267194600,90.62,90.91,90.61,90.69501,609816
2010-03-01,1267453800,90.56,90.62,90.39999,90.55,468557
2010-03-02,1267540200,90.36,90.62,90.32001,90.60001,417869
2010-03-03,1267626600,90.41,90.56,90.3,90.50999,476650
2010-03-04,1267713000,90.47,90.7767,90.37,90.67,431025
2010-03-05,1267799400,90.31,90.33,90.05,90.24001,549893
2010-03-08,1268058600,90.00999,90.08,89.97,90,399802
2010-03-09,1268145000,90.17999,90.23,90,90.23,350471
2010-03-10,1268231400,89.92999,90.10001,89.88,90.08,329747
2010-03-11,1268317800,89.91,90.14,89.85001,90,283201
2010-03-12,1268404200,89.8,90.25,89.78999,90.14,276327
2010-03-15,1268659800,90.13,90.2,89.97009,90.14,190043
2010-03-16,1268746200,90.16,90.53,90.13,90.49001,388176
2010-03-17,1268832600,90.56,90.632,90.45,90.60001,288285
2010-03-18,1268919000,90.53,90.59,90.3275,90.36,202548
2010-03-19,1269005400,90.25,90.519,90.23,90.24001,171245
2010-03-22,1269264600,90.46001,90.5405,90.395,90.53999,338077
2010-03-23,1269351000,90.50999,90.60001,90.35001,90.35001,244020
2010-03-24,1269437400,89.87,89.9875,89.32001,89.45,531278
2010-03-25,1269523800,89.27,89.37,88.82001,89.12,601882
2010-03-26,1269610200,89.03,89.36,89.02,89.33,734088
2010-03-29,1269869400,89.3,89.37,89.10001,89.2,521381
2010-03-30,1269955800,89.19,89.28999,89.02,89.28999,246496
2010-03-31,1270042200,89.46001,89.58,89.35001,89.5,398881
2010-04-01,1270128600,89.11,89.16,88.94,89.06,397584
2010-04-05,1270474200,88.44,88.53,88.1225,88.25999,656063
2010-04-06,1270560600,88.56,88.60001,88.37,88.52,566058
2010-04-07,1270647000,88.50999,89.17,88.49001,89.07001,561937
2010-04-08,1270733400,89.16,89.31,88.92,88.97,465306
2010-04-09,1270819800,88.85001,89.10001,88.75,89.07001,314546
2010-04-12,1271079000,89.21001,89.41,89.12,89.31,401974
2010-04-13,1271165400,89.53,89.591,89.33,89.48,309058
2010-04-14,1271251800,89.48,89.57001,89.2,89.24001,315743
2010-04-15,1271338200,89.11,89.47,89.06599,89.39,299839
2010-04-16,1271424600,89.53999,89.96001,89.43201,89.92999,409873
2010-04-19,1271683800,89.85001,89.88,89.64,89.71001,215296
2010-04-20,1271770200,89.67,89.75,89.55,89.75,171301
2010-04-21,1271856600,89.84,90.08,89.75,90.03999,446457
2010-04-22,1271943000,90.14999,90.25,89.8,89.83,258135
2010-04-23,1272029400,89.61,89.685,89.4933,89.58,174170
2010-04-26,1272288600,89.78,89.811,89.55,89.64,161872
2010-04-27,1272375000,90.05,90.53999,89.95,90.48,442741
2010-04-28,1272461400,90.16,90.28999,89.86,90.02,409750
2010-04-29,1272547800,90.00999,90.233,89.89,90.17,350443
2010-04-30,1272634200,90.28,90.73,90.27,90.72,423157
2010-05-03,1272893400,90.17,90.28,90.112,90.21001,300441
2010-05-04,1272979800,90.75999,90.89,90.61,90.82001,355000
2010-05-05,1273066200,91.17999,91.59,90.9799,91.17,671938
2010-05-06,1273152600,91.24001,93.06,91.10001,92.174,902395
2010-05-07,1273239000,91.92999,92.75,91.78,91.92,3856425
2010-05-10,1273498200,90.99001,91.41,90.98,91.22,836107
2010-05-11,1273584600,91.41,91.46001,91.03,91.33,891351
2010-05-12,1273671000,91.22,91.33501,91.03999,91.10001,423996
2010-05-13,1273757400,91.35001,91.42999,90.89,91.35001,420204
2010-05-14,1273843800,91.75999,92.2095,91.7,91.94,488611
2010-05-17,1274103000,91.92999,92.33,91.702,91.74001,535065
2010-05-18,1274189400,91.78,92.48,91.74001,92.41,1711363
2010-05-19,1274275800,92.42999,92.89,92.38,92.49001,839625
2010-05-20,1274362200,93.21001,93.629,93.05,93.39,1221530
2010-05-21,1274448600,94.14,94.21001,93.27,93.44,1196653
2010-05-24,1274707800,93.52,93.66991,93.33,93.44,2949359
2010-05-25,1274794200,94.03,94.1981,93.62,93.75999,1063952
2010-05-26,1274880600,93.46001,93.60001,93.11011,93.57001,551562
2010-05-27,1274967000,92.88,92.89841,92.56841,92.67999,522785
2010-05-28,1275053400,92.89999,93.14,92.72,93.10001,511696
2010-06-01,1275399000,93.16,93.19,92.73,92.96001,978845
2010-06-02,1275485400,92.92,93.028,92.39,92.42999,519021
2010-06-03,1275571800,92.14,92.56,92.082,92.3,274222
2010-06-04,1275658200,93.19,93.61,93.09,93.58,728291
2010-06-07,1275917400,93.47,93.98,93.42,93.96001,413702
2010-06-08,1276003800,93.67999,93.92,93.63,93.67,604256
2010-06-09,1276090200,93.41,93.78999,93.3,93.67999,263939
2010-06-10,1276176600,93.28999,93.33,92.77,92.81,655116
2010-06-11,1276263000,93.24001,93.56,93,93.39999,404762
2010-06-14,1276522200,92.92999,93.33,92.81,93.32001,627664
2010-06-15,1276608600,93.34,93.42999,92.89799,93.03,1114315
2010-06-16,1276695000,93.31,93.37,93.02,93.28999,621849
2010-06-17,1276781400,93.39,93.87,93.39,93.73,792500
2010-06-18,1276867800,93.67,93.71001,93.53,93.53999,463312
2010-06-21,1277127000,93.03,93.50999,93,93.47,569056
2010-06-22,1277213400,93.53999,94.07001,93.49001,94.03,549176
2010-06-23,1277299800,94.12,94.53,94.10001,94.38,632410
2010-06-24,1277386200,94.57001,94.66,94.17281,94.3,1075019
2010-06-25,1277472600,94.21001,94.67999,94.19,94.45,455334
2010-06-28,1277731800,94.78,95.13,94.78,95.12,924250
2010-06-29,1277818200,95.34,95.60001,95.3,95.53,920377
2010-06-30,1277904600,95.61,95.67,95.332,95.67,891475
2010-07-01,1277991000,95.42999,95.84,95.34,95.38,1293675
2010-07-02,1278077400,95.21001,95.42,95.08,95.21001,1072328
2010-07-06,1278423000,95.16,95.57001,95.05,95.44,914029
2010-07-07,1278509400,95.50999,95.52,95.11,95.14,473819
2010-07-08,1278595800,94.85001,95.0399,94.71001,94.91,508346
2010-07-09,1278682200,94.78,94.86,94.66,94.66,439763
2010-07-12,1278941400,94.82001,95.06,94.75,94.82001,685176
2010-07-13,1279027800,94.63,94.67,94.33,94.35001,679692
2010-07-14,1279114200,94.67999,94.979,94.50191,94.82001,566404
2010-07-15,1279200600,95.02,95.4848,95.02,95.31,703580
2010-07-16,1279287000,95.39,95.92,95.39,95.86,864176
2010-07-19,1279546200,95.72,95.84,95.52,95.61,489748
2010-07-20,1279632600,95.89999,96.11,95.69009,95.71001,895895
2010-07-21,1279719000,95.78,96.41,95.76759,96.32001,470606
2010-07-22,1279805400,96.05,96.05,95.78,95.78999,656772
2010-07-23,1279891800,95.86,95.92999,95.14999,95.48,799452
2010-07-26,1280151000,95.44,95.55,95.23,95.45,626251
2010-07-27,1280237400,95.14,95.36,95.10001,95.12,528104
2010-07-28,1280323800,95.17999,95.60989,95.10001,95.53,932960
2010-07-29,1280410200,95.49001,95.92,95.42999,95.73,737212
2010-07-30,1280496600,96.23,96.35001,96.03,96.28999,563601
2010-08-02,1280755800,95.78999,95.92,95.67999,95.74001,1160888
2010-08-03,1280842200,96.03,96.25999,95.99001,96.19,911849
2010-08-04,1280928600,96.14999,96.17,95.78999,95.78999,777581
2010-08-05,1281015000,96.12,96.28799,96.03,96.25,817317
2010-08-06,1281101400,96.67999,96.89,96.53,96.88,438379
2010-08-09,1281360600,96.75,96.88,96.7001,96.86,464753
2010-08-10,1281447000,96.81,97.4196,96.72,97.35001,641133
2010-08-11,1281533400,97.7,97.9299,97.64,97.89999,911201
2010-08-12,1281619800,97.96001,97.97,97.55,97.64999,1701048
2010-08-13,1281706200,97.84,98.09,97.7802,98.07001,706084
2010-08-16,1281965400,98.66,98.81,98.53999,98.78,1453106
2010-08-17,1282051800,98.52,98.5425,98.10001,98.28,774270
2010-08-18,1282138200,98.53999,98.66,98.14,98.17999,1148561
2010-08-19,1282224600,98.14999,98.77,98.1162,98.62,684021
2010-08-20,1282311000,98.61,98.67751,98.25,98.3,305903
2010-08-23,1282570200,98.25999,98.5,98.161,98.42999,575593
2010-08-24,1282656600,98.97,99.38499,98.83501,99.21001,973319
2010-08-25,1282743000,99.47,99.66,98.67,98.75999,690016
2010-08-26,1282829400,98.81,99.21001,98.71001,99.21001,845231
2010-08-27,1282915800,98.78,99.13,97.89999,98.07001,1014033
2010-08-30,1283175000,98.39,98.83,98.31,98.82001,463421
2010-08-31,1283261400,99.22,99.34,99.0101,99.25999,1276604
2010-09-01,1283347800,98.64,98.69,97.92,98.3,1268611
2010-09-02,1283434200,98.07001,98.09,97.83,97.89,1273421
2010-09-03,1283520600,97.12,97.5,97.08,97.33,1308227
2010-09-07,1283866200,97.85001,98.13,97.73,98.10001,778122
2010-09-08,1283952600,97.84,98,97.62,97.83,1124888
2010-09-09,1284039000,97.39,97.47,97.00999,97.06,929278
2010-09-10,1284125400,96.78999,96.89999,96.58,96.78,725229
2010-09-13,1284384600,96.72,97.3,96.72,97.24001,1450009
2010-09-14,1284471000,97.42,97.78999,97.4091,97.73,590859
2010-09-15,1284557400,97.60001,97.83,97.34,97.39,900521
2010-09-16,1284643800,97.28,97.36,96.86,97.05,2902806
2010-09-17,1284730200,97.34,97.53999,97.17,97.27,1738523
2010-09-20,1284989400,97.42,97.57001,97.21001,97.57001,619808
2010-09-21,1285075800,97.8499,98.49001,97.50999,98.48,1279481
2010-09-22,1285162200,98.75999,99.02,98.56,98.63,978761
2010-09-23,1285248600,99.14,99.14,98.55,98.77,514007
2010-09-24,1285335000,98.36,98.46001,98.2401,98.28,1317494
2010-09-27,1285594200,98.64,99.05,98.64,99.03999,784639
2010-09-28,1285680600,99.07001,99.5,99.06,99.37,775990
2010-09-29,1285767000,99.39,99.44,99.08,99.13,820325
2010-09-30,1285853400,99.06,99.07359,98.39999,99.00999,813111
2010-10-01,1285939800,98.50999,98.95,98.38,98.83,846531
2010-10-04,1286199000,99.03,99.24001,98.96001,99.17999,1260704
2010-10-05,1286285400,99.24001,99.3019,99.09,99.2,1092816
2010-10-06,1286371800,99.88,100.12,99.7504,99.84,614373
2010-10-07,1286458200,99.92,100.06,99.83,99.94,534645
2010-10-08,1286544600,100.2,100.38,99.97,99.98,868124
2010-10-11,1286803800,100.12,100.2,99.96001,100.08,400252
2010-10-12,1286890200,100.10001,100.25999,99.73,99.78999,991856
2010-10-13,1286976600,99.48,99.83,99.32001,99.78999,473742
2010-10-14,1287063000,99.75,99.81,99.14999,99.22,955038
2010-10-15,1287149400,99.08,99.14999,98.62,98.78999,807058
2010-10-18,1287408600,99.23,99.49001,99.09,99.25999,1149506
2010-10-19,1287495000,99.13,99.74001,99.11,99.60001,763668
2010-10-20,1287581400,99.37,99.75999,99.29201,99.53999,615014
2010-10-21,1287667800,99.37,99.4581,98.99001,98.99001,594290
2010-10-22,1287754200,98.88,99.11,98.87,99.02,643543
2010-10-25,1288013400,99.39999,99.5,98.95,98.99001,1436731
2010-10-26,1288099800,98.67,98.71899,98.33,98.33,832128
2010-10-27,1288186200,98.12,98.19,97.75,97.75999,1223489
2010-10-28,1288272600,98.13,98.42,98.08,98.33,738822
2010-10-29,1288359000,98.53999,98.838,98.49001,98.77,768579
2010-11-01,1288618200,98.84,98.84,98.3,98.37,1042615
2010-11-02,1288704600,98.62,98.73,98.55611,98.7,356671
2010-11-03,1288791000,99.03,99.19,98.42,99.02,911974
2010-11-04,1288877400,99.60001,99.9481,99.60001,99.82001,1092497
2010-11-05,1288963800,99.67999,99.85001,99.39999,99.39999,1108023
2010-11-08,1289226600,99.55,99.67,99.32001,99.42999,469308
2010-11-09,1289313000,99.42999,99.48,98.56,98.59,744580
2010-11-10,1289399400,98.64999,99.0416,98.06,98.96001,1298849
2010-11-11,1289485800,99.02,99.07001,98.58,98.85001,403412
2010-11-12,1289572200,98.61,98.8,98.02,98.03,2041375
2010-11-15,1289831400,97.46001,97.7301,96.75999,96.77,1174108
2010-11-16,1289917800,97.2,97.53999,96.64999,97.49001,955100
2010-11-17,1290004200,97.52,97.77,97.0901,97.21001,580148
2010-11-18,1290090600,96.96001,97.05,96.60001,96.98,2968157
2010-11-19,1290177000,96.97,97.19,96.92,97.17999,530549
2010-11-22,1290436200,97.48,97.71001,97.37,97.7,495341
2010-11-23,1290522600,98.09,98.23,97.78999,97.89999,659307
2010-11-24,1290609000,97.49001,97.53999,96.78,96.85001,1112638
2010-11-26,1290781800,97.11,97.28,97.02,97.27,210006
2010-11-29,1291041000,97.55,97.60899,97.3,97.48,527757
2010-11-30,1291127400,98.00999,98.03,97.56,97.64999,874116
2010-12-01,1291213800,96.41,96.67999,96.08,96.13,1967684
2010-12-02,1291300200,96.07001,96.35001,95.871,95.89,983443
2010-12-03,1291386600,96.5,96.53999,95.8,95.89999,374484
2010-12-06,1291645800,96.36,96.51199,96.16631,96.5,901974
2010-12-07,1291732200,95.64999,95.7401,94.67,94.89999,1335696
2010-12-08,1291818600,94.25,94.29201,93.42999,94.09,2156562
2010-12-09,1291905000,94.33,94.50999,93.89999,94.28999,1664637
2010-12-10,1291991400,93.98,94.09,93.49001,93.49001,1002402
2010-12-13,1292250600,93.35001,94.06,93.21001,93.78999,1323318
2010-12-14,1292337000,93.39999,93.62,92.5,92.8,1878500
2010-12-15,1292423400,93.03999,93.21001,92.10001,92.42,1871830
2010-12-16,1292509800,92.46001,92.99001,92.06,92.97,1350957
2010-12-17,1292596200,93.2,93.87,93.1181,93.77,1361603
2010-12-20,1292855400,94.12,94.36,93.55,93.75999,803978
2010-12-21,1292941800,93.92,93.97,93.47,93.96001,848476
2010-12-22,1293028200,93.91,93.95,93.57001,93.7,308845
2010-12-23,1293114600,93.53999,93.53999,93.24001,93.37,540576
2010-12-27,1293460200,93.37,93.77,93.12,93.73,407085
2010-12-28,1293546600,93.32001,93.37,92.5,92.5,955168
2010-12-29,1293633000,92.61,93.7,92.47009,93.53999,1362173
2010-12-30,1293719400,93.36,93.49001,93.03999,93.35001,529761
2010-12-31,1293805800,93.42999,94.15041,93.4099,93.82001,674214
2011-01-03,1294065000,93.19,93.78999,93.03999,93.53,1396063
2011-01-04,1294151400,93.64999,93.88,93.48,93.75,1234020
2011-01-05,1294237800,93.06,93.16991,92.55,92.74001,1111873
2011-01-06,1294324200,93.00999,93.28999,92.84,93.22,1452338
2011-01-07,1294410600,93.3,94.00999,93.17999,93.84,736474
2011-01-10,1294669800,94.00999,94.16,93.82401,94.16,1096480
2011-01-11,1294756200,94.03999,94.03999,93.55991,93.78999,760373
2011-01-12,1294842600,93.41,93.6944,93.24001,93.52,752968
2011-01-13,1294929000,93.49001,94.14999,93.45799,94.14999,1051450
2011-01-14,1295015400,94.33,94.42999,93.86,93.89,734419
2011-01-18,1295361000,93.67999,93.84,93.3432,93.66,1063773
2011-01-19,1295447400,93.62,93.97,93.61,93.89999,732174
2011-01-20,1295533800,93.49001,93.56,92.94,93.17,696922
2011-01-21,1295620200,93.10001,93.48,92.98,93.48,523886
2011-01-24,1295879400,93.52,93.66,93.42999,93.49001,497717
2011-01-25,1295965800,93.67,94.17999,93.41,93.96001,1126491
2011-01-26,1296052200,93.75999,93.77,93.3,93.39,869858
2011-01-27,1296138600,93.47,93.8,93.2601,93.74001,531495
2011-01-28,1296225000,93.50999,94.32001,93.49001,94.17,1056512
2011-01-31,1296484200,94.07001,94.21201,93.69,93.8,555074
2011-02-01,1296570600,93.25,93.3651,93.02,93.13,1009110
2011-02-02,1296657000,93.37,93.42,92.75999,92.91,1119941
2011-02-03,1296743400,92.59,92.77,92.34,92.38,1310835
2011-02-04,1296829800,92.14,92.27,91.64999,91.81,1523836
2011-02-07,1297089000,91.57001,91.8,91.46001,91.77,850663
2011-02-08,1297175400,91.7,91.78,91.07001,91.14,997149
2011-02-09,1297261800,91.32001,91.8472,91.10001,91.66,785947
2011-02-10,1297348200,91.56,91.7,91.28,91.36,616923
2011-02-11,1297434600,91.75999,92.0154,91.60001,91.78,1492638
2011-02-14,1297693800,91.64999,92.021,91.64999,91.81,1311101
2011-02-15,1297780200,91.78,92.03999,91.75,92.02,603660
2011-02-16,1297866600,91.92,92.1631,91.67999,91.89,620071
2011-02-17,1297953000,92.24001,92.38,92.11,92.23,776443
2011-02-18,1298039400,91.99001,92.22,91.86,92.21001,418401
2011-02-22,1298385000,92.52,93.11,92.47,93.10001,1383471
2011-02-23,1298471400,93.08,93.25,92.7981,92.87,651616
2011-02-24,1298557800,93.14999,93.35001,92.998,93.11,508803
2011-02-25,1298644200,93.08,93.41,93.08,93.41,571897
2011-02-28,1298903400,93.42,93.49001,93.33,93.37,372342
2011-03-01,1298989800,92.73,93.3,92.69,93.25999,530783
2011-03-02,1299076200,93.10001,93.28999,92.77,92.77,425304
2011-03-03,1299162600,92.45,92.5,92.12,92.14,616753
2011-03-04,1299249000,92.36,92.82001,92.33,92.8,637265
2011-03-07,1299508200,92.41,92.89999,92.36,92.57001,489592
2011-03-08,1299594600,92.52,92.62,92.34,92.35001,538053
2011-03-09,1299681000,92.56,93.06,92.44,92.89,625999
2011-03-10,1299767400,93.14,93.67999,93,93.67999,1576458
2011-03-11,1299853800,93.69,93.73,93.33,93.46001,690697
2011-03-14,1300109400,93.74001,93.9805,93.67,93.67,806157
2011-03-15,1300195800,94.53,94.66,93.97,94.00999,1661769
2011-03-16,1300282200,94.48,95.28999,94.32001,94.81,1588722
2011-03-17,1300368600,94.53,94.71941,94.25999,94.52,639889
2011-03-18,1300455000,94.23,94.52,94.2,94.46001,1513148
2011-03-21,1300714200,94.14999,94.17999,93.74001,93.97,1028983
2011-03-22,1300800600,93.8,94.03,93.78,94.02,573466
2011-03-23,1300887000,94.28999,94.33,93.78,93.89999,696803
2011-03-24,1300973400,93.63,93.75999,93.38,93.42,1098082
2011-03-25,1301059800,93.58,93.62,93.10001,93.17,782312
2011-03-28,1301319000,93.03999,93.28,92.95,93.2,634812
2011-03-29,1301405400,93.09,93.33,92.8,92.92999,1047254
2011-03-30,1301491800,92.95,93.28,92.92,93.25,773469
2011-03-31,1301578200,93.41,93.44,92.97,93.00999,1093010
2011-04-01,1301664600,92.53999,92.963,92.50999,92.96001,1062659
2011-04-04,1301923800,93.09,93.31,93.01649,93.17,886099
2011-04-05,1302010200,93.03,93.09,92.61,92.7,777306
2011-04-06,1302096600,92.58,92.58,92.25999,92.3,857488
2011-04-07,1302183000,92.32001,92.48,92.12,92.31,743757
2011-04-08,1302269400,92.00999,92.21001,91.94,92.03999,595036
2011-04-11,1302528600,92.07001,92.27,91.96001,92.16,364180
2011-04-12,1302615000,92.55,92.87,92.53,92.67999,1055339
2011-04-13,1302701400,92.49001,93.03999,92.46001,93.03999,678689
2011-04-14,1302787800,93.19,93.19,92.73,92.73,1036248
2011-04-15,1302874200,93.27,93.45,93.14999,93.41,881379
2011-04-18,1303133400,93.34,93.75,93.14461,93.64,902349
2011-04-19,1303219800,93.63,93.849,93.60001,93.75999,531981
2011-04-20,1303306200,93.63,93.64999,93.36,93.39,708172
2011-04-21,1303392600,93.47,93.69,93.42999,93.46001,670536
2011-04-25,1303738200,93.57001,93.82001,93.52,93.78999,826328
2011-04-26,1303824600,93.89999,94.19,93.85001,94.19,519618
2011-04-27,1303911000,93.87,93.97,93.66,93.92,1379438
2011-04-28,1303997400,94.17999,94.3499,94,94.28,975516
2011-04-29,1304083800,94.14999,94.48,94.11,94.47,435608
2011-05-02,1304343000,94.14,94.39,94.08,94.2,632222
2011-05-03,1304429400,94.41,94.496,94.2708,94.45,1660681
2011-05-04,1304515800,94.46001,94.78,94.46001,94.69,1169498
2011-05-05,1304602200,94.89999,95.19,94.85001,95.16,898337
2011-05-06,1304688600,94.77,95.39,94.72,95.21001,1035397
2011-05-09,1304947800,95.23,95.39,95.21001,95.35001,559506
2011-05-10,1305034200,95.14,95.2,94.86,94.89,661555
2011-05-11,1305120600,94.85001,95.27,94.75999,95.23,611025
2011-05-12,1305207000,95.25999,95.35001,94.88,95.02,652286
2011-05-13,1305293400,95.27,95.71001,95.23,95.39,494383
2011-05-16,1305552600,95.42,95.64,95.25999,95.62,590755
2011-05-17,1305639000,95.83,95.97,95.71001,95.89999,986334
2011-05-18,1305725400,95.8,95.82899,95.35001,95.35001,790699
2011-05-19,1305811800,94.99001,95.49001,94.95,95.45,718122
2011-05-20,1305898200,95.45,95.71001,95.44,95.67999,669599
2011-05-23,1306157400,96.06,96.09,95.75999,95.81,928112
2011-05-24,1306243800,95.69,95.98,95.64,95.91,639229
2011-05-25,1306330200,96.02,96.08,95.8,95.92,1345588
2011-05-26,1306416600,96.05,96.45,96.0201,96.45,806132
2011-05-27,1306503000,96.34,96.50999,96.31,96.44,943795
2011-05-31,1306848600,96.27,96.63,96.22,96.59,2917821
2011-06-01,1306935000,96.7,97.17,96.66,97.14,2997257
2011-06-02,1307021400,96.75,97,96.55,96.56,1744388
2011-06-03,1307107800,97.19,97.19,96.67999,96.94,1531190
2011-06-06,1307367000,96.71001,96.97,96.63,96.88,1106872
2011-06-07,1307453400,96.67999,97.08,96.50999,97.06,1710949
2011-06-08,1307539800,97.12,97.41,97.08,97.27,1471598
2011-06-09,1307626200,97.3,97.38,96.78,96.88,1016804
2011-06-10,1307712600,97.11,97.38,97.10001,97.19,1020415
2011-06-13,1307971800,96.96001,97.32001,96.89999,96.98,1009809
2011-06-14,1308058200,96.47,96.55,96.2,96.21001,2088769
2011-06-15,1308144600,96.45,97.25999,96.45,97.25,1352254
2011-06-16,1308231000,97.38,97.67,97.22,97.52,1958374
2011-06-17,1308317400,97.31,97.50999,97.24001,97.45,997965
2011-06-20,1308576600,97.58,97.58,97.16,97.3,774097
2011-06-21,1308663000,97.23,97.33,97,97.17,1064826
2011-06-22,1308749400,97.39,97.45,96.99001,97.13,1119277
2011-06-23,1308835800,97.56,97.87,97.56,97.64,1264615
2011-06-24,1308922200,97.69,98.19,97.6657,98.05,997128
2011-06-27,1309181400,98.13,98.14999,97.62,97.67,1185648
2011-06-28,1309267800,97.52,97.5537,96.59,96.77,1315231
2011-06-29,1309354200,96.58,96.67,96.13,96.19,1376268
2011-06-30,1309440600,96.39999,96.41,95.52,95.86,1948149
2011-07-01,1309527000,95.75999,95.8,95.25011,95.39,1921751
2011-07-05,1309872600,95.78999,96.02,95.74001,95.99001,2896737
2011-07-06,1309959000,96.23,96.3992,96.08,96.16,1234886
2011-07-07,1310045400,95.83,95.86,95.64999,95.78999,1289085
2011-07-08,1310131800,96.58,96.89999,96.53999,96.81,1278013
2011-07-11,1310391000,97.25,97.56,97.1264,97.55,1158748
2011-07-12,1310477400,97.69,97.72,97.36,97.69,1205357
2011-07-13,1310563800,97.49001,97.86,97.3,97.85001,1247854
2011-07-14,1310650200,97.49001,97.72,97.28,97.28999,958933
2011-07-15,1310736600,97.14999,97.74001,97.13,97.69,874168
2011-07-18,1310995800,97.78,97.89999,97.562,97.63,883521
2011-07-19,1311082200,97.53,98,97.44,98,1211326
2011-07-20,1311168600,97.71001,97.78,97.47,97.52,752806
2011-07-21,1311255000,97.2901,97.39999,96.7872,96.98,1211109
2011-07-22,1311341400,97.19009,97.36,97.14,97.35001,813670
2011-07-25,1311600600,97,97.52,96.91499,97.03999,1541614
2011-07-26,1311687000,97.19,97.57001,97.14999,97.45,655580
2011-07-27,1311773400,97.31,97.53999,97.07001,97.28999,1066516
2011-07-28,1311859800,97.59,97.64,97.39999,97.48,671411
2011-07-29,1311946200,98.03,98.78999,98,98.66,1602129
2011-08-01,1312205400,98.31,98.99001,98.3,98.78,2389562
2011-08-02,1312291800,99.12,99.785,98.94,99.69,2287502
2011-08-03,1312378200,99.69,100.13,99.59,99.77,1922511
2011-08-04,1312464600,99.91,101.11,99.87,101.09,2813627
2011-08-05,1312551000,100.3,100.89999,99.78999,99.92,3041450
2011-08-08,1312810200,100.61,101.64,100.53999,101.50999,5178020
2011-08-09,1312896600,101.21001,103.75999,101,102.10001,3768396
2011-08-10,1312983000,102.85001,103.69,102.48,103.45,2768899
2011-08-11,1313069400,102.77,103.03,101.67101,101.92999,2344672
2011-08-12,1313155800,102.25,102.69,102.13,102.64,1176233
2011-08-15,1313415000,102.53,102.72,102.25,102.25999,986248
2011-08-16,1313501400,102.31,103.03,102.28999,102.73,2025309
2011-08-17,1313587800,102.91,103.45,102.62,103.45,826339
2011-08-18,1313674200,104.14011,104.72,103.75,103.99001,2211768
2011-08-19,1313760600,103.97,104.10001,103.62,104.10001,683165
2011-08-22,1314019800,103.64,103.95,103.58,103.91,913502
2011-08-23,1314106200,103.60001,104.13,103.46001,103.49001,1414173
2011-08-24,1314192600,103.33,103.35001,102.38,102.38,1089736
2011-08-25,1314279000,102.64999,103.12,102.56,103.00999,1391124
2011-08-26,1314365400,103.47,103.77,103.02,103.34,1080285
2011-08-29,1314624600,102.53,102.85001,102.53,102.66,1105981
2011-08-30,1314711000,103.19,103.58,103.16,103.37,693714
2011-08-31,1314797400,103.61,103.62,102.98,103,1069212
2011-09-01,1314883800,103.05,103.60001,102.5,103.59,1566822
2011-09-02,1314970200,104.25,104.66,104.00999,104.53999,1137818
2011-09-06,1315315800,105.00999,105.058,104.58,104.67999,1200462
2011-09-07,1315402200,104.27,104.49001,104.03999,104.12,945748
2011-09-08,1315488600,104.45,104.66,104.19,104.63,935636
2011-09-09,1315575000,104.82001,105.28999,104.74001,105.14,1014134
2011-09-12,1315834200,105.03999,105.17999,104.8,104.82001,2177771
2011-09-13,1315920600,104.71001,104.81,104.42,104.50999,932539
2011-09-14,1316007000,104.509,104.81,104.3,104.57001,1213979
2011-09-15,1316093400,103.78999,103.98,103.6008,103.78999,1037856
2011-09-16,1316179800,103.59,104.02,103.55,103.99001,698992
2011-09-19,1316439000,104.75999,105.02901,104.7,104.84,896414
2011-09-20,1316525400,104.82001,104.98,104.71001,104.98,1004998
2011-09-21,1316611800,104.94,105.57001,104.79401,105.42999,929440
2011-09-22,1316698200,106.31,106.66,106,106.41,3436457
2011-09-23,1316784600,106.35001,106.44,105.51801,105.53,1764652
2011-09-26,1317043800,105.34,105.5,105,105.09,1214790
2011-09-27,1317130200,104.33,104.50999,104.17,104.39,1159613
2011-09-28,1317216600,104.31,104.41,103.8,104.41,1270457
2011-09-29,1317303000,104.23,104.7,104.10001,104.41,1095973
2011-09-30,1317389400,105.07001,105.17,104.69991,105.07001,1604420
2011-10-03,1317648600,105.08,105.83,104.97,105.83,2105677
2011-10-04,1317735000,106.06,106.25999,105.28999,105.28999,2056052
2011-10-05,1317821400,105.17999,105.24001,104.7571,104.85001,1174275
2011-10-06,1317907800,104.58,104.71001,104.09,104.12,1336399
2011-10-07,1317994200,103.58,103.88,103.2505,103.58,2276257
2011-10-10,1318253400,102.69,102.92999,102.13,102.49001,803852
2011-10-11,1318339800,102.98,103.07001,102.72,102.83,978339
2011-10-12,1318426200,102.41,102.64999,102.05,102.48,2324397
2011-10-13,1318512600,102.8,103.24001,102.7,102.89,1474042
2011-10-14,1318599000,102.36,102.5905,102.23,102.38,703037
2011-10-17,1318858200,102.56,103.08,102.56,103.05,1274532
2011-10-18,1318944600,103.16,103.45,102.7106,102.94,912586
2011-10-19,1319031000,102.81,103.28999,102.7399,103.10001,733399
2011-10-20,1319117400,102.97,103.45,102.61,102.89,700125
2011-10-21,1319203800,102.8,102.99001,102.52,102.7,1275981
2011-10-24,1319463000,102.75999,102.80701,102.53,102.64999,1381432
2011-10-25,1319549400,102.56,103.57001,102.55,103.53,1020161
2011-10-26,1319635800,103.24001,103.49001,102.7532,102.77,989860
2011-10-27,1319722200,102.14,102.32001,101.3613,101.53,1636562
2011-10-28,1319808600,101.89999,102.27,101.88,102.14,936267
2011-10-31,1320067800,102.78999,103.50999,102.74001,103.50999,1182731
2011-11-01,1320154200,104.23,104.58,103.8638,104.53999,2251673
2011-11-02,1320240600,103.89999,104.39999,103.82001,104.28999,1087964
2011-11-03,1320327000,103.8,104.17,103.71001,103.8,739609
2011-11-04,1320413400,103.82001,104.21001,103.75999,104.11,735335
2011-11-07,1320676200,104.05,104.64999,103.97,104.23,844064
2011-11-08,1320762600,104.11,104.39999,103.69299,103.75999,418281
2011-11-09,1320849000,104.63,104.8916,103.77,104.67999,760215
2011-11-10,1320935400,104.25,104.53,103.84,104.17,664139
2011-11-11,1321021800,103.89,103.91,103.58,103.69,323568
2011-11-14,1321281000,104.08,104.41,104.03,104.34,586496
2011-11-15,1321367400,104.39999,104.67,104.09,104.2,480060
2011-11-16,1321453800,104.50999,104.60001,104.24001,104.58,335143
2011-11-17,1321540200,104.41,105.00999,104.33,104.78999,805477
2011-11-18,1321626600,104.61,104.71001,104.25,104.39999,1883059
2011-11-21,1321885800,104.75,104.91,104.64,104.694,692268
2011-11-22,1321972200,104.78999,105.03,104.56,105.00999,2619433
2011-11-23,1322058600,104.78,105.42999,104.71001,105.37,2189432
2011-11-25,1322231400,104.98,104.98,104.67599,104.7,466664
2011-11-28,1322490600,103.96001,104.84,103.92,104.71001,1286596
2011-11-29,1322577000,104.39,104.75999,104.13,104.50999,602041
2011-11-30,1322663400,104.03,104.2,103.8129,103.89999,962728
2011-12-01,1322749800,103.5,103.88,103.28999,103.67,1027076
2011-12-02,1322836200,103.489,104.17,103.47,104.13,892384
2011-12-05,1323095400,103.57001,104.21001,103.56599,104.07001,979068
2011-12-06,1323181800,103.77,104.02,103.64999,103.8,542999
2011-12-07,1323268200,104.00999,104.35001,103.9101,104.27,739222
2011-12-08,1323354600,104.23,104.81,104.12,104.8,658178
2011-12-09,1323441000,104.71001,104.77,104.08,104.08,961037
2011-12-12,1323700200,104.47,104.67999,104.37,104.44,1068901
2011-12-13,1323786600,104.24001,105.00999,104.14999,104.92,512814
2011-12-14,1323873000,105.02,105.38,104.91,105.36,760018
2011-12-15,1323959400,105.05,105.37,105.026,105.27,968855
2011-12-16,1324045800,105.42999,105.89999,105.42999,105.78,748694
2011-12-19,1324305000,105.75,106.179,105.67999,106.14,1126512
2011-12-20,1324391400,105.7,105.7,105.17999,105.17999,1364923
2011-12-21,1324477800,105.32001,105.37,104.83,104.84,478991
2011-12-22,1324564200,105.14999,105.3199,104.94,104.97,731880
2011-12-23,1324650600,104.72,104.776,104.38,104.53999,435426
2011-12-27,1324996200,104.42999,104.44,104.25,104.41,616435
2011-12-28,1325082600,104.58,105.17999,104.5381,105.07001,919842
2011-12-29,1325169000,105.03,105.32001,104.91,105.2,555937
2011-12-30,1325255400,105.33,106.03999,105.28,105.57001,1229930
2012-01-03,1325601000,104.9001,105.194,104.77,104.89999,1297652
2012-01-04,1325687400,104.89,104.925,104.45,104.57001,1788923
2012-01-05,1325773800,104.66,105.009,104.52,104.59,1311264
2012-01-06,1325860200,104.72,105.0598,104.72,105,998144
2012-01-09,1326119400,104.94,105.27,104.89999,105.02,379813
2012-01-10,1326205800,104.74001,105.00999,104.69,104.81,1636076
2012-01-11,1326292200,105.08,105.45,105.08,105.42,931531
2012-01-12,1326378600,105.36,105.41,105.09,105.2,684992
2012-01-13,1326465000,105.7,105.91,105.64,105.67,553955
2012-01-17,1326810600,105.62,105.82739,105.60001,105.77,1158011
2012-01-18,1326897000,105.92,105.92,105.39,105.44,455145
2012-01-19,1326983400,105.23,105.3,104.69009,104.81,1587166
2012-01-20,1327069800,104.61,104.78,104.42,104.45,650579
2012-01-23,1327329000,104.14,104.32001,104,104.22,733970
2012-01-24,1327415400,104.34,104.34,104.05,104.34,1388101
2012-01-25,1327501800,104.28,105.44,104.231,104.84,1149105
2012-01-26,1327588200,105.12,105.46001,105.12,105.39999,1054999
2012-01-27,1327674600,105.56,105.754,105.37,105.72,767504
2012-01-30,1327933800,106.10001,106.31,106.02,106.08,1152401
2012-01-31,1328020200,105.92999,106.49001,105.92999,106.48,1001625
2012-02-01,1328106600,106.03999,106.08,105.84,105.92,1698896
2012-02-02,1328193000,105.98,106.13,105.88,106.07001,839869
2012-02-03,1328279400,105.28,105.4122,105.09,105.23,1112519
2012-02-06,1328538600,105.27,105.59,105.14999,105.52,2968449
2012-02-07,1328625000,105.07001,105.155,104.75999,104.84,1164846
2012-02-08,1328711400,104.83,104.99989,104.73,104.89,404861
2012-02-09,1328797800,104.7,104.8,104.38,104.64999,1802438
2012-02-10,1328884200,105.14999,105.34,105.02,105.24001,1322548
2012-02-13,1329143400,105.03999,105.3,105,105.17,299205
2012-02-14,1329229800,105.32001,105.55,105.23,105.39,615417
2012-02-15,1329316200,105.36,105.67999,105.35001,105.47,344100
2012-02-16,1329402600,105.21001,105.34,104.81,104.99001,1540487
2012-02-17,1329489000,104.67,104.92,104.64,104.88,653786
2012-02-21,1329834600,104.67,104.7099,104.37,104.5,635219
2012-02-22,1329921000,104.66,105,104.66,104.91,538134
2012-02-23,1330007400,104.82001,105.19,104.68069,105.06,805887
2012-02-24,1330093800,105.13,105.21001,105.06,105.14,360014
2012-02-27,1330353000,105.60001,105.66,105.45,105.49001,588537
2012-02-28,1330439400,105.69,105.8,105.46001,105.53999,817885
2012-02-29,1330525800,105.5,105.53,104.98849,105.12,787470
2012-03-01,1330612200,104.48,104.64011,104.34,104.61,1185197
2012-03-02,1330698600,104.73,105.10001,104.73,105.03,360090
2012-03-05,1330957800,104.94,105.09,104.78101,104.82001,1406093
2012-03-06,1331044200,105.23,105.42,105.2,105.25999,605746
2012-03-07,1331130600,105.21001,105.25,105.011,105.06,436035
2012-03-08,1331217000,104.97,105.07001,104.71001,104.75,329864
2012-03-09,1331303400,104.63,104.71001,104.4326,104.67,286723
2012-03-12,1331559000,104.86,104.901,104.64,104.64,503084
2012-03-13,1331645400,104.39999,104.44,103.87,103.89,618602
2012-03-14,1331731800,103.39,103.44,102.62,102.703,1733042
2012-03-15,1331818200,102.57001,102.89999,102.5666,102.67,2302258
2012-03-16,1331904600,102.24001,102.64999,102.14999,102.64,681107
2012-03-19,1332163800,102.5,102.56,101.83,102.00999,1133153
2012-03-20,1332250200,102.11,102.25,101.77,102.06,769049
2012-03-21,1332336600,102.27,102.63,102.25999,102.58,458022
2012-03-22,1332423000,102.82001,102.89999,102.631,102.71001,326114
2012-03-23,1332509400,102.98,103.25,102.95,103.09,396018
2012-03-26,1332768600,103.02,103.129,102.67,102.97,471657
2012-03-27,1332855000,103.16,103.608,103.14,103.53999,579125
2012-03-28,1332941400,103.36,103.74001,103.36,103.36,314652
2012-03-29,1333027800,103.73,103.78999,103.57201,103.78999,727609
2012-03-30,1333114200,103.77,103.90739,103.151,103.28,502584
2012-04-02,1333373400,103.53,103.53999,103.25,103.35001,1433889
2012-04-03,1333459800,103.50999,103.69,102.50999,102.59,833006
2012-04-04,1333546200,103.00999,103.12041,102.89999,103.11,461212
2012-04-05,1333632600,103.57001,103.60001,103.2901,103.57001,456355
2012-04-09,1333978200,104.66,104.75999,104.53,104.63,573666
2012-04-10,1334064600,104.8,105.2,104.72,105.12,900470
2012-04-11,1334151000,104.71001,104.83,104.61,104.71001,434956
2012-04-12,1334237400,104.78999,104.82001,104.47,104.5,451482
2012-04-13,1334323800,104.89999,105.14999,104.8701,105.13,461314
2012-04-16,1334583000,105.09,105.42,105.05,105.10001,1179563
2012-04-17,1334669400,104.97,105.08,104.8815,104.99001,923357
2012-04-18,1334755800,105.14,105.23,105.08,105.2,502848
2012-04-19,1334842200,105.31,105.39999,105.26469,105.32001,408796
2012-04-20,1334928600,105.13,105.33,105.07001,105.33,377433
2012-04-23,1335187800,105.60001,105.71851,105.50999,105.53999,746533
2012-04-24,1335274200,105.42999,105.46001,105.255,105.27,506063
2012-04-25,1335360600,105.02,105.32001,104.77,105.14,681151
2012-04-26,1335447000,105.5,105.52901,105.31,105.49001,314246
2012-04-27,1335533400,105.42,105.61,105.41,105.60001,368071
2012-04-30,1335792600,105.69,105.81,105.64,105.69,1820300
2012-05-01,1335879000,105.66,105.7,105.22,105.33,864059
2012-05-02,1335965400,105.57001,105.61,105.39,105.53,1030137
2012-05-03,1336051800,105.31,105.58,105.31,105.52,359925
2012-05-04,1336138200,105.67999,105.94,105.67,105.94,814033
2012-05-07,1336397400,105.98,106.045,105.87,105.91,490793
2012-05-08,1336483800,106.12,106.38,106.10001,106.14999,522217
2012-05-09,1336570200,106.44,106.5,106.14,106.24001,961536
2012-05-10,1336656600,106,106.13,105.8495,106.09,347072
2012-05-11,1336743000,106.44,106.47,106.27,106.44,403431
2012-05-14,1337002200,106.88,107,106.73199,106.91,650148
2012-05-15,1337088600,106.84,107,106.75999,106.94,922095
2012-05-16,1337175000,106.64999,107.07829,106.62,107.02,761504
2012-05-17,1337261400,106.92,107.42999,106.89999,107.42,763910
2012-05-18,1337347800,107.10001,107.437,107.07001,107.35001,831892
2012-05-21,1337607000,107.17999,107.25999,107.07001,107.07001,791566
2012-05-22,1337693400,106.78999,106.94,106.63,106.84,538252
2012-05-23,1337779800,107.13,107.39999,107.08,107.12,657638
2012-05-24,1337866200,106.96001,107.03999,106.85001,106.89,417673
2012-05-25,1337952600,107.11,107.25,107.06,107.2,370305
2012-05-29,1338298200,107.25999,107.47,107.11,107.11,865355
2012-05-30,1338384600,107.85001,108.21001,107.81,108.13,645536
2012-05-31,1338471000,108.34,108.89,108.3,108.55,2994283
2012-06-01,1338557400,109.06,109.37,108.91,109.31,2186476
2012-06-04,1338816600,108.84,108.99001,108.636,108.67999,849465
2012-06-05,1338903000,108.50999,108.64999,108.31,108.32001,836603
2012-06-06,1338989400,108.28999,108.32001,107.58,107.61,1492727
2012-06-07,1339075800,107.58,107.94,107.50999,107.87,631711
2012-06-08,1339162200,108.39,108.42999,107.86,107.95,467902
2012-06-11,1339421400,107.71001,108.31599,107.71001,108.24001,1050887
2012-06-12,1339507800,107.92,108.10001,107.64,107.66,569678
2012-06-13,1339594200,107.85001,108.31,107.71001,108.23,1332085
2012-06-14,1339680600,108.16,108.25,107.83,107.94,802568
2012-06-15,1339767000,108.39,108.545,108.25999,108.44,769320
2012-06-18,1340026200,108.46001,108.53,108.24001,108.41,718779
2012-06-19,1340112600,108.17,108.21001,107.875,108.03999,1536773
2012-06-20,1340199000,107.7,108.12,107.53,107.82001,913044
2012-06-21,1340285400,107.92999,108.196,107.87,108.05,1655810
2012-06-22,1340371800,107.63,107.82001,107.57001,107.58,1770221
2012-06-25,1340631000,107.99001,108.17999,107.98,108.17,594852
2012-06-26,1340717400,107.89999,108.12,107.81979,107.92999,2395588
2012-06-27,1340803800,108.07001,108.12,107.85001,108.08,3445239
2012-06-28,1340890200,108.47,108.536,108.35001,108.42999,413343
2012-06-29,1340976600,107.82001,108.03999,107.78,107.92999,646892
2012-07-02,1341235800,108,108.5388,107.98,108.27,1580709
2012-07-03,1341322200,108.25,108.27,107.95,108,587928
2012-07-05,1341495000,108.14,108.36,108.084,108.28999,1602514
2012-07-06,1341581400,108.62,108.75999,108.56,108.67,1146851
2012-07-09,1341840600,108.77,108.9886,108.74001,108.97,495217
2012-07-10,1341927000,108.89,109.08,108.86,109.02,631884
2012-07-11,1342013400,109.07001,109.34,108.8801,108.92,825766
2012-07-12,1342099800,109.08,109.2,109.03999,109.17,840324
2012-07-13,1342186200,109.13,109.13,108.91,109.08,307825
2012-07-16,1342445400,109.42,109.53999,109.27901,109.32001,349330
2012-07-17,1342531800,109.14999,109.3,109.0002,109.03999,637877
2012-07-18,1342618200,109.22,109.28,109.125,109.14999,605960
2012-07-19,1342704600,109.06,109.19501,108.94,108.99001,949073
2012-07-20,1342791000,109.28999,109.5,109.28999,109.42,250872
2012-07-23,1343050200,109.74001,109.77,109.52,109.60001,1675555
2012-07-24,1343136600,109.44,109.89,109.42,109.81,905445
2012-07-25,1343223000,109.75999,109.88,109.69,109.87,1246786
2012-07-26,1343309400,109.66,109.74001,109.5,109.53,742046
2012-07-27,1343395800,109.17999,109.17999,108.36,108.74001,1072261
2012-07-30,1343655000,108.78,109.12,108.71001,109.09,665985
2012-07-31,1343741400,109.25999,109.32001,108.94,109.28,2209671
2012-08-01,1343827800,108.84,109.05,108.55,108.72,977271
2012-08-02,1343914200,109.05,109.28,108.92999,108.98,619921
2012-08-03,1344000600,108.52,108.63,108.19,108.41,765500
2012-08-06,1344259800,108.48,108.66,108.42999,108.48,850764
2012-08-07,1344346200,107.98,108.02,107.78999,107.91,1228177
2012-08-08,1344432600,107.95,108.058,107.67999,107.75999,862726
2012-08-09,1344519000,107.63,107.83,107.42,107.67999,833613
2012-08-10,1344605400,108.14,108.17999,107.67999,107.99001,466836
2012-08-13,1344864600,108.10001,108.19,107.92,107.92,729444
2012-08-14,1344951000,107.5,107.63,107.39,107.39,642082
2012-08-15,1345037400,107.14,107.20599,106.8,106.85001,934507
2012-08-16,1345123800,106.88,106.9798,106.42999,106.59,861323
2012-08-17,1345210200,106.67999,106.896,106.67999,106.72,784272
2012-08-20,1345469400,106.7,106.9234,106.67999,106.78,1000012
2012-08-21,1345555800,106.67,106.895,106.42,106.87,684442
2012-08-22,1345642200,107.25999,107.7,107.17999,107.7,730508
2012-08-23,1345728600,107.86,108.00999,107.7,107.89,440128
2012-08-24,1345815000,108.07001,108.14,107.8,107.84,311408
2012-08-27,1346074200,108.00999,108.13,107.98,108.12,467397
2012-08-28,1346160600,108.19,108.37,108.14,108.16,614977
2012-08-29,1346247000,108.16,108.16,107.92,108.09,764638
2012-08-30,1346333400,108.35001,108.45,108.28,108.28999,642131
2012-08-31,1346419800,108.28999,108.99001,108.22,108.99001,912687
2012-09-04,1346765400,108.60001,108.83,108.52,108.59,1200106
2012-09-05,1346851800,108.56,108.67999,108.44,108.55,782294
2012-09-06,1346938200,108.06,108.0799,107.78999,107.81,1376682
2012-09-07,1347024600,108.53,108.57001,107.95,107.95,2748418
2012-09-10,1347283800,108.03999,108.10001,107.82001,108,1614071
2012-09-11,1347370200,107.92999,107.95,107.71001,107.8,375109
2012-09-12,1347456600,107.39,107.8,107.2,107.27,660648
2012-09-13,1347543000,107.56,107.76601,106.77,107.58,1458633
2012-09-14,1347629400,106.98,107.58,106.42,106.57001,1050794
2012-09-17,1347888600,106.67,106.96001,106.64999,106.78999,745293
2012-09-18,1347975000,107.22,107.28,107.00999,107.06,578626
2012-09-19,1348061400,107.36,107.41,107.17999,107.31,437134
2012-09-20,1348147800,107.69,107.74001,107.24001,107.37,422220
2012-09-21,1348234200,107.25999,107.61,107.23,107.60001,681940
2012-09-24,1348493400,107.74001,107.92999,107.74001,107.84,943795
2012-09-25,1348579800,107.95,108.25,107.7,108.24001,471824
2012-09-26,1348666200,108.49001,108.69,108.42999,108.69,444572
2012-09-27,1348752600,108.42999,108.53999,108.32001,108.46001,295338
2012-09-28,1348839000,108.58,108.7,108.36,108.46001,612452
2012-10-01,1349098200,108.41,108.53999,108.23,108.52,1213484
2012-10-02,1349184600,108.3,108.56,108.28999,108.45,846473
2012-10-03,1349271000,108.44,108.56,108.3,108.56,937905
2012-10-04,1349357400,108.32001,108.42,108.09,108.13,376642
2012-10-05,1349443800,107.75999,107.81,107.57401,107.64,805137
2012-10-08,1349703000,107.88,108.00999,107.86,107.99001,403695
2012-10-09,1349789400,107.7,107.95,107.681,107.77,387140
2012-10-10,1349875800,107.60001,108.07001,107.53,108.03,318090
2012-10-11,1349962200,107.69,108.14,107.63,108.13,1217403
2012-10-12,1350048600,108.21001,108.379,108.11,108.14,427820
2012-10-15,1350307800,108.17999,108.25,108.056,108.17,634905
2012-10-16,1350394200,107.92999,107.92999,107.66,107.66,585452
2012-10-17,1350480600,107.34,107.38,106.94,106.98,597286
2012-10-18,1350567000,107.08,107.17999,106.75,106.78999,1157442
2012-10-19,1350653400,106.95,107.34,106.92,107.24001,808077
2012-10-22,1350912600,107.03,107.13,106.88,106.88,759994
2012-10-23,1350999000,107.2,107.39,107.2,107.39,414514
2012-10-24,1351085400,107.14999,107.32001,107.089,107.16,682385
2012-10-25,1351171800,106.64999,107.03999,106.59,106.77,437264
2012-10-26,1351258200,107.14,107.46001,107.11,107.45,414801
2012-10-31,1351690200,107.69,107.98,107.64999,107.89,728060
2012-11-01,1351776600,107.64,107.67999,107.39999,107.53,918271
2012-11-02,1351863000,107.28999,107.64,107.25,107.62,527114
2012-11-05,1352125800,107.84,107.99001,107.81,107.88,805388
2012-11-06,1352212200,107.78999,107.86,107.37,107.39,485902
2012-11-07,1352298600,108.33,108.53999,108.2,108.28999,979719
2012-11-08,1352385000,108.27,108.78999,108.14999,108.7699,514665
2012-11-09,1352471400,108.71001,108.82201,108.55,108.78,368103
2012-11-12,1352730600,108.78,108.87,108.7002,108.85001,267818
2012-11-13,1352817000,108.99001,109,108.81,108.98,1608830
2012-11-14,1352903400,108.7,109.03,108.67,109.00999,1477268
2012-11-15,1352989800,108.78999,109.07001,108.77,108.9597,1448468
2012-11-16,1353076200,108.94,109.19501,108.908,109.02969,578053
2012-11-19,1353335400,108.72,108.82001,108.67999,108.80769,712300
2012-11-20,1353421800,108.64,108.6998,108.36,108.36,970651
2012-11-21,1353508200,108.2,108.28,108.1584,108.2,291406
2012-11-23,1353681000,108.2,108.21001,108.13,108.14,465906
2012-11-26,1353940200,108.39999,108.52,108.28999,108.32001,1522332
2012-11-27,1354026600,108.39,108.58,108.32899,108.57001,579025
2012-11-28,1354113000,108.77,108.87,108.66,108.71001,1057467
2012-11-29,1354199400,108.71001,108.86,108.6501,108.82001,814169
2012-11-30,1354285800,108.89999,108.91,108.763,108.8,557764
2012-12-03,1354545000,108.44,108.64,108.37,108.62,750373
2012-12-04,1354631400,108.69,108.82001,108.66,108.81,479249
2012-12-05,1354717800,108.92,109.06,108.87,108.89999,505451
2012-12-06,1354804200,109.10001,109.14999,108.95,108.96001,443683
2012-12-07,1354890600,108.69,108.86,108.63,108.64999,515662
2012-12-10,1355149800,108.78999,108.82001,108.64999,108.75,707453
2012-12-11,1355236200,108.50999,108.55,108.42,108.53999,734281
2012-12-12,1355322600,108.42,108.60001,108.08,108.08,1165584
2012-12-13,1355409000,107.95,108.10001,107.8,107.87,862861
2012-12-14,1355495400,108,108.14799,108,108.11,380649
2012-12-17,1355754600,108.00999,108.03,107.50999,107.53999,660038
2012-12-18,1355841000,107.48,107.53999,107,107.1232,846400
2012-12-19,1355927400,107.27,107.526,107.22099,107.27,675293
2012-12-20,1356013800,107.42,107.58,107.28999,107.34,377080
2012-12-21,1356100200,107.74001,107.81,107.61,107.63,499114
2012-12-24,1356359400,107.55,107.58,107.5,107.52,903312
2012-12-26,1356532200,107.49001,107.64,107.48,107.59,779925
2012-12-27,1356618600,107.53999,108.02,107.52,107.81,446633
2012-12-28,1356705000,108.00999,108.07001,107.89999,108.06,552154
2012-12-31,1356964200,107.91,107.96001,107.45,107.49001,1742728
2013-01-02,1357137000,107,107.14999,106.95,106.99001,2561205
2013-01-03,1357223400,107.03,107.05,106.44,106.45,2131870
2013-01-04,1357309800,106.34,106.5,106.21001,106.49001,983328
2013-01-07,1357569000,106.5,106.60001,106.42,106.56,1387328
2013-01-08,1357655400,106.71001,106.84,106.69,106.82001,364139
2013-01-09,1357741800,106.85001,106.98,106.74001,106.88,517634
2013-01-10,1357828200,106.58,106.76559,106.53,106.57001,689067
2013-01-11,1357914600,106.41,106.91,106.37,106.91,553890
2013-01-14,1358173800,107.02,107.06,106.845,106.87,971674
2013-01-15,1358260200,107.22,107.2742,107.09,107.13,428790
2013-01-16,1358346600,107.3,107.34,107.14999,107.27,533974
2013-01-17,1358433000,106.84,106.91,106.67,106.78,436006
2013-01-18,1358519400,106.96001,107.13,106.92999,107.08,560099
2013-01-22,1358865000,106.87,107.22,106.851,107.17,595317
2013-01-23,1358951400,107.25,107.35001,107.14999,107.22,603575
2013-01-24,1359037800,107.14,107.159,106.91,107.03999,376264
2013-01-25,1359124200,106.53,106.6299,106.2626,106.33,570593
2013-01-28,1359383400,105.89,106.14,105.89,106.11,1327966
2013-01-29,1359469800,106.14999,106.319,105.92999,105.95,480547
2013-01-30,1359556200,105.87,106.03,105.72,106.00999,453170
2013-01-31,1359642600,106.11,106.11,105.93449,106.10001,902426
2013-02-01,1359729000,106.41,106.42999,105.56,105.60001,2587867
2013-02-04,1359988200,105.92999,106.27,105.89,106.21001,693371
2013-02-05,1360074600,105.81,105.88,105.73,105.83,797647
2013-02-06,1360161000,106.06,106.2,105.95,106.14999,816718
2013-02-07,1360247400,106.14999,106.45,106.14,106.2,969949
2013-02-08,1360333800,106.22,106.32001,105.97,106.28,952746
2013-02-11,1360593000,106.2,106.31,106.17,106.17,558712
2013-02-12,1360679400,106.00999,106.17,105.98,106.06,531480
2013-02-13,1360765800,105.72,105.87,105.64,105.69,610674
2013-02-14,1360852200,105.95,106.15199,105.81,106.14,987954
2013-02-15,1360938600,106.03999,106.10001,105.85001,106.03999,681616
2013-02-19,1361284200,106.19,106.209,105.862,105.87,498718
2013-02-20,1361370600,105.83,106.12,105.791,106.10001,869878
2013-02-21,1361457000,106.33,106.5,106.28,106.31,680938
2013-02-22,1361543400,106.34,106.48,106.33,106.44,412753
2013-02-25,1361802600,106.17,107.25999,106.16,107.25999,2908904
2013-02-26,1361889000,107.06,107.38,106.98,107.06,860898
2013-02-27,1361975400,107.34,107.37,106.92,107.00999,398783
2013-02-28,1362061800,107.12,107.17,106.99001,107.16,534348
2013-03-01,1362148200,107.19,107.32899,107.11,107.3,876440
2013-03-04,1362407400,107.22,107.25999,107.05,107.05,572513
2013-03-05,1362493800,106.97,107.00999,106.82001,106.94,224607
2013-03-06,1362580200,106.62,106.778,106.60001,106.60001,1091613
2013-03-07,1362666600,106.41,106.42999,106.17,106.19,804445
2013-03-08,1362753000,105.64,105.84,105.57401,105.64999,1651864
2013-03-11,1363008600,105.75,105.8,105.64999,105.7,1465793
2013-03-12,1363095000,105.86,106.05,105.85001,105.99001,525264
2013-03-13,1363181400,105.8,106.00999,105.72,105.89999,1116499
2013-03-14,1363267800,105.69,106.00999,105.66,105.92999,557389
2013-03-15,1363354200,105.99001,106.32001,105.99001,106.3,1184615
2013-03-18,1363613400,106.67999,106.69,106.49001,106.64999,1441931
2013-03-19,1363699800,106.77,107.11,106.74001,106.98,545214
2013-03-20,1363786200,106.7,106.83,106.56,106.57001,742768
2013-03-21,1363872600,106.85001,106.86,106.68401,106.85001,669684
2013-03-22,1363959000,106.92,106.95,106.67999,106.89,296972
2013-03-25,1364218200,106.71001,107.12,106.67999,106.97,319404
2013-03-26,1364304600,106.75,107.11971,106.73,107.08,546280
2013-03-27,1364391000,107.46001,107.66,107.45621,107.53999,623604
2013-03-28,1364477400,107.42999,107.57001,107.32001,107.34,378339
2013-04-01,1364823000,107.22,107.5499,107.22,107.48,2471041
2013-04-02,1364909400,107.32001,107.35001,107.22,107.27,984891
2013-04-03,1364995800,107.41,107.82001,107.41,107.72,1233970
2013-04-04,1365082200,107.91,108.16,107.88,108.14999,584757
2013-04-05,1365168600,108.53,108.7,108.42999,108.49001,663705
2013-04-08,1365427800,108.42999,108.50999,108.131,108.14,858110
2013-04-09,1365514200,108.32001,108.3828,108.12,108.17999,507764
2013-04-10,1365600600,107.94,107.97,107.71001,107.73,340865
2013-04-11,1365687000,107.85001,107.97,107.7874,107.85001,1132160
2013-04-12,1365773400,108.25,108.45,108.13,108.45,827631
2013-04-15,1366032600,108.39999,108.69,108.36,108.69,587205
2013-04-16,1366119000,108.35001,108.50661,108.33,108.38,1226700
2013-04-17,1366205400,108.4399,108.8074,108.39999,108.58,988226
2013-04-18,1366291800,108.66,108.75999,108.57001,108.64,705548
2013-04-19,1366378200,108.58,108.58,108.49001,108.58,750424
2013-04-22,1366637400,108.63,108.75,108.58,108.64,379810
2013-04-23,1366723800,108.77,109.03999,108.53999,108.57001,449752
2013-04-24,1366810200,108.56,108.69,108.55,108.62,279387
2013-04-25,1366896600,108.47,108.5377,108.39,108.5,293260
2013-04-26,1366983000,108.78,108.92,108.75,108.89,433220
2013-04-29,1367242200,108.96001,108.99001,108.83,108.85001,809972
2013-04-30,1367328600,109.00999,109.14,108.78999,108.83,752620
2013-05-01,1367415000,108.92,109.17,108.92,109.05,803570
2013-05-02,1367501400,108.99001,109.06,108.92999,109.05,921280
2013-05-03,1367587800,108.47,108.5,108.05,108.12,879453
2013-05-06,1367847000,108.14999,108.19,107.89,107.98,433911
2013-05-07,1367933400,107.81,107.94,107.81,107.83,543961
2013-05-08,1368019800,107.92999,108.09,107.89999,107.96001,1114353
2013-05-09,1368106200,108.03999,108.24001,107.91,107.94,587247
2013-05-10,1368192600,107.75,107.75,107.08,107.33,529648
2013-05-13,1368451800,107.10001,107.174,107.075,107.14,417594
2013-05-14,1368538200,107.28011,107.319,106.67,106.71001,876899
2013-05-15,1368624600,107.03,107.13,106.729,106.99001,768194
2013-05-16,1368711000,107.24001,107.62,107.22,107.5,697842
2013-05-17,1368797400,107.33,107.37,106.89999,106.92,365779
2013-05-20,1369056600,107.09,107.1199,106.73,106.84,1439963
2013-05-21,1369143000,106.8,107.14,106.58,107.12,530516
2013-05-22,1369229400,107.2,107.435,106.22,106.27,1797341
2013-05-23,1369315800,106.61,106.644,106.13,106.38,950087
2013-05-24,1369402200,106.5,106.67999,106.36,106.42,349704
2013-05-28,1369747800,106.08,106.1499,105.14999,105.17,1156914
2013-05-29,1369834200,105.25,105.60001,105.19,105.60001,1588360
2013-05-30,1369920600,105.57001,105.745,105.41,105.61,577958
2013-05-31,1370007000,105.71001,105.75,104.83,105.32001,1639397
2013-06-03,1370266200,104.98,105.84,104.22,105.33,3269163
2013-06-04,1370352600,105.09,105.325,105.00999,105.06,1235037
2013-06-05,1370439000,105.28999,105.61501,105.25,105.57001,1298866
2013-06-06,1370525400,105.4799,106.33,105.3,105.7,2471852
2013-06-07,1370611800,105.35001,105.55009,104.88,104.88,652213
2013-06-10,1370871000,104.67999,104.81,104.47,104.62,694550
2013-06-11,1370957400,104.25,104.88,104.19,104.88,756033
2013-06-12,1371043800,104.49001,104.95,104.41,104.41,528606
2013-06-13,1371130200,104.67,105.32001,104.66,105.2,1180064
2013-06-14,1371216600,105.41,105.64,105.27,105.34,599639
2013-06-17,1371475800,105.46001,105.48151,105.02,105.09,478333
2013-06-18,1371562200,104.85001,105.12,104.78999,105.03,428938
2013-06-19,1371648600,105.09,107.59,103.48,103.59,1281463
2013-06-20,1371735000,103.22,103.42999,102.81,103.12,1982451
2013-06-21,1371821400,102.91,103,102.02,102.03,1777107
2013-06-24,1372080600,101.25999,102.2,101.25,101.78,2731500
2013-06-25,1372167000,102.06,102.12,101.56,101.66,771942
2013-06-26,1372253400,102.24001,102.31,101.75999,102.07001,1015250
2013-06-27,1372339800,102.49001,102.66,102.22,102.62,948969
2013-06-28,1372426200,102.13,102.56,101.97279,102.5,1017616
2013-07-01,1372685400,102.21001,102.479,102.03,102.39999,1127006
2013-07-02,1372771800,102.42,102.57001,102.28,102.44,385324
2013-07-03,1372858200,102.45,102.64999,102.23,102.24001,1233114
2013-07-05,1373031000,100.89,100.92999,100.45,100.52,924080
2013-07-08,1373290200,100.86,101.19,100.84,101.11,1137124
2013-07-09,1373376600,101.28,101.39,101.2,101.28,558359
2013-07-10,1373463000,101.24001,101.38,100.89999,100.92,1005558
2013-07-11,1373549400,101.66,101.92999,101.57001,101.92999,818616
2013-07-12,1373635800,102.21001,102.31,101.67999,101.85001,1919501
2013-07-15,1373895000,101.97,102.17,101.94,102.17,563656
2013-07-16,1373981400,102.16,102.3175,102.10001,102.22,713288
2013-07-17,1374067800,102.81,102.85001,102.52,102.67,696268
2013-07-18,1374154200,102.64,102.64,102.19,102.19,717802
2013-07-19,1374240600,102.45,102.75999,102.44,102.75,459444
2013-07-22,1374499800,102.74001,102.85899,102.67,102.74001,450264
2013-07-23,1374586200,102.50999,102.64999,102.39,102.62,13316438
2013-07-24,1374672600,102,102.105,101.64999,101.92999,837325
2013-07-25,1374759000,101.62,102.09,101.5963,102.08,712225
2013-07-26,1374845400,102.17999,102.24001,102.06,102.17,544817
2013-07-29,1375104600,102.03999,102.09,101.85001,101.96001,420285
2013-07-30,1375191000,102.06,102.10001,101.81,101.92999,306826
2013-07-31,1375277400,101.22,102.08,101.14,102,930522
2013-08-01,1375363800,101.49001,101.53,100.86,100.96001,1177282
2013-08-02,1375450200,101.48,101.82001,101.42,101.82001,4359969
2013-08-05,1375709400,101.61,101.64999,101.41,101.5,390419
2013-08-06,1375795800,101.44,101.59,101.39,101.53,256991
2013-08-07,1375882200,101.64999,101.96001,101.63,101.89999,493155
2013-08-08,1375968600,102.03999,102.14999,101.92999,102.05,804948
2013-08-09,1376055000,101.89999,102.13,101.88,102.12,557561
2013-08-12,1376314200,102.27,102.27,101.88,101.92,400377
2013-08-13,1376400600,101.3,101.3,100.92,101,566473
2013-08-14,1376487000,101,101.14999,100.97,101.09,1672265
2013-08-15,1376573400,100.53,100.8597,100.30099,100.53101,15452301
2013-08-16,1376659800,100.56,100.56,99.85001,100.14,1066939
2013-08-19,1376919000,99.86,99.92,99.6051,99.71001,892200
2013-08-20,1377005400,100.07001,100.27,100.05,100.25,1221527
2013-08-21,1377091800,100,100.25,99.5816,99.62,945151
2013-08-22,1377178200,99.53999,99.75,99.33,99.58,755097
2013-08-23,1377264600,99.5,100.21001,99.41,100.14,991033
2013-08-26,1377523800,100.36,100.39,100.1501,100.34,512576
2013-08-27,1377610200,100.67999,100.97,100.53,100.91,532434
2013-08-28,1377696600,100.62,100.64999,100.304,100.5,761737
2013-08-29,1377783000,100.21001,100.73,100.16,100.60001,470922
2013-08-30,1377869400,100.67,100.72,100.41,100.41,1038187
2013-09-03,1378215000,99.83,99.92,99.27,99.69,796008
2013-09-04,1378301400,99.75,99.78999,99.28999,99.36,824430
2013-09-05,1378387800,99.03,99.11,98.60001,98.60001,1722670
2013-09-06,1378474200,99.31,99.59,99.03999,99.2,1033869
2013-09-09,1378733400,99.59,99.63,99.35001,99.39999,764266
2013-09-10,1378819800,99.05,99.274,98.94,98.94501,1895265
2013-09-11,1378906200,99.25999,99.4595,99,99.44,885295
2013-09-12,1378992600,99.72,99.82001,99.41,99.45,796759
2013-09-13,1379079000,99.47,99.69,99.45,99.58,1166470
2013-09-16,1379338200,100.48,100.5,99.75999,99.8,1872208
2013-09-17,1379424600,100.05,100.06,99.8,100,943341
2013-09-18,1379511000,99.89999,101.49001,99.59,101.24001,1341955
2013-09-19,1379597400,101.23,101.23,100,100.89,1592798
2013-09-20,1379683800,100.96001,101.1499,100.83,100.99001,300589
2013-09-23,1379943000,101.09,101.38,101.09,101.37,2003224
2013-09-24,1380029400,101.46001,101.8,101.41,101.74001,1149757
2013-09-25,1380115800,101.7,102.03999,101.67,102.015,569921
2013-09-26,1380202200,101.77,101.87,101.67,101.8,568141
2013-09-27,1380288600,101.84,102.14999,101.84,101.94,2349356
2013-09-30,1380547800,102.06,102.11,101.84,102.11,3785186
2013-10-01,1380634200,101.85001,101.89,101.6647,101.73,1937015
2013-10-02,1380720600,101.87,102.14999,101.86,101.89999,799925
2013-10-03,1380807000,101.83,102.28,101.78,102.03999,651818
2013-10-04,1380893400,101.92,101.96001,101.64,101.75999,1160884
2013-10-07,1381152600,102.06,102.08,101.81,101.85001,454426
2013-10-08,1381239000,101.8,102,101.7,101.8,818146
2013-10-09,1381325400,101.78999,101.83,101.53999,101.62,506463
2013-10-10,1381411800,101.27,101.48,101.19,101.39999,649080
2013-10-11,1381498200,101.69,101.83,101.5,101.55,850097
2013-10-14,1381757400,101.55,101.69,101.13,101.21001,183164
2013-10-15,1381843800,101.41,101.45799,101.1701,101.23,368081
2013-10-16,1381930200,101.13,101.73,101,101.72,2339581
2013-10-17,1382016600,102.10001,102.41,102.03999,102.3,2950481
2013-10-18,1382103000,102.42999,102.46001,102.28,102.31,582640
2013-10-21,1382362200,102.28,102.28999,102.11011,102.24001,321723
2013-10-22,1382448600,102.75,102.97,102.72099,102.95,484738
2013-10-23,1382535000,103.02,103.31,103.02,103.125,280833
2013-10-24,1382621400,103.21001,103.23,102.91,102.92,591230
2013-10-25,1382707800,103.00999,103.14,102.98,103.10001,552797
2013-10-28,1382967000,103,103.1199,102.96,103,600763
2013-10-29,1383053400,102.91,103.14,102.88,103.14,274652
2013-10-30,1383139800,103.2,103.4,102.76,102.87,1753061
2013-10-31,1383226200,103.11,103.13,102.56,102.75,892970
2013-11-01,1383312600,102.38,102.42,101.99,102.02,680147
2013-11-04,1383575400,102.2101,102.319,102.17,102.22,436966
2013-11-05,1383661800,101.93,101.989,101.67,101.76,656898
2013-11-06,1383748200,101.92,102.11,101.92,102.07,692718
2013-11-07,1383834600,102.16,102.42,102.13,102.34,415047
2013-11-08,1383921000,101.33,101.4,101.16,101.19,2497682
2013-11-11,1384180200,101.25,101.26,101.14,101.14,144017
2013-11-12,1384266600,101.09,101.25,100.98,101.05,1052053
2013-11-13,1384353000,101.36,101.52,101.32,101.47,1122723
2013-11-14,1384439400,101.55,101.99,101.55,101.96,694120
2013-11-15,1384525800,101.97,101.99,101.79,101.88,359182
2013-11-18,1384785000,101.94,102.27,101.94,102.24,2852978
2013-11-19,1384871400,102.04,102.1,101.83,101.86,559234
2013-11-20,1384957800,101.88,102.11,101.26,101.3,1562671
2013-11-21,1385044200,101.09,101.44,100.96,101.39,804750
2013-11-22,1385130600,101.49,101.71,101.45,101.68,807891
2013-11-25,1385389800,101.63,101.84,101.61,101.76,487423
2013-11-26,1385476200,101.85,102.08,101.81,101.98,425383
2013-11-27,1385562600,101.94,101.95,101.495,101.75,476918
2013-11-29,1385735400,101.56,101.77,101.55,101.69,652134
2013-12-02,1385994600,101.3,101.329,101.01,101.09,2912226
2013-12-03,1386081000,101.35,101.44,101.23,101.27,477170
2013-12-04,1386167400,100.77,100.93,100.71,100.81,943640
2013-12-05,1386253800,100.65,100.78,100.51,100.56,374085
2013-12-06,1386340200,100.5,100.807,100.46,100.65,415617
2013-12-09,1386599400,100.71,100.85,100.65,100.77,541801
2013-12-10,1386685800,101.1,101.23,100.97,101.19,334707
2013-12-11,1386772200,101.03,101.11,100.8,100.8,372409
2013-12-12,1386858600,100.61,100.69,100.48,100.51,1156175
2013-12-13,1386945000,100.66,100.72,100.55,100.66,433981
2013-12-16,1387204200,100.86,100.87,100.52,100.61,572401
2013-12-17,1387290600,100.6,100.93,100.6,100.93,694771
2013-12-18,1387377000,100.65,101.04,100.15,100.55,1997675
2013-12-19,1387463400,100.11,100.22,100.0001,100.13,978694
2013-12-20,1387549800,100.26,100.46,100.18,100.44,510517
2013-12-23,1387809000,100.28,100.38,100.1,100.12,5238449
2013-12-24,1387895400,99.84,99.91,99.7,99.73,770627
2013-12-26,1388068200,99.49,99.56,99.43,99.48,787533
2013-12-27,1388154600,99.47,99.6,99.38,99.42,640448
2013-12-30,1388413800,99.55,99.7,99.54,99.69,1327970
2013-12-31,1388500200,99.51,99.63,99.18,99.24,1553552
2014-01-02,1388673000,99.39,99.68,99.38,99.63,1161835
2014-01-03,1388759400,99.51,99.74,99.4801,99.57,637503
2014-01-06,1389018600,99.66,99.97,99.66,99.85,666232
2014-01-07,1389105000,99.92,100.05,99.85,100.01,1055741
2014-01-08,1389191400,99.68,99.7399,99.46,99.52,1216749
2014-01-09,1389277800,99.67,99.83,99.501,99.78,806054
2014-01-10,1389364200,100.3,100.6699,100.29,100.62,713276
2014-01-13,1389623400,100.72,100.97,100.7035,100.91,581594
2014-01-14,1389709800,100.7,100.7796,100.51,100.53,366741
2014-01-15,1389796200,100.26,100.49,100.23,100.44,997318
2014-01-16,1389882600,100.68,100.77,100.611,100.72,333253
2014-01-17,1389969000,100.7,100.96,100.61,100.96,754409
2014-01-21,1390314600,100.8,100.92,100.78,100.85,1927071
2014-01-22,1390401000,100.62,100.73,100.55,100.57,1150924
2014-01-23,1390487400,100.9,101.3801,100.9,101.25,1080180
2014-01-24,1390573800,101.6,101.75,101.45,101.66,565168
2014-01-27,1390833000,101.49,101.689,101.33,101.35,758611
2014-01-28,1390919400,101.49,101.51,101.31,101.5,452693
2014-01-29,1391005800,101.81,102.13,101.62,101.98,1422751
2014-01-30,1391092200,101.66,101.9144,101.6404,101.88,685359
2014-01-31,1391178600,102.21,102.28,102.05,102.28,670547
2014-02-03,1391437800,101.96,102.67,101.86,102.66,4629823
2014-02-04,1391524200,102.32,102.39,102.24,102.35,2617260
2014-02-05,1391610600,102.21,102.25,101.98,101.98,817640
2014-02-06,1391697000,101.86,101.88,101.71,101.79,885868
2014-02-07,1391783400,101.88,102.21,101.86,102.06,1066979
2014-02-10,1392042600,101.95,102.14,101.95,102.11,589339
2014-02-11,1392129000,101.75,101.8199,101.61,101.66,625810
2014-02-12,1392215400,101.52,101.52,101.2807,101.42,743461
2014-02-13,1392301800,101.79,101.92,101.7323,101.9,941357
2014-02-14,1392388200,101.85,101.9,101.719,101.83,467560
2014-02-18,1392733800,101.98,102.169,101.93,102.08,1003572
2014-02-19,1392820200,102.29,102.309,101.825,101.88,907240
2014-02-20,1392906600,101.76,101.94,101.57,101.77,842910
2014-02-21,1392993000,101.66,101.91,101.6401,101.9,405010
2014-02-24,1393252200,101.9,101.909,101.65,101.8,1531085
2014-02-25,1393338600,101.99,102.17,101.95,102.15,402686
2014-02-26,1393425000,102.15,102.45,102.11,102.45,485968
2014-02-27,1393511400,102.51,102.64,102.48,102.57,559426
2014-02-28,1393597800,102.38,102.56,102.16,102.47,609946
2014-03-03,1393857000,102.6,102.83,102.43,102.81,2540544
2014-03-04,1393943400,102.44,102.44,102,102.02,1080165
2014-03-05,1394029800,101.88,102.14,101.81,102.13,614733
2014-03-06,1394116200,101.69,101.81,101.6101,101.69,534665
2014-03-07,1394202600,101.17,101.37,101.15,101.25,645122
2014-03-10,1394458200,101.28,101.43,101.25,101.36,1013910
2014-03-11,1394544600,101.32,101.54,101.23,101.46,1571017
2014-03-12,1394631000,101.77,101.9199,101.69,101.86,818978
2014-03-13,1394717400,101.59,102.47,101.58,102.46,1638946
2014-03-14,1394803800,102.6,102.6145,102.29,102.47,1314375
2014-03-17,1395063000,102.26,102.3261,102.04,102.06,1085414
2014-03-18,1395149400,102.08,102.31,102.06,102.31,861229
2014-03-19,1395235800,102.16,102.22,101.2054,101.36,1355491
2014-03-20,1395322200,101.32,101.46,101.23,101.38,1748137
2014-03-21,1395408600,101.37,101.6,101.36,101.57,466504
2014-03-24,1395667800,101.32,101.71,101.31,101.61,1222569
2014-03-25,1395754200,101.53,101.71,101.45,101.55,739413
2014-03-26,1395840600,101.59,101.98,101.58,101.98,830041
2014-03-27,1395927000,101.84,102.19,101.84,102.08,303608
2014-03-28,1396013400,101.98,102.03,101.64,101.72,661639
2014-03-31,1396272600,101.45,101.76,101.38,101.73,1982886
2014-04-01,1396359000,101.4,101.42,101.26,101.33,2562647
2014-04-02,1396445400,101.05,101.082,100.86,100.89,806757
2014-04-03,1396531800,100.97,101.12,100.91,100.96,297969
2014-04-04,1396618200,101.25,101.6275,101.25,101.58,731943
2014-04-07,1396877400,101.74,101.92,101.72,101.82,1751691
2014-04-08,1396963800,101.8,102,101.66,101.96,666143
2014-04-09,1397050200,101.72,102.07,101.63,101.93,1350474
2014-04-10,1397136600,102,102.59,102,102.36,1056611
2014-04-11,1397223000,102.62,102.65,102.44,102.57,918534
2014-04-14,1397482200,102.44,102.53,102.3,102.41,1468605
2014-04-15,1397568600,102.33,102.74,102.26,102.53,614336
2014-04-16,1397655000,102.28,102.425,102.25,102.37,1405493
2014-04-17,1397741400,102.31,102.31,101.65,101.79,584580
2014-04-21,1398087000,101.88,101.9604,101.705,101.77,1021113
2014-04-22,1398173400,101.61,101.75,101.52,101.73,482827
2014-04-23,1398259800,101.88,102.07,101.844,101.99,306422
2014-04-24,1398346200,101.76,102.04,101.75,101.96,345676
2014-04-25,1398432600,102.13,102.34,102.08,102.1,388912
2014-04-28,1398691800,102.07,102.17,101.81,101.95,574919
2014-04-29,1398778200,101.79,102.04,101.7551,102.04,760073
2014-04-30,1398864600,102.18,102.359,102.002,102.31,544748
2014-05-01,1398951000,102.18,102.61,102.11,102.41,21829478
2014-05-02,1399037400,102.11,102.74,102,102.56,1343722
2014-05-05,1399296600,102.71,102.71,102.42,102.5,929438
2014-05-06,1399383000,102.52,102.645,102.45,102.62,566302
2014-05-07,1399469400,102.56,102.77,102.42,102.7,1107574
2014-05-08,1399555800,102.8,102.98,102.65,102.81,1444338
2014-05-09,1399642200,102.64,102.8,102.64,102.732,354499
2014-05-12,1399901400,102.54,102.61,102.41,102.46,759591
2014-05-13,1399987800,102.72,102.86,102.682,102.86,603732
2014-05-14,1400074200,103.11,103.48,103.07,103.33,635401
2014-05-15,1400160600,103.5,103.89,103.33,103.7,1347309
2014-05-16,1400247000,103.53,103.67,103.46,103.48,452558
2014-05-19,1400506200,103.61,103.74,103.35,103.35,325447
2014-05-20,1400592600,103.39,103.76,103.39,103.65,34764383
2014-05-21,1400679000,103.41,103.51,103.28,103.49,881734
2014-05-22,1400765400,103.43,103.48,103.28,103.38,678759
2014-05-23,1400851800,103.53,103.62,103.47,103.59,486751
2014-05-27,1401197400,103.5,103.64,103.34,103.62,996974
2014-05-28,1401283800,103.96,104.26,103.94,104.19,968209
2014-05-29,1401370200,104.31,104.527,104.06,104.06,753119
2014-05-30,1401456600,103.91,104.1,103.77,103.98,902363
2014-06-02,1401715800,103.53,103.68,103.2301,103.33,2032826
2014-06-03,1401802200,103.18,103.18,102.8,102.81,1563563
2014-06-04,1401888600,102.91,102.92,102.67,102.73,1566687
2014-06-05,1401975000,102.68,103,102.68,102.88,1585817
2014-06-06,1402061400,103.1,103.2,102.77,102.8,940583
2014-06-09,1402320600,102.69,102.71,102.55,102.65,816477
2014-06-10,1402407000,102.53,102.56,102.4,102.47,1207106
2014-06-11,1402493400,102.57,102.7035,102.47,102.61,814849
2014-06-12,1402579800,102.65,103.06,102.56,103.01,1319453
2014-06-13,1402666200,102.54,102.935,102.5301,102.81,752876
2014-06-16,1402925400,102.82,102.95,102.735,102.81,1401009
2014-06-17,1403011800,102.62,102.66,102.36,102.38,33268450
2014-06-18,1403098200,102.63,102.92,102.42,102.92,1472226
2014-06-19,1403184600,103.08,103.16,102.56,102.66,1054979
2014-06-20,1403271000,102.57,102.79,102.53,102.78,576996
2014-06-23,1403530200,102.92,102.96,102.71,102.71,764168
2014-06-24,1403616600,102.98,103.13,102.79,103.13,443836
2014-06-25,1403703000,103.4,103.47,103.195,103.23,977518
2014-06-26,1403789400,103.42,103.615,103.4,103.5,822279
2014-06-27,1403875800,103.62,103.73,103.5,103.5,933197
2014-06-30,1404135000,103.61,103.68,103.43,103.58,1268936
2014-07-01,1404221400,103.14,103.26,103.0289,103.05,17393004
2014-07-02,1404307800,102.84,102.85,102.6,102.63,1779105
2014-07-03,1404394200,102.22,102.46,102.2,102.42,1079879
2014-07-07,1404739800,102.54,102.74,102.54,102.67,1030967
2014-07-08,1404826200,102.99,103.1855,102.95,103.14,491522
2014-07-09,1404912600,103.05,103.28,102.8,103.16,1113908
2014-07-10,1404999000,103.52,103.64,103.34,103.38,728625
2014-07-11,1405085400,103.5,103.65,103.46,103.55,688616
2014-07-14,1405344600,103.47,103.47,103.288,103.32,974825
2014-07-15,1405431000,103.29,103.56,103.1301,103.23,933535
2014-07-16,1405517400,103.26,103.42,103.2,103.38,15784261
2014-07-17,1405603800,103.7,104.05,103.54,103.98,1367376
2014-07-18,1405690200,103.88,103.93,103.634,103.77,386901
2014-07-21,1405949400,103.84,104.04,103.8,103.8,339554
2014-07-22,1406035800,103.84,103.93,103.68,103.93,484228
2014-07-23,1406122200,104.03,104.05,103.89,103.92,523575
2014-07-24,1406208600,103.61,103.65,103.49,103.5,600871
2014-07-25,1406295000,103.77,103.93,103.7001,103.9,781404
2014-07-28,1406554200,103.78,103.9,103.64,103.78,1447951
2014-07-29,1406640600,103.9,103.95,103.72,103.92,465685
2014-07-30,1406727000,103.49,103.5,103.1,103.19,1067455
2014-07-31,1406813400,102.93,103.3,102.88,103.16,1506542
2014-08-01,1406899800,103.27,103.67,103.05,103.57,3466780
2014-08-04,1407159000,103.67,103.7701,103.59,103.63,1672554
2014-08-05,1407245400,103.5,103.769,103.36,103.68,1012986
2014-08-06,1407331800,103.99,103.99,103.74,103.77,1139133
2014-08-07,1407418200,103.82,104.24,103.69,104.24,1386143
2014-08-08,1407504600,104.41,104.57,104.11,104.15,913851
2014-08-11,1407763800,104.18,104.23,104.01,104.1,419771
2014-08-12,1407850200,104.14,104.2,103.95,103.95,416308
2014-08-13,1407936600,104.11,104.34,104.06,104.29,732402
2014-08-14,1408023000,104.49,104.549,104.31,104.5,638830
2014-08-15,1408109400,104.49,105.23,104.45,104.92,1570686
2014-08-18,1408368600,104.69,104.7428,104.54,104.59,13822301
2014-08-19,1408455000,104.81,104.81,104.43,104.48,769934
2014-08-20,1408541400,104.41,104.46,104.121,104.17,1052181
2014-08-21,1408627800,104.19,104.44,104.19,104.39,630263
2014-08-22,1408714200,104.36,104.46,104.07,104.4,1393446
2014-08-25,1408973400,104.4,104.5,104.3,104.48,837545
2014-08-26,1409059800,104.61,104.63,104.425,104.46,590238
2014-08-27,1409146200,104.64,104.76,104.54,104.75,881302
2014-08-28,1409232600,105.02,105.04,104.81,104.89,938408
2014-08-29,1409319000,104.87,105.04,104.81,104.9,1407082
2014-09-02,1409664600,104.3,104.31,104.05,104.05,2058613
2014-09-03,1409751000,103.93,104.24,103.87,104.2,1456922
2014-09-04,1409837400,104.08,104.16,103.77,103.83,1994374
2014-09-05,1409923800,104.18,104.24,103.81,103.86,1098413
2014-09-08,1410183000,104.13,104.1751,103.67,103.75,1340947
2014-09-09,1410269400,103.53,103.65,103.46,103.51,1205876
2014-09-10,1410355800,103.33,103.375,103.23,103.25,1311766
2014-09-11,1410442200,103.4,103.4573,103.1,103.12,1224819
2014-09-12,1410528600,102.88,102.94,102.68,102.73,2178437
2014-09-15,1410787800,102.87,102.97,102.8301,102.92,1505415
2014-09-16,1410874200,103.04,103.15,102.87,102.89,24978403
2014-09-17,1410960600,103.05,103.27,102.62,102.63,2704650
2014-09-18,1411047000,102.63,102.65,102.453,102.56,556773
2014-09-19,1411133400,102.73,102.98,102.58,102.95,920620
2014-09-22,1411392600,103.05,103.2299,102.99,103.17,1932572
2014-09-23,1411479000,103.26,103.39,103.17,103.39,963683
2014-09-24,1411565400,103.33,103.41,103.07,103.1,485276
2014-09-25,1411651800,103.25,103.61,103.25,103.6,398972
2014-09-26,1411738200,103.48,103.49,103.26,103.38,716145
2014-09-29,1411997400,103.73,103.7799,103.64,103.71,2344479
2014-09-30,1412083800,103.6,103.77,103.54,103.62,1544639
2014-10-01,1412170200,103.84,104.31,103.84,104.3,3345973
2014-10-02,1412256600,104.25,104.3801,103.97,103.99,2084114
2014-10-03,1412343000,103.73,103.97,103.61,103.96,1159143
2014-10-06,1412602200,103.97,104.26,103.88,104.13,1201687
2014-10-07,1412688600,104.46,104.78,104.34,104.74,1429765
2014-10-08,1412775000,104.81,105.13,104.49,105.11,2701865
2014-10-09,1412861400,105.04,105.18,104.91,104.93,5847965
2014-10-10,1412947800,105.1,105.39,105.03,105.34,4675298
2014-10-13,1413207000,105.52,105.94,105.44,105.89,2074348
2014-10-14,1413293400,105.91,106.13,105.77,106.1,2196710
2014-10-15,1413379800,107.5,108.8818,106.45,106.7,2196784
2014-10-16,1413466200,107.24,107.32,106.25,106.41,1786694
2014-10-17,1413552600,106.14,106.26,105.8801,106.1,1143342
2014-10-20,1413811800,106.39,106.42,106.11,106.25,1562153
2014-10-21,1413898200,106,106.2,105.91,105.96,1973187
2014-10-22,1413984600,105.84,105.96,105.72,105.93,951841
2014-10-23,1414071000,105.63,105.68,105.31,105.49,1281658
2014-10-24,1414157400,105.6,105.82,105.515,105.58,678828
2014-10-27,1414416600,105.55,105.79,105.55,105.69,872518
2014-10-28,1414503000,105.58,105.6099,105.3737,105.43,771574
2014-10-29,1414589400,105.29,105.3498,104.74,105.08,1453066
2014-10-30,1414675800,105.28,105.44,105.14,105.19,1363466
2014-10-31,1414762200,105.12,105.16,104.89,105.02,886915
2014-11-03,1415025000,104.7,104.85,104.45,104.8,2348858
2014-11-04,1415111400,104.88,105.05,104.75,104.79,3854700
2014-11-05,1415197800,104.64,104.8345,104.62,104.82,1079746
2014-11-06,1415284200,104.62,104.7898,104.49,104.5,1026060
2014-11-07,1415370600,104.77,105.18,104.76,105.17,994243
2014-11-10,1415629800,105.16,105.16,104.73,104.74,1427893
2014-11-11,1415716200,104.74,104.7713,104.62,104.75,1220836
2014-11-12,1415802600,104.99,105.06,104.6798,104.71,658278
2014-11-13,1415889000,104.84,104.95,104.72,104.88,743426
2014-11-14,1415975400,104.75,105.16,104.7,105.1,629808
2014-11-17,1416234600,105.25,105.25,104.91,104.98,496483
2014-11-18,1416321000,105.01,105.13,104.98,105.1,510094
2014-11-19,1416407400,104.82,105.11,104.77,104.82,559979
2014-11-20,1416493800,105.22,105.22,104.89,105.01,811479
2014-11-21,1416580200,105.04,105.22,105.01,105.22,855816
2014-11-24,1416839400,105.04,105.35,104.99,105.34,13802443
2014-11-25,1416925800,105.29,105.63,105.25,105.6,1244619
2014-11-26,1417012200,105.82,105.8966,105.74,105.78,523280
2014-11-28,1417185000,106.07,106.2,106,106.19,367286
2014-12-01,1417444200,106.31,106.37,105.75,105.75,2063355
2014-12-02,1417530600,105.43,105.5,105.26,105.28,990589
2014-12-03,1417617000,105.22,105.35,105.15,105.32,851948
2014-12-04,1417703400,105.34,105.69,105.26,105.69,968328
2014-12-05,1417789800,105.28,105.31,104.93,105.1,1035865
2014-12-08,1418049000,105.1,105.63,105.09,105.45,858327
2014-12-09,1418135400,105.92,106.12,105.74,105.84,945943
2014-12-10,1418221800,105.79,106.37,105.7847,106.32,996836
2014-12-11,1418308200,106.1,106.25,105.91,106.135,15223612
2014-12-12,1418394600,106.62,107.02,106.47,107.01,7233693
2014-12-15,1418653800,106.63,106.95,106.5,106.62,1248068
2014-12-16,1418740200,107.28,107.28,106.7551,107.155,10633799
2014-12-17,1418826600,106.98,107.2,106.39,106.42,2086053
2014-12-18,1418913000,105.86,105.95,105.73,105.82,4833264
2014-12-19,1418999400,105.99,106.21,105.91,106.21,847776
2014-12-22,1419258600,106.12,106.295,106.051,106.21,2366655
2014-12-23,1419345000,105.91,105.98,105.32,105.33,1360300
2014-12-24,1419431400,105.03,105.28,104.94,105.25,1098170
2014-12-26,1419604200,105.44,105.44,105.252,105.39,373621
2014-12-29,1419863400,105.58,105.83,105.56,105.75,2447338
2014-12-30,1419949800,106.01,106.08,105.81,105.87,1194705
2014-12-31,1420036200,105.94,106.0834,105.93,105.99,1010401
2015-01-02,1420209000,106.09,106.66,106.0601,106.53,2028645
2015-01-05,1420468200,106.71,107.25,106.66,107.18,1521651
2015-01-06,1420554600,107.63,108.4699,107.53,107.9,1890219
2015-01-07,1420641000,107.59,108.01,107.455,107.88,1558017
2015-01-08,1420727400,107.53,107.57,107.31,107.44,1670991
2015-01-09,1420813800,107.57,108.0999,107.4632,107.97,1107814
2015-01-12,1421073000,108.08,108.4399,108.02,108.35,2700938
2015-01-13,1421159400,108.23,108.6362,108.1158,108.45,1038763
2015-01-14,1421245800,109.2,109.35,108.8849,108.95,1545786
2015-01-15,1421332200,109.01,109.9,108.9414,109.88,1374118
2015-01-16,1421418600,109.64,109.7397,109.06,109.07,1689143
2015-01-20,1421764200,109.29,109.66,109.16,109.32,1346249
2015-01-21,1421850600,109.39,109.53,108.7501,108.8,2298220
2015-01-22,1421937000,109.07,109.1,108.4,108.53,1330757
2015-01-23,1422023400,108.93,109.28,108.93,109.24,1248213
2015-01-26,1422282600,109.16,109.2701,108.895,108.99,1546243
2015-01-27,1422369000,109.59,109.71,109.02,109.14,863258
2015-01-28,1422455400,109.18,110.13,109.18,109.98,3346336
2015-01-29,1422541800,109.67,109.7962,109.42,109.59,1393398
2015-01-30,1422628200,110.52,110.59,110.07,110.55,2219816
2015-02-02,1422887400,109.95,110.4,109.93,110.23,11544681
2015-02-03,1422973800,109.73,109.74,109.29,109.3,1465234
2015-02-04,1423060200,108.96,109.5399,108.88,109.48,1655499
2015-02-05,1423146600,109.23,109.27,108.965,109.08,1392746
2015-02-06,1423233000,108.37,108.47,107.85,107.86,2016707
2015-02-09,1423492200,108.2,108.21,107.8,107.81,1599871
2015-02-10,1423578600,107.63,107.7392,107.4642,107.54,1244524
2015-02-11,1423665000,107.65,107.75,107.32,107.5,1286060
2015-02-12,1423751400,107.48,107.805,107.46,107.54,1845161
2015-02-13,1423837800,107.5,107.55,107.17,107.18,1302374
2015-02-17,1424183400,107.06,107.15,106.25,106.42,2170133
2015-02-18,1424269800,106.5,107.21,106.395,106.93,8204563
2015-02-19,1424356200,106.83,107.06,106.5558,106.66,1459483
2015-02-20,1424442600,107.03,107.21,106.385,106.6,1893037
2015-02-23,1424701800,106.89,107.12,106.85,107.09,818228
2015-02-24,1424788200,106.94,107.81,106.71,107.8,1180930
2015-02-25,1424874600,107.78,107.95,107.625,107.9,595307
2015-02-26,1424961000,107.74,107.861,107.25,107.26,865919
2015-02-27,1425047400,107.51,107.68,107.23,107.64,2901730
2015-03-02,1425306600,107.38,107.41,106.65,106.67,10270838
2015-03-03,1425393000,106.64,106.809,106.4,106.44,1224366
2015-03-04,1425479400,106.63,106.72,106.369,106.52,1871140
2015-03-05,1425565800,106.54,106.75,106.36,106.58,2253247
2015-03-06,1425652200,105.84,105.86,105.44,105.49,1734018
2015-03-09,1425907800,105.9,105.981,105.75,105.98,1218142
2015-03-10,1425994200,106.45,106.59,106.29,106.43,1309240
2015-03-11,1426080600,106.39,106.71,106.33,106.62,945718
2015-03-12,1426167000,107.01,107.06,106.5501,106.72,916832
2015-03-13,1426253400,106.61,106.93,106.5,106.56,846871
2015-03-16,1426512600,106.96,107.1,106.75,106.93,639357
2015-03-17,1426599000,107.17,107.2,107.02,107.15,768475
2015-03-18,1426685400,107.45,108.48,107.13,108.38,1963573
2015-03-19,1426771800,108.13,108.2899,107.73,107.87,985624
2015-03-20,1426858200,108.23,108.31,108.12,108.31,1194754
2015-03-23,1427117400,108.41,108.5,108.2,108.45,795140
2015-03-24,1427203800,108.46,108.78,108.37,108.78,584474
2015-03-25,1427290200,108.79,108.84,108.31,108.31,1240161
2015-03-26,1427376600,108.14,108.15,107.6101,107.7,928335
2015-03-27,1427463000,107.91,108.2,107.91,108.12,2492527
2015-03-30,1427722200,108.16,108.2365,107.9701,108.11,2017697
2015-03-31,1427808600,108.1,108.395,108.02,108.39,2137197
2015-04-01,1427895000,108.55,108.85,108.53,108.73,2570114
2015-04-02,1427981400,108.71,108.73,108.39,108.42,1126377
2015-04-06,1428327000,108.95,109.04,108.49,108.56,1268498
2015-04-07,1428413400,108.43,108.69,108.32,108.65,750727
2015-04-08,1428499800,108.67,108.69,108.33,108.55,886446
2015-04-09,1428586200,108.48,108.49,108.01,108.11,890636
2015-04-10,1428672600,108.32,108.3806,108.06,108.08,789682
2015-04-13,1428931800,108.14,108.37,108.12,108.3,624751
2015-04-14,1429018200,108.8,108.97,108.53,108.62,825393
2015-04-15,1429104600,108.79,108.85,108.63,108.68,566363
2015-04-16,1429191000,108.74,108.9,108.43,108.76,903307
2015-04-17,1429277400,108.67,109.115,108.6,108.98,1945689
2015-04-20,1429536600,108.93,108.96,108.65,108.78,878102
2015-04-21,1429623000,108.7,108.72,108.4958,108.55,810963
2015-04-22,1429709400,108.48,108.48,107.9,107.92,725115
2015-04-23,1429795800,107.99,108.38,107.93,108.25,918703
2015-04-24,1429882200,108.42,108.66,108.41,108.63,739100
2015-04-27,1430141400,108.51,108.62,108.3,108.46,854431
2015-04-28,1430227800,108.2,108.44,107.92,107.96,1101126
2015-04-29,1430314200,107.45,107.7299,107.31,107.56,1117974
2015-04-30,1430400600,107.18,107.62,106.96,107.53,2650580
2015-05-01,1430487000,107.05,107.16,106.7,106.78,1854335
2015-05-04,1430746200,106.87,107.02,106.55,106.56,2784879
2015-05-05,1430832600,106.62,106.62,106.12,106.38,2050766
2015-05-06,1430919000,106.2,106.2699,105.74,105.86,1802121
2015-05-07,1431005400,106.05,106.42,105.97,106.31,2201276
2015-05-08,1431091800,106.96,107.04,106.6,106.72,1004275
2015-05-11,1431351000,106.39,106.39,105.64,105.67,1324415
2015-05-12,1431437400,105.5,105.97,105.4,105.75,1431025
2015-05-13,1431523800,106.15,106.15,105.56,105.61,1221195
2015-05-14,1431610200,105.75,106.08,105.75,105.97,617522
2015-05-15,1431696600,106.28,106.8,106.23,106.73,854920
2015-05-18,1431955800,106.3,106.3899,105.99,106.01,1000353
2015-05-19,1432042200,105.53,105.98,105.42,105.54,1240363
2015-05-20,1432128600,105.8,106.07,105.62,105.77,1682632
2015-05-21,1432215000,106.1,106.42,106.03,106.4,836720
2015-05-22,1432301400,106.2,106.2772,105.935,106.16,852271
2015-05-26,1432647000,106.21,106.82,106.17,106.82,1925632
2015-05-27,1432733400,106.68,106.841,106.46,106.76,1015002
2015-05-28,1432819800,106.75,106.95,106.66,106.86,1068213
2015-05-29,1432906200,107.05,107.19,106.905,106.92,1148489
2015-06-01,1433165400,106.73,106.81,106.15,106.28,2161689
2015-06-02,1433251800,105.88,105.91,105.47,105.54,1484536
2015-06-03,1433338200,105.14,105.14,104.5801,104.64,1703421
2015-06-04,1433424600,104.86,105.2976,104.86,105.15,1594759
2015-06-05,1433511000,104.41,104.71,104.21,104.39,1384897
2015-06-08,1433770200,104.66,104.74,104.525,104.54,877795
2015-06-09,1433856600,104.45,104.49,104.08,104.2,822405
2015-06-10,1433943000,104.03,104.09,103.76,103.8,967016
2015-06-11,1434029400,104.16,104.63,104.02,104.62,3069681
2015-06-12,1434115800,104.44,104.99,104.42,104.56,1578061
2015-06-15,1434375000,105.09,105.1514,104.711,104.81,1478756
2015-06-16,1434461400,105.04,105.24,104.8901,105.21,778955
2015-06-17,1434547800,105.06,105.38,104.58,105.27,1994007
2015-06-18,1434634200,105.13,105.29,104.79,105.19,1481643
2015-06-19,1434720600,105.58,105.78,105.51,105.75,1849557
2015-06-22,1434979800,105.28,105.32,104.82,104.86,860294
2015-06-23,1435066200,104.48,104.91,104.43,104.54,925000
2015-06-24,1435152600,104.72,104.8986,104.53,104.85,1176460
2015-06-25,1435239000,104.59,104.77,104.43,104.59,919781
2015-06-26,1435325400,104.19,104.29,103.97,104.09,1441467
2015-06-29,1435584600,104.75,105.395,104.61,105.3,1500935
2015-06-30,1435671000,104.85,105.37,104.85,105.01,1599431
2015-07-01,1435757400,104.4,104.51,104.15,104.3,3738762
2015-07-02,1435843800,104.66,104.86,104.59,104.67,1924562
2015-07-06,1436189400,105.46,105.56,105.0245,105.41,1723334
2015-07-07,1436275800,105.98,106.31,105.64,105.69,2083920
2015-07-08,1436362200,105.9,106.24,105.79,106.11,1991178
2015-07-09,1436448600,105.59,105.72,105.35,105.37,1206892
2015-07-10,1436535000,104.69,104.97,104.46,104.64,3719864
2015-07-13,1436794200,104.18,104.59,104.18,104.36,1322259
2015-07-14,1436880600,104.64,104.72,104.54,104.69,1321618
2015-07-15,1436967000,104.57,105.17,104.56,105.09,1239457
2015-07-16,1437053400,104.82,105.165,104.75,105.05,811424
2015-07-17,1437139800,104.95,105.16,104.94,105.06,881337
2015-07-20,1437399000,104.88,104.915,104.67,104.85,842512
2015-07-21,1437485400,104.74,105.19,104.7,105.14,676589
2015-07-22,1437571800,105.17,105.4299,105.1632,105.27,523796
2015-07-23,1437658200,105.17,105.7,105.14,105.7,1064779
2015-07-24,1437744600,105.78,105.85,105.61,105.8,1098407
2015-07-27,1438003800,106.18,106.23,106,106.15,1392598
2015-07-28,1438090200,105.89,105.99,105.8,105.85,6205216
2015-07-29,1438176600,105.75,106.09,105.55,105.7,2107317
2015-07-30,1438263000,105.63,105.85,105.56,105.82,683203
2015-07-31,1438349400,106.35,106.52,106.24,106.44,1112962
2015-08-03,1438608600,106.3,106.7,106.26,106.6,2627739
2015-08-04,1438695000,106.45,106.5,105.985,106.05,1035970
2015-08-05,1438781400,105.8,105.82,105.49,105.64,1283304
2015-08-06,1438867800,105.8,106.055,105.75,106.01,731689
2015-08-07,1438954200,106.1,106.46,106.04,106.43,1533727
2015-08-10,1439213400,106.08,106.19,105.87,105.99,1123860
2015-08-11,1439299800,106.56,106.93,106.55,106.69,2263757
2015-08-12,1439386200,106.86,107.22,106.64,106.65,1765673
2015-08-13,1439472600,106.41,106.64,106.28,106.37,1626459
2015-08-14,1439559000,106.18,106.44,106.08,106.26,612489
2015-08-17,1439818200,106.62,106.7,106.43,106.45,905284
2015-08-18,1439904600,106.27,106.49,106.24,106.28,690422
2015-08-19,1439991000,106.07,107.01,106.06,106.93,1444456
2015-08-20,1440077400,107.09,107.31,107.005,107.22,1933290
2015-08-21,1440163800,107.37,107.71,107.247,107.65,2123585
2015-08-24,1440423000,108.5,108.76,107.58,107.83,3074757
2015-08-25,1440509400,107.41,107.42,106.845,107.24,2925477
2015-08-26,1440595800,106.75,107.23,106.49,106.58,3512937
2015-08-27,1440682200,106.43,106.71,106.33,106.52,1414053
2015-08-28,1440768600,106.95,107.0316,106.46,106.54,1998020
2015-08-31,1441027800,106.92,106.95,106.33,106.36,5431550
2015-09-01,1441114200,106.49,106.7,106.38,106.67,3749727
2015-09-02,1441200600,106.43,106.67,106.33,106.38,2441745
2015-09-03,1441287000,106.64,106.69,106.37,106.64,1791281
2015-09-04,1441373400,106.84,107.08,106.6211,106.97,1421259
2015-09-08,1441719000,106.52,106.63,106.42,106.5,1583452
2015-09-09,1441805400,106.09,106.68,106.0599,106.54,1397242
2015-09-10,1441891800,106.45,106.46,106.17,106.3,1601595
2015-09-11,1441978200,106.52,106.71,106.48,106.58,1069031
2015-09-14,1442237400,106.8,106.81,106.56,106.68,897453
2015-09-15,1442323800,106.47,106.505,105.82,105.84,1902966
2015-09-16,1442410200,105.78,106.02,105.701,105.81,1305302
2015-09-17,1442496600,105.76,106.7,105.76,106.69,2394260
2015-09-18,1442583000,106.97,107.21,106.85,107.19,2074189
2015-09-21,1442842200,106.8,107.19,106.48,106.58,1591722
2015-09-22,1442928600,106.99,107.3,106.905,107.11,1395531
2015-09-23,1443015000,107.03,107.12,106.85,106.99,1364258
2015-09-24,1443101400,107.43,107.5401,107.12,107.15,1393007
2015-09-25,1443187800,106.83,106.96,106.705,106.87,1563955
2015-09-28,1443447000,107.02,107.48,106.97,107.48,1925986
2015-09-29,1443533400,107.57,107.93,107.48,107.85,2460864
2015-09-30,1443619800,107.62,107.9,107.59,107.87,2676042
2015-10-01,1443706200,107.9,108.05,107.75,107.79,10101258
2015-10-02,1443792600,108.75,108.97,108.13,108.31,3320214
2015-10-05,1444051800,108.08,108.08,107.67,107.71,3034855
2015-10-06,1444138200,107.63,107.98,107.59,107.93,2104009
2015-10-07,1444224600,107.67,107.8099,107.52,107.66,2337984
2015-10-08,1444311000,107.7,107.79,107.28,107.38,2176753
2015-10-09,1444397400,107.33,107.531,107.28,107.44,1069416
2015-10-12,1444656600,107.65,107.82,107.56,107.8,1336282
2015-10-13,1444743000,107.88,107.94,107.62,107.9,1849725
2015-10-14,1444829400,108.28,108.51,108.06,108.49,1359562
2015-10-15,1444915800,108.31,108.34,108.05,108.12,1075494
2015-10-16,1445002200,108.23,108.23,107.97,108.03,1772972
2015-10-19,1445261400,108.03,108.05,107.75,107.98,1744458
2015-10-20,1445347800,107.67,107.725,107.5575,107.61,1134472
2015-10-21,1445434200,107.81,108.05,107.81,107.98,6576472
2015-10-22,1445520600,108.03,108.2,107.845,108.09,2411351
2015-10-23,1445607000,107.62,107.62,107.45,107.48,2029608
2015-10-26,1445866200,107.66,107.8,107.63,107.76,3131479
2015-10-27,1445952600,108,108.19,107.9438,108.03,1373143
2015-10-28,1446039000,107.98,108,107.325,107.47,2058238
2015-10-29,1446125400,107.21,107.22,106.79,106.81,1772374
2015-10-30,1446211800,106.89,107.08,106.85,107.02,3424763
2015-11-02,1446474600,106.63,106.7,106.515,106.55,5313463
2015-11-03,1446561000,106.46,106.52,106.22,106.27,1941748
2015-11-04,1446647400,106.3,106.47,106.06,106.16,1933175
2015-11-05,1446733800,106.16,106.1896,105.93,106.09,1554567
2015-11-06,1446820200,105.44,105.52,105.2345,105.37,2968599
2015-11-09,1447079400,105.04,105.35,105.02,105.19,3223859
2015-11-10,1447165800,105.36,105.577,105.25,105.39,1467928
2015-11-11,1447252200,105.29,105.39,105.25,105.34,1638103
2015-11-12,1447338600,105.35,105.58,105.35,105.4,2399121
2015-11-13,1447425000,105.62,105.83,105.62,105.8,2665321
2015-11-16,1447684200,105.99,106.09,105.82,105.94,1412794
2015-11-17,1447770600,105.62,106.0599,105.54,105.91,1180042
2015-11-18,1447857000,105.79,105.97,105.68,105.86,941502
2015-11-19,1447943400,106.12,106.1956,106.03,106.09,1967208
2015-11-20,1448029800,106.15,106.23,105.95,105.95,1287915
2015-11-23,1448289000,105.89,106.18,105.85,106.09,1377063
2015-11-24,1448375400,106.15,106.319,106.115,106.19,1094521
2015-11-25,1448461800,106.25,106.32,106.09,106.25,752373
2015-11-27,1448634600,106.35,106.44,106.34,106.36,759634
2015-11-30,1448893800,106.35,106.42,106.3378,106.4,2266947
2015-12-01,1448980200,106.24,106.81,106.24,106.8,2805943
2015-12-02,1449066600,106.56,106.63,106.36,106.5,1579083
2015-12-03,1449153000,106.03,106.04,105.17,105.38,2750561
2015-12-04,1449239400,105.59,105.88,105.49,105.77,2232462
2015-12-07,1449498600,105.83,106.345,105.8,106.11,1954043
2015-12-08,1449585000,106.37,106.37,106.05,106.17,1519925
2015-12-09,1449671400,106.11,106.46,105.87,106.33,3711095
2015-12-10,1449757800,106.37,106.38,106.085,106.1,1545241
2015-12-11,1449844200,106.61,107.09,106.5801,106.95,3353194
2015-12-14,1450103400,106.5,106.64,106.16,106.16,2204444
2015-12-15,1450189800,105.76,105.99,105.72,105.89,1591016
2015-12-16,1450276200,105.69,105.98,105.4,105.61,1911925
2015-12-17,1450362600,105.76,106.11,105.76,106.05,1202613
2015-12-18,1450449000,106.3,106.54,106.21,106.43,4396745
2015-12-21,1450708200,106.39,106.61,106.39,106.48,1603188
2015-12-22,1450794600,106.3,106.36,106.08,106.18,1411761
2015-12-23,1450881000,105.9,105.99,105.8,105.9365,1380840
2015-12-24,1450967400,105.86,105.97,105.7801,105.97,654226
2015-12-28,1451313000,105.94,106.16,105.88,105.99,2198303
2015-12-29,1451399400,105.88,105.88,105.349,105.43,1752471
2015-12-30,1451485800,105.35,105.59,105.28,105.47,1358076
2015-12-31,1451572200,105.64,105.79,105.5,105.59,1906042
2016-01-04,1451917800,106.09,106.4,105.99,106.04,6183691
2016-01-05,1452004200,105.97,106.2,105.83,106.01,2122790
2016-01-06,1452090600,106.46,106.67,106.37,106.65,1906133
2016-01-07,1452177000,106.79,106.88,106.4201,106.88,3105959
2016-01-08,1452263400,106.78,107.2,106.69,107.15,1783361
2016-01-11,1452522600,106.78,107.05,106.7,106.81,4816069
2016-01-12,1452609000,106.77,107.53,106.7,107.29,8962479
2016-01-13,1452695400,107.22,107.86,107.13,107.71,2664067
2016-01-14,1452781800,107.6,107.8,107.24,107.49,2597273
2016-01-15,1452868200,108.17,108.19,107.89,107.99,4334263
2016-01-19,1453213800,107.82,108.09,107.7201,107.85,4896453
2016-01-20,1453300200,108.37,108.78,108.3,108.38,4949141
2016-01-21,1453386600,108.52,108.63,108.04,108.11,2385705
2016-01-22,1453473000,107.75,107.96,107.62,107.87,1735976
2016-01-25,1453732200,108.11,108.2401,108,108.23,1190886
2016-01-26,1453818600,108.23,108.43,108.13,108.31,1288089
2016-01-27,1453905000,108.23,108.42,107.85,108.39,1802330
2016-01-28,1453991400,108.23,108.59,108.18,108.53,2222908
2016-01-29,1454077800,108.91,109.18,108.7801,109.11,3805520
2016-02-01,1454337000,108.81,108.95,108.56,108.7,6812969
2016-02-02,1454423400,109.22,109.549,109.21,109.47,4141629
2016-02-03,1454509800,109.37,110.07,109.32,109.35,12145045
2016-02-04,1454596200,109.48,109.65,109.291,109.61,2431129
2016-02-05,1454682600,109.4,109.8199,109.309,109.75,1440225
2016-02-08,1454941800,110.14,110.6499,110.08,110.57,2824825
2016-02-09,1455028200,110.92,110.92,110.49,110.59,2679616
2016-02-10,1455114600,110.57,110.96,110.31,110.92,2027201
2016-02-11,1455201000,111.74,112.01,111.3,111.43,3743031
2016-02-12,1455287400,110.94,111.09,110.38,110.58,3258702
2016-02-16,1455633000,110.38,110.4,110.11,110.25,2816846
2016-02-17,1455719400,110.02,110.04,109.67,109.98,4856453
2016-02-18,1455805800,109.88,110.54,109.88,110.49,3125792
2016-02-19,1455892200,110.39,110.625,110.29,110.49,1340004
2016-02-22,1456151400,110.38,110.4676,110.3,110.38,1012216
2016-02-23,1456237800,110.09,110.7,110.04,110.6,2257761
2016-02-24,1456324200,111.02,111.3899,110.49,110.6,2947905
2016-02-25,1456410600,110.92,111.16,110.695,110.93,1983585
2016-02-26,1456497000,110.35,110.5,110.23,110.39,2957945
2016-02-29,1456756200,110.4,110.625,110.34,110.57,3861617
2016-03-01,1456842600,110.54,110.54,109.5,109.55,5901215
2016-03-02,1456929000,109.27,109.395,109.155,109.36,3011187
2016-03-03,1457015400,109.34,109.62,109.25,109.49,2092991
2016-03-04,1457101800,109.27,109.44,108.93,109.12,1781243
2016-03-07,1457361000,108.95,108.9763,108.81,108.9,2349425
2016-03-08,1457447400,109.54,109.75,109.4601,109.53,1747706
2016-03-09,1457533800,109.19,109.32,108.98,109.1,1537962
2016-03-10,1457620200,109.11,109.24,108.54,108.71,2798658
2016-03-11,1457706600,108.73,108.73,108.31,108.4,1785107
2016-03-14,1457962200,108.54,108.69,108.43,108.48,2662203
2016-03-15,1458048600,108.71,108.8,108.43,108.46,2960772
2016-03-16,1458135000,108.31,110.96,108.2,109.03,2052518
2016-03-17,1458221400,109.15,109.2699,109.07,109.15,2745539
2016-03-18,1458307800,109.3,109.47,109.21,109.34,2434715
2016-03-21,1458567000,109.1,109.18,108.99,109.03,1725040
2016-03-22,1458653400,109.28,109.3,108.77,108.8,1437662
2016-03-23,1458739800,108.92,109.395,108.92,109.3,1405403
2016-03-24,1458826200,109.48,109.58,109.01,109.19,1548217
2016-03-28,1459171800,109.31,109.52,109.23,109.35,1291403
2016-03-29,1459258200,109.6,110.09,109.53,110.09,2980968
2016-03-30,1459344600,109.84,110.02,109.61,109.94,2808816
2016-03-31,1459431000,110.07,110.44,109.92,110.34,3759192
2016-04-01,1459517400,110.18,110.31,109.91,110.14,5489061
2016-04-04,1459776600,110.25,110.339,110.11,110.27,3035621
2016-04-05,1459863000,110.68,110.756,110.5501,110.71,1951521
2016-04-06,1459949400,110.57,110.66,110.3265,110.47,1646006
2016-04-07,1460035800,110.78,111.09,110.74,111.04,2069775
2016-04-08,1460122200,110.81,110.89,110.68,110.87,1309765
2016-04-11,1460381400,110.6,110.92,110.57,110.85,879562
2016-04-12,1460467800,110.54,110.6556,110.33,110.41,1363334
2016-04-13,1460554200,110.25,110.5558,110.22,110.49,1466429
2016-04-14,1460640600,110.27,110.421,110.142,110.23,1403933
2016-04-15,1460727000,110.35,110.66,110.31,110.56,1657759
2016-04-18,1460986200,110.48,110.48,110.28,110.45,1297792
2016-04-19,1461072600,110.3,110.39,110.13,110.27,1219611
2016-04-20,1461159000,110.28,110.4499,109.68,109.71,1939831
2016-04-21,1461245400,109.47,109.66,109.4,109.53,1636622
2016-04-22,1461331800,109.53,109.59,109.34,109.41,952119
2016-04-25,1461591000,109.36,109.5,109.28,109.29,1416250
2016-04-26,1461677400,109.24,109.25,109,109.06,1127133
2016-04-27,1461763800,109.35,109.76,109.1901,109.66,1734041
2016-04-28,1461850200,109.68,110.07,109.625,110.04,2807314
2016-04-29,1461936600,109.82,110.099,109.72,110,2858518
2016-05-02,1462195800,109.66,109.79,109.51,109.52,2226803
2016-05-03,1462282200,110.14,110.265,110.08,110.17,2331240
2016-05-04,1462368600,110.19,110.39,110,110.37,1176898
2016-05-05,1462455000,110.33,110.67,110.14,110.67,1257480
2016-05-06,1462541400,110.59,110.64,110.29,110.41,1675657
2016-05-09,1462800600,110.55,110.63,110.46,110.62,1459864
2016-05-10,1462887000,110.57,110.65,110.48,110.6,1506878
2016-05-11,1462973400,110.55,110.89,110.49,110.77,1606832
2016-05-12,1463059800,110.44,110.595,110.36,110.47,1261487
2016-05-13,1463146200,110.54,110.92,110.49,110.89,5007347
2016-05-16,1463405400,110.62,110.62,110.45,110.49,1708120
2016-05-17,1463491800,110.41,110.567,110.33,110.34,1158742
2016-05-18,1463578200,110.1,110.12,109.32,109.45,2946529
2016-05-19,1463664600,109.57,109.73,109.51,109.56,1345048
2016-05-20,1463751000,109.58,109.74,109.48,109.63,1059416
2016-05-23,1464010200,109.72,109.8,109.5735,109.7,892284
2016-05-24,1464096600,109.51,109.63,109.36,109.52,965245
2016-05-25,1464183000,109.49,109.6259,109.42,109.47,890348
2016-05-26,1464269400,109.65,109.9,109.58,109.81,998294
2016-05-27,1464355800,109.85,109.89,109.47,109.6,1995252
2016-05-31,1464701400,109.33,109.84,109.33,109.73,1734699
2016-06-01,1464787800,109.85,109.9,109.48,109.53,2786439
2016-06-02,1464874200,109.7,109.95,109.7,109.87,5038509
2016-06-03,1464960600,110.72,110.91,110.69,110.89,1971287
2016-06-06,1465219800,110.66,110.81,110.57,110.6,1715717
2016-06-07,1465306200,110.81,110.89,110.75,110.76,2672900
2016-06-08,1465392600,110.84,110.94,110.79,110.89,1284240
2016-06-09,1465479000,111.21,111.25,111.05,111.06,1328404
2016-06-10,1465565400,111.39,111.58,111.27,111.45,1878863
2016-06-13,1465824600,111.65,111.75,111.48,111.67,1029082
2016-06-14,1465911000,111.96,111.96,111.61,111.64,1390551
2016-06-15,1465997400,111.64,112.1,111.64,111.98,2377888
2016-06-16,1466083800,112.28,112.525,111.99,112.1,3088659
2016-06-17,1466170200,112,112,111.6411,111.72,3140885
2016-06-20,1466429400,111.23,111.31,111.155,111.24,1956482
2016-06-21,1466515800,111.22,111.3599,110.97,110.99,1494543
2016-06-22,1466602200,111.06,111.23,110.96,111.21,1378658
2016-06-23,1466688600,110.75,110.9799,110.65,110.68,1714958
2016-06-24,1466775000,112.47,112.48,112.085,112.21,4390000
2016-06-27,1467034200,112.96,113.24,112.9,113.18,4647465
2016-06-28,1467120600,113.15,113.225,112.95,113.16,1799745
2016-06-29,1467207000,113.07,113.16,112.69,112.7,2670874
2016-06-30,1467293400,112.88,113.2,112.72,112.9523,5690785
2016-07-01,1467379800,113.3,113.32,112.87,113.09,5292310
2016-07-05,1467725400,113.51,113.9088,113.47,113.71,2926289
2016-07-06,1467811800,113.82,113.84,113.55,113.73,1921629
2016-07-07,1467898200,113.52,113.77,113.315,113.58,1323041
2016-07-08,1467984600,113.59,113.83,113.42,113.8,2097922
2016-07-11,1468243800,113.48,113.5799,113.2,113.2,2728822
2016-07-12,1468330200,112.74,112.83,112.38,112.53,4116208
2016-07-13,1468416600,112.86,113.02,112.78,112.82,3077240
2016-07-14,1468503000,112.2,112.491,112.18,112.35,2761898
2016-07-15,1468589400,112.03,112.1,111.8,111.92,2811557
2016-07-18,1468848600,112.1,112.2,111.78,111.89,4173485
2016-07-19,1468935000,112.16,112.29,112.06,112.19,4171875
2016-07-20,1469021400,112.03,112.03,111.85,111.96,2213705
2016-07-21,1469107800,111.68,112.249,111.66,112.21,1944709
2016-07-22,1469194200,111.96,112.32,111.92,112.12,1139960
2016-07-25,1469453400,112.09,112.23,112.0141,112.03,889058
2016-07-26,1469539800,112.2,112.2,111.89,112.1,1694108
2016-07-27,1469626200,112.24,112.58,112.11,112.58,1962723
2016-07-28,1469712600,112.4,112.735,112.36,112.64,1220157
2016-07-29,1469799000,112.85,113.1,112.76,113.07,2386779
2016-08-01,1470058200,112.56,112.77,112.48,112.52,2479094
2016-08-02,1470144600,112.02,112.4799,112.02,112.25,2920532
2016-08-03,1470231000,112.32,112.35,112.02,112.31,1148604
2016-08-04,1470317400,112.55,112.8,112.54,112.58,1064986
2016-08-05,1470403800,112.26,112.36,111.87,111.88,2368063
2016-08-08,1470663000,111.75,111.985,111.64,111.82,1304009
2016-08-09,1470749400,111.95,112.2564,111.89,112.22,1817007
2016-08-10,1470835800,112.28,112.6,112.26,112.52,1262456
2016-08-11,1470922200,112.43,112.5,111.87,111.98,1823551
2016-08-12,1471008600,112.54,112.6978,112.35,112.38,1377100
2016-08-15,1471267800,112.21,112.2765,112.03,112.05,1031766
2016-08-16,1471354200,111.95,112.05,111.77,111.86,1433536
2016-08-17,1471440600,111.89,112.19,111.75,112.04,1733883
2016-08-18,1471527000,112.12,112.32,111.95,112.24,1245617
2016-08-19,1471613400,111.93,112.04,111.72,111.86,1396706
2016-08-22,1471872600,112.11,112.2,111.99,112.11,1084588
2016-08-23,1471959000,112.19,112.3,112,112.1,939879
2016-08-24,1472045400,112.19,112.22,111.97,112.06,1345582
2016-08-25,1472131800,111.96,112.08,111.8636,111.88,1037657
2016-08-26,1472218200,112.05,112.32,111.37,111.45,1988295
2016-08-29,1472477400,111.65,111.9765,111.64,111.91,1497350
2016-08-30,1472563800,111.96,112,111.84,111.9,2498392
2016-08-31,1472650200,111.91,112.045,111.77,111.77,2008099
2016-09-01,1472736600,111.33,111.82,111.27,111.79,1775923
2016-09-02,1472823000,111.58,111.67,111.31,111.5,1550068
2016-09-06,1473168600,111.47,112.095,111.42,112.02,1283994
2016-09-07,1473255000,112.18,112.26,112.02,112.08,836835
2016-09-08,1473341400,111.87,111.97,111.4,111.53,1287292
2016-09-09,1473427800,111.13,111.15,110.95,111,1701089
2016-09-12,1473687000,110.88,111.19,110.84,111.1,1446579
2016-09-13,1473773400,111.18,111.19,110.44,110.69,1993657
2016-09-14,1473859800,110.71,111.085,110.71,110.94,1062133
2016-09-15,1473946200,110.88,111.05,110.67,110.97,1004149
2016-09-16,1474032600,111.1,111.17,110.9493,111.09,833637
2016-09-19,1474291800,110.99,111.08,110.895,110.9,490368
2016-09-20,1474378200,111.03,111.22,110.99,111.07,1177840
2016-09-21,1474464600,110.95,111.3,110.83,111.25,1108272
2016-09-22,1474551000,111.44,111.71,111.41,111.58,1012327
2016-09-23,1474637400,111.53,111.7,111.5,111.63,952522
2016-09-26,1474896600,111.78,112.05,111.76,111.95,763981
2016-09-27,1474983000,112.27,112.27,112.03,112.14,1583705
2016-09-28,1475069400,112.19,112.3,112.05,112.09,594824
2016-09-29,1475155800,111.89,112.3289,111.82,112.16,1123912
2016-09-30,1475242200,112.17,112.2,111.7175,111.88,1774642
2016-10-03,1475501400,111.7,111.73,111.45,111.47,3111965
2016-10-04,1475587800,111.33,111.43,110.95,110.96,3949586
2016-10-05,1475674200,110.91,110.95,110.59,110.71,1490557
2016-10-06,1475760600,110.59,110.7725,110.46,110.48,1577439
2016-10-07,1475847000,110.58,110.7243,110.38,110.64,1601117
2016-10-10,1476106200,110.4,110.4,110.179,110.35,1066969
2016-10-11,1476192600,110.33,110.51,110.2,110.32,1942561
2016-10-12,1476279000,110.23,110.3243,110.1,110.32,1037763
2016-10-13,1476365400,110.51,110.69,110.505,110.55,1188430
2016-10-14,1476451800,110.27,110.57,110.18,110.21,2105250
2016-10-17,1476711000,110.32,110.55,110.32,110.45,1490764
2016-10-18,1476797400,110.31,110.67,110.3,110.67,1484419
2016-10-19,1476883800,110.51,110.8,110.51,110.72,1264235
2016-10-20,1476970200,110.88,110.88,110.5801,110.62,979921
2016-10-21,1477056600,110.78,110.782,110.5865,110.74,571103
2016-10-24,1477315800,110.81,110.81,110.46,110.59,900791
2016-10-25,1477402200,110.45,110.74,110.4269,110.57,735149
2016-10-26,1477488600,110.41,110.46,110.29,110.33,1136638
2016-10-27,1477575000,109.95,110,109.72,109.95,3668510
2016-10-28,1477661400,109.85,110.06,109.8,109.97,1313186
2016-10-31,1477920600,110.1,110.135,109.96,110.06,4413948
2016-11-01,1478007000,109.59,110.12,109.53,109.91,2003985
2016-11-02,1478093400,110.11,110.4311,110.031,110.24,1455945
2016-11-03,1478179800,110.08,110.2258,110.01,110.17,686575
2016-11-04,1478266200,110.3,110.5555,110.28,110.51,1699819
2016-11-07,1478529000,110.1,110.17,110.01,110.05,2617928
2016-11-08,1478615400,110.07,110.105,109.61,109.66,1182225
2016-11-09,1478701800,109.16,109.16,107.91,107.99,6381291
2016-11-10,1478788200,107.67,108.03,107.32,107.34,5445300
2016-11-11,1478874600,107.55,107.64,107.08,107.12,2482857
2016-11-14,1479133800,106.5,106.9,106.275,106.5,3753800
2016-11-15,1479220200,106.49,106.69,106.42,106.5,1391672
2016-11-16,1479306600,106.27,106.67,106.27,106.6,2765740
2016-11-17,1479393000,106.42,106.48,106.05,106.13,2499174
2016-11-18,1479479400,106.1,106.21,105.555,105.66,4093685
2016-11-21,1479738600,105.74,105.89,105.625,105.75,1364254
2016-11-22,1479825000,105.89,106.08,105.75,105.85,1744666
2016-11-23,1479911400,105.25,105.59,105,105.47,4607052
2016-11-25,1480084200,105.51,105.56,105.24,105.38,948163
2016-11-28,1480343400,105.73,105.9,105.62,105.86,2474776
2016-11-29,1480429800,105.68,106,105.61,105.97,1744963
2016-11-30,1480516200,105.29,105.525,105.165,105.26,3362465
2016-12-01,1480602600,104.62,104.81,104.31,104.71,3467554
2016-12-02,1480689000,104.93,105.32,104.93,105.18,1660411
2016-12-05,1480948200,104.83,105.4011,104.705,105.14,2281609
2016-12-06,1481034600,105.17,105.28,105.08,105.18,989350
2016-12-07,1481121000,105.37,105.58,105.355,105.53,1237567
2016-12-08,1481207400,105.19,105.26,105.03,105.13,1357500
2016-12-09,1481293800,105.08,105.195,104.5441,104.59,3260969
2016-12-12,1481553000,104.52,104.72,104.37,104.61,1538223
2016-12-13,1481639400,104.79,104.86,104.48,104.67,1993545
2016-12-14,1481725800,105.02,105.1,103.78,103.8,3941008
2016-12-15,1481812200,103.78,103.8235,103.43,103.51,1999188
2016-12-16,1481898600,103.69,103.96,103.46,103.64,1811758
2016-12-19,1482157800,104,104.17,103.88,104.12,1691826
2016-12-20,1482244200,103.75,103.9582,103.675,103.9,969438
2016-12-21,1482330600,104,104.13,103.942,104.07,1870467
2016-12-22,1482417000,103.79,103.9464,103.71,103.86,1872109
2016-12-23,1482503400,103.97,104.08,103.94,103.96,830422
2016-12-27,1482849000,103.71,103.81,103.7,103.81,1148774
2016-12-28,1482935400,103.86,104.2966,103.79,104.19,1369835
2016-12-29,1483021800,104.36,104.66,104.36,104.51,1328572
2016-12-30,1483108200,104.56,104.96,104.53,104.82,2439455
2017-01-03,1483453800,104.35,104.8856,104.29,104.77,3230548
2017-01-04,1483540200,104.73,104.935,104.615,104.89,1522962
2017-01-05,1483626600,105.1,105.68,105.03,105.57,3344376
2017-01-06,1483713000,105.18,105.375,105.0441,105.09,1601433
2017-01-09,1483972200,105.47,105.53,105.355,105.49,1275042
2017-01-10,1484058600,105.44,105.6,105.385,105.44,1352734
2017-01-11,1484145000,105.5,105.93,105.31,105.56,1833735
2017-01-12,1484231400,105.82,106.025,105.59,105.62,1544660
2017-01-13,1484317800,105.37,105.5576,105.05,105.39,1833203
2017-01-17,1484663400,105.97,106.0301,105.7343,105.92,1656782
2017-01-18,1484749800,105.6,105.69,105.13,105.17,3640392
2017-01-19,1484836200,104.83,104.885,104.5644,104.77,1839952
2017-01-20,1484922600,104.64,104.9159,104.48,104.82,1306421
2017-01-23,1485181800,105.01,105.57,104.84,105.37,1720212
2017-01-24,1485268200,105.14,105.28,104.825,104.97,1343970
2017-01-25,1485354600,104.55,104.675,104.31,104.45,1815965
2017-01-26,1485441000,104.41,104.62,104.18,104.59,2212910
2017-01-27,1485527400,104.65,104.8,104.64,104.72,2285159
2017-01-30,1485786600,104.74,104.945,104.69,104.69,1909335
2017-01-31,1485873000,104.79,105.22,104.79,105.05,1411700
2017-02-01,1485959400,104.56,104.85,104.385,104.69,2055086
2017-02-02,1486045800,105.03,105.1,104.72,104.73,1423492
2017-02-03,1486132200,105,105.22,104.62,104.81,1711147
2017-02-06,1486391400,105.24,105.4062,104.9961,105.31,1500484
2017-02-07,1486477800,105.25,105.69,105.18,105.5,1540579
2017-02-08,1486564200,105.74,106,105.66,105.93,3182186
2017-02-09,1486650600,105.71,105.73,105.28,105.3,1530153
2017-02-10,1486737000,105.07,105.31,105.07,105.23,1646365
2017-02-13,1486996200,105,105.08,104.88,105.07,1045207
2017-02-14,1487082600,105.02,105.1,104.4615,104.69,2318128
2017-02-15,1487169000,104.33,104.56,104.32,104.49,2750913
2017-02-16,1487255400,104.6,105.01,104.6,104.91,2459817
2017-02-17,1487341800,105.2,105.315,105.12,105.19,2237724
2017-02-21,1487687400,104.94,105.2799,104.92,105.14,2832683
2017-02-22,1487773800,105.36,105.42,104.96,105.31,2812755
2017-02-23,1487860200,105.5,105.59,105.4334,105.59,1842686
2017-02-24,1487946600,105.94,106.16,105.82,106.08,2676989
2017-02-27,1488205800,105.99,106,105.64,105.7,3292633
2017-02-28,1488292200,105.75,105.91,105.63,105.65,2482544
2017-03-01,1488378600,104.71,104.795,104.65,104.77,2249019
2017-03-02,1488465000,104.56,104.6,104.3316,104.47,2023327
2017-03-03,1488551400,104.5,104.58,104.26,104.57,2509000
2017-03-06,1488810600,104.59,104.6,104.4349,104.55,1401721
2017-03-07,1488897000,104.43,104.48,104.3533,104.4,1596283
2017-03-08,1488983400,103.92,104.15,103.9,104.05,2392776
2017-03-09,1489069800,103.94,103.975,103.7,103.76,2322915
2017-03-10,1489156200,103.98,104.01,103.7537,103.98,1332989
2017-03-13,1489411800,103.81,103.92,103.692,103.72,1342568
2017-03-14,1489498200,103.77,103.9386,103.75,103.83,864637
2017-03-15,1489584600,103.99,104.74,103.92,104.74,3701856
2017-03-16,1489671000,104.49,104.62,104.42,104.45,2749919
2017-03-17,1489757400,104.58,104.82,104.56,104.73,1186685
2017-03-20,1490016600,104.75,105.01,104.75,104.9877,1362724
2017-03-21,1490103000,104.91,105.368,104.91,105.33,1406989
2017-03-22,1490189400,105.53,105.73,105.445,105.53,2231348
2017-03-23,1490275800,105.59,105.64,105.239,105.42,2584684
2017-03-24,1490362200,105.39,105.61,105.35,105.48,2540044
2017-03-27,1490621400,105.92,105.96,105.67,105.74,2614005
2017-03-28,1490707800,105.86,105.86,105.3735,105.38,1356809
2017-03-29,1490794200,105.56,105.72,105.56,105.68,1860381
2017-03-30,1490880600,105.63,105.64,105.36,105.38,1487784
2017-03-31,1490967000,105.53,105.63,105.45,105.59,1698488
2017-04-03,1491226200,105.56,106,105.53,105.95,4175518
2017-04-04,1491312600,105.92,106.015,105.8,105.8,1319595
2017-04-05,1491399000,105.67,106.1022,105.6201,106,2551140
2017-04-06,1491485400,106.03,106.1,105.7967,105.93,1496344
2017-04-07,1491571800,106.19,106.315,105.61,105.61,1185411
2017-04-10,1491831000,105.75,105.9184,105.7,105.8,1752459
2017-04-11,1491917400,106.05,106.395,106.03,106.29,2219221
2017-04-12,1492003800,106.37,106.68,106.29,106.62,2273640
2017-04-13,1492090200,106.8,107.01,106.61,106.94,1868187
2017-04-17,1492435800,106.95,107.04,106.675,106.77,1110547
2017-04-18,1492522200,107.06,107.47,107,107.38,1678639
2017-04-19,1492608600,107.12,107.17,106.985,107.1,1749970
2017-04-20,1492695000,106.93,107.01,106.72,106.86,1695070
2017-04-21,1492781400,106.96,107.12,106.8757,106.91,2792479
2017-04-24,1493040600,106.43,106.69,106.37,106.69,3557972
2017-04-25,1493127000,106.35,106.465,106.09,106.14,1685744
2017-04-26,1493213400,106.14,106.42,106.12,106.42,1314388
2017-04-27,1493299800,106.38,106.62,106.33,106.49,1988199
2017-04-28,1493386200,106.32,106.65,106.27,106.6,5490008
2017-05-01,1493645400,106.32,106.4874,106.05,106.21,2044444
2017-05-02,1493731800,106.16,106.4885,106.14,106.43,1585337
2017-05-03,1493818200,106.45,106.49,106.145,106.21,1861314
2017-05-04,1493904600,105.85,105.99,105.82,105.97,1237107
2017-05-05,1493991000,105.98,106.02,105.8,105.99,980046
2017-05-08,1494250200,105.89,105.89,105.67,105.73,4887359
2017-05-09,1494336600,105.59,105.66,105.4701,105.61,1457894
2017-05-10,1494423000,105.84,105.859,105.5,105.57,995492
2017-05-11,1494509400,105.41,105.7,105.41,105.65,1088840
2017-05-12,1494595800,106.06,106.2776,106.06,106.19,2005629
2017-05-15,1494855000,106.14,106.17,106.05,106.12,672599
2017-05-16,1494941400,106.11,106.41,106.11,106.26,1314453
2017-05-17,1495027800,106.8,107.17,106.73,107.11,5644708
2017-05-18,1495114200,107.2,107.25,106.97,107.08,1715184
2017-05-19,1495200600,106.97,107.065,106.8,107.05,3503125
2017-05-22,1495459800,106.93,107.01,106.88,106.93,1425968
2017-05-23,1495546200,107.05,107.05,106.6,106.65,2984685
2017-05-24,1495632600,106.65,106.925,106.55,106.87,1777633
2017-05-25,1495719000,106.93,106.98,106.8,106.93,1361051
2017-05-26,1495805400,107.03,107.0789,106.9433,107,1016635
2017-05-30,1496151000,107.18,107.27,107.095,107.27,2335245
2017-05-31,1496237400,107.22,107.4,107.16,107.32,1752336
2017-06-01,1496323800,106.94,107.12,106.901,107.1,1769262
2017-06-02,1496410200,107.5,107.69,107.41,107.57,1803226
2017-06-05,1496669400,107.4,107.49,107.37,107.39,1414885
2017-06-06,1496755800,107.78,107.83,107.66,107.73,2078866
2017-06-07,1496842200,107.62,107.71,107.43,107.53,1795753
2017-06-08,1496928600,107.43,107.43,107.17,107.36,3863040
2017-06-09,1497015000,107.15,107.34,107.105,107.26,1203352
2017-06-12,1497274200,107.12,107.45,107.12,107.24,767334
2017-06-13,1497360600,107.14,107.32,107.14,107.28,682259
2017-06-14,1497447000,107.92,108.17,107.71,107.84,3712120
2017-06-15,1497533400,107.69,107.72,107.565,107.65,2000386
2017-06-16,1497619800,107.67,107.83,107.665,107.71,3460258
2017-06-19,1497879000,107.59,107.6299,107.41,107.41,1105933
2017-06-20,1497965400,107.5,107.7592,107.5,107.68,1252005
2017-06-21,1498051800,107.56,107.75,107.535,107.67,1159752
2017-06-22,1498138200,107.83,107.86,107.64,107.77,1160060
2017-06-23,1498224600,107.72,107.8407,107.67,107.8,1581035
2017-06-26,1498483800,107.9,108.01,107.88,107.89,3625014
2017-06-27,1498570200,107.52,107.545,107.255,107.36,1755165
2017-06-28,1498656600,107.31,107.31,107.09,107.26,1530861
2017-06-29,1498743000,106.7,106.97,106.635,106.86,1997169
2017-06-30,1498829400,106.84,106.84,106.535,106.61,1909608
2017-07-03,1499088600,106.45,106.46,106.01,106.06,1255303
2017-07-05,1499261400,106.04,106.26,105.98,106.14,10478207
2017-07-06,1499347800,105.94,105.97,105.7338,105.94,1794925
2017-07-07,1499434200,105.81,105.89,105.72,105.77,1800258
2017-07-10,1499693400,105.84,106.01,105.83,105.91,1247671
2017-07-11,1499779800,105.87,106.08,105.835,106.05,1112561
2017-07-12,1499866200,106.45,106.51,106.32,106.36,2451669
2017-07-13,1499952600,106.35,106.35,106.05,106.25,2095899
2017-07-14,1500039000,106.69,106.74,106.38,106.4,1260438
2017-07-17,1500298200,106.46,106.6143,106.4,106.53,1289466
2017-07-18,1500384600,106.87,106.97,106.78,106.92,1776163
2017-07-19,1500471000,106.93,107.01,106.85,106.92,2465997
2017-07-20,1500557400,107.1,107.1568,106.91,106.95,2317152
2017-07-21,1500643800,107.15,107.27,107.12,107.14,1815645
2017-07-24,1500903000,107.08,107.149,106.99,107.07,2342674
2017-07-25,1500989400,106.7,106.7,106.44,106.47,2513574
2017-07-26,1501075800,106.47,106.92,106.4147,106.81,3010356
2017-07-27,1501162200,106.6,106.73,106.52,106.64,1852967
2017-07-28,1501248600,106.63,106.85,106.5973,106.82,1001633
2017-07-31,1501507800,106.76,106.86,106.69,106.85,921801
2017-08-01,1501594200,106.52,106.99,106.4674,106.95,1958311
2017-08-02,1501680600,106.9,107.0499,106.84,106.85,516107
2017-08-03,1501767000,107.07,107.2477,106.98,107.22,1576242
2017-08-04,1501853400,106.97,106.97,106.7,106.93,1266056
2017-08-07,1502112600,106.88,107.0013,106.82,106.99,554119
2017-08-08,1502199000,106.95,106.96,106.73,106.9,1277754
2017-08-09,1502285400,107.29,107.3169,107.03,107.03,1268046
2017-08-10,1502371800,107.24,107.465,107.22,107.43,1412024
2017-08-11,1502458200,107.37,107.62,107.32,107.55,911001
2017-08-14,1502717400,107.34,107.45,107.25,107.29,1386134
2017-08-15,1502803800,106.86,107.06,106.83,106.97,1146255
2017-08-16,1502890200,106.87,107.33,106.85,107.17,2160123
2017-08-17,1502976600,107.21,107.585,107.17,107.55,1637387
2017-08-18,1503063000,107.74,107.81,107.41,107.57,1235736
2017-08-21,1503322200,107.6,107.71,107.56,107.64,719196
2017-08-22,1503408600,107.54,107.54,107.37,107.43,984522
2017-08-23,1503495000,107.66,107.8,107.57,107.8,1246079
2017-08-24,1503581400,107.63,107.75,107.5742,107.63,2520936
2017-08-25,1503667800,107.64,107.8699,107.57,107.81,1007501
2017-08-28,1503927000,107.76,107.92,107.7211,107.91,921695
2017-08-29,1504013400,108.41,108.43,108.04,108.16,1590227
2017-08-30,1504099800,107.99,108.13,107.99,108.07,1299930
2017-08-31,1504186200,108.08,108.25,108.07,108.24,1023622
2017-09-01,1504272600,107.96,107.99,107.7,107.76,3459956
2017-09-05,1504618200,108.16,108.52,108.13,108.51,3055580
2017-09-06,1504704600,108.48,108.55,108.13,108.25,1601483
2017-09-07,1504791000,108.35,108.805,108.35,108.72,4292486
2017-09-08,1504877400,108.68,108.68,108.5,108.64,1249118
2017-09-11,1505136600,108.2,108.24,108.02,108.02,2206172
2017-09-12,1505223000,107.85,107.85,107.66,107.76,3167779
2017-09-13,1505309400,107.78,107.78,107.52,107.54,1590908
2017-09-14,1505395800,107.43,107.58,107.4,107.56,1377491
2017-09-15,1505482200,107.57,107.69,107.38,107.69,1477009
2017-09-18,1505741400,107.26,107.3598,107.17,107.27,3032494
2017-09-19,1505827800,107.3,107.35,107.1163,107.15,673332
2017-09-20,1505914200,107.25,107.265,106.77,106.94,2397540
2017-09-21,1506000600,106.99,107.13,106.8,106.8,2389979
2017-09-22,1506087000,107.14,107.16,106.96,106.99,826550
2017-09-25,1506346200,107.11,107.39,107,107.31,1927429
2017-09-26,1506432600,107.21,107.28,107.12,107.22,1061020
2017-09-27,1506519000,106.69,106.83,106.64,106.67,4039061
2017-09-28,1506605400,106.54,106.73,106.479,106.65,1873291
2017-09-29,1506691800,106.76,106.7666,106.46,106.52,2037845
2017-10-02,1506951000,106.42,106.465,106.24,106.24,3221576
2017-10-03,1507037400,106.27,106.425,106.24,106.39,2521976
2017-10-04,1507123800,106.49,106.49,106.26,106.36,2198286
2017-10-05,1507210200,106.4,106.46,106.1901,106.25,1779946
2017-10-06,1507296600,105.97,106.2434,105.85,106.12,2350567
2017-10-09,1507555800,106.21,106.28,106.14,106.24,893051
2017-10-10,1507642200,106.3,106.53,106.25,106.28,1123071
2017-10-11,1507728600,106.43,106.44,106.28,106.4,2841184
2017-10-12,1507815000,106.47,106.54,106.36,106.5,1349324
2017-10-13,1507901400,106.82,106.92,106.69,106.86,1521715
2017-10-16,1508160600,106.67,106.79,106.57,106.68,1666058
2017-10-17,1508247000,106.52,106.675,106.5,106.64,673763
2017-10-18,1508333400,106.31,106.4062,106.265,106.37,1788509
2017-10-19,1508419800,106.66,106.7,106.41,106.48,1518714
2017-10-20,1508506200,106.14,106.21,105.995,106.04,2651796
2017-10-23,1508765400,106.09,106.2099,106.085,106.14,709754
2017-10-24,1508851800,105.88,105.96,105.76,105.82,1605637
2017-10-25,1508938200,105.47,105.74,105.47,105.65,1838778
2017-10-26,1509024600,105.75,105.77,105.5,105.51,2062421
2017-10-27,1509111000,105.62,105.8552,105.54,105.85,1315009
2017-10-30,1509370200,106.09,106.24,106.03,106.23,1692730
2017-10-31,1509456600,106.24,106.245,106.14,106.16,1178008
2017-11-01,1509543000,105.92,106.22,105.915,106.06,1321452
2017-11-02,1509629400,106.18,106.35,106.12,106.2,1997931
2017-11-03,1509715800,106.34,106.4,106.15,106.37,2532355
2017-11-06,1509978600,106.47,106.555,106.4,106.5,858413
2017-11-07,1510065000,106.52,106.62,106.46,106.54,734803
2017-11-08,1510151400,106.59,106.63,106.38,106.41,947809
2017-11-09,1510237800,106.27,106.4644,106.23,106.37,926347
2017-11-10,1510324200,106,106.0307,105.79,105.83,1861954
2017-11-13,1510583400,105.91,105.96,105.77,105.78,868580
2017-11-14,1510669800,105.81,106,105.79,105.93,1629226
2017-11-15,1510756200,106.28,106.35,106.085,106.31,1933134
2017-11-16,1510842600,106.14,106.2,106.02,106.04,1749220
2017-11-17,1510929000,106.23,106.28,106.1,106.18,941512
2017-11-20,1511188200,106.05,106.15,105.95,106.01,1153378
2017-11-21,1511274600,106.18,106.23,105.945,106.03,835610
2017-11-22,1511361000,106.14,106.42,106.1,106.37,1657908
2017-11-24,1511533800,106.27,106.34,106.235,106.28,614375
2017-11-27,1511793000,106.33,106.4236,106.19,106.35,1927505
2017-11-28,1511879400,106.51,106.545,106.28,106.37,1387975
2017-11-29,1511965800,106.02,106.08,105.88,106.03,3193599
2017-11-30,1512052200,105.96,106.0064,105.59,105.7,3306445
2017-12-01,1512138600,105.7,106.34,105.5,105.93,4341543
2017-12-04,1512397800,105.65,105.88,105.64,105.88,2356429
2017-12-05,1512484200,105.71,105.99,105.69,105.96,1586008
2017-12-06,1512570600,106.2,106.31,106.16,106.18,1459045
2017-12-07,1512657000,106.18,106.265,105.8634,105.99,1953408
2017-12-08,1512743400,105.97,106.02,105.825,105.91,2519666
2017-12-11,1513002600,105.97,106.0188,105.81,105.84,702208
2017-12-12,1513089000,105.74,105.76,105.5995,105.75,2557740
2017-12-13,1513175400,105.9,106.22,105.79,106.18,1477764
2017-12-14,1513261800,105.99,106.2253,105.86,106.14,982369
2017-12-15,1513348200,105.98,106.165,105.92,106.12,1845221
2017-12-18,1513607400,106.03,106.06,105.84,105.88,1610297
2017-12-19,1513693800,105.62,105.63,105.2532,105.4,4535080
2017-12-20,1513780200,105.1,105.285,105.04,105.09,3026981
2017-12-21,1513866600,104.94,105.01,104.87,105,2098847
2017-12-22,1513953000,104.99,105.04,104.945,105.04,696874
2017-12-26,1514298600,105.05,105.2,105.03,105.08,2584778
2017-12-27,1514385000,105.23,105.57,105.23,105.53,2291488
2017-12-28,1514471400,105.43,105.48,105.34,105.4,1540546
2017-12-29,1514557800,105.47,105.64,105.455,105.57,1849555
2018-01-02,1514903400,105.44,105.47,105.09,105.22,3902185
2018-01-03,1514989800,105.35,105.4099,105.215,105.33,2135976
2018-01-04,1515076200,105.1,105.29,105.02,105.28,2430030
2018-01-05,1515162600,105.28,105.315,105.06,105.15,2163587
2018-01-08,1515421800,105.2,105.22,105.0106,105.1,2450624
2018-01-09,1515508200,104.92,104.92,104.58,104.6,5924200
2018-01-10,1515594600,104.29,104.62,104.233,104.57,2142476
2018-01-11,1515681000,104.52,104.73,104.42,104.64,1798688
2018-01-12,1515767400,104.42,104.61,104.4,104.57,1430710
2018-01-16,1516113000,104.74,104.76,104.48,104.62,5927505
2018-01-17,1516199400,104.46,104.6268,104.315,104.39,2186145
2018-01-18,1516285800,104.11,104.21,103.98,104.06,3326215
2018-01-19,1516372200,104,104,103.73,103.79,2921631
2018-01-22,1516631400,103.87,103.95,103.67,103.75,8047404
2018-01-23,1516717800,103.99,104.11,103.9,104.05,1780075
2018-01-24,1516804200,103.87,103.95,103.73,103.85,1952198
2018-01-25,1516890600,103.74,104.09,103.62,104.08,3341952
2018-01-26,1516977000,103.96,103.96,103.66,103.77,3324858
2018-01-29,1517236200,103.5,103.55,103.312,103.51,2328244
2018-01-30,1517322600,103.42,103.48,103.2201,103.27,2346906
2018-01-31,1517409000,103.44,103.49,103.0237,103.3,2966405
2018-02-01,1517495400,103.1,103.1,102.57,102.6,8958312
2018-02-02,1517581800,102.29,102.37,102.11,102.22,5753531
2018-02-05,1517841000,102.25,103.31,102.0867,103.06,6901979
2018-02-06,1517927400,102.95,103.04,102.61,102.61,5382882
2018-02-07,1518013800,102.75,102.77,102.1934,102.31,4773709
2018-02-08,1518100200,102.03,102.53,101.885,102.4,5685261
2018-02-09,1518186600,102.11,102.81,102.11,102.22,4376918
2018-02-12,1518445800,102.22,102.36,102.08,102.19,2836265
2018-02-13,1518532200,102.27,102.39,102.18,102.36,2698089
2018-02-14,1518618600,102.06,102.06,101.63,101.74,4141940
2018-02-15,1518705000,101.76,101.96,101.735,101.77,3057291
2018-02-16,1518791400,102.09,102.18,101.96,102.01,2277771
2018-02-20,1519137000,101.81,101.96,101.72,101.9,2138272
2018-02-21,1519223400,102,102,101.465,101.6,2253855
2018-02-22,1519309800,101.76,101.87,101.7001,101.74,4412008
2018-02-23,1519396200,102.01,102.21,101.98,102.13,4484674
2018-02-26,1519655400,102.36,102.45,102.2034,102.25,2725643
2018-02-27,1519741800,102.29,102.3293,101.74,101.93,3308886
2018-02-28,1519828200,102.05,102.19,101.965,102.17,2521402
2018-03-01,1519914600,102.16,102.605,102.03,102.45,5352579
2018-03-02,1520001000,102.32,102.325,102.0139,102.07,2140780
2018-03-05,1520260200,102.35,102.35,101.82,101.94,2059342
2018-03-06,1520346600,101.97,102.15,101.92,101.93,2331340
2018-03-07,1520433000,102.16,102.22,101.92,101.93,1258112
2018-03-08,1520519400,102.07,102.239,102.02,102.14,1637019
2018-03-09,1520605800,101.89,102,101.7734,101.92,1604478
2018-03-12,1520861400,102,102.17,101.94,102.16,1885719
2018-03-13,1520947800,102.32,102.38,102.13,102.33,1742071
2018-03-14,1521034200,102.27,102.66,102.25,102.53,2598905
2018-03-15,1521120600,102.51,102.62,102.39,102.49,2757956
2018-03-16,1521207000,102.36,102.39,102.24,102.37,3595261
2018-03-19,1521466200,102.15,102.46,102.14,102.27,2824964
2018-03-20,1521552600,102.09,102.1632,102.035,102.07,2600627
2018-03-21,1521639000,101.94,102.22,101.68,102.14,3365609
2018-03-22,1521725400,102.52,102.77,102.39,102.56,5026477
2018-03-23,1521811800,102.46,102.75,102.46,102.7,2518958
2018-03-26,1522071000,102.52,102.65,102.39,102.42,4185089
2018-03-27,1522157400,102.53,103.0472,102.52,103,3495878
2018-03-28,1522243800,103.205,103.255,102.885,102.98,2762514
2018-03-29,1522330200,103.01,103.31,103.01,103.19,2572109
2018-04-02,1522675800,102.94,103.34,102.89,103.12,2748781
2018-04-03,1522762200,102.96,103,102.75,102.79,4229566
2018-04-04,1522848600,103,103,102.68,102.73,2216873
2018-04-05,1522935000,102.57,102.61,102.43,102.47,1789294
2018-04-06,1523021400,102.8,102.96,102.66,102.92,2651185
2018-04-09,1523280600,102.74,102.94,102.65,102.94,2071118
2018-04-10,1523367000,102.81,102.8699,102.684,102.76,1622794
2018-04-11,1523453400,102.96,103,102.76,102.86,2521033
2018-04-12,1523539800,102.72,102.73,102.46,102.49,2188647
2018-04-13,1523626200,102.4,102.63,102.4,102.58,2937674
2018-04-16,1523885400,102.33,102.545,102.31,102.53,1637379
2018-04-17,1523971800,102.48,102.66,102.435,102.59,1301847
2018-04-18,1524058200,102.48,102.5,102.19,102.19,2127606
2018-04-19,1524144600,101.95,102.02,101.79,101.91,3181502
2018-04-20,1524231000,101.78,101.84,101.57,101.57,2309432
2018-04-23,1524490200,101.48,101.53,101.34,101.47,5022804
2018-04-24,1524576600,101.33,101.45,101.26,101.35,3179197
2018-04-25,1524663000,101.19,101.25,101.06,101.13,3295766
2018-04-26,1524749400,101.37,101.46,101.31,101.42,1989519
2018-04-27,1524835800,101.51,101.65,101.5,101.59,2409325
2018-04-30,1525095000,101.64,101.81,101.615,101.7,3504377
2018-05-01,1525181400,101.5,101.5,101.305,101.35,1893967
2018-05-02,1525267800,101.39,101.51,101.3,101.37,3852560
2018-05-03,1525354200,101.58,101.769,101.56,101.63,6027127
2018-05-04,1525440600,101.75,101.79,101.49,101.64,2370639
2018-05-07,1525699800,101.63,101.66,101.535,101.59,1854923
2018-05-08,1525786200,101.43,101.52,101.32,101.42,1654562
2018-05-09,1525872600,101.19,101.2999,101.1601,101.19,2838373
2018-05-10,1525959000,101.43,101.48,101.3,101.4,4183730
2018-05-11,1526045400,101.47,101.47,101.3,101.41,2816308
2018-05-14,1526304600,101.25,101.28,101.18,101.19,4761961
2018-05-15,1526391000,100.8,100.8,100.49,100.63,6812535
2018-05-16,1526477400,100.67,100.695,100.42,100.42,4784233
2018-05-17,1526563800,100.46,100.52,100.33,100.36,1702645
2018-05-18,1526650200,100.55,100.81,100.55,100.75,2642316
2018-05-21,1526909400,100.7,100.83,100.64,100.82,2845114
2018-05-22,1526995800,100.82,100.83,100.69,100.78,1976999
2018-05-23,1527082200,101.09,101.3,101.07,101.24,5102523
2018-05-24,1527168600,101.47,101.64,101.425,101.5,2994068
2018-05-25,1527255000,101.81,101.91,101.7601,101.9,2838422
2018-05-29,1527600600,102.345,103.2,102.24,103,11256244
2018-05-30,1527687000,102.57,102.72,102.375,102.56,4512176
2018-05-31,1527773400,102.57,102.74,102.34,102.51,5321715
2018-06-01,1527859800,101.85,102.09,101.77,101.93,7891390
2018-06-04,1528119000,101.82,101.83,101.57,101.57,3131829
2018-06-05,1528205400,101.84,101.97,101.72,101.83,4305593
2018-06-06,1528291800,101.56,101.585,101.36,101.42,3910489
2018-06-07,1528378200,101.42,102.13,101.39,101.85,4400363
2018-06-08,1528464600,101.74,101.86,101.675,101.71,7342793
2018-06-11,1528723800,101.53,101.64,101.5062,101.61,1875769
2018-06-12,1528810200,101.47,101.6,101.45,101.55,1664843
2018-06-13,1528896600,101.58,101.65,101.16,101.43,3294672
2018-06-14,1528983000,101.62,101.76,101.54,101.75,3626405
2018-06-15,1529069400,101.97,102.1,101.8,101.83,5826513
2018-06-18,1529328600,101.96,101.98,101.7975,101.88,4601074
2018-06-19,1529415000,102.18,102.275,102.085,102.145,4172900
2018-06-20,1529501400,102.11,102.13,101.81,101.82,3058959
2018-06-21,1529587800,101.98,102.1701,101.98,102.09,2680469
2018-06-22,1529674200,101.96,102.16,101.95,102.11,2309933
2018-06-25,1529933400,102.22,102.4,102.21,102.25,8111232
2018-06-26,1530019800,102.27,102.36,102.205,102.3,3873192
2018-06-27,1530106200,102.56,102.7266,102.48,102.69,3044183
2018-06-28,1530192600,102.68,102.71,102.51,102.59,3705643
2018-06-29,1530279000,102.58,102.68,102.5,102.51,2721230
2018-07-02,1530538200,102.42,102.45,102.22,102.25,3911496
2018-07-03,1530624600,102.29,102.51,102.28,102.51,1463832
2018-07-05,1530797400,102.48,102.64,102.46,102.52,1682545
2018-07-06,1530883800,102.64,102.71,102.5246,102.61,3206616
2018-07-09,1531143000,102.37,102.44,102.325,102.35,2258773
2018-07-10,1531229400,102.25,102.36,102.21,102.27,4461056
2018-07-11,1531315800,102.46,102.51,102.32,102.48,2198695
2018-07-12,1531402200,102.35,102.48,102.33,102.44,1385932
2018-07-13,1531488600,102.55,102.64,102.481,102.61,2892476
2018-07-16,1531747800,102.39,102.4799,102.255,102.44,1782641
2018-07-17,1531834200,102.5,102.5,102.35,102.38,1034701
2018-07-18,1531920600,102.43,102.45,102.27,102.3,1355277
2018-07-19,1532007000,102.37,102.665,102.35,102.58,4201724
2018-07-20,1532093400,102.46,102.46,102.18,102.22,3363165
2018-07-23,1532352600,102.1,102.11,101.7,101.72,5285683
2018-07-24,1532439000,101.7,101.8366,101.63,101.79,3293839
2018-07-25,1532525400,101.91,101.9799,101.66,101.72,2408954
2018-07-26,1532611800,101.82,101.87,101.59,101.61,2598215
2018-07-27,1532698200,101.84,101.84,101.6767,101.77,1435099
2018-07-30,1532957400,101.57,101.7563,101.56,101.64,3832706
2018-07-31,1533043800,101.8,101.8287,101.71,101.78,3053579
2018-08-01,1533130200,101.26,101.41,101.19,101.34,5366771
2018-08-02,1533216600,101.41,101.48,101.32,101.46,3370763
2018-08-03,1533303000,101.54,101.745,101.53,101.72,2174780
2018-08-06,1533562200,101.79,101.95,101.76,101.77,3867205
2018-08-07,1533648600,101.71,101.71,101.5422,101.56,2181388
2018-08-08,1533735000,101.59,101.71,101.58,101.65,2780441
2018-08-09,1533821400,101.81,101.93,101.79,101.93,4318009
2018-08-10,1533907800,102.2,102.5,102.17,102.37,4327822
2018-08-13,1534167000,102.31,102.46,102.23,102.34,1764670
2018-08-14,1534253400,102.32,102.33,102.19,102.24,2487598
2018-08-15,1534339800,102.46,102.68,102.43,102.49,4810823
2018-08-16,1534426200,102.51,102.52,102.28,102.46,2594433
2018-08-17,1534512600,102.55,102.64,102.4001,102.5,3043399
2018-08-20,1534771800,102.7,102.859,102.68,102.82,2901051
2018-08-21,1534858200,102.73,102.73,102.61,102.68,2516672
2018-08-22,1534944600,102.96,102.96,102.7742,102.87,2396765
2018-08-23,1535031000,102.91,102.945,102.83,102.86,871043
2018-08-24,1535117400,102.68,102.91,102.64,102.89,1296659
2018-08-27,1535376600,102.75,102.775,102.64,102.66,1852217
2018-08-28,1535463000,102.48,102.52,102.385,102.43,1506723
2018-08-29,1535549400,102.46,102.47,102.295,102.4,1420391
2018-08-30,1535635800,102.54,102.68,102.505,102.59,2780914
2018-08-31,1535722200,102.82,102.83,102.6,102.61,2132150
2018-09-04,1536067800,102.26,102.32,102.115,102.17,3419538
2018-09-05,1536154200,102.15,102.23,102.045,102.16,1332312
2018-09-06,1536240600,102.22,102.45,102.205,102.37,1656715
2018-09-07,1536327000,102.01,102.035,101.87,101.91,4404950
2018-09-10,1536586200,101.89,102.01,101.89,101.97,3110962
2018-09-11,1536672600,101.77,101.8,101.6,101.6,3360533
2018-09-12,1536759000,101.76,101.81,101.72,101.72,1398928
2018-09-13,1536845400,101.86,101.86,101.69,101.71,1281586
2018-09-14,1536931800,101.51,101.62,101.46,101.52,3749860
2018-09-17,1537191000,101.41,101.578,101.38,101.54,3808368
2018-09-18,1537277400,101.41,101.42,101.09,101.12,4972854
2018-09-19,1537363800,101.06,101.07,100.8,100.945,5515879
2018-09-20,1537450200,100.83,101.06,100.8,100.96,2973763
2018-09-21,1537536600,100.9,101.06,100.9,101,1024338
2018-09-24,1537795800,100.85,101.0101,100.84,100.89,2389846
2018-09-25,1537882200,100.77,100.81,100.68,100.79,2878702
2018-09-26,1537968600,100.89,101.14,100.84,101.12,2502900
2018-09-27,1538055000,101.05,101.15,100.985,101.12,6342756
2018-09-28,1538141400,101.29,101.295,101.13,101.17,3931040
2018-10-01,1538400600,100.83,100.89,100.71,100.71,6408018
2018-10-02,1538487000,100.86,101.04,100.86,100.97,2914994
2018-10-03,1538573400,100.78,100.79,100.09,100.22,6612650
2018-10-04,1538659800,99.98,100.13,99.88,99.96,6427458
2018-10-05,1538746200,99.82,99.91,99.6,99.72,5676607
2018-10-08,1539005400,99.82,99.86,99.74,99.76,1947785
2018-10-09,1539091800,99.79,99.95,99.76,99.95,3066265
2018-10-10,1539178200,99.71,100.025,99.665,100,3001929
2018-10-11,1539264600,100.22,100.55,100.093,100.41,5821540
2018-10-12,1539351000,100.29,100.53,100.24,100.29,2647915
2018-10-15,1539610200,100.39,100.44,100.2601,100.35,1859965
2018-10-16,1539696600,100.27,100.35,100.2,100.34,2704240
2018-10-17,1539783000,100.32,100.42,100.05,100.05,3336192
2018-10-18,1539869400,100,100.4,99.945,100.23,2587666
2018-10-19,1539955800,100.22,100.24,100.03,100.11,5531932
2018-10-22,1540215000,100.22,100.26,100.12,100.13,1690101
2018-10-23,1540301400,100.65,100.7901,100.34,100.39,4420115
2018-10-24,1540387800,100.67,100.96,100.6,100.93,4881155
2018-10-25,1540474200,100.75,100.82,100.6,100.69,3559921
2018-10-26,1540560600,101.07,101.3,101.04,101.14,4220756
2018-10-29,1540819800,101.01,101.24,100.85,101.13,3766926
2018-10-30,1540906200,100.94,101.06,100.865,100.91,5746643
2018-10-31,1540992600,100.61,100.74,100.55,100.66,3956743
2018-11-01,1541079000,100.36,100.57,100.33,100.53,4834317
2018-11-02,1541165400,100.29,100.32,99.93,99.97,5250949
2018-11-05,1541428200,100.16,100.1966,100.03,100.03,2446666
2018-11-06,1541514600,100.1,100.1,99.91,99.92,2456739
2018-11-07,1541601000,100.09,100.1698,99.905,99.92,3297630
2018-11-08,1541687400,100,100.02,99.75,99.78,2188899
2018-11-09,1541773800,99.93,100.22,99.915,100.17,2772679
2018-11-12,1542033000,100.38,100.51,100.33,100.47,3704933
2018-11-13,1542119400,100.42,100.575,100.345,100.55,3265009
2018-11-14,1542205800,100.43,100.96,100.39,100.76,4626422
2018-11-15,1542292200,101.01,101.06,100.71,100.83,2621253
2018-11-16,1542378600,101.06,101.18,100.98,101.14,7226698
2018-11-19,1542637800,101.06,101.32,101.06,101.29,3447829
2018-11-20,1542724200,101.32,101.42,101.23,101.27,3658623
2018-11-21,1542810600,101.18,101.25,101.07,101.25,1896977
2018-11-23,1542983400,101.46,101.465,101.31,101.31,531238
2018-11-26,1543242600,101.19,101.23,101.125,101.23,2345621
2018-11-27,1543329000,101.2,101.4,101.185,101.33,2334393
2018-11-28,1543415400,101.25,101.455,101.17,101.32,3582510
2018-11-29,1543501800,101.59,101.73,101.46,101.58,4313021
2018-11-30,1543588200,101.73,101.82,101.66,101.78,3069684
2018-12-03,1543847400,101.44,101.79,101.405,101.79,6004914
2018-12-04,1543933800,101.97,102.455,101.94,102.26,7748767
2018-12-06,1544106600,102.65,102.965,102.5,102.52,9429900
2018-12-07,1544193000,102.49,102.855,102.36,102.82,7319120
2018-12-10,1544452200,102.84,103.037,102.7101,102.88,9045691
2018-12-11,1544538600,102.64,102.85,102.5,102.62,5290089
2018-12-12,1544625000,102.45,102.5,102.31,102.34,3727166
2018-12-13,1544711400,102.46,102.4981,102.335,102.4,4116029
2018-12-14,1544797800,102.57,102.715,102.515,102.56,3529993
2018-12-17,1545057000,102.66,102.93,102.65,102.86,7626952
2018-12-18,1545143400,102.75,102.95,102.68,102.9,4461364
2018-12-19,1545229800,103.01,103.48,102.78,103.26,7710856
2018-12-20,1545316200,103.45,103.465,103.09,103.13,9245162
2018-12-21,1545402600,103.2,103.23,103.055,103.22,4918611
2018-12-24,1545661800,103.38,103.49,103.2631,103.48,6372964
2018-12-26,1545834600,103.47,103.62,102.95,102.99,5478030
2018-12-27,1545921000,103.43,103.63,103.23,103.25,4602088
2018-12-28,1546007400,103.42,103.82,103.385,103.81,4542620
2018-12-31,1546266600,103.69,104.66,103.63,104.2,7227495
2019-01-02,1546439400,104.31,104.43,104.18,104.42,18668725
2019-01-03,1546525800,104.46,105.315,104.44,105.25,10616683
2019-01-04,1546612200,104.55,104.5872,104.27,104.4,6616730
2019-01-07,1546871400,104.52,104.565,104.07,104.11,5459196
2019-01-08,1546957800,104,104.09,103.85,103.85,6879507
2019-01-09,1547044200,103.84,103.99,103.77,103.91,3248650
2019-01-10,1547130600,104.07,104.135,103.79,103.86,14412994
2019-01-11,1547217000,104.14,104.26,104.07,104.17,3825731
2019-01-14,1547476200,104.21,104.285,104.05,104.11,3090149
2019-01-15,1547562600,104.29,104.29,103.9712,104.01,4148048
2019-01-16,1547649000,103.89,104,103.805,103.95,4820794
2019-01-17,1547735400,103.9,103.95,103.675,103.76,5328050
2019-01-18,1547821800,103.61,103.72,103.35,103.43,6617519
2019-01-22,1548167400,103.72,103.91,103.67,103.79,5814417
2019-01-23,1548253800,103.61,103.85,103.575,103.74,3507319
2019-01-24,1548340200,104.06,104.18,103.975,104.07,6030700
2019-01-25,1548426600,103.89,103.94,103.73,103.83,2763332
2019-01-28,1548685800,103.79,103.98,103.79,103.86,3116096
2019-01-29,1548772200,103.94,104.16,103.93,104.16,2836679
2019-01-30,1548858600,104.05,104.43,103.96,104.4,5788342
2019-01-31,1548945000,104.64,104.93,104.61,104.88,10206451
2019-02-01,1549031400,104.47,104.49,104.09,104.1,9191931
2019-02-04,1549290600,103.97,103.97,103.81,103.87,7283506
2019-02-05,1549377000,104,104.178,103.99,104.05,3331094
2019-02-06,1549463400,104.28,104.285,104.07,104.13,3489763
2019-02-07,1549549800,104.42,104.55,104.348,104.47,6937372
2019-02-08,1549636200,104.63,104.73,104.59,104.61,2602723
2019-02-11,1549895400,104.45,104.54,104.37,104.45,2637191
2019-02-12,1549981800,104.38,104.39,104.215,104.31,3305304
2019-02-13,1550068200,104.07,104.17,104,104.05,3772135
2019-02-14,1550154600,104.61,104.615,104.41,104.54,10568669
2019-02-15,1550241000,104.35,104.465,104.34,104.44,6878987
2019-02-19,1550586600,104.63,104.695,104.55,104.62,8557378
2019-02-20,1550673000,104.62,104.7,104.52,104.6,4751098
2019-02-21,1550759400,104.3,104.34,104.22,104.29,4140206
2019-02-22,1550845800,104.5,104.715,104.46,104.6,3351041
2019-02-25,1551105000,104.43,104.5,104.36,104.44,2849605
2019-02-26,1551191400,104.75,104.79,104.6,104.75,2647726
2019-02-27,1551277800,104.57,104.58,104.3,104.38,2530612
2019-02-28,1551364200,104.34,104.35,104.06,104.11,4950133
2019-03-01,1551450600,103.74,103.85,103.57,103.57,9003040
2019-03-04,1551709800,103.73,103.9493,103.66,103.89,3506592
2019-03-05,1551796200,103.77,103.96,103.695,103.95,2112204
2019-03-06,1551882600,103.99,104.285,103.99,104.24,2401598
2019-03-07,1551969000,104.44,104.67,104.43,104.59,4822864
2019-03-08,1552055400,104.69,104.83,104.58,104.74,5211967
2019-03-11,1552311000,104.73,104.73,104.565,104.66,4654143
2019-03-12,1552397400,104.74,105,104.7,104.95,4942779
2019-03-13,1552483800,104.84,104.94,104.8,104.91,1714980
2019-03-14,1552570200,104.86,104.905,104.65,104.76,2514684
2019-03-15,1552656600,105.08,105.17,104.97,105.09,7844642
2019-03-18,1552915800,104.99,105.08,104.94,104.95,4166201
2019-03-19,1553002200,104.78,104.99,104.75,104.88,2138001
2019-03-20,1553088600,105.03,105.64,105.01,105.61,8061698
2019-03-21,1553175000,105.73,105.75,105.482,105.56,4633505
2019-03-22,1553261400,106.09,106.51,106.04,106.34,4721870
2019-03-25,1553520600,106.34,106.855,106.25,106.61,7829000
2019-03-26,1553607000,106.39,106.685,106.343,106.52,7483688
2019-03-27,1553693400,106.81,107.08,106.75,106.83,3555914
2019-03-28,1553779800,106.8,106.9067,106.655,106.84,3769846
2019-03-29,1553866200,106.47,106.68,106.435,106.67,2748915
2019-04-01,1554125400,106.1,106.125,105.68,105.72,9430394
2019-04-02,1554211800,105.82,105.92,105.761,105.9,7318597
2019-04-03,1554298200,105.57,105.685,105.515,105.57,5207253
2019-04-04,1554384600,105.615,105.72,105.55,105.68,2293705
2019-04-05,1554471000,105.6,105.8,105.585,105.73,1749909
2019-04-08,1554730200,105.71,105.755,105.555,105.56,3591492
2019-04-09,1554816600,105.82,105.88,105.72,105.75,3210636
2019-04-10,1554903000,105.92,106.07,105.905,106,2059767
2019-04-11,1554989400,105.83,105.865,105.72,105.76,1547544
2019-04-12,1555075800,105.39,105.45,105.27,105.27,6032092
2019-04-15,1555335000,105.29,105.42,105.29,105.41,2410736
2019-04-16,1555421400,105.19,105.245,105.03,105.05,5003641
2019-04-17,1555507800,105,105.175,105,105.07,2348848
2019-04-18,1555594200,105.33,105.455,105.29,105.32,4893179
2019-04-22,1555939800,105.26,105.27,105.12,105.17,3630010
2019-04-23,1556026200,105.32,105.39,105.2833,105.36,2462055
2019-04-24,1556112600,105.66,105.77,105.64,105.76,3266709
2019-04-25,1556199000,105.73,105.79,105.59,105.63,1457640
2019-04-26,1556285400,105.97,105.99,105.85,105.91,2156291
2019-04-29,1556544600,105.72,105.77,105.61,105.69,2715003
2019-04-30,1556631000,105.63,105.93,105.615,105.9,3621942
2019-05-01,1556717400,105.7,106.11,105.55,105.64,6870719
2019-05-02,1556803800,105.53,105.57,105.27,105.34,3126155
2019-05-03,1556890200,105.46,105.62,105.43,105.48,2625249
2019-05-06,1557149400,105.88,105.92,105.73,105.75,3370060
2019-05-07,1557235800,106.01,106.19,105.96,106.11,3965829
2019-05-08,1557322200,106.21,106.25,105.86,105.91,4226574
2019-05-09,1557408600,106.3,106.425,106.045,106.19,4224160
2019-05-10,1557495000,106.24,106.4179,106.05,106.12,2855374
2019-05-13,1557754200,106.57,106.735,106.52,106.65,5653357
2019-05-14,1557840600,106.57,106.615,106.44,106.55,2573186
2019-05-15,1557927000,106.94,106.9731,106.74,106.89,5512288
2019-05-16,1558013400,106.65,106.715,106.55,106.68,3898355
2019-05-17,1558099800,106.91,106.91,106.615,106.73,2128424
2019-05-20,1558359000,106.75,106.84,106.53,106.55,2439557
2019-05-21,1558445400,106.48,106.5164,106.34,106.43,2675307
2019-05-22,1558531800,106.6,106.8,106.57,106.75,3561928
2019-05-23,1558618200,107.01,107.56,107.01,107.4,6184489
2019-05-24,1558704600,107.33,107.37,107.23,107.37,2422769
2019-05-28,1559050200,107.62,107.84,107.5323,107.84,7038954
2019-05-29,1559136600,108.09,108.235,107.78,107.8,5251806
2019-05-30,1559223000,107.86,108.2401,107.72,108.19,3461100
2019-05-31,1559309400,108.56,108.95,108.49,108.91,6020621
2019-06-03,1559568600,108.88,109.335,108.765,109.22,23830907
2019-06-04,1559655000,108.76,108.99,108.595,108.82,5503215
2019-06-05,1559741400,108.96,109.125,108.76,108.82,7712307
2019-06-06,1559827800,108.91,109.1,108.725,108.8,2392398
2019-06-07,1559914200,109.4,109.42,109.14,109.23,2805926
2019-06-10,1560173400,108.86,108.88,108.675,108.685,6071237
2019-06-11,1560259800,108.62,108.768,108.575,108.685,2735811
2019-06-12,1560346200,108.77,108.99,108.76,108.97,2062847
2019-06-13,1560432600,109.07,109.33,109.045,109.24,1684700
2019-06-14,1560519000,109.16,109.3766,109.15,109.32,3880735
2019-06-17,1560778200,109.3,109.38,109.1732,109.3,3038808
2019-06-18,1560864600,109.75,109.8,109.4075,109.51,4564921
2019-06-19,1560951000,109.28,109.9,109.205,109.81,4541492
2019-06-20,1561037400,110.04,110.28,109.965,109.99,4575008
2019-06-21,1561123800,109.73,109.765,109.45,109.54,4305194
2019-06-24,1561383000,109.74,109.94,109.71,109.92,3046256
2019-06-25,1561469400,110.03,110.225,109.945,110.09,5251008
2019-06-26,1561555800,109.95,109.95,109.6,109.64,6674975
2019-06-27,1561642200,109.77,110.03,109.68,109.97,2538362
2019-06-28,1561728600,109.87,110.109,109.81,110.02,4341481
2019-07-01,1561987800,109.82,109.87,109.5,109.69,8191473
2019-07-02,1562074200,109.81,110.145,109.79,110.08,3117098
2019-07-03,1562160600,110.21,110.4,110.2,110.29,2607009
2019-07-05,1562333400,109.65,109.65,109.3423,109.59,3664100
2019-07-08,1562592600,109.75,109.815,109.48,109.48,3254286
2019-07-09,1562679000,109.49,109.5,109.34,109.41,2061782
2019-07-10,1562765400,109.51,109.62,109.34,109.47,4343742
2019-07-11,1562851800,109.33,109.398,108.88,108.93,4769826
2019-07-12,1562938200,108.92,109.165,108.89,109.05,4141939
2019-07-15,1563197400,109.14,109.28,109.0732,109.28,1753174
2019-07-16,1563283800,108.93,109.08,108.83,109.04,2766110
2019-07-17,1563370200,109.23,109.56,109.22,109.55,2624401
2019-07-18,1563456600,109.43,109.885,109.4,109.82,2386673
2019-07-19,1563543000,109.59,109.73,109.51,109.62,1728139
2019-07-22,1563802200,109.79,109.8,109.63,109.67,1629798
2019-07-23,1563888600,109.55,109.66,109.4237,109.49,2329832
2019-07-24,1563975000,109.64,109.7465,109.56,109.65,2268628
2019-07-25,1564061400,109.52,109.53,109.23,109.46,3172045
2019-07-26,1564147800,109.5,109.5084,109.3231,109.44,3004070
2019-07-29,1564407000,109.62,109.66,109.52,109.54,2505561
2019-07-30,1564493400,109.63,109.67,109.445,109.59,2514764
2019-07-31,1564579800,109.56,109.99,109.39,109.87,6669714
2019-08-01,1564666200,109.84,110.92,109.79,110.92,16938729
2019-08-02,1564752600,110.94,111.2,110.84,111.15,8503301
2019-08-05,1565011800,111.82,112.2,111.76,112.11,7626211
2019-08-06,1565098200,111.88,112.3,111.785,112.29,6462448
2019-08-07,1565184600,113.07,113.27,112.17,112.29,9665348
2019-08-08,1565271000,111.99,112.4077,111.66,112.3,5178767
2019-08-09,1565357400,112.38,112.6,112.06,112.13,2868961
2019-08-12,1565616600,112.54,112.9763,112.51,112.84,4739934
2019-08-13,1565703000,112.86,112.885,112.145,112.44,6005831
2019-08-14,1565789400,113.09,113.29,113,113.19,8124271
2019-08-15,1565875800,113.34,114.17,113.28,113.91,5240208
2019-08-16,1565962200,113.51,113.67,113.17,113.61,4976230
2019-08-19,1566221400,113.04,113.26,113.01,113.07,3693085
2019-08-20,1566307800,113.52,113.66,113.455,113.57,3161828
2019-08-21,1566394200,113.27,113.57,113.21,113.27,4921730
2019-08-22,1566480600,113.05,113.37,112.995,113.02,5860399
2019-08-23,1566567000,113.13,113.94,113.005,113.78,8222680
2019-08-26,1566826200,113.73,113.93,113.58,113.67,7581565
2019-08-27,1566912600,113.81,114.19,113.81,114.16,3267443
2019-08-28,1566999000,114.35,114.39,114.12,114.2,2505433
2019-08-29,1567085400,114.1,114.1,113.69,113.98,4232371
2019-08-30,1567171800,113.775,114.05,113.74,114.01,3651077
2019-09-03,1567517400,113.88,114.44,113.7,114.07,11753968
2019-09-04,1567603800,113.95,114.3,113.945,114.25,3447044
2019-09-05,1567690200,113.585,113.62,113.08,113.33,4597847
2019-09-06,1567776600,113.34,113.53,113.265,113.4,3111001
2019-09-09,1568035800,112.86,112.94,112.69,112.7,4818705
2019-09-10,1568122200,112.53,112.625,111.88,111.88,4797360
2019-09-11,1568208600,111.78,111.97,111.75,111.77,4736967
2019-09-12,1568295000,112.1,112.16,111.35,111.52,8612525
2019-09-13,1568381400,111.1,111.21,110.5,110.5,24188076
2019-09-16,1568640600,110.9,111.1,110.75,110.98,5388257
2019-09-17,1568727000,111.04,111.38,110.94,111.27,8255568
2019-09-18,1568813400,111.57,111.8,111.2,111.31,5209854
2019-09-19,1568899800,111.58,111.59,111.32,111.36,7148212
2019-09-20,1568986200,111.54,112.02,111.48,112,9915042
2019-09-23,1569245400,112.14,112.4799,112.055,112.16,13163943
2019-09-24,1569331800,112.22,112.815,112.21,112.72,10525344
2019-09-25,1569418200,112.59,112.69,111.9,111.98,8430899
2019-09-26,1569504600,112.25,112.43,112.155,112.22,4234168
2019-09-27,1569591000,112.23,112.49,112.19,112.38,4546123
2019-09-30,1569850200,112.21,112.51,112.1735,112.47,2806200
2019-10-01,1569936600,111.85,112.86,111.8077,112.61,8555112
2019-10-02,1570023000,112.73,113.1799,112.71,113,3909055
2019-10-03,1570109400,113.16,113.88,113.14,113.59,6128950
2019-10-04,1570195800,113.58,113.885,113.51,113.81,4707644
2019-10-07,1570455000,113.56,113.68,113.395,113.43,3193609
2019-10-08,1570541400,113.82,113.865,113.48,113.67,4305746
2019-10-09,1570627800,113.55,113.55,113.2,113.38,3337579
2019-10-10,1570714200,113.06,113.08,112.56,112.67,3924427
2019-10-11,1570800600,112.13,112.18,111.72,111.9,8685279
2019-10-14,1571059800,112.25,112.2856,112.16,112.21,1932167
2019-10-15,1571146200,112.16,112.24,111.64,111.67,6639548
2019-10-16,1571232600,111.84,112.02,111.75,111.89,2755766
2019-10-17,1571319000,111.8,112.085,111.72,111.85,3191143
2019-10-18,1571405400,111.92,112.12,111.8699,111.95,2406526
2019-10-21,1571664600,111.66,111.785,111.505,111.54,1735260
2019-10-22,1571751000,111.81,111.845,111.5,111.8,3334545
2019-10-23,1571837400,112.02,112.07,111.785,111.84,3305797
2019-10-24,1571923800,111.89,112.07,111.78,111.82,2654666
2019-10-25,1572010200,111.9,111.92,111.42,111.58,2387370
2019-10-28,1572269400,111.19,111.22,111.05,111.16,5838011
2019-10-29,1572355800,111.3,111.35,111.15,111.26,2200186
2019-10-30,1572442200,111.35,111.81,111.31,111.8,5452549
2019-10-31,1572528600,112.11,112.58,112.07,112.51,5594462
2019-11-01,1572615000,112.18,112.42,111.875,112.13,8159807
2019-11-04,1572877800,111.63,111.69,111.5,111.56,4147334
2019-11-05,1572964200,111.13,111.17,110.845,110.96,7068841
2019-11-06,1573050600,111.19,111.39,110.98,111.28,4129788
2019-11-07,1573137000,110.71,110.71,109.975,110.39,5890165
2019-11-08,1573223400,110.29,110.64,110.235,110.24,3042004
2019-11-11,1573482600,110.49,110.52,110.24,110.36,1569260
2019-11-12,1573569000,110.35,110.502,110.18,110.41,4446349
2019-11-13,1573655400,110.82,110.86,110.6334,110.71,2475151
2019-11-14,1573741800,111.19,111.4,111.14,111.27,3189644
2019-11-15,1573828200,111.09,111.29,111.08,111.18,2104540
2019-11-18,1574087400,111.36,111.49,111.33,111.37,2222406
2019-11-19,1574173800,111.39,111.62,111.39,111.58,8306976
2019-11-20,1574260200,111.8,112.02,111.715,111.99,3838072
2019-11-21,1574346600,111.72,111.825,111.57,111.71,3054910
2019-11-22,1574433000,111.77,111.805,111.6034,111.69,1879667
2019-11-25,1574692200,111.7,111.78,111.675,111.74,3573142
2019-11-26,1574778600,111.91,111.99,111.85,111.95,3579371
2019-11-27,1574865000,111.72,111.77,111.605,111.66,2351809
2019-11-29,1575037800,111.62,111.63,111.44,111.57,2882264
2019-12-02,1575297000,110.87,111.12,110.81,111.01,6826437
2019-12-03,1575383400,111.58,112.17,111.57,112,6562321
2019-12-04,1575469800,111.77,111.86,111.385,111.57,2072415
2019-12-05,1575556200,111.15,111.42,111.1364,111.31,3061985
2019-12-06,1575642600,110.88,111.19,110.8266,110.97,2717408
2019-12-09,1575901800,111.21,111.22,111.04,111.06,2304461
2019-12-10,1575988200,111.15,111.19,110.91,110.93,1707068
2019-12-11,1576074600,111.1,111.47,111.075,111.39,2462555
2019-12-12,1576161000,111.28,111.3,110.31,110.51,5490568
2019-12-13,1576247400,110.81,111.23,110.48,111.16,4162002
2019-12-16,1576506600,110.88,110.8836,110.57,110.64,3028541
2019-12-17,1576593000,110.77,110.8247,110.58,110.65,3471397
2019-12-18,1576679400,110.58,110.61,110.23,110.35,2249532
2019-12-19,1576765800,110.12,110.42,110.08,110.28,1962689
2019-12-20,1576852200,110.11,110.3,110.08,110.28,4660471
2019-12-23,1577111400,110.31,110.375,110.085,110.18,1809420
2019-12-24,1577197800,110.04,110.41,110.035,110.37,857562
2019-12-26,1577370600,110.41,110.53,110.27,110.53,1385096
2019-12-27,1577457000,110.62,110.73,110.62,110.69,1771062
2019-12-30,1577716200,110.31,110.62,110.235,110.62,2035351
2019-12-31,1577802600,110.44,110.49,110.21,110.22,2801670
2020-01-02,1577975400,110.69,110.95,110.63,110.73,4022281
2020-01-03,1578061800,111.15,111.49,111.04,111.47,3839615
2020-01-06,1578321000,111.66,111.67,111.26,111.35,2714330
2020-01-07,1578407400,111.33,111.43,111.19,111.19,2038875
2020-01-08,1578493800,111.29,111.415,110.79,110.93,5081221
2020-01-09,1578580200,110.68,111.04,110.63,111.01,3680578
2020-01-10,1578666600,111.09,111.315,111.09,111.25,2600035
2020-01-13,1578925800,111.11,111.14,110.9846,111.12,2672631
2020-01-14,1579012200,111.18,111.355,111.16,111.34,2376297
2020-01-15,1579098600,111.55,111.62,111.425,111.62,2734780
2020-01-16,1579185000,111.45,111.51,111.3,111.39,2200468
2020-01-17,1579271400,111.13,111.3,111.09,111.3,2627007
2020-01-21,1579617000,111.55,111.78,111.535,111.74,2355639
2020-01-22,1579703400,111.74,111.82,111.68,111.76,1787630
2020-01-23,1579789800,112.03,112.24,111.985,112.04,1891281
2020-01-24,1579876200,112.18,112.61,112.155,112.44,7932638
2020-01-27,1580135400,113.19,113.205,113.025,113.2,3824613
2020-01-28,1580221800,113.09,113.12,112.78,112.82,1923770
2020-01-29,1580308200,112.97,113.41,112.965,113.36,2429680
2020-01-30,1580394600,113.55,113.83,113.395,113.47,4405548
2020-01-31,1580481000,113.715,114.12,113.69,114.04,9764519
2020-02-03,1580740200,113.61,113.838,113.32,113.79,5722177
2020-02-04,1580826600,113.24,113.2538,112.96,113.13,2569656
2020-02-05,1580913000,112.71,112.8693,112.62,112.64,9027593
2020-02-06,1580999400,112.61,112.8,112.555,112.72,1697175
2020-02-07,1581085800,113.18,113.36,113.09,113.26,6177908
2020-02-10,1581345000,113.5,113.615,113.37,113.48,1909108
2020-02-11,1581431400,113.325,113.37,113.14,113.21,1657144
2020-02-12,1581517800,112.97,112.993,112.83,112.92,1473750
2020-02-13,1581604200,112.98,113.14,112.94,113.02,1868002
2020-02-14,1581690600,113.27,113.37,113.205,113.3,2043632
2020-02-18,1582036200,113.45,113.65,113.3479,113.48,8412898
2020-02-19,1582122600,113.36,113.51,113.3,113.46,1681788
2020-02-20,1582209000,113.63,113.942,113.615,113.79,3453027
2020-02-21,1582295400,114.09,114.53,114.08,114.25,5381018
2020-02-24,1582554600,115.2,115.29,115.02,115.14,6803649
2020-02-25,1582641000,115.11,115.71,115.0801,115.46,10014347
2020-02-26,1582727400,115.21,115.79,115.085,115.4,19649403
2020-02-27,1582813800,116.14,116.34,115.58,115.96,8630137
2020-02-28,1582900200,116.89,117.45,116.76,117.26,13437146
2020-03-02,1583159400,117.55,117.94,116.97,117.04,19402100
2020-03-03,1583245800,117.16,119.29,117.03,118.4,11462348
2020-03-04,1583332200,118.57,118.91,118.05,118.14,7627290
2020-03-05,1583418600,119,119.32,118.92,119.19,5284214
2020-03-06,1583505000,120.98,121.31,120.09,120.4,11614849
2020-03-09,1583760600,123.25,123.41,121.45,121.48,24791745
2020-03-10,1583847000,120.88,121.76,119.25,119.25,15073114
2020-03-11,1583933400,120.27,120.59,117.6,118.06,13316516
2020-03-12,1584019800,120.15,120.77,114.4,118.12,10671552
2020-03-13,1584106200,117.8,118.98,117.0106,117.35,8697570
2020-03-16,1584365400,120.03,120.68,119,120.45,6971755
2020-03-17,1584451800,119.91,120.29,117.42,117.43,5680276
2020-03-18,1584538200,116.6,117.799,115.34,115.8,13256508
2020-03-19,1584624600,116.14,117.63,115.92,116.18,6702952
2020-03-20,1584711000,117.64,119.88,117.41,119.14,9641930
2020-03-23,1584970200,119.45,121.06,119.45,120.55,12234746
2020-03-24,1585056600,119.52,119.97,119.26,119.73,5235484
2020-03-25,1585143000,119.76,120.26,119.4,119.8,5527552
2020-03-26,1585229400,120.19,120.5,119.91,120.09,3384495
2020-03-27,1585315800,120.81,121.39,120.675,120.98,5282367
2020-03-30,1585575000,121.79,122.09,121.18,121.26,4649568
2020-03-31,1585661400,121.45,121.81,121.31,121.48,6356537
2020-04-01,1585747800,122.13,122.26,121.73,121.83,9256441
2020-04-02,1585834200,122.17,122.22,121.6722,121.85,4789361
2020-04-03,1585920600,122.04,122.29,121.82,121.94,3441297
2020-04-06,1586179800,121.53,121.6,121.28,121.39,4697597
2020-04-07,1586266200,120.55,120.89,120.27,120.85,9340613
2020-04-08,1586352600,120.6,120.867,120.455,120.7,3341022
2020-04-09,1586439000,120.64,121.11,120.53,120.96,4543678
2020-04-13,1586784600,120.85,121.015,120.67,120.7,2103215
2020-04-14,1586871000,120.84,121.05,120.8,120.86,2180063
2020-04-15,1586957400,121.52,122.03,121.48,121.94,3137391
2020-04-16,1587043800,122.11,122.25,121.9902,122.07,1901687
2020-04-17,1587130200,121.97,122.3,121.64,121.75,2375086
2020-04-20,1587389400,121.98,122.08,121.793,122.07,4230725
2020-04-21,1587475800,122.57,122.69,122.3,122.41,3287659
2020-04-22,1587562200,122.13,122.245,121.805,122.03,3168690
2020-04-23,1587648600,121.97,122.1419,121.865,122.11,2346265
2020-04-24,1587735000,121.89,122.15,121.88,122.14,2373519
2020-04-27,1587994200,121.85,121.88,121.46,121.49,2508138
2020-04-28,1588080600,121.75,122.085,121.74,122.02,2847637
2020-04-29,1588167000,122.03,122.21,121.712,121.96,2600232
2020-04-30,1588253400,122.045,122.26,121.67,121.67,5371506
2020-05-01,1588339800,121.79,121.91,121.57,121.71,8357730
2020-05-04,1588599000,121.68,121.82,121.55,121.73,3580519
2020-05-05,1588685400,121.45,121.68,121.37,121.64,3487668
2020-05-06,1588771800,120.99,121.28,120.85,121.19,3279454
2020-05-07,1588858200,121.3,121.98,121.26,121.93,3252814
2020-05-08,1588944600,121.62,121.98,121.44,121.53,3486806
2020-05-11,1589203800,121.51,121.575,121.085,121.19,4569358
2020-05-12,1589290200,121.13,121.63,121.11,121.59,4267731
2020-05-13,1589376600,121.74,121.985,121.65,121.84,2615782
2020-05-14,1589463000,122.05,122.21,121.98,122.03,2257568
2020-05-15,1589549400,122.2,122.229,121.86,121.95,1828945
2020-05-18,1589808600,121.66,121.67,121.06,121.2,3091234
2020-05-19,1589895000,121.17,121.56,121.17,121.54,1941703
2020-05-20,1589981400,121.37,121.71,121.28,121.57,2366730
2020-05-21,1590067800,121.69,121.85,121.598,121.65,2063773
2020-05-22,1590154200,121.71,121.88,121.69,121.88,1352411
2020-05-26,1590499800,121.5,121.63,121.3914,121.56,3485014
2020-05-27,1590586200,121.49,121.84,121.48,121.66,2542851
2020-05-28,1590672600,121.44,121.61,121.3737,121.55,3873877
2020-05-29,1590759000,121.75,121.99,121.63,121.94,2993843
2020-06-01,1591018200,121.62,121.77,121.49,121.77,8531709
2020-06-02,1591104600,121.63,121.735,121.49,121.57,4711832
2020-06-03,1591191000,121.17,121.19,120.75,120.85,4226754
2020-06-04,1591277400,120.66,120.67,120.308,120.37,4744064
2020-06-05,1591363800,119.6,119.81,119.35,119.77,10611679
2020-06-08,1591623000,119.67,120.01,119.66,119.9,3314691
2020-06-09,1591709400,120.37,120.53,120.245,120.33,3238558
2020-06-10,1591795800,120.61,121.23,120.5528,121.23,4945029
2020-06-11,1591882200,121.68,121.85,121.59,121.66,6365781
2020-06-12,1591968600,121.44,121.66,121.327,121.39,3050997
2020-06-15,1592227800,121.66,121.74,121.29,121.29,2658046
2020-06-16,1592314200,120.84,121.27,120.73,121.04,5252003
2020-06-17,1592400600,121.16,121.27,120.97,121.23,2308253
2020-06-18,1592487000,121.51,121.555,121.415,121.5,1694622
2020-06-19,1592573400,121.23,121.61,121.23,121.54,2033246
2020-06-22,1592832600,121.66,121.71,121.365,121.43,2285080
2020-06-23,1592919000,121.31,121.43,121.24,121.39,2010572
2020-06-24,1593005400,121.29,121.66,121.29,121.62,2310651
2020-06-25,1593091800,121.8,121.83,121.6109,121.64,1650931
2020-06-26,1593178200,121.8,122.07,121.775,121.97,3413933
2020-06-29,1593437400,121.93,122.14,121.92,122.09,28632379
2020-06-30,1593523800,122.145,122.19,121.7908,121.87,4126714
2020-07-01,1593610200,121.53,121.655,121.35,121.57,8416463
2020-07-02,1593696600,121.44,121.74,121.35,121.72,3054157
2020-07-06,1594042200,121.41,121.555,121.29,121.54,2821900
2020-07-07,1594128600,121.63,121.94,121.57,121.93,2920494
2020-07-08,1594215000,121.72,121.87,121.61,121.74,2096696
2020-07-09,1594301400,121.77,122.239,121.76,122.15,2769375
2020-07-10,1594387800,122.25,122.29,121.85,121.89,1938964
2020-07-13,1594647000,121.71,122.04,121.675,122.02,2051104
2020-07-14,1594733400,122.18,122.23,121.99,122.01,1721841
2020-07-15,1594819800,121.83,122.09,121.815,121.97,2085375
2020-07-16,1594906200,122.16,122.245,122.06,122.06,1907115
2020-07-17,1594992600,122.12,122.15,121.97,122.03,2405230
2020-07-20,1595251800,122.2,122.22,122.0179,122.11,2695915
2020-07-21,1595338200,122.16,122.28,122.12,122.24,3228374
2020-07-22,1595424600,122.39,122.39,122.2358,122.28,2431512
2020-07-23,1595511000,122.43,122.45,122.29,122.4,2006539
2020-07-24,1595597400,122.3,122.43,122.273,122.34,3395588
2020-07-27,1595856600,122.44,122.4579,122.12,122.15,1976555
2020-07-28,1595943000,122.3,122.47,122.26,122.44,1870313
2020-07-29,1596029400,122.45,122.6,122.31,122.6,1874214
2020-07-30,1596115800,122.75,122.78,122.67,122.765,28331985
2020-07-31,1596202200,122.64,122.89,122.585,122.8,4039242
2020-08-03,1596461400,122.52,122.65,122.46,122.64,6596161
2020-08-04,1596547800,122.83,123.09,122.79,123.06,3841988
2020-08-05,1596634200,122.75,122.78,122.61,122.65,2423684
2020-08-06,1596720600,122.89,123.06,122.73,122.79,2286565
2020-08-07,1596807000,122.83,122.9,122.49,122.53,2363363
2020-08-10,1597066200,122.7,122.72,122.4,122.4,1994937
2020-08-11,1597152600,121.96,122.04,121.69,121.98,7166529
2020-08-12,1597239000,121.65,121.76,121.465,121.62,5538087
2020-08-13,1597325400,121.6,121.705,121.25,121.37,5748364
2020-08-14,1597411800,121.48,121.59,121.42,121.43,2722804
2020-08-17,1597671000,121.69,121.83,121.6,121.63,3357748
2020-08-18,1597757400,121.76,121.915,121.685,121.84,1853657
2020-08-19,1597843800,121.9,121.97,121.65,121.68,4493782
2020-08-20,1597930200,122.05,122.08,121.945,122.03,2880331
2020-08-21,1598016600,122.11,122.1484,121.92,122.12,2103655
2020-08-24,1598275800,122.09,122.21,121.93,121.95,1974858
2020-08-25,1598362200,121.555,121.72,121.39,121.655,3562796
2020-08-26,1598448600,121.54,121.67,121.38,121.61,3337406
2020-08-27,1598535000,121.87,121.87,121.18,121.18,4672917
2020-08-28,1598621400,121.41,121.53,121.26,121.38,2277244
2020-08-31,1598880600,121.4,121.71,121.38,121.51,3273267
2020-09-01,1598967000,121.4,121.82,121.3,121.82,4623121
2020-09-02,1599053400,121.72,122.04,121.7,121.99,3013408
2020-09-03,1599139800,122.08,122.39,122.02,122.15,5750484
2020-09-04,1599226200,121.83,121.92,121.38,121.47,7512838
2020-09-08,1599571800,121.74,121.92,121.7,121.73,3442807
2020-09-09,1599658200,121.76,121.83,121.54,121.67,3964260
2020-09-10,1599744600,121.51,121.84,121.435,121.82,3164227
2020-09-11,1599831000,121.88,122.01,121.835,122.01,4905064
2020-09-14,1600090200,122.02,122.0966,121.83,121.9,1797058
2020-09-15,1600176600,121.83,121.9,121.76,121.84,2897554
2020-09-16,1600263000,122,122,121.66,121.77,4015681
2020-09-17,1600349400,122.05,122.05,121.77,121.805,3426757
2020-09-18,1600435800,121.85,121.88,121.7,121.7,5606923
2020-09-21,1600695000,122.01,122.145,121.895,121.92,5838125
2020-09-22,1600781400,121.92,122.03,121.88,121.92,3387887
2020-09-23,1600867800,121.92,121.955,121.76,121.92,3172041
2020-09-24,1600954200,121.97,122.02,121.91,121.98,2866854
2020-09-25,1601040600,122.06,122.12,122,122.08,2187387
2020-09-28,1601299800,122.04,122.075,121.995,122.06,4167167
2020-09-29,1601386200,122.13,122.22,122.093,122.15,2577127
2020-09-30,1601472600,122.03,122.03,121.66,121.82,4276361
2020-10-01,1601559000,121.53,121.8989,121.43,121.81,8733786
2020-10-02,1601645400,121.91,121.93,121.595,121.685,7509877
2020-10-05,1601904600,121.35,121.36,120.92,120.92,6132188
2020-10-06,1601991000,120.945,121.4,120.87,121.2,8516442
2020-10-07,1602077400,120.97,121.1,120.78,120.85,7116752
2020-10-08,1602163800,120.99,121.09,120.94,121.07,3499030
2020-10-09,1602250200,120.97,121.13,120.78,121.01,4358483
2020-10-12,1602509400,121.06,121.14,120.99,121.14,3287885
2020-10-13,1602595800,121.27,121.43,121.27,121.41,6346629
2020-10-14,1602682200,121.48,121.55,121.4,121.45,5202303
2020-10-15,1602768600,121.575,121.6,121.29,121.32,3839185
2020-10-16,1602855000,121.315,121.46,121.21,121.25,2726171
2020-10-19,1603114200,121.02,121.13,120.9,121.05,3635834
2020-10-20,1603200600,120.9,120.98,120.75,120.79,6129693
2020-10-21,1603287000,120.64,120.76,120.56,120.63,6425296
2020-10-22,1603373400,120.525,120.57,120.2,120.21,6748978
2020-10-23,1603459800,120.19,120.49,120.18,120.38,5049865
2020-10-26,1603719000,120.64,120.8301,120.59,120.7,4817785
2020-10-27,1603805400,120.87,121.01,120.82,120.97,3620054
2020-10-28,1603891800,121.15,121.18,120.88,120.96,5586552
2020-10-29,1603978200,120.92,120.94,120.37,120.45,7505127
2020-10-30,1604064600,120.4,120.45,120.06,120.06,7247160
2020-11-02,1604327400,120.34,120.42,120.13,120.19,7674317
2020-11-03,1604413800,120.01,120.03,119.825,119.92,8040549
2020-11-04,1604500200,120.93,121.06,120.775,120.93,14922303
2020-11-05,1604586600,120.98,121.0183,120.77,120.91,6250703
2020-11-06,1604673000,120.53,120.59,120.362,120.5,10402195
2020-11-09,1604932200,119.59,119.63,119.19,119.61,11195824
2020-11-10,1605018600,119.22,119.5,119.2052,119.27,4810487
2020-11-11,1605105000,119.28,119.51,119.26,119.46,1699858
2020-11-12,1605191400,119.82,120.15,119.78,120.14,6323952
2020-11-13,1605277800,120.09,120.13,119.96,119.98,6766022
2020-11-16,1605537000,119.9,119.995,119.88,119.89,3911408
2020-11-17,1605623400,120.12,120.245,120.093,120.2,4707856
2020-11-18,1605709800,120.28,120.28,119.9898,120.16,7931213
2020-11-19,1605796200,120.29,120.41,120.25,120.29,9323009
2020-11-20,1605882600,120.35,120.52,120.33,120.5,16772166
2020-11-23,1606141800,120.34,120.36,120.2007,120.26,2511919
2020-11-24,1606228200,120.17,120.185,120.005,120.07,4349418
2020-11-25,1606314600,120.16,120.325,120.1,120.11,2125740
2020-11-27,1606487400,120.305,120.47,120.3,120.47,2988074
2020-11-30,1606746600,120.42,120.51,120.3501,120.39,2390943
2020-12-01,1606833000,119.97,120.0089,119.53,119.67,13902251
2020-12-02,1606919400,119.56,119.58,119.295,119.47,5578528
2020-12-03,1607005800,119.65,119.9,119.6,119.79,4484897
2020-12-04,1607092200,119.41,119.44,119.2,119.32,4709144
2020-12-07,1607351400,119.61,119.7587,119.59,119.69,4345415
2020-12-08,1607437800,119.91,120.035,119.8,119.81,4735809
2020-12-09,1607524200,119.59,119.77,119.465,119.64,3444104
2020-12-10,1607610600,119.74,119.95,119.64,119.91,3557613
2020-12-11,1607697000,120.08,120.27,120.05,120.15,4336658
2020-12-14,1607956200,119.84,120.155,119.78,120.08,2870627
2020-12-15,1608042600,119.93,120.025,119.835,119.96,2889166
2020-12-16,1608129000,119.69,119.995,119.64,119.86,5058448
2020-12-17,1608215400,119.99,120.0712,119.6189,119.7,3233158
2020-12-18,1608301800,119.79,119.85,119.58,119.6,3189453
2020-12-21,1608561000,119.79,119.83,119.58,119.68,2850543
2020-12-22,1608647400,119.83,119.8989,119.71,119.88,3931860
2020-12-23,1608733800,119.65,119.66,119.42,119.63,3047122
2020-12-24,1608820200,119.74,119.8,119.71,119.8,1529337
2020-12-28,1609165800,119.6078,119.81,119.537,119.81,3677496
2020-12-29,1609252200,119.64,119.8264,119.635,119.79,2157281
2020-12-30,1609338600,119.74,119.87,119.73,119.87,2549055
2020-12-31,1609425000,119.85,120,119.845,119.95,2626214
2021-01-04,1609770600,119.68,120.06,119.645,119.98,5498999
2021-01-05,1609857000,119.87,119.89,119.58,119.7,5004393
2021-01-06,1609943400,119.12,119.12,118.7712,119,10039301
2021-01-07,1610029800,118.5764,118.655,118.4755,118.58,7751650
2021-01-08,1610116200,118.35,118.43,118.13,118.24,8378652
2021-01-11,1610375400,118.15,118.155,117.985,118.01,6142879
2021-01-12,1610461800,117.765,118.0436,117.57,117.99,6516782
2021-01-13,1610548200,118.1669,118.545,118.14,118.4,7562855
2021-01-14,1610634600,118.39,118.47,118.03,118.13,7731084
2021-01-15,1610721000,118.38,118.53,118.21,118.45,5978356
2021-01-19,1611066600,118.28,118.52,118.23,118.52,4035753
2021-01-20,1611153000,118.39,118.57,118.36,118.57,4277708
2021-01-21,1611239400,118.37,118.48,118.3,118.4,4254502
2021-01-22,1611325800,118.5,118.595,118.435,118.58,4706189
2021-01-25,1611585000,118.75,119.06,118.71,119.06,5689167
2021-01-26,1611671400,118.94,119.06,118.92,119.02,4257174
2021-01-27,1611757800,119.22,119.34,119.12,119.16,5764713
2021-01-28,1611844200,119,119.01,118.715,118.85,5394284
2021-01-29,1611930600,118.505,118.79,118.47,118.64,7952081
2021-02-01,1612189800,118.57,118.77,118.53,118.71,3640712
2021-02-02,1612276200,118.34,118.46,118.3,118.41,3609871
2021-02-03,1612362600,118.25,118.31,118.1,118.12,3844215
2021-02-04,1612449000,117.98,118.13,117.89,118.08,2146031
2021-02-05,1612535400,118.05,118.1753,117.83,117.83,5498036
2021-02-08,1612794600,117.81,118.04,117.735,117.88,2861325
2021-02-09,1612881000,118.01,118.13,117.92,117.97,4458483
2021-02-10,1612967400,118.1,118.27,118.085,118.27,6726802
2021-02-11,1613053800,118.27,118.3089,118.125,118.18,5949889
2021-02-12,1613140200,117.89,118.02,117.7541,117.79,8802378
2021-02-16,1613485800,117.265,117.38,116.86,116.94,8909021
2021-02-17,1613572200,117.02,117.1681,116.88,117.02,4789709
2021-02-18,1613658600,116.83,117.1001,116.74,117.01,4469927
2021-02-19,1613745000,116.66,116.77,116.37,116.54,5851819
2021-02-22,1614004200,116.45,116.67,116.26,116.35,3828028
2021-02-23,1614090600,116.27,116.58,116.17,116.44,7344886
2021-02-24,1614177000,115.86,116.34,115.79,116.28,7133845
2021-02-25,1614263400,115.61,115.72,114.1,114.73,35760892
2021-02-26,1614349800,115.14,115.81,114.71,115.76,28188447
2021-03-01,1614609000,115.47,115.69,115.25,115.56,9616518
2021-03-02,1614695400,115.46,115.78,115.41,115.77,6270980
2021-03-03,1614781800,115.22,115.24,114.93,115.15,8377310
2021-03-04,1614868200,115.14,115.27,114.41,114.58,12327872
2021-03-05,1614954600,114.12,114.57,114.0214,114.42,8634646
2021-03-08,1615213800,114.15,114.175,113.93,113.97,7416384
2021-03-09,1615300200,114.47,114.605,114.29,114.51,7035036
2021-03-10,1615386600,114.51,114.8565,114.45,114.75,5683125
2021-03-11,1615473000,114.74,114.87,114.54,114.71,7576486
2021-03-12,1615559400,113.9814,113.99,113.76,113.88,7332703
2021-03-15,1615815000,113.95,114.13,113.9219,114.02,4465502
2021-03-16,1615901400,114.15,114.235,113.87,114,5479507
2021-03-17,1615987800,113.57,114.05,113.36,113.81,8975911
2021-03-18,1616074200,112.9,113.23,112.7899,113.1,8281398
2021-03-19,1616160600,112.86,113.2,112.83,113.03,8748137
2021-03-22,1616419800,113.32,113.46,113.23,113.4,4679826
2021-03-23,1616506200,113.65,113.98,113.568,113.96,7544012
2021-03-24,1616592600,113.73,114.125,113.7,114.11,14634872
2021-03-25,1616679000,114.17,114.24,113.79,113.96,10573821
2021-03-26,1616765400,113.65,113.885,113.565,113.58,6409729
2021-03-29,1617024600,113.68,113.69,113.09,113.19,6298024
2021-03-30,1617111000,112.88,113.16,112.78,113.09,5784914
2021-03-31,1617197400,113.06,113.185,112.79,112.93,8619995
2021-04-01,1617283800,113.21,113.42,113.13,113.36,8535311
2021-04-05,1617629400,112.97,113.129,112.8,113.04,9944534
2021-04-06,1617715800,113.28,113.61,113.24,113.59,8765168
2021-04-07,1617802200,113.565,113.795,113.48,113.52,6316843
2021-04-08,1617888600,113.72,113.92,113.7,113.91,6334848
2021-04-09,1617975000,113.54,113.815,113.44,113.61,5887437
2021-04-12,1618234200,113.52,113.57,113.42,113.54,5465972
2021-04-13,1618320600,113.57,114.01,113.54,114.01,7663913
2021-04-14,1618407000,113.82,113.91,113.72,113.87,4876940
2021-04-15,1618493400,114.23,114.765,114.225,114.6,9958454
2021-04-16,1618579800,114.26,114.465,114.23,114.29,7334909
2021-04-19,1618839000,114.1,114.36,114.04,114.17,5738590
2021-04-20,1618925400,114.14,114.59,114.14,114.51,6468328
2021-04-21,1619011800,114.5,114.625,114.34,114.57,7976519
2021-04-22,1619098200,114.56,114.687,114.285,114.66,7681357
2021-04-23,1619184600,114.64,114.65,114.33,114.51,5510142
2021-04-26,1619443800,114.46,114.55,114.39,114.39,7145282
2021-04-27,1619530200,114.23,114.33,113.935,113.94,7720506
2021-04-28,1619616600,113.95,114.11,113.66,114.09,8692915
2021-04-29,1619703000,113.55,113.9,113.4434,113.89,5547845
2021-04-30,1619789400,113.94,114.03,113.77,113.99,5160017
2021-05-03,1620048600,113.96,114.35,113.92,114.11,8593296
2021-05-04,1620135000,114.34,114.56,114.2,114.26,11171036
2021-05-05,1620221400,114.1423,114.43,114.1423,114.4,6810046
2021-05-06,1620307800,114.32,114.5784,114.3,114.45,6546203
2021-05-07,1620394200,114.72,114.9499,114.39,114.49,10657714
2021-05-10,1620653400,114.535,114.63,114.21,114.26,5906790
2021-05-11,1620739800,114.09,114.165,114.02,114.07,6591325
2021-05-12,1620826200,113.65,113.73,113.47,113.52,14510084
2021-05-13,1620912600,113.6571,113.94,113.59,113.9,8242729
2021-05-14,1620999000,114.07,114.19,113.95,114.15,7943181
2021-05-17,1621258200,114.07,114.12,113.99,114.04,6711083
2021-05-18,1621344600,114.03,114.09,113.92,114.04,4319572
2021-05-19,1621431000,114.02,114.25,113.595,113.7,13156479
2021-05-20,1621517400,113.9,114.18,113.87,114.17,8412730
2021-05-21,1621603800,114.28,114.31,114.08,114.21,6648700
2021-05-24,1621863000,114.27,114.43,114.215,114.32,4825983
2021-05-25,1621949400,114.44,114.76,114.44,114.74,5748228
2021-05-26,1622035800,114.66,114.81,114.56,114.61,4501561
2021-05-27,1622122200,114.36,114.41,114.2,114.41,5998122
2021-05-28,1622208600,114.36,114.64,114.36,114.4,5575688
2021-06-01,1622554200,114.1934,114.32,114.0471,114.3,9498089
2021-06-02,1622640600,114.42,114.51,114.37,114.43,4269904
2021-06-03,1622727000,114.33,114.33,114.09,114.14,3591204
2021-06-04,1622813400,114.43,114.78,114.41,114.77,6326118
2021-06-07,1623072600,114.63,114.72,114.6,114.68,3068480
2021-06-08,1623159000,115.04,115.0699,114.96,115.01,4760524
2021-06-09,1623245400,115.42,115.55,115.215,115.37,5679344
2021-06-10,1623331800,115.12,115.79,115.07,115.78,6494799
2021-06-11,1623418200,115.7,115.72,115.505,115.61,3914239
2021-06-14,1623677400,115.49,115.5,115.195,115.25,3730876
2021-06-15,1623763800,115.19,115.29,115.13,115.27,4212729
2021-06-16,1623850200,115.32,115.38,114.31,114.48,13529115
2021-06-17,1623936600,114.66,115.26,114.58,114.89,8838138
2021-06-18,1624023000,115.04,115.58,114.81,115.54,13434961
2021-06-21,1624282200,115.26,115.35,115.075,115.17,6460007
2021-06-22,1624368600,115.04,115.41,115.01,115.38,5459704
2021-06-23,1624455000,115.25,115.37,115.095,115.15,5429843
2021-06-24,1624541400,115.15,115.28,115.08,115.13,3631724
2021-06-25,1624627800,115.21,115.245,114.69,114.89,6716861
2021-06-28,1624887000,115.11,115.36,115.1,115.25,4968856
2021-06-29,1624973400,115.1,115.32,115.09,115.31,3373184
2021-06-30,1625059800,115.48,115.66,115.46,115.49,6572875
2021-07-01,1625146200,115.38,115.45,115.17,115.33,11966217
2021-07-02,1625232600,115.47,115.75,115.44,115.75,5071881
2021-07-06,1625578200,115.89,116.44,115.885,116.36,9095292
2021-07-07,1625664600,116.58,116.91,116.47,116.7,7456447
2021-07-08,1625751000,116.915,117.19,116.82,117,7367979
2021-07-09,1625837400,116.52,116.54,116.395,116.41,5531190
2021-07-12,1626096600,116.51,116.56,116.2599,116.35,3867702
2021-07-13,1626183000,116.41,116.53,115.89,115.99,6926475
2021-07-14,1626269400,116.305,116.52,116.21,116.49,6029153
2021-07-15,1626355800,116.79,117.04,116.53,116.98,5704529
2021-07-16,1626442200,116.67,116.98,116.66,116.96,3577861
2021-07-19,1626701400,117.74,118.11,117.68,117.96,20557530
2021-07-20,1626787800,118.47,118.52,117.71,117.81,8728991
2021-07-21,1626874200,117.33,117.41,117.02,117.13,7438310
2021-07-22,1626960600,117.13,117.64,117.12,117.4,6363507
2021-07-23,1627047000,116.98,117.25,116.97,117.22,6804597
2021-07-26,1627306200,117.4,117.4181,117.12,117.14,6179619
2021-07-27,1627392600,117.62,117.71,117.51,117.64,8621186
2021-07-28,1627479000,117.42,117.75,117.255,117.74,11533484
2021-07-29,1627565400,117.31,117.53,117.28,117.38,6203823
2021-07-30,1627651800,117.58,117.78,117.57,117.71,5656386
2021-08-02,1627911000,117.82,118.38,117.71,118.15,19495776
2021-08-03,1627997400,118.18,118.365,118.12,118.18,6627309
2021-08-04,1628083800,118.53,118.63,117.78,118.15,7545049
2021-08-05,1628170200,117.9,117.96,117.64,117.72,5164636
2021-08-06,1628256600,117.14,117.25,117,117.03,7807589
2021-08-09,1628515800,117.198,117.31,116.78,116.78,10842533
2021-08-10,1628602200,116.87,116.88,116.55,116.56,7192420
2021-08-11,1628688600,116.64,116.99,116.44,116.69,7254257
2021-08-12,1628775000,116.57,116.6954,116.43,116.57,6932215
2021-08-13,1628861400,116.745,117.24,116.73,117.24,6896465
2021-08-16,1629120600,117.55,117.82,117.5,117.5,6928097
2021-08-17,1629207000,117.48,117.7,117.415,117.44,7785495
2021-08-18,1629293400,117.385,117.49,117.13,117.38,7025808
2021-08-19,1629379800,117.63,117.7166,117.53,117.64,6242714
2021-08-20,1629466200,117.64,117.705,117.41,117.53,6510301
2021-08-23,1629725400,117.5,117.575,117.4,117.56,3958480
2021-08-24,1629811800,117.41,117.51,117.205,117.24,3649651
2021-08-25,1629898200,117.2,117.24,116.72,116.78,5874659
2021-08-26,1629984600,116.72,116.83,116.59,116.78,6850643
2021-08-27,1630071000,116.78,117.16,116.63,117.16,6360684
2021-08-30,1630330200,117.14,117.4,117.1041,117.39,6546248
2021-08-31,1630416600,117.33,117.49,117.12,117.17,7418428
2021-09-01,1630503000,117.245,117.29,117.04,117.14,11908628
2021-09-02,1630589400,117.27,117.28,117.14,117.28,2976276
2021-09-03,1630675800,117.01,117.05,116.875,117,4988870
2021-09-07,1631021400,116.59,116.68,116.435,116.54,7098564
2021-09-08,1631107800,116.7,116.94,116.63,116.86,6046209
2021-09-09,1631194200,116.91,117.32,116.81,117.19,7009653
2021-09-10,1631280600,116.93,117.03,116.71,116.82,8147133
2021-09-13,1631539800,116.93,117.06,116.905,116.96,4269332
2021-09-14,1631626200,117.16,117.52,117.1,117.4,6991031
2021-09-15,1631712600,117.33,117.35,117.0033,117.2,5108919
2021-09-16,1631799000,116.785,117.01,116.68,116.83,5682695
2021-09-17,1631885400,116.535,116.57,116.38,116.49,7611738
2021-09-20,1632144600,116.91,117.21,116.82,117.08,8781617
2021-09-21,1632231000,117.115,117.15,116.94,117.01,4867948
2021-09-22,1632317400,117.01,117.22,116.79,117.12,10966436
2021-09-23,1632403800,116.58,116.61,116.06,116.06,10650128
2021-09-24,1632490200,115.9,115.91,115.64,115.71,10528001
2021-09-27,1632749400,115.4,115.6,115.37,115.4,6742092
2021-09-28,1632835800,114.98,115.2181,114.725,114.96,10295459
2021-09-29,1632922200,115.2,115.355,114.865,115.08,8363964
2021-09-30,1633008600,114.97,115.26,114.92,115.22,7307937
2021-10-01,1633095000,115.355,115.66,115.26,115.61,19830112
2021-10-04,1633354200,115.41,115.665,115.26,115.47,7691837
2021-10-05,1633440600,115.29,115.32,114.99,115.11,6861931
2021-10-06,1633527000,115.15,115.26,115.05,115.14,7473541
2021-10-07,1633613400,114.875,114.91,114.67,114.68,8160204
2021-10-08,1633699800,114.62,114.62,114.3,114.43,9455115
2021-10-11,1633959000,114.23,114.32,114.13,114.15,2261278
2021-10-12,1634045400,114.35,114.71,114.28,114.67,7938421
2021-10-13,1634131800,114.74,115.05,114.68,114.89,11662372
2021-10-14,1634218200,115.02,115.205,114.895,115.16,9518151
2021-10-15,1634304600,114.74,114.77,114.53,114.59,8689690
2021-10-18,1634563800,114.25,114.52,114.07,114.43,8703263
2021-10-19,1634650200,114.27,114.315,114,114.02,7445439
2021-10-20,1634736600,114.02,114.21,113.94,113.97,6229997
2021-10-21,1634823000,113.9,113.95,113.63,113.67,7104090
2021-10-22,1634909400,113.78,114.05,113.67,113.96,10204559
2021-10-25,1635168600,113.98,114.22,113.98,114.1,4835094
2021-10-26,1635255000,114.12,114.24,113.9,114.24,5603077
2021-10-27,1635341400,114.64,115.06,114.32,114.88,16140262
2021-10-28,1635427800,114.76,114.91,114.46,114.58,9940418
2021-10-29,1635514200,114.27,114.86,114.19,114.63,11254318
2021-11-01,1635773400,114.22,114.63,114.19,114.54,14479007
2021-11-02,1635859800,114.67,114.96,114.66,114.82,12191079
2021-11-03,1635946200,114.84,114.88,114.27,114.46,17031092
2021-11-04,1636032600,114.66,115.17,114.66,115.08,12665429
2021-11-05,1636119000,115.335,115.81,115.22,115.71,12955126
2021-11-08,1636381800,115.52,115.52,115.16,115.21,7404312
2021-11-09,1636468200,115.695,115.98,115.65,115.74,12345442
2021-11-10,1636554600,115.54,115.57,114.54,114.75,19425106
2021-11-11,1636641000,114.75,114.8,114.38,114.38,3746050
2021-11-12,1636727400,114.8,114.94,114.52,114.62,10613441
2021-11-15,1636986600,114.55,114.5786,114.13,114.17,8021394
2021-11-16,1637073000,114.18,114.4,114.05,114.07,6573729
2021-11-17,1637159400,114.07,114.49,114.05,114.48,10006203
2021-11-18,1637245800,114.31,114.58,114.29,114.55,10183373
2021-11-19,1637332200,114.92,115.11,114.79,114.86,10731615
2021-11-22,1637591400,114.33,114.435,113.945,114.02,10876186
2021-11-23,1637677800,113.82,113.88,113.55,113.55,11543695
2021-11-24,1637764200,113.57,113.92,113.5,113.9,8322907
2021-11-26,1637937000,114.98,115.39,114.92,115.37,13878532
2021-11-29,1638196200,114.692,115.195,114.66,115.11,13908211
2021-11-30,1638282600,115.82,116.145,115.22,115.8,19416785
2021-12-01,1638369000,115.298,115.93,115.155,115.93,24991559
2021-12-02,1638455400,115.9,115.95,115.41,115.68,11448862
2021-12-03,1638541800,115.49,116.64,115.39,116.36,19790959
2021-12-06,1638801000,116.19,116.28,115.65,115.78,9863270
2021-12-07,1638887400,115.46,115.7,115.255,115.34,7678396
2021-12-08,1638973800,115.17,115.2,114.815,114.97,11126597
2021-12-09,1639060200,115.25,115.44,115.1,115.26,9198395
2021-12-10,1639146600,115.44,115.655,115.28,115.34,5051553
2021-12-13,1639405800,115.63,115.985,115.61,115.89,5706947
2021-12-14,1639492200,115.65,115.805,115.4305,115.69,4749517
2021-12-15,1639578600,115.41,115.73,115.28,115.52,8428019
2021-12-16,1639665000,115.58,115.905,115.5584,115.75,9085402
2021-12-17,1639751400,116.12,116.335,115.94,116.01,7933070
2021-12-20,1640010600,116.2,116.35,115.88,115.91,13772094
2021-12-21,1640097000,115.49,115.54,115.23,115.45,7672779
2021-12-22,1640183400,115.63,115.64,115.335,115.56,5538181
2021-12-23,1640269800,115.48,115.49,115.18,115.32,7209701
2021-12-27,1640615400,115.28,115.42,115.25,115.36,3472284
2021-12-28,1640701800,115.55,115.58,115.28,115.34,8314510
2021-12-29,1640788200,114.97,115.07,114.665,114.75,11879908
2021-12-30,1640874600,114.98,115.14,114.79,115.13,10296001
2021-12-31,1640961000,115.16,115.31,115,115,7584498
2022-01-03,1641220200,114.37,114.41,113.93,113.93,27744658
2022-01-04,1641306600,113.67,113.89,113.58,113.87,15911819
2022-01-05,1641393000,113.89,113.9,113.31,113.39,13715713
2022-01-06,1641479400,113.13,113.2078,112.98,113.11,10957421
2022-01-07,1641565800,112.96,113,112.47,112.74,13318194
2022-01-10,1641825000,112.45,112.75,112.38,112.71,8430717
2022-01-11,1641911400,112.66,112.99,112.5601,112.98,8086509
2022-01-12,1641997800,113.17,113.43,112.98,113,7996516
2022-01-13,1642084200,113.07,113.4,112.975,113.36,8431067
2022-01-14,1642170600,113.07,113.09,112.545,112.58,10595678
2022-01-18,1642516200,112.1,112.195,111.69,111.73,11594141
2022-01-19,1642602600,111.91,112.2152,111.8448,112,10349728
2022-01-20,1642689000,112.175,112.24,112.03,112.24,8297375
2022-01-21,1642775400,112.87,113.05,112.65,112.89,13250059
2022-01-24,1643034600,113.24,113.285,112.77,112.79,22377388
2022-01-25,1643121000,112.89,113.085,112.5737,112.64,13533984
2022-01-26,1643207400,112.66,112.7614,111.84,111.84,12694733
2022-01-27,1643293800,112.11,112.52,112.09,112.31,11609494
2022-01-28,1643380200,112.15,112.66,112.12,112.57,6713486
2022-01-31,1643639400,112.36,112.65,112.29,112.57,8258562
2022-02-01,1643725800,112.5,112.54,112.13,112.31,16338723
2022-02-02,1643812200,112.4,112.813,112.4,112.54,5997130
2022-02-03,1643898600,112.04,112.16,111.92,112.06,8032554
2022-02-04,1643985000,111.42,111.45,111.09,111.2,8616554
2022-02-07,1644244200,111.23,111.345,111.09,111.23,10294742
2022-02-08,1644330600,110.93,110.99,110.81,110.87,8111521
2022-02-09,1644417000,111.13,111.37,110.98,111.02,10113533
2022-02-10,1644503400,110.612,110.68,109.96,110,16633869
2022-02-11,1644589800,110.47,111.23,109.92,111.14,18315575
2022-02-14,1644849000,110.54,110.83,110.2099,110.37,11090025
2022-02-15,1644935400,110.05,110.2363,109.96,110.04,8490464
2022-02-16,1645021800,110.32,110.344,109.94,110.27,9007650
2022-02-17,1645108200,110.53,110.9,110.52,110.86,8749505
2022-02-18,1645194600,111.04,111.23,110.965,111.22,8486765
2022-02-22,1645540200,110.97,111.22,110.84,111.21,8392502
2022-02-23,1645626600,110.8,110.9,110.51,110.63,7941866
2022-02-24,1645713000,111.52,111.545,110.73,110.89,19162076
2022-02-25,1645799400,110.72,110.88,110.48,110.86,8101899
2022-02-28,1646058600,111.62,112.14,111.58,112.12,12291797
2022-03-01,1646145000,112.6,113.485,112.55,113.11,28285721
2022-03-02,1646231400,112.46,112.56,111.39,111.41,12303859
2022-03-03,1646317800,111.685,112.1,111.49,111.89,12247433
2022-03-04,1646404200,112.88,113.3,112.765,113,20102298
2022-03-07,1646663400,112.465,113.08,112.44,112.52,13633207
2022-03-08,1646749800,111.87,112.07,111.645,111.79,10819364
2022-03-09,1646836200,111.33,111.43,110.98,111.1,7932293
2022-03-10,1646922600,110.72,110.8302,110.36,110.59,11100080
2022-03-11,1647009000,110.47,110.7,110.35,110.56,5567585
2022-03-14,1647264600,109.67,109.74,109.16,109.16,8622452
2022-03-15,1647351000,109.74,109.8,109.03,109.11,9294415
2022-03-16,1647437400,109,109.12,108.245,108.96,12847338
2022-03-17,1647523800,109.03,109.24,108.55,108.75,7215919
2022-03-18,1647610200,108.93,109.22,108.93,109.07,7509184
2022-03-21,1647869400,108.28,108.445,107.5705,107.65,11003623
2022-03-22,1647955800,107.2,107.24,106.97,107.06,7710542
2022-03-23,1648042200,107.32,107.78,107.09,107.78,11222703
2022-03-24,1648128600,107.15,107.5,107.11,107.18,11112424
2022-03-25,1648215000,106.69,106.7,105.97,106.08,9055632
2022-03-28,1648474200,106.25,106.695,106.122,106.32,12858522
2022-03-29,1648560600,106.58,106.98,106.35,106.85,7539944
2022-03-30,1648647000,106.63,107.3,106.56,107.27,6430112
2022-03-31,1648733400,107.43,107.62,107.27,107.47,9147177
2022-04-01,1648819800,106.31,107.01,106.2001,106.65,10237026
2022-04-04,1649079000,106.76,106.78,106.38,106.58,7372066
2022-04-05,1649165400,106.27,106.29,105.2,105.31,9675572
2022-04-06,1649251800,104.65,105.315,104.65,104.94,9054356
2022-04-07,1649338200,104.68,104.97,104.46,104.68,5518941
2022-04-08,1649424600,104.08,104.42,103.995,104.15,8091848
2022-04-11,1649683800,103.78,103.9,103.52,103.65,7356350
2022-04-12,1649770200,104.19,104.585,104.025,104.15,12211017
2022-04-13,1649856600,104.44,104.91,104.31,104.38,6346090
2022-04-14,1649943000,104.23,104.27,103.32,103.44,6158698
2022-04-18,1650288600,103.53,103.545,103.11,103.14,4591539
2022-04-19,1650375000,102.74,102.93,102.39,102.46,7004936
2022-04-20,1650461400,102.88,103.42,102.76,103.26,7479322
2022-04-21,1650547800,102.97,102.98,102.27,102.69,9137476
2022-04-22,1650634200,102.43,103.02,102.38,102.74,5451645
2022-04-25,1650893400,103.55,103.975,103.34,103.4,8617430
2022-04-26,1650979800,104.098,104.27,103.763,104.09,9575391
2022-04-27,1651066200,104.03,104.125,103.46,103.51,7908948
2022-04-28,1651152600,103.16,103.39,102.96,103.36,6943626
2022-04-29,1651239000,102.6,103.21,102.55,102.81,10012545
2022-05-02,1651498200,102.15,102.22,101.82,101.92,11326980
2022-05-03,1651584600,102.52,102.6,102.015,102.04,8129054
2022-05-04,1651671000,102,102.78,101.805,102.7,11934816
2022-05-05,1651757400,101.89,102.03,101.1543,101.67,11675656
2022-05-06,1651843800,101.15,101.605,100.99,101.09,12538483
2022-05-09,1652103000,101.14,101.89,101.09,101.84,7301184
2022-05-10,1652189400,102.31,102.575,102.115,102.18,8054607
2022-05-11,1652275800,101.93,102.85,101.7939,102.81,7168081
2022-05-12,1652362200,103.12,103.57,103.0065,103.15,8132398
2022-05-13,1652448600,102.87,102.94,102.5533,102.61,6016939
2022-05-16,1652707800,102.98,103.325,102.87,103.04,3315594
2022-05-17,1652794200,102.35,102.65,102.23,102.26,4286767
2022-05-18,1652880600,102.26,103.1,102.1909,102.99,4465536
2022-05-19,1652967000,103.9,103.93,103.28,103.36,5137634
2022-05-20,1653053400,103.3,103.9899,103.27,103.84,5908822
2022-05-23,1653312600,103.57,103.77,103.2,103.21,5720619
2022-05-24,1653399000,103.74,104.4701,103.71,104.1,6786630
2022-05-25,1653485400,104.47,104.47,104.065,104.31,4274490
2022-05-26,1653571800,104.365,104.41,103.875,104.26,3478872
2022-05-27,1653658200,104.45,104.59,104.22,104.41,2508247
2022-05-31,1654003800,103.615,103.63,103.15,103.32,6773169
2022-06-01,1654090200,103.265,103.37,102.42,102.61,5555956
2022-06-02,1654176600,102.91,102.92,102.515,102.76,3014275
2022-06-03,1654263000,102.36,102.65,102.33,102.56,2687752
2022-06-06,1654522200,102.31,102.405,101.73,101.79,4800608
2022-06-07,1654608600,102.055,102.43,102.0392,102.2,3229975
2022-06-08,1654695000,102.01,102.17,101.805,101.82,2917888
2022-06-09,1654781400,101.69,101.94,101.51,101.73,4178574
2022-06-10,1654867800,101.21,101.31,100.595,100.73,4443384
2022-06-13,1655127000,99.66,99.8,98.42,98.94,9200783
2022-06-14,1655213400,99.16,99.295,97.985,98.15,7829774
2022-06-15,1655299800,98.95,99.56,98.4,99.52,10256225
2022-06-16,1655386200,98.55,100.22,98.425,100.17,9168800
2022-06-17,1655472600,100.26,100.46,99.55,100.2,7029837
2022-06-21,1655818200,99.66,99.945,99.5548,99.68,10342133
2022-06-22,1655904600,100.84,101.12,100.71,100.94,9501917
2022-06-23,1655991000,101.56,102.17,101.395,101.51,9247185
2022-06-24,1656077400,101.38,101.76,101.07,101.15,5127019
2022-06-27,1656336600,100.57,101.02,100.45,100.58,5439411
2022-06-28,1656423000,100.47,100.7403,100.325,100.71,3763301
2022-06-29,1656509400,100.88,101.52,100.79,101.52,3559628
2022-06-30,1656595800,102.1,102.54,102.01,102.3,5409539
2022-07-01,1656682200,103.12,103.97,102.98,103.24,63222909
2022-07-05,1657027800,103.75,104.02,103.44,103.62,6651364
2022-07-06,1657114200,104,104.01,102.72,102.74,4754749
2022-07-07,1657200600,102.77,102.77,102.03,102.11,4058159
2022-07-08,1657287000,101.83,101.84,101.3674,101.49,3664901
2022-07-11,1657546200,102.03,102.455,101.975,102.29,2765728
2022-07-12,1657632600,102.83,103.03,102.45,102.53,3669155
2022-07-13,1657719000,101.91,103.0514,101.775,102.97,6809436
2022-07-14,1657805400,102.2,102.64,101.93,102.4,5370365
2022-07-15,1657891800,102.47,102.99,102.44,102.75,3833968
2022-07-18,1658151000,102.42,102.6031,102.03,102.45,3150744
2022-07-19,1658237400,102.32,102.41,101.88,101.98,2996099
2022-07-20,1658323800,102.48,102.49,101.8,101.88,53057458
2022-07-21,1658410200,102.29,103.04,102.19,103.04,5344313
2022-07-22,1658496600,104,104.46,103.82,104.22,7747077
2022-07-25,1658755800,103.58,103.9,103.55,103.85,2994530
2022-07-26,1658842200,104.55,104.695,103.85,103.89,4736256
2022-07-27,1658928600,104.14,104.61,104.02,104.1,7475304
2022-07-28,1659015000,105.1,105.32,104.745,105.13,5768201
2022-07-29,1659101400,104.92,105.575,104.81,105.17,5961106
2022-08-01,1659360600,105.29,105.67,105.13,105.6,9672404
2022-08-02,1659447000,105.56,105.745,104.07,104.14,9269682
2022-08-03,1659533400,103.975,104.58,103.425,104.57,7829524
2022-08-04,1659619800,104.68,105.125,104.53,105.1,9873247
2022-08-05,1659706200,103.73,103.765,103.35,103.58,10047167
2022-08-08,1659965400,104,104.2375,103.91,104.19,6681347
2022-08-09,1660051800,103.9,104.079,103.78,103.88,3814754
2022-08-10,1660138200,104.35,104.71,103.93,103.94,7260376
2022-08-11,1660224600,104.18,104.29,103.14,103.25,8309720
2022-08-12,1660311000,103.65,103.695,103.32,103.66,4128621
2022-08-15,1660570200,104.17,104.325,103.95,103.99,3441062
2022-08-16,1660656600,103.79,103.91,103.39,103.87,3241813
2022-08-17,1660743000,103.31,103.36,102.96,103.17,6366714
2022-08-18,1660829400,103.445,103.73,103.28,103.37,3709246
2022-08-19,1660915800,102.62,102.685,102.36,102.48,6678038
2022-08-22,1661175000,102.4,102.45,101.975,102.03,4125859
2022-08-23,1661261400,101.86,102.49,101.71,101.78,7754962
2022-08-24,1661347800,101.54,101.64,101.29,101.44,3504616
2022-08-25,1661434200,101.52,102.13,101.39,102.09,6645347
2022-08-26,1661520600,101.86,102.23,101.62,101.97,5535934
2022-08-29,1661779800,101.58,101.58,101.25,101.39,4416992
2022-08-30,1661866200,101.385,101.72,101.02,101.36,4474194
2022-08-31,1661952600,101.21,101.44,100.77,100.94,5797640
2022-09-01,1662039000,100.09,100.31,99.73,99.96,10324195
2022-09-02,1662125400,100.36,100.79,100.22,100.52,5741927
2022-09-06,1662471000,99.905,99.935,99.35,99.4,6769381
2022-09-07,1662557400,99.79,100.165,99.74,100.05,7169671
2022-09-08,1662643800,100.04,100.26,99.68,99.68,5773615
2022-09-09,1662730200,99.9,100.09,99.57,99.69,5780565
2022-09-12,1662989400,99.97,100.05,99.27,99.45,4034248
2022-09-13,1663075800,98.76,98.95,98.645,98.89,5100569
2022-09-14,1663162200,98.74,99.18,98.69,98.94,3866587
2022-09-15,1663248600,98.67,98.79,98.495,98.6,4622779
2022-09-16,1663335000,98.515,98.99,98.45,98.68,4718232
2022-09-19,1663594200,98.31,98.605,98.24,98.4,3879134
2022-09-20,1663680600,97.7,98.04,97.535,97.79,4869090
2022-09-21,1663767000,97.96,98.28,97.295,98.18,5414996
2022-09-22,1663853400,97.16,97.22,96.585,96.7,6662421
2022-09-23,1663939800,96.66,96.97,96.28,96.82,7630610
2022-09-26,1664199000,96.29,96.3,95.07,95.21,8015481
2022-09-27,1664285400,95.24,95.3478,94.51,94.56,8668410
2022-09-28,1664371800,95.9,96.795,95.52,96.69,8471718
2022-09-29,1664458200,95.98,96.58,95.89,96.24,6056493
2022-09-30,1664544600,96.66,96.88,95.66,95.99,8847218
2022-10-03,1664803800,96.72,97.65,96.49,96.94,10579877
2022-10-04,1664890200,97.33,97.695,96.96,97.14,7361532
2022-10-05,1664976600,96.555,96.59,95.98,96.22,8603709
2022-10-06,1665063000,96.06,96.185,95.56,95.69,11298413
2022-10-07,1665149400,95.19,95.53,95.07,95.22,5085329
2022-10-10,1665408600,95.08,95.14,94.32,94.66,3829094
2022-10-11,1665495000,94.98,95.43,94.64,94.9,5498458
2022-10-12,1665581400,94.77,95.335,94.71,95.21,5847436
2022-10-13,1665667800,93.98,95.24,93.97,94.81,6220120
2022-10-14,1665754200,95.32,95.33,94.23,94.28,5887204
2022-10-17,1666013400,94.96,95.1101,94.325,94.38,3215298
2022-10-18,1666099800,94.63,94.8,94.07,94.62,4006711
2022-10-19,1666186200,93.88,94.0727,93.56,93.63,5762580
2022-10-20,1666272600,93.41,93.65,92.855,92.93,5738416
2022-10-21,1666359000,92.6,93.325,92.48,93.14,7528699
2022-10-24,1666618200,93.11,93.43,92.69,93.02,6210821
2022-10-25,1666704600,94.04,94.44,93.96,94.18,6301456
2022-10-26,1666791000,94.41,94.82,94.4,94.66,6692729
2022-10-27,1666877400,94.96,95.465,94.67,95.33,7238058
2022-10-28,1666963800,94.72,95.19,94.575,94.84,5659890
2022-10-31,1667223000,94.43,94.56,94.01,94.41,4586910
2022-11-01,1667309400,94.96,94.99,94.03,94.19,6066392
2022-11-02,1667395800,94.31,94.8701,93.79,94.03,7582847
2022-11-03,1667482200,93.19,93.7935,93.18,93.62,8403863
2022-11-04,1667568600,93.64,93.95,93.4,93.42,5286954
2022-11-07,1667831400,93.535,93.59,93.07,93.09,4289404
2022-11-08,1667917800,93.35,93.88,93.32,93.71,4679234
2022-11-09,1668004200,93.605,94.09,93.54,94.03,3658160
2022-11-10,1668090600,95.43,96.18,95.43,96.14,9608306
2022-11-11,1668177000,95.7,96.0599,95.65,95.94,2840252
2022-11-14,1668436200,95.84,95.845,95.53,95.71,4130820
2022-11-15,1668522600,96.18,96.49,95.94,96.42,6841567
2022-11-16,1668609000,96.87,97.225,96.64,97.13,6140320
2022-11-17,1668695400,96.53,96.63,96.26,96.47,5987899
2022-11-18,1668781800,96.47,96.59,96.105,96.13,3102083
2022-11-21,1669041000,96.54,96.605,96.04,96.07,4477700
2022-11-22,1669127400,96.48,96.715,96.375,96.62,5532830
2022-11-23,1669213800,96.75,97.18,96.65,97.14,5236519
2022-11-25,1669386600,96.87,97.12,96.845,97.11,1345415
2022-11-28,1669645800,97.22,97.35,97.01,97.15,4218401
2022-11-29,1669732200,96.76,97.075,96.705,96.74,3356557
2022-11-30,1669818600,96.57,97.61,96.4,97.61,7127202
2022-12-01,1669905000,97.6,98.5,97.57,98.48,17629333
2022-12-02,1669991400,97.92,98.69,97.61,98.68,5783829
2022-12-05,1670250600,98.09,98.13,97.63,97.68,6295805
2022-12-06,1670337000,97.93,98.41,97.845,98.28,5745527
2022-12-07,1670423400,98.68,99.25,98.62,99.14,5386178
2022-12-08,1670509800,98.62,98.875,98.45,98.58,5325780
2022-12-09,1670596200,98.29,98.37,97.85,97.85,4343137
2022-12-12,1670855400,98.3,98.39,97.5841,97.71,5192157
2022-12-13,1670941800,99.14,99.26,98.495,98.59,7856616
2022-12-14,1671028200,98.65,98.99,98.205,98.86,6533229
2022-12-15,1671114600,98.81,99.01,98.55,98.86,4344188
2022-12-16,1671201000,98.17,98.79,98.07,98.61,4432835
2022-12-19,1671460200,98.05,98.06,97.73,97.81,3951062
2022-12-20,1671546600,97.08,97.31,96.99,97.1,4199794
2022-12-21,1671633000,97.5,97.54,97.0852,97.22,4406708
2022-12-22,1671719400,97.24,97.48,97.14,97.19,2143083
2022-12-23,1671805800,96.73,96.95,96.69,96.75,3164920
2022-12-27,1672151400,96.22,96.41,95.9,95.94,4780840
2022-12-28,1672237800,96.08,96.16,95.69,95.71,3161308
2022-12-29,1672324200,95.97,96.265,95.915,96.18,4021775
2022-12-30,1672410600,95.86,96.27,95.615,95.78,5043765
2023-01-03,1672756200,96.91,96.995,96.34,96.53,6808415
2023-01-04,1672842600,97.34,97.42,96.99,97.27,7800088
2023-01-05,1672929000,96.7,97.22,96.5697,97.13,3177933
2023-01-06,1673015400,97.17,98.43,97.08,98.38,6807822
2023-01-09,1673274600,98.26,98.81,98.2,98.63,4988013
2023-01-10,1673361000,98.22,98.33,97.825,98.01,4027039
2023-01-11,1673447400,98.3,98.66,98.24,98.64,7118680
2023-01-12,1673533800,98.96,99.52,98.48,99.52,5767999
2023-01-13,1673620200,99.26,99.5,98.86,98.99,5573709
2023-01-17,1673965800,98.66,99.0247,98.64,98.68,3708960
2023-01-18,1674052200,99.87,100.06,99.55,100.02,7926409
2023-01-19,1674138600,99.82,99.978,99.63,99.83,4234128
2023-01-20,1674225000,99.32,99.445,99.06,99.17,8822676
2023-01-23,1674484200,98.84,99.14,98.805,98.85,4334933
2023-01-24,1674570600,98.98,99.435,98.65,99.42,3540326
2023-01-25,1674657000,99.49,99.73,99.21,99.53,2924706
2023-01-26,1674743400,99.34,99.525,99.0301,99.17,2875361
2023-01-27,1674829800,98.8,99.02,98.77,99.02,5524111
2023-01-30,1675089000,98.74,98.95,98.6579,98.71,2584607
2023-01-31,1675175400,99.16,99.25,98.74,99.21,4856456
2023-02-01,1675261800,99.2,99.77,98.83,99.71,20159128
2023-02-02,1675348200,100.02,100.205,99.6445,99.67,5822979
2023-02-03,1675434600,98.81,99,98.47,98.6,5267001
2023-02-06,1675693800,97.9,98.04,97.7,97.75,5500522
2023-02-07,1675780200,97.65,98.13,97.46,97.51,5678915
2023-02-08,1675866600,97.61,97.88,97.4,97.87,6137619
2023-02-09,1675953000,98.12,98.14,97.32,97.43,7358257
2023-02-10,1676039400,97.35,97.38,96.89,96.96,5290058
2023-02-13,1676298600,96.97,97.24,96.95,97.19,17262290
2023-02-14,1676385000,96.89,97.1161,96.49,96.75,7133647
2023-02-15,1676471400,96.58,96.795,96.33,96.46,4964758
2023-02-16,1676557800,96.23,96.43,96.05,96.14,27126361
2023-02-17,1676644200,95.925,96.435,95.8999,96.41,4540507
2023-02-21,1676989800,95.75,95.83,95.335,95.36,11382104
2023-02-22,1677076200,95.64,95.81,95.48,95.53,30136619
2023-02-23,1677162600,95.56,96,95.51,95.9,7059763
2023-02-24,1677249000,95.29,95.45,95.11,95.32,10757151
2023-02-27,1677508200,95.66,95.76,95.45,95.61,3693234
2023-02-28,1677594600,95.32,95.79,95.195,95.76,4690209
2023-03-01,1677681000,95.135,95.3,94.75,94.8,8328617
2023-03-02,1677767400,94.29,94.49,94.21,94.41,12952838
2023-03-03,1677853800,94.91,95.17,94.63,95.17,5696994
2023-03-06,1678113000,95.39,95.42,94.9343,95,3766424
2023-03-07,1678199400,95.17,95.29,94.78,95.01,5053288
2023-03-08,1678285800,95.38,95.56,94.86,94.98,5163480
2023-03-09,1678372200,95.14,95.72,95.08,95.57,12498892
2023-03-10,1678458600,96.81,97.415,96.67,97.33,11041267
2023-03-13,1678714200,98.95,99.415,98.14,98.51,23930587
2023-03-14,1678800600,98.09,98.18,97.38,97.58,47886756
2023-03-15,1678887000,99.255,99.78,98.52,98.99,25157366
2023-03-16,1678973400,99.53,99.76,97.98,98.1,14243234
2023-03-17,1679059800,98.86,99.625,98.77,99.26,12293849
2023-03-20,1679319000,99.42,99.43,98.63,98.86,7982461
2023-03-21,1679405400,98.18,98.455,97.86,98,9851679
2023-03-22,1679491800,97.83,99.37,97.7499,99.29,10705182
2023-03-23,1679578200,99.13,99.94,98.98,99.86,7118827
2023-03-24,1679664600,100.44,100.58,99.76,99.89,9135980
2023-03-27,1679923800,98.94,99.14,98.625,98.66,8284356
2023-03-28,1680010200,98.452,98.745,98.36,98.6,13324802
2023-03-29,1680096600,98.23,98.62,98.19,98.43,13404761
2023-03-30,1680183000,98.34,98.67,98.31,98.58,4157547
2023-03-31,1680269400,98.74,99.185,98.58,99.12,6330052
2023-04-03,1680528600,98.81,99.56,98.735,99.39,7226622
2023-04-04,1680615000,98.97,100.14,98.95,100.03,6763202
2023-04-05,1680701400,100.4,100.765,100.3001,100.45,6257056
2023-04-06,1680787800,100.49,100.72,100.46,100.48,4264689
2023-04-10,1681133400,99.69,99.755,99.37,99.49,6025074
2023-04-11,1681219800,99.565,99.58,99.22,99.45,5458997
2023-04-12,1681306200,99.91,99.95,99.29,99.74,5857167
2023-04-13,1681392600,99.9,100.065,99.33,99.41,39858222
2023-04-14,1681479000,99.08,99.1,98.79,98.92,4968542
2023-04-17,1681738200,98.54,98.6,98.26,98.29,5681007
2023-04-18,1681824600,98.32,98.67,98.3,98.45,5061415
2023-04-19,1681911000,98.22,98.31,97.98,98.24,4648100
2023-04-20,1681997400,98.78,98.8874,98.68,98.81,4607978
2023-04-21,1682083800,99.02,99.1,98.49,98.57,5948165
2023-04-24,1682343000,98.84,99.07,98.77,99.05,5143745
2023-04-25,1682429400,99.61,100.07,99.59,100.03,13076805
2023-04-26,1682515800,100.01,100.13,99.485,99.64,5902987
2023-04-27,1682602200,99.23,99.28,98.88,98.99,5065839
2023-04-28,1682688600,99.59,99.74,99.37,99.73,8525911
2023-05-01,1682947800,99.11,99.17,98.19,98.32,17442068
2023-05-02,1683034200,98.66,99.63,98.6,99.6,8540678
2023-05-03,1683120600,99.87,100.28,99.6935,100.25,9534804
2023-05-04,1683207000,99.98,100.8,99.96,100.23,12014124
2023-05-05,1683293400,99.65,99.73,99.44,99.69,11254376
2023-05-08,1683552600,99.07,99.29,99.03,99.08,7022484
2023-05-09,1683639000,99.07,99.165,98.9424,98.96,7317240
2023-05-10,1683725400,99.41,99.78,99.4,99.7,9930757
2023-05-11,1683811800,100.29,100.41,99.96,100.07,5979642
2023-05-12,1683898200,99.99,100.07,99.44,99.47,5107312
2023-05-15,1684157400,99.19,99.25,99.12,99.25,4459070
2023-05-16,1684243800,98.865,98.995,98.65,98.93,7194048
2023-05-17,1684330200,98.99,99.02,98.49,98.61,5542595
2023-05-18,1684416600,98.25,98.26,97.96,98,9448919
2023-05-19,1684503000,97.65,98.1,97.455,97.63,12923496
2023-05-22,1684762200,97.65,97.895,97.4,97.45,7034752
2023-05-23,1684848600,97.31,97.73,97.23,97.61,8264266
2023-05-24,1684935000,97.725,97.77,97.31,97.36,7415494
2023-05-25,1685021400,97.18,97.26,96.67,96.75,11647754
2023-05-26,1685107800,96.6,96.93,96.39,96.93,7408900
2023-05-30,1685453400,97.22,97.69,97.145,97.69,7882984
2023-05-31,1685539800,97.75,98.205,97.615,98.06,10817909
2023-06-01,1685626200,98.115,98.38,97.9732,98.1,18161559
2023-06-02,1685712600,97.93,97.96,97.24,97.32,7585448
2023-06-05,1685971800,96.92,97.56,96.82,97.29,6243050
2023-06-06,1686058200,97.33,97.375,97.06,97.35,3986269
2023-06-07,1686144600,97.215,97.32,96.54,96.64,8226649
2023-06-08,1686231000,96.81,97.31,96.77,97.29,5841899
2023-06-09,1686317400,96.96,97.08,96.77,96.94,6421876
2023-06-12,1686576600,97.09,97.115,96.67,97.1,5261660
2023-06-13,1686663000,97.25,97.32,96.26,96.41,9173507
2023-06-14,1686749400,96.7,96.83,96.175,96.54,7704389
2023-06-15,1686835800,97.11,97.36,96.98,97.29,5959311
2023-06-16,1686922200,96.81,97.05,96.59,96.87,6538076
2023-06-20,1687267800,97.05,97.39,97.05,97.16,5477521
2023-06-21,1687354200,96.9,97.33,96.75,97.25,5119647
2023-06-22,1687440600,96.96,97.125,96.6278,96.7,4102148
2023-06-23,1687527000,97.465,97.5,96.975,97.1,4112143
2023-06-26,1687786200,97.35,97.4255,97.16,97.34,2976587
2023-06-27,1687872600,97.32,97.495,96.8694,97,4752458
2023-06-28,1687959000,97.14,97.43,96.95,97.39,5257355
2023-06-29,1688045400,96.505,96.58,96.22,96.39,8268789
2023-06-30,1688131800,96.42,96.655,96.305,96.6,7450786
2023-07-03,1688391000,96.315,96.62,95.95,95.95,4687135
2023-07-05,1688563800,95.95,96,95.37,95.49,10186202
2023-07-06,1688650200,94.76,94.86,94.36,94.71,9285229
2023-07-07,1688736600,94.575,94.945,94.54,94.59,6577624
2023-07-10,1688995800,94.74,95.22,94.73,95.08,6622657
2023-07-11,1689082200,95.26,95.42,95.13,95.28,6327171
2023-07-12,1689168600,95.91,96.34,95.77,96.21,8255066
2023-07-13,1689255000,96.675,97.07,96.575,97.01,9742728
2023-07-14,1689341400,96.8,96.915,96.4925,96.53,7491062
2023-07-17,1689600600,96.6,96.775,96.48,96.69,3182374
2023-07-18,1689687000,97,97.12,96.7401,96.8,3626466
2023-07-19,1689773400,96.975,97.19,96.79,97.13,5059394
2023-07-20,1689859800,96.63,96.67,96.19,96.36,9486701
2023-07-21,1689946200,96.57,96.66,96.41,96.44,4560175
2023-07-24,1690205400,96.61,96.71,96.17,96.21,7451172
2023-07-25,1690291800,95.83,96.0855,95.82,96.03,4079509
2023-07-26,1690378200,96.25,96.41,95.97,96.36,4880153
2023-07-27,1690464600,95.99,96.1,95.175,95.31,8522842
2023-07-28,1690551000,95.53,95.74,95.44,95.62,5794206
2023-07-31,1690810200,95.58,95.905,95.57,95.74,6347597
2023-08-01,1690896600,95.04,95.18,94.78,94.94,7714495
2023-08-02,1690983000,94.66,94.785,94.36,94.75,8009186
2023-08-03,1691069400,94.11,94.245,93.9602,94.05,11058189
2023-08-04,1691155800,94.4,95.13,94.4,95.05,10190058
2023-08-07,1691415000,94.93,94.98,94.7122,94.82,4007413
2023-08-08,1691501400,95.31,95.54,95.19,95.3,5401492
2023-08-09,1691587800,95.3,95.5156,95.26,95.36,5317352
2023-08-10,1691674200,95.36,95.538,94.62,94.63,8462102
2023-08-11,1691760600,94.24,94.5621,94.09,94.13,5915033
2023-08-14,1692019800,93.98,94.2553,93.775,93.98,6218447
2023-08-15,1692106200,93.88,94.1755,93.75,93.8,9602560
2023-08-16,1692192600,93.775,94,93.3732,93.44,7199622
2023-08-17,1692279000,93.405,93.47,93.0637,93.32,9858385
2023-08-18,1692365400,93.49,93.81,93.44,93.6,7510525
2023-08-21,1692624600,93.16,93.2,92.91,93.02,10863981
2023-08-22,1692711000,92.94,93.16,92.845,93.06,6331000
2023-08-23,1692797400,93.625,94.07,93.595,94.07,8550555
2023-08-24,1692883800,93.78,94.05,93.694,93.72,5735830
2023-08-25,1692970200,93.59,93.93,93.34,93.69,7895753
2023-08-28,1693229400,93.91,93.98,93.71,93.95,3301686
2023-08-29,1693315800,93.73,94.66,93.711,94.62,7064217
2023-08-30,1693402200,94.74,94.79,94.5545,94.61,6346718
2023-08-31,1693488600,94.72,94.94,94.63,94.8,6167266
2023-09-01,1693575000,94.57,94.58,93.86,93.98,7746609
2023-09-05,1693920600,93.71,93.72,93.37,93.41,4993448
2023-09-06,1694007000,93.57,93.585,93.1204,93.17,7344118
2023-09-07,1694093400,93.39,93.53,93.29,93.49,7137513
2023-09-08,1694179800,93.72,93.86,93.465,93.51,4648504
2023-09-11,1694439000,93.31,93.435,93.24,93.35,4321699
2023-09-12,1694525400,93.38,93.495,93.27,93.48,4998480
2023-09-13,1694611800,93.335,93.72,93.3155,93.59,6675435
2023-09-14,1694698200,93.66,93.74,93.32,93.38,6421038
2023-09-15,1694784600,93.225,93.285,93.021,93.09,9367838
2023-09-18,1695043800,92.97,93.245,92.97,93.18,4622245
2023-09-19,1695130200,92.97,93.14,92.8,92.84,7537027
2023-09-20,1695216600,93.1,93.2353,92.75,92.77,10752258
2023-09-21,1695303000,92.13,92.22,92.0201,92.08,8707579
2023-09-22,1695389400,92.17,92.52,92.095,92.44,8637839
2023-09-25,1695648600,91.85,92.02,91.7246,91.76,11712012
2023-09-26,1695735000,91.93,91.99,91.6237,91.73,8281800
2023-09-27,1695821400,91.97,92.01,91.075,91.32,10586298
2023-09-28,1695907800,91.11,91.59,90.853,91.57,11654610
2023-09-29,1695994200,91.95,92.04,91.45,91.59,13488328
2023-10-02,1696253400,90.89,90.99,90.495,90.61,21010030
2023-10-03,1696339800,90.42,90.59,89.81,89.86,21364802
2023-10-04,1696426200,90.135,90.48,89.9328,90.43,14054039
2023-10-05,1696512600,90.64,90.66,90.414,90.6,11315857
2023-10-06,1696599000,89.77,90.355,89.685,90.07,12257095
2023-10-09,1696858200,90.75,91.22,90.605,91.22,5816713
2023-10-10,1696944600,90.76,91.29,90.65,91.04,11508310
2023-10-11,1697031000,91.4,91.6,91.2,91.54,14815774
2023-10-12,1697117400,91.34,91.39,90.545,90.66,12856109
2023-10-13,1697203800,91.32,91.355,91.06,91.24,9873609
2023-10-16,1697463000,90.705,90.77,90.58,90.7,7248036
2023-10-17,1697549400,89.9,90.04,89.645,89.81,11191779
2023-10-18,1697635800,89.56,89.69,89.235,89.39,13794270
2023-10-19,1697722200,89.14,89.5,88.855,88.95,27116685
2023-10-20,1697808600,89.27,89.6,89.25,89.465,12587091
2023-10-23,1698067800,89.15,90,89.01,89.89,12365028
2023-10-24,1698154200,89.82,90.06,89.61,90.05,10906208
2023-10-25,1698240600,89.58,89.61,89.15,89.26,15170223
2023-10-26,1698327000,89.35,89.9754,89.33,89.94,15901250
2023-10-27,1698413400,89.87,90.085,89.705,90.08,11628236
2023-10-30,1698672600,89.64,89.93,89.48,89.78,11022495
2023-10-31,1698759000,89.83,90.02,89.57,89.59,11574736
2023-11-01,1698845400,89.6,90.42,89.555,90.37,22448889
2023-11-02,1698931800,91.06,91.22,90.725,90.93,14046259
2023-11-03,1699018200,92.04,92.24,91.62,91.63,23133728
2023-11-06,1699281000,91.29,91.32,90.995,91.1,11246676
2023-11-07,1699367400,91.39,91.815,91.39,91.62,13189643
2023-11-08,1699453800,91.64,92.075,91.63,91.99,11117613
2023-11-09,1699540200,91.83,91.84,91.025,91.08,17067909
2023-11-10,1699626600,91.46,91.475,91.08,91.18,10675216
2023-11-13,1699885800,90.83,91.1558,90.685,91.13,8930210
2023-11-14,1699972200,92.43,92.565,92.28,92.5,14313577
2023-11-15,1700058600,92.05,92.06,91.695,91.78,12969426
2023-11-16,1700145000,92.32,92.61,92.31,92.47,10375699
2023-11-17,1700231400,92.58,92.63,92.345,92.53,8462016
2023-11-20,1700490600,92.34,92.7201,92.3101,92.66,7481261
2023-11-21,1700577000,92.77,92.91,92.54,92.78,9153441
2023-11-22,1700663400,92.92,92.99,92.52,92.75,7255180
2023-11-24,1700836200,92.35,92.42,92.255,92.27,4125818
2023-11-27,1701095400,92.55,92.975,92.485,92.97,9539761
2023-11-28,1701181800,92.86,93.4099,92.81,93.38,13563432
2023-11-29,1701268200,93.72,93.97,93.585,93.87,19075498
2023-11-30,1701354600,93.52,93.55,93.215,93.41,18446650
2023-12-01,1701441000,93.139,94.09,93.11,94.04,21393328
2023-12-04,1701700200,93.68,93.89,93.45,93.65,16402188
2023-12-05,1701786600,94.05,94.41,93.99,94.31,25452146
2023-12-06,1701873000,94.52,94.79,94.41,94.7,14023439
2023-12-07,1701959400,94.5,94.855,94.46,94.56,13730101
2023-12-08,1702045800,94.03,94.15,93.73,93.95,13825359
2023-12-11,1702305000,93.75,94,93.56,93.96,10484727
2023-12-12,1702391400,93.95,94.2197,93.856,94.16,7247977
2023-12-13,1702477800,94.44,95.68,94.37,95.56,16155209
2023-12-14,1702564200,95.77,96.265,95.72,96.07,32373192
2023-12-15,1702650600,95.89,96.145,95.84,95.99,9407065
2023-12-18,1702909800,95.805,95.82,95.625,95.78,8634148
2023-12-19,1702996200,95.94,96.14,95.8921,95.96,9047071
2023-12-20,1703082600,96.18,96.49,95.98,96.43,12659133
2023-12-21,1703169000,96.64,96.7,96.15,96.28,8939694
2023-12-22,1703255400,96.46,96.475,96.05,96.19,4956413
2023-12-26,1703601000,96.15,96.34,96.13,96.25,3342500
2023-12-27,1703687400,96.66,97.04,96.585,97,7362435
2023-12-28,1703773800,96.8,96.96,96.53,96.63,4858494
2023-12-29,1703860200,96.35,96.64,96.29,96.39,7820460
2024-01-02,1704205800,95.935,96.145,95.92,96.03,9443974
2024-01-03,1704292200,95.61,96.335,95.525,96.26,11040475
2024-01-04,1704378600,95.69,95.83,95.58,95.68,7354776
2024-01-05,1704465000,95.33,96.0161,95.26,95.33,10001016
2024-01-08,1704724200,95.39,95.96,95.355,95.65,7044680
2024-01-09,1704810600,95.52,95.75,95.52,95.61,7360798
2024-01-10,1704897000,95.79,95.86,95.44,95.46,9212705
2024-01-11,1704983400,95.6,96.035,95.475,95.97,10305461
2024-01-12,1705069800,96.23,96.48,96.0243,96.23,8469577
2024-01-16,1705415400,95.84,95.96,95.315,95.45,9847101
2024-01-17,1705501800,95.17,95.23,94.95,95.14,9170738
2024-01-18,1705588200,95.1,95.17,94.83,94.93,8910077
2024-01-19,1705674600,94.78,94.955,94.54,94.94,17711102
2024-01-22,1705933800,95.28,95.39,95.15,95.23,9831545
2024-01-23,1706020200,95,95.0199,94.87,94.99,6428563
2024-01-24,1706106600,95.34,95.37,94.66,94.72,9718207
2024-01-25,1706193000,95.05,95.16,94.9,95.13,11588120
2024-01-26,1706279400,95.05,95.05,94.84,94.96,9134648
2024-01-29,1706538600,95.25,95.62,95.18,95.53,6947475
2024-01-30,1706625000,95.69,95.74,95.15,95.66,7265771
2024-01-31,1706711400,96.09,96.475,95.99,96.46,15778341
2024-02-01,1706797800,96.6,97.1071,96.34,96.82,33372968
2024-02-02,1706884200,95.74,95.9,95.38,95.56,13809169
2024-02-05,1707143400,94.9,94.99,94.525,94.63,12147893
2024-02-06,1707229800,94.74,95.23,94.71,95.14,9327124
2024-02-07,1707316200,94.97,95.35,94.935,94.97,8619805
2024-02-08,1707402600,94.76,94.84,94.57,94.66,7808042
2024-02-09,1707489000,94.43,94.57,94.4,94.49,8492535
2024-02-12,1707748200,94.57,94.685,94.4,94.58,7023605
2024-02-13,1707834600,93.88,93.965,93.52,93.54,11978410
2024-02-14,1707921000,93.64,94.055,93.64,93.89,8979561
2024-02-15,1708007400,94.3,94.4,94.025,94.15,6788279
2024-02-16,1708093800,93.6,93.785,93.55,93.74,7147413
2024-02-20,1708439400,93.93,94.12,93.89,93.9,8286331
2024-02-21,1708525800,93.97,94.02,93.54,93.6,6448768
2024-02-22,1708612200,93.57,93.79,93.44,93.61,8688496
2024-02-23,1708698600,93.64,94.11,93.64,94.04,6426659
2024-02-26,1708957800,94.05,94.06,93.68,93.9,6417187
2024-02-27,1709044200,93.76,93.92,93.625,93.69,7540612
2024-02-28,1709130600,93.8,94.03,93.74,94.03,5293604
2024-02-29,1709217000,94.1,94.33,94.08,94.22,11919151
2024-03-01,1709303400,93.845,94.46,93.6229,94.4,11857244
2024-03-04,1709562600,94.08,94.29,94.07,94.19,6641557
2024-03-05,1709649000,94.67,94.94,94.56,94.77,7673106
2024-03-06,1709735400,94.94,95.19,94.89,95,9499167
2024-03-07,1709821800,95.19,95.22,94.92,95.16,8420940
2024-03-08,1709908200,95.32,95.39,95.1501,95.23,8103627
2024-03-11,1710163800,95.26,95.29,95.02,95.11,5568211
2024-03-12,1710250200,94.84,94.8746,94.605,94.72,6556452
2024-03-13,1710336600,94.58,94.65,94.47,94.51,9708416
2024-03-14,1710423000,94.16,94.165,93.79,93.81,10055931
2024-03-15,1710509400,93.74,93.815,93.63,93.65,6591431
2024-03-18,1710768600,93.62,93.7,93.45,93.54,5319684
2024-03-19,1710855000,93.73,93.935,93.67,93.81,5470272
2024-03-20,1710941400,93.91,94.35,93.7,94.03,10190766
2024-03-21,1711027800,94.21,94.28,93.96,94.04,8271232
2024-03-22,1711114200,94.56,94.56,94.41,94.5,6119779
2024-03-25,1711373400,94.41,94.41,94.19,94.25,4488900
2024-03-26,1711459800,94.22,94.41,94.11,94.39,5477636
2024-03-27,1711546200,94.5,94.79,94.485,94.75,4838589
2024-03-28,1711632600,94.54,94.765,94.475,94.66,7561418
2024-04-01,1711978200,93.99,93.99,93.455,93.53,10853950
2024-04-02,1712064600,93.11,93.37,93.015,93.33,7214909
2024-04-03,1712151000,92.95,93.44,92.86,93.44,12907991
2024-04-04,1712237400,93.64,93.78,93.38,93.76,6960538
2024-04-05,1712323800,93.25,93.5404,93.13,93.14,6334570
2024-04-08,1712583000,92.91,93.055,92.81,92.93,7115101
2024-04-09,1712669400,93.2,93.375,93.2,93.3,5161272
2024-04-10,1712755800,92.51,92.57,91.92,92.06,14993738
2024-04-11,1712842200,92.23,92.2696,91.81,91.93,9371359
2024-04-12,1712928600,92.41,92.56,92.305,92.31,11675565
2024-04-15,1713187800,91.68,91.74,91.35,91.72,12315347
2024-04-16,1713274200,91.32,91.5304,91.18,91.36,12027205
2024-04-17,1713360600,91.69,92.01,91.54,91.94,10515435
2024-04-18,1713447000,91.85,91.85,91.5,91.62,6964571
2024-04-19,1713533400,91.84,91.86,91.641,91.74,6125766
2024-04-22,1713792600,91.57,91.815,91.55,91.75,4002877
2024-04-23,1713879000,91.63,92.0999,91.54,91.87,8319796
2024-04-24,1713965400,91.66,91.6879,91.435,91.59,7567420
2024-04-25,1714051800,91.09,91.325,91.02,91.24,5784322
2024-04-26,1714138200,91.45,91.63,91.415,91.49,5432628
2024-04-29,1714397400,91.7,91.88,91.62,91.86,4846458
2024-04-30,1714483800,91.51,91.65,91.35,91.43,7516694
2024-05-01,1714570200,91.43,91.86,91.19,91.52,12392506
2024-05-02,1714656600,91.52,92.01,91.45,91.95,8661622
2024-05-03,1714743000,92.61,92.7,92.2201,92.46,8501120
2024-05-06,1715002200,92.5,92.64,92.41,92.54,4043450
2024-05-07,1715088600,92.87,93.02,92.7,92.78,7776341
2024-05-08,1715175000,92.58,92.66,92.51,92.52,9024132
2024-05-09,1715261400,92.5,92.865,92.47,92.8,9625255
2024-05-10,1715347800,92.6,92.635,92.45,92.5,3204980
2024-05-13,1715607000,92.74,92.765,92.595,92.61,3228752
2024-05-14,1715693400,92.79,92.92,92.69,92.88,4688884
2024-05-15,1715779800,93.42,93.645,93.295,93.58,11384537
2024-05-16,1715866200,93.61,93.61,93.37,93.4,4278520
2024-05-17,1715952600,93.25,93.33,93.09,93.11,3883918
2024-05-20,1716211800,92.98,93.06,92.935,92.97,4575850
2024-05-21,1716298200,93.25,93.29,93.16,93.21,2669720
2024-05-22,1716384600,92.98,93.2,92.97,93.09,3616386
2024-05-23,1716471000,93.13,93.14,92.62,92.76,6005628
2024-05-24,1716557400,92.67,92.89,92.64,92.88,3926449
2024-05-28,1716903000,92.96,92.98,92.335,92.36,8761441
2024-05-29,1716989400,92.13,92.135,91.72,91.91,10126801
2024-05-30,1717075800,92.22,92.39,92.17,92.37,5069737
2024-05-31,1717162200,92.65,92.815,92.61,92.8,4807468
2024-06-03,1717421400,92.65,93.18,92.65,93.13,7675927
2024-06-04,1717507800,93.44,93.73,93.38,93.64,8752020
2024-06-05,1717594200,93.76,93.99,93.4901,93.98,6466820
2024-06-06,1717680600,93.82,94.03,93.79,93.94,5849418
2024-06-07,1717767000,93.14,93.16,92.94,92.95,7125085
2024-06-10,1718026200,92.78,92.84,92.6601,92.75,3938887
2024-06-11,1718112600,92.91,93.26,92.82,93.24,3954681
2024-06-12,1718199000,94.08,94.32,93.74,93.76,9243216
2024-06-13,1718285400,94.18,94.52,94.075,94.38,6529902
2024-06-14,1718371800,94.51,94.69,94.46,94.6,5424633
2024-06-17,1718631000,94.14,94.22,94.025,94.16,4957159
2024-06-18,1718717400,94.32,94.68,94.28,94.57,5232579
2024-06-20,1718890200,94.1,94.36,94.05,94.33,3573117
2024-06-21,1718976600,94.51,94.6,94.18,94.35,7041996
2024-06-24,1719235800,94.37,94.43,94.225,94.43,5276005
2024-06-25,1719322200,94.37,94.55,94.325,94.51,3791592
2024-06-26,1719408600,94.02,94.09,93.915,93.94,4196548
2024-06-27,1719495000,94.12,94.24,94.11,94.15,4946574
2024-06-28,1719581400,94.36,94.38,93.645,93.65,6032414
2024-07-01,1719840600,92.84,93.11,92.58,92.67,13662769
2024-07-02,1719927000,93.06,93.13,92.875,93.02,8195754
2024-07-03,1720013400,93.25,93.6799,93.2,93.64,3860957
2024-07-05,1720186200,93.97,94.22,93.845,94.16,5111502
2024-07-08,1720445400,94.13,94.2562,93.99,94.19,5294604
2024-07-09,1720531800,94.035,94.17,93.83,94.06,3006938
2024-07-10,1720618200,94.14,94.1981,94.005,94.15,4076787
2024-07-11,1720704600,94.82,94.98,94.71,94.75,9658543
2024-07-12,1720791000,94.77,94.95,94.705,94.95,4304749
2024-07-15,1721050200,94.71,94.83,94.57,94.65,3754450
2024-07-16,1721136600,94.82,95.08,94.725,95.07,4705760
2024-07-17,1721223000,94.93,95.21,94.84,95.15,5113487
2024-07-18,1721309400,94.94,95.145,94.815,94.88,8640596
2024-07-19,1721395800,94.63,94.7,94.53,94.58,5274384
2024-07-22,1721655000,94.69,94.7562,94.335,94.49,3869786
2024-07-23,1721741400,94.62,94.75,94.545,94.56,5095642
2024-07-24,1721827800,94.73,94.88,94.335,94.35,4733695
2024-07-25,1721914200,94.54,94.875,94.49,94.56,4335687
2024-07-26,1722000600,94.96,95.04,94.87,95.01,5217511
2024-07-29,1722259800,95.25,95.26,95.08,95.17,6165648
2024-07-30,1722346200,95.28,95.47,95.1099,95.37,4419228
2024-07-31,1722432600,95.65,96.08,95.445,96.07,10983116
2024-08-01,1722519000,96,96.43,95.98,96.19,10492587
2024-08-02,1722605400,97.19,97.75,97.13,97.68,18286540
2024-08-05,1722864600,98.39,98.58,97.4021,97.78,19098200
2024-08-06,1722951000,97.54,97.575,96.84,96.91,9506980
2024-08-07,1723037400,96.63,96.727,96.375,96.56,8419746
2024-08-08,1723123800,96.16,96.34,96.065,96.27,4856150
2024-08-09,1723210200,96.78,96.7899,96.58,96.66,5174878
2024-08-12,1723469400,96.54,96.975,96.475,96.93,4166444
2024-08-13,1723555800,97.329,97.36,97.19,97.36,6458880
2024-08-14,1723642200,97.32,97.625,97.3,97.49,4275696
2024-08-15,1723728600,96.7,96.88,96.62,96.88,5507025
2024-08-16,1723815000,97.08,97.09,96.81,97.07,4437050
2024-08-19,1724074200,97.04,97.31,97.02,97.2,4437676
2024-08-20,1724160600,97.44,97.625,97.355,97.59,4885998
2024-08-21,1724247000,97.69,98.0148,97.46,97.79,5386005
2024-08-22,1724333400,97.55,97.57,97.2,97.34,4819522
2024-08-23,1724419800,97.54,97.86,97.425,97.79,5475416
2024-08-26,1724679000,97.96,97.97,97.665,97.67,3062577
2024-08-27,1724765400,97.405,97.695,97.36,97.63,4433681
2024-08-28,1724851800,97.65,97.73,97.54,97.58,8147052
2024-08-29,1724938200,97.36,97.45,97.26,97.41,6199798
2024-08-30,1725024600,97.43,97.5527,97.045,97.07,4802608
2024-09-03,1725370200,97.31,97.57,97.245,97.42,8232797
2024-09-04,1725456600,97.53,98.04,97.502,97.99,9914865
2024-09-05,1725543000,98.25,98.3,97.91,98.22,33635018
2024-09-06,1725629400,98.26,98.85,98.02,98.36,17777566
2024-09-09,1725888600,98.3,98.57,98.18,98.5,8532472
2024-09-10,1725975000,98.51,98.97,98.49,98.92,7921368
2024-09-11,1726061400,98.72,99.15,98.66,98.85,7286225
2024-09-12,1726147800,98.77,98.88,98.505,98.69,5931331
2024-09-13,1726234200,98.96,99,98.76,98.88,5305485
2024-09-16,1726493400,98.99,99.18,98.869,99.14,6666977
2024-09-17,1726579800,99.08,99.14,98.8901,98.96,7807027
2024-09-18,1726666200,98.73,99.045,98.48,98.53,8584465
2024-09-19,1726752600,98.26,98.465,98.22,98.45,16770780
2024-09-20,1726839000,98.31,98.55,98.18,98.42,6580582
2024-09-23,1727098200,98.22,98.45,97.985,98.36,7491882
2024-09-24,1727184600,98.09,98.5,98.0118,98.47,6580863
2024-09-25,1727271000,98.27,98.27,98.07,98.07,10455101
2024-09-26,1727357400,98.15,98.2,97.835,98,8026728
2024-09-27,1727443800,98.23,98.435,98.15,98.39,6207730
2024-09-30,1727703000,98.315,98.345,97.96,98.12,8902750
2024-10-01,1727789400,98.17,98.47,98.0847,98.19,11665727
2024-10-02,1727875800,97.75,97.945,97.635,97.91,7742082
2024-10-03,1727962200,97.65,97.72,97.38,97.41,11556106
2024-10-04,1728048600,96.57,96.78,96.42,96.47,8890868
2024-10-07,1728307800,96.11,96.27,96.07,96.12,10152572
2024-10-08,1728394200,95.97,96.2,95.93,96.2,5975421
2024-10-09,1728480600,96.03,96.08,95.79,95.84,6769233
2024-10-10,1728567000,95.77,95.88,95.53,95.83,5958980
2024-10-11,1728653400,95.73,95.9546,95.68,95.86,5394064
2024-10-14,1728912600,95.46,95.69,95.405,95.69,3850877
2024-10-15,1728999000,96.06,96.22,96.005,96.18,7736909
2024-10-16,1729085400,96.36,96.46,96.27,96.33,5041122
2024-10-17,1729171800,95.91,95.95,95.745,95.83,5460202
2024-10-18,1729258200,95.99,96.045,95.92,95.94,5174808
2024-10-21,1729517400,95.57,95.6,95.19,95.2,6633578
2024-10-22,1729603800,95.32,95.375,95.031,95.11,5434026
2024-10-23,1729690200,94.83,94.995,94.74,94.89,6914586
2024-10-24,1729776600,94.98,95.2599,94.87,95.1,5486308
2024-10-25,1729863000,95.31,95.32,94.82,94.89,6455354
2024-10-28,1730122200,94.91,94.92,94.49,94.67,5447530
2024-10-29,1730208600,94.27,94.725,94.222,94.71,8475405
2024-10-30,1730295000,94.93,95.165,94.53,94.57,6341348
2024-10-31,1730381400,94.42,94.7011,94.215,94.52,8662882
2024-11-01,1730467800,94.365,94.46,93.64,93.67,15659471
2024-11-04,1730730600,94.32,94.4371,93.9918,94.17,8179254
2024-11-05,1730817000,94.05,94.335,93.735,94.22,8118519
2024-11-06,1730903400,93.04,93.5101,93.01,93.25,15261496
2024-11-07,1730989800,93.63,94.1699,93.58,94,15674129
2024-11-08,1731076200,94.2,94.475,94.09,94.2,12335278
2024-11-11,1731335400,93.92,93.9551,93.775,93.94,3980201
2024-11-12,1731421800,93.57,93.76,93.235,93.35,8037912
2024-11-13,1731508200,93.77,93.78,93.17,93.29,6662247
2024-11-14,1731594600,93.44,93.66,93.17,93.28,7510284
2024-11-15,1731681000,93.1,93.63,92.9,93.32,16794163
2024-11-18,1731940200,93.28,93.59,93.173471,93.53,4788179
2024-11-19,1732026600,93.82,93.88,93.685,93.73,4951585
2024-11-20,1732113000,93.47,93.76,93.44,93.59,5752958
2024-11-21,1732199400,93.66,93.83,93.42,93.54,5098247
2024-11-22,1732285800,93.67,93.725,93.5,93.6,5373879
2024-11-25,1732545000,94.46,94.635,94.315,94.61,7716050
2024-11-26,1732631400,94.41,94.44,94.2201,94.41,5093056
2024-11-27,1732717800,94.79,94.92,94.595,94.79,5587567
2024-11-29,1732890600,95.13,95.2,95,95.19,5136170
2024-12-02,1733149800,94.61,95.01,94.5,94.89,5950784
2024-12-03,1733236200,94.99,95.025,94.56,94.62,5364829
2024-12-04,1733322600,94.38,95.01,94.345,94.98,5908784
2024-12-05,1733409000,94.7,95.03,94.7,94.97,5210320
2024-12-06,1733495400,95.36,95.42,95.065,95.27,6880169
2024-12-09,1733754600,95.145,95.16,94.94,94.94,4303131
2024-12-10,1733841000,94.74,94.84,94.65,94.77,3543387
2024-12-11,1733927400,94.91,95,94.46,94.49,6453019
2024-12-12,1734013800,94.38,94.457,94.1,94.13,4518093
2024-12-13,1734100200,93.98,94.005,93.6438,93.69,5230061
2024-12-16,1734359400,93.86,93.8713,93.62,93.72,4607858
2024-12-17,1734445800,93.7,93.87,93.67,93.72,4881129
2024-12-18,1734532200,93.4,93.52,92.62,92.69,11553909
2024-12-19,1734618600,92.38,92.44,92.115,92.27,9273761
2024-12-20,1734705000,92.75,92.9,92.59,92.61,6070886
2024-12-23,1734964200,92.54,92.58,92.13,92.2,5954541
2024-12-24,1735050600,92.01,92.26,91.97,92.25,3076139
2024-12-26,1735223400,91.96,92.36,91.925,92.32,3703370
2024-12-27,1735309800,92.26,92.385,92.06,92.08,3752547
2024-12-30,1735569000,92.53,92.67,92.515,92.62,4797651
2024-12-31,1735655400,92.75,92.816,92.375,92.45,5856386
2025-01-02,1735828200,92.65,92.775,92.31,92.5,5035296
2025-01-03,1735914600,92.6,92.665,92.3201,92.35,2863727
2025-01-06,1736173800,92.24,92.3298,92.06,92.26,3894803
2025-01-07,1736260200,92.14,92.21,91.75,91.84,5524502
2025-01-08,1736346600,91.71,92.02,91.685,92,6403066
2025-01-10,1736519400,91.455,91.63,91.23,91.33,8210906
2025-01-13,1736778600,91.28,91.3099,91.08,91.17,5094333
2025-01-14,1736865000,91.21,91.28,91.08,91.2,4365899
2025-01-15,1736951400,92.13,92.23,91.975,92.16,7846600
2025-01-16,1737037800,92.08,92.58,91.95,92.38,7550852
2025-01-17,1737124200,92.52,92.58,92.355,92.45,3912840
2025-01-21,1737469800,92.75,92.825,92.61,92.76,4431278
2025-01-22,1737556200,92.72,92.7299,92.41,92.52,3656353
2025-01-23,1737642600,92.13,92.3499,92.13,92.28,4861149
2025-01-24,1737729000,92.25,92.5763,92.195,92.47,4468718
2025-01-27,1737988200,93.08,93.15,92.865,93.07,4297112
2025-01-28,1738074600,92.84,93.1,92.775,93.08,3906811
2025-01-29,1738161000,93.18,93.25,92.7,92.97,4918428
2025-01-30,1738247400,93.17,93.3151,93.08,93.17,4365657
2025-01-31,1738333800,93.2,93.34,92.81,93.02,6277534
2025-02-03,1738593000,92.99,93.28,92.655,92.79,8294195
2025-02-04,1738679400,92.6,93.02,92.595,93.02,6742390
2025-02-05,1738765800,93.4,93.73,93.37,93.56,6576344
2025-02-06,1738852200,93.46,93.58,93.31,93.45,5268575
2025-02-07,1738938600,93.15,93.225,92.98,93.14,4565352
2025-02-10,1739197800,93.24,93.37,93.065,93.12,3229142
2025-02-11,1739284200,92.89,92.96,92.82,92.88,3379547
2025-02-12,1739370600,92.26,92.32,92.08,92.24,7280368
2025-02-13,1739457000,92.715,93,92.7,92.93,6122009
2025-02-14,1739543400,93.365,93.51,93.28,93.32,5157925
2025-02-18,1739889000,93.03,93.125,92.81,92.82,4484271
2025-02-19,1739975400,92.77,93.01,92.765,92.97,4607048
2025-02-20,1740061800,93.12,93.255,93.11,93.16,7545412
2025-02-21,1740148200,93.28,93.83,93.265,93.71,6156516
2025-02-24,1740407400,93.62,93.9659,93.59,93.91,4109676
2025-02-25,1740493800,94.5,94.6999,94.42,94.65,7697169
2025-02-26,1740580200,94.61,94.97,94.485,94.91,7380204
2025-02-27,1740666600,94.59,94.83,94.5525,94.8,5907872
2025-02-28,1740753000,95.09,95.36,94.9,95.32,11831519
2025-03-03,1741012200,94.72,95.45,94.71,95.39,9637437
2025-03-04,1741098600,95.54,95.78,94.93,95.09,12745454
2025-03-05,1741185000,95.11,95.235,94.53,94.56,15590008
2025-03-06,1741271400,94.51,94.69,94.16,94.51,9318861
2025-03-07,1741357800,94.98,95.02,94.295,94.39,9210206
2025-03-10,1741613400,94.94,95.2,94.85,95.05,7698488
2025-03-11,1741699800,95.05,95.3099,94.5753,94.71,10408648
2025-03-12,1741786200,94.41,94.66,94.39,94.43,7610319
2025-03-13,1741872600,94.29,94.846,94.2,94.81,6902748
2025-03-14,1741959000,94.565,94.653504,94.4497,94.48,4390889
2025-03-17,1742218200,94.645,94.845,94.455,94.56,6733976
2025-03-18,1742304600,94.42,94.83,94.405,94.67,8993542
2025-03-19,1742391000,94.59,94.985,94.44,94.96,5854692
2025-03-20,1742477400,95.47,95.485,94.985,95.1,4409137
2025-03-21,1742563800,95.25,95.34,94.995,95.02,4919587
2025-03-24,1742823000,94.755,94.78,94.4427,94.47,4823901
2025-03-25,1742909400,94.47,94.735,94.45,94.63,6825832
2025-03-26,1742995800,94.47,94.565,94.325,94.41,8281749
2025-03-27,1743082200,94.3,94.41,94.2148,94.33,5085410
2025-03-28,1743168600,94.78,95.1495,94.7499,95.09,6224454
2025-03-31,1743427800,95.49,95.555,95.09,95.37,13255922
2025-04-01,1743514200,95.27,95.66,95.265,95.4,18128763
2025-04-02,1743600600,95.8,95.8,95.005,95.31,7635866
2025-04-03,1743687000,96.41,96.645,96.1804,96.29,18188011
2025-04-04,1743773400,97.2,97.515,96.55,96.56,27006541
2025-04-07,1744032600,96.485,96.66,95.19,95.41,68670638
2025-04-08,1744119000,94.905,95.585,94.88,94.93,19508019
2025-04-09,1744205400,94.23,94.68,93.61,94.63,24170819
2025-04-10,1744291800,94.52,94.78,93.99,94.04,12093775
2025-04-11,1744378200,93.47,93.73,92.79,93.51,55446575
2025-04-14,1744637400,93.92,94.355,93.795,94.26,12630877
2025-04-15,1744723800,94.25,94.7561,94.235,94.54,7708183
2025-04-16,1744810200,94.66,95.08,94.46,94.95,8708379
2025-04-17,1744896600,94.9,94.9907,94.59,94.68,6987171
2025-04-21,1745242200,94.4,94.745,94.15,94.17,4901294
2025-04-22,1745328600,94.42,94.44,94.2336,94.24,5232965
2025-04-23,1745415000,95.035,95.22,94.22,94.34,8041319
2025-04-24,1745501400,94.72,94.875,94.62,94.85,7308934
2025-04-25,1745587800,95.11,95.275,94.975,95.21,5341346
2025-04-28,1745847000,95.1,95.62,95.0735,95.59,4950526
2025-04-29,1745933400,95.54,95.93,95.53,95.92,5350357
2025-04-30,1746019800,95.9,96.1563,95.8,96.07,13923349
2025-05-01,1746106200,95.88,95.895,95.15,95.34,13703318
2025-05-02,1746192600,94.85,94.99,94.54,94.7,9331620
2025-05-05,1746451800,94.67,94.68,94.33,94.53,10089640
2025-05-06,1746538200,94.49,94.79,94.4041,94.77,6081225
2025-05-07,1746624600,94.87,95.14,94.85,95.02,9471305
2025-05-08,1746711000,94.96,94.975,94.26,94.28,6409030
2025-05-09,1746797400,94.445,94.6055,94.32,94.35,3698699
2025-05-12,1747056600,93.73,93.97,93.73,93.75,9483851
2025-05-13,1747143000,93.87,93.92,93.53,93.68,13166804
2025-05-14,1747229400,93.64,93.71,93.27,93.33,6994690
2025-05-15,1747315800,93.72,93.99,93.595,93.94,9024884
2025-05-16,1747402200,94.31,94.33,93.96,93.97,6819224
2025-05-19,1747661400,93.43,93.94,93.3901,93.92,11705008
2025-05-20,1747747800,93.67,93.87,93.525,93.8,8929552
2025-05-21,1747834200,93.43,93.56,93.03,93.15,11383502
2025-05-22,1747920600,93.18,93.54,93.055,93.5,10981598
2025-05-23,1748007000,93.91,93.92,93.635,93.77,9860808
2025-05-27,1748352600,93.975,94.26,93.87,94.16,10834387
2025-05-28,1748439000,93.965,94.0359,93.79,93.9,8591454
2025-05-29,1748525400,94.145,94.375,94.1,94.29,9681506
2025-05-30,1748611800,94.36,94.62,94.3,94.57,10268591
2025-06-02,1748871000,94,94.14,93.78,93.94,13341850
2025-06-03,1748957400,94.07,94.2,93.77,93.85,8508947
2025-06-04,1749043800,94.21,94.62,94.13,94.54,10116188
2025-06-05,1749130200,94.54,94.66,94.23,94.26,8765989
2025-06-06,1749216600,93.775,93.8599,93.475,93.51,7624352
2025-06-09,1749475800,93.515,93.8,93.51,93.68,6061417
2025-06-10,1749562200,93.98,94.015,93.739,93.84,5579937
2025-06-11,1749648600,94.02,94.27,93.94,94.23,6594903
2025-06-12,1749735000,94.59,94.645,94.4247,94.64,7795449
2025-06-13,1749821400,94.43,94.5,94.04,94.29,9195182
2025-06-16,1750080600,94.18,94.375,94,94.02,7508621
2025-06-17,1750167000,94.26,94.52,94.11,94.48,5285113
2025-06-18,1750253400,94.64,94.84,94.3803,94.54,6732481
2025-06-20,1750426200,94.35,94.74,94.285,94.6,6261860
2025-06-23,1750685400,94.87,95.235,94.8,94.93,9310287
2025-06-24,1750771800,94.84,95.305786,94.8,95.26,7694510
2025-06-25,1750858200,95.08,95.34,94.98,95.3,6393258
2025-06-26,1750944600,95.48,95.645,95.345,95.64,7131918
2025-06-27,1751031000,95.385,95.68,95.33,95.39,8402385
2025-06-30,1751290200,95.6,95.81,95.46,95.77,10542377
2025-07-01,1751376600,95.42,95.51,95.12,95.29,10659828
2025-07-02,1751463000,94.99,95.1354,94.93,95.09,6026238
2025-07-03,1751549400,94.8,94.86,94.635,94.76,7398883
2025-07-07,1751895000,94.605,94.62,94.38,94.46,8518590
2025-07-08,1751981400,94.21,94.33,94.16,94.32,5282965
2025-07-09,1752067800,94.46,94.82,94.455,94.81,6900789
2025-07-10,1752154200,94.74,94.78,94.57,94.76,4452221
2025-07-11,1752240600,94.435,94.465,94.27,94.32,6004749
2025-07-14,1752499800,94.32,94.46,94.165,94.28,5101813
2025-07-15,1752586200,94.39,94.4,93.855,93.91,5628147
2025-07-16,1752672600,94.055,94.24,93.925,94.17,12786255
2025-07-17,1752759000,94.22,94.3299,94.055,94.14,4747200
2025-07-18,1752845400,94.41,94.48,94.3,94.4,4035035
2025-07-21,1753104600,94.795,94.9,94.68,94.73,5232360
2025-07-22,1753191000,94.83,95.06,94.81,95,6098107
2025-07-23,1753277400,94.775,94.84,94.605,94.66,5074057
2025-07-24,1753363800,94.33,94.62,94.315,94.52,5867428
2025-07-25,1753450200,94.49,94.74,94.45,94.74,3614071
2025-07-28,1753709400,94.57,94.6381,94.49,94.53,5073188
2025-07-29,1753795800,94.67,95.15,94.65,95.15,7864108
2025-07-30,1753882200,94.82,95.0762,94.75,94.82,7426036
2025-07-31,1753968600,94.97,95.1293,94.855,94.9,10411774
2025-08-01,1754055000,95.36,95.725,95.335,95.68,11870207
2025-08-04,1754314200,95.77,95.85,95.5329,95.81,8449488
2025-08-05,1754400600,95.64,95.86,95.62,95.74,8218754
2025-08-06,1754487000,95.6,95.715,95.255,95.67,10107474
2025-08-07,1754573400,95.67,95.77,95.5319,95.6,5725876
2025-08-08,1754659800,95.47,95.47,95.33,95.38,5623800
2025-08-11,1754919000,95.45,95.54,95.36,95.41,4920182
2025-08-12,1755005400,95.29,95.39,95.175,95.39,6727029
2025-08-13,1755091800,95.66,95.83,95.6447,95.73,5925164
2025-08-14,1755178200,95.57,95.595,95.35,95.42,5527457
2025-08-15,1755264600,95.38,95.44,95.17,95.23,7428568
2025-08-18,1755523800,95.295,95.305,95.05,95.14,9669701
2025-08-19,1755610200,95.28,95.42,95.27,95.38,6499330
2025-08-20,1755696600,95.375,95.605,95.36,95.52,6270926
2025-08-21,1755783000,95.39,95.435,95.1119,95.24,5351542
2025-08-22,1755869400,95.395,95.875,95.37,95.77,10867816
2025-08-25,1756128600,95.6,95.71,95.53,95.58,9936718
2025-08-26,1756215000,95.66,95.856,95.595,95.83,5871259
2025-08-27,1756301400,95.7,96.01,95.6414,96.01,5223249
2025-08-28,1756387800,95.98,96.23,95.935,96.23,6545073
2025-08-29,1756474200,96.12,96.23,96.03,96.15,6818939
2025-09-02,1756819800,95.46,95.625,95.4311,95.55,8623225
2025-09-03,1756906200,95.56,96.015,95.56,95.88,7586121
2025-09-04,1756992600,96.12,96.31,96,96.31,6395264
2025-09-05,1757079000,96.91,97.015,96.78,96.78,9566288
2025-09-08,1757338200,97.02,97.09,96.92,97.08,7599723
2025-09-09,1757424600,97.03,97.135,96.76,96.85,8223260
2025-09-10,1757511000,97.05,97.23,96.96,97.11,8864493
2025-09-11,1757597400,97.235,97.46,97.225,97.26,8554434
2025-09-12,1757683800,97.03,97.04,96.84,96.98,36502976
2025-09-15,1757943000,97.15,97.2154,97.095,97.14,4990170
2025-09-16,1758029400,97.15,97.29,97.1101,97.2,5848078
2025-09-17,1758115800,97.3,97.515,96.87,96.99,10701673
2025-09-18,1758202200,96.65,96.81,96.505,96.67,7589507
2025-09-19,1758288600,96.62,96.7,96.5,96.63,5528784
2025-09-22,1758547800,96.63,96.66,96.46,96.47,5282779
2025-09-23,1758634200,96.61,96.75,96.485,96.74,7077910
2025-09-24,1758720600,96.62,96.6271,96.4401,96.48,5419806
2025-09-25,1758807000,96.26,96.3174,96.095,96.27,6517524
2025-09-26,1758893400,96.25,96.43,96.1301,96.22,7295442
2025-09-29,1759152600,96.34,96.55,96.325,96.5,6357833
2025-09-30,1759239000,96.58,96.76,96.4201,96.46,9257812
2025-10-01,1759325400,96.56,96.625,96.335,96.49,8347312
2025-10-02,1759411800,96.45,96.65,96.385,96.59,9420929
2025-10-03,1759498200,96.595,96.64,96.3801,96.4,5154346
2025-10-06,1759757400,96.17,96.3356,96.11,96.12,6319630
2025-10-07,1759843800,96.24,96.49,96.18,96.36,5120243
2025-10-08,1759930200,96.54,96.56,96.32,96.38,5141866
2025-10-09,1760016600,96.29,96.355,96.226,96.31,7130649
2025-10-10,1760103000,96.645,97.015,96.57,96.91,10417700
2025-10-13,1760362200,96.9,96.985,96.78,96.96,5607641
2025-10-14,1760448600,97.06,97.24,96.98,97.21,7650640
2025-10-15,1760535000,97.205,97.33,97.015,97.1,7769455
2025-10-16,1760621400,97.02,97.59,97,97.55,11627164
2025-10-17,1760707800,97.46,97.4791,97.265,97.39,12491024
2025-10-20,1760967000,97.45,97.53,97.3701,97.52,10437930
2025-10-21,1761053400,97.69,97.77,97.63,97.7,7641969
2025-10-22,1761139800,97.65,97.77,97.5608,97.72,6523872
2025-10-23,1761226200,97.52,97.58,97.38,97.4,6138339
2025-10-24,1761312600,97.52,97.54,97.33,97.49,7555376
2025-10-27,1761571800,97.34,97.49,97.205,97.49,7272562
2025-10-28,1761658200,97.43,97.6291,97.43,97.58,5539644
2025-10-29,1761744600,97.53,97.53,96.9,96.95,11223261
2025-10-30,1761831000,96.67,96.96,96.65,96.81,8958961
2025-10-31,1761917400,96.87,96.95,96.7899,96.85,9739897
2025-11-03,1762180200,96.42,96.56,96.37,96.5,8012728
2025-11-04,1762266600,96.57,96.6715,96.545,96.62,6118993
2025-11-05,1762353000,96.45,96.47,96.13,96.16,11749244
2025-11-06,1762439400,96.52,96.72,96.51,96.65,7665059
2025-11-07,1762525800,96.56,96.86,96.55,96.69,11460285
2025-11-10,1762785000,96.565,96.65,96.51,96.56,9097469
2025-11-11,1762871400,96.81,96.89,96.725,96.86,4937742
2025-11-12,1762957800,96.81,96.95,96.775,96.88,7188206
2025-11-13,1763044200,96.65,96.8,96.6,96.6,46965594
2025-11-14,1763130600,96.88,96.9282,96.4201,96.44,11288457
2025-11-17,1763389800,96.54,96.62,96.49,96.55,6648754
2025-11-18,1763476200,96.84,96.93,96.57,96.71,8769024
2025-11-19,1763562600,96.81,96.86,96.6,96.64,13075930
2025-11-20,1763649000,96.74,96.945,96.695,96.87,9076414
2025-11-21,1763735400,97.19,97.23,97,97.19,12551122
2025-11-24,1763994600,97.29,97.3556,97.1814,97.34,6903895
2025-11-25,1764081000,97.44,97.6993,97.43,97.59,9193433
2025-11-26,1764167400,97.48,97.67,97.33,97.67,7747109
2025-11-28,1764340200,97.63,97.6499,97.39,97.5,7798022
2025-12-01,1764599400,96.772,96.835,96.6797,96.69,9898164
2025-12-02,1764685800,96.66,96.815,96.6,96.77,7317320
2025-12-03,1764772200,96.925,97.03,96.805,96.97,6855103
2025-12-04,1764858600,96.815,96.825,96.62,96.67,8929096
2025-12-05,1764945000,96.69,96.7,96.42,96.47,9118800
2025-12-08,1765204200,96.41,96.42,96.09,96.27,14728577
2025-12-09,1765290600,96.405,96.405,96.11,96.13,8509228
2025-12-10,1765377000,96.085,96.47,96.08,96.44,13356897
2025-12-11,1765463400,96.68,96.73,96.42,96.45,8673034
2025-12-12,1765549800,96.19,96.2726,96.17,96.19,8348936
2025-12-15,1765809000,96.41,96.505,96.2525,96.27,6117094
2025-12-16,1765895400,96.24,96.56,96.225,96.54,7456521
2025-12-17,1765981800,96.42,96.57,96.4,96.52,5673211
2025-12-18,1766068200,96.77,96.83,96.6401,96.77,7357582
2025-12-19,1766154600,96.3,96.3897,96.2003,96.24,5806622
2025-12-22,1766413800,96.16,96.185,96.08,96.14,4672875
2025-12-23,1766500200,95.93,96.13,95.88,96.1,5094032
2025-12-24,1766586600,96.22,96.365,96.1744,96.35,3967720
2025-12-26,1766759400,96.485,96.51,96.33,96.44,3491560
2025-12-29,1767018600,96.55,96.6,96.4501,96.58,5034750
2025-12-30,1767105000,96.44,96.56,96.4,96.48,4108645
2025-12-31,1767191400,96.34,96.465,96.15,96.16,6802186
2026-01-02,1767364200,96.285,96.29,96.07,96.08,6611758
2026-01-05,1767623400,96.225,96.38,96.17,96.37,8693438
2026-01-06,1767709800,96.25,96.32,96.1,96.3,12834157
2026-01-07,1767796200,96.515,96.55,96.3445,96.48,7990996
2026-01-08,1767882600,96.225,96.31,96.18,96.19,6931841
2026-01-09,1767969000,96.16,96.375,96.07,96.3,10277468
2026-01-12,1768228200,96.145,96.3,96.12,96.18,6360965
2026-01-13,1768314600,96.34,96.37,96.2,96.3,7622552
2026-01-14,1768401000,96.38,96.5958,96.37,96.5,7331256
2026-01-15,1768487400,96.505,96.52,96.28,96.3,6172797
2026-01-16,1768573800,96.23,96.255,95.91,95.93,11979391
2026-01-20,1768919400,95.595,95.72,95.53,95.55,13607731
2026-01-21,1769005800,95.655,95.84,95.5644,95.8,11969124
2026-01-22,1769092200,95.695,95.86,95.645,95.79,10209497
2026-01-23,1769178600,95.83,95.97,95.754278,95.95,8147517
2026-01-26,1769437800,96.1,96.155,96.0449,96.09,6803869
2026-01-27,1769524200,96.03,96.15,95.95,95.98,9857199
2026-01-28,1769610600,95.92,95.945,95.725,95.9,17032404
2026-01-29,1769697000,95.795,96.0861,95.78,96,11049404
2026-01-30,1769783400,95.99,96.055,95.91,95.94,8238456
2026-02-02,1770042600,95.67,95.7,95.435,95.44,8987366
2026-02-03,1770129000,95.385,95.57,95.37,95.53,7314131
2026-02-04,1770215400,95.45,95.605,95.41,95.51,7268703
2026-02-05,1770301800,95.8,96.1,95.705,96.07,12086792
2026-02-06,1770388200,96.115,96.13,95.9198,96.07,7759939
2026-02-09,1770647400,96.01,96.13,95.93,96.09,8165177
2026-02-10,1770733800,96.43,96.55,96.405,96.51,9752387
2026-02-11,1770820200,96.175,96.4497,96.155,96.24,9106648
2026-02-12,1770906600,96.4,96.85,96.385,96.83,13099865
2026-02-13,1770993000,97.12,97.2551,97.09,97.21,11681536
2026-02-17,1771338600,97.25,97.31,97.1512,97.2,8623799
2026-02-18,1771425000,97.025,97.0889,96.97,97,7779172
2026-02-19,1771511400,96.96,97.14,96.94,97.09,4993144
2026-02-20,1771597800,97.13,97.14,96.89,97.09,11200201
2026-02-23,1771857000,97.17,97.529,97.17,97.44,9862912
2026-02-24,1771943400,97.435,97.475,97.3313,97.42,9493612
2026-02-25,1772029800,97.27,97.42,97.265,97.34,8762719
2026-02-26,1772116200,97.42,97.6,97.42,97.6,8177468
2026-02-27,1772202600,97.88,98.045,97.8301,97.99,9970278
2026-03-02,1772461800,97.38,97.39,96.95,97.12,17709623
2026-03-03,1772548200,96.665,97.15,96.64,97.01,13708502
2026-03-04,1772634600,96.97,96.985,96.79,96.81,12535824
2026-03-05,1772721000,96.45,96.5801,96.39,96.51,12599734
2026-03-06,1772807400,96.22,96.735,96.165,96.45,12758205
2026-03-09,1773063000,96.355,96.8,96.25,96.75,12134392
2026-03-10,1773149400,96.695,96.77,96.4139,96.44,10571587
2026-03-11,1773235800,96.255,96.305,95.975,96,12198450
2026-03-12,1773322200,95.845,95.98,95.585,95.69,11401448
2026-03-13,1773408600,95.84,95.925,95.545,95.59,11839931
2026-03-16,1773667800,95.98,96.06,95.865,96.02,9092149
2026-03-17,1773754200,96.17,96.2796,96.13,96.19,7209667
2026-03-18,1773840600,96.05,96.1155,95.73,95.75,13049006
2026-03-19,1773927000,95.49,95.875,95.48,95.74,18464915
2026-03-20,1774013400,95.31,95.335,94.845,94.88,20761895
2026-03-23,1774272600,95,95.43,94.885,95.18,28336254
2026-03-24,1774359000,94.785,95.08,94.62,94.86,19785626
2026-03-25,1774445400,95.29,95.395,95.135,95.36,15939217
2026-03-26,1774531800,95.01,95.125,94.59,94.59,12897348
2026-03-27,1774618200,94.37,94.78,94.355,94.6,11402036
2026-03-30,1774877400,95.2,95.39,95.13,95.27,15429992
2026-03-31,1774963800,95.535,95.675,95.35,95.44,18649729
2026-04-01,1775050200,95.08,95.29,95.015,95.04,13557575
2026-04-02,1775136600,95.025,95.385,95.01,95.26,13171749
2026-04-06,1775482200,95,95.17558,94.913459,95.01,6104924
2026-04-07,1775568600,95.07,95.29,94.76,95.25,6737450
2026-04-08,1775655000,95.72,95.73,95.37,95.46,12107440
2026-04-09,1775741400,95.37,95.65,95.225,95.43,11066061
2026-04-10,1775827800,95.43,95.46,95.255,95.27,4404823
2026-04-13,1776087000,95.27,95.49,95.1701,95.48,4300301
2026-04-14,1776173400,95.435,95.8,95.4104,95.79,5239765
2026-04-15,1776259800,95.69,95.7,95.5008,95.58,5593167
2026-04-16,1776346200,95.67,95.695,95.375,95.41,6619043
2026-04-17,1776432600,95.885,96.0498,95.835,95.93,6913071
2026-04-20,1776691800,95.91,95.92,95.71,95.84,3868869
2026-04-21,1776778200,95.69,95.75,95.41,95.42,4873035
2026-04-22,1776864600,95.68,95.71,95.5,95.52,4121468
2026-04-23,1776951000,95.56,95.63,95.185,95.37,6795570
2026-04-24,1777037400,95.29,95.59,95.21,95.56,5490005
2026-04-27,1777296600,95.42,95.53,95.275,95.34,4055522
2026-04-28,1777383000,95.19,95.27,95.11,95.25,4867691
2026-04-29,1777469400,95.025,95.03,94.695,94.81,7200336
2026-04-30,1777555800,95.04,95.0886,94.865,94.98,10382431
2026-05-01,1777642200,94.69,95.04,94.6225,94.74,5359321
2026-05-04,1777901400,94.585,94.6,94.22,94.39,6594298
2026-05-05,1777987800,94.5,94.64,94.47,94.53,11281931
2026-05-06,1778074200,94.93,95.03,94.86,95,9031176
2026-05-07,1778160600,95.18,95.18,94.685,94.71,5610063
2026-05-08,1778247000,95.04,95.09,94.92,94.96,3215112
2026-05-11,1778506200,94.86,94.879,94.635,94.64,4025428
2026-05-12,1778592600,94.415,94.43,94.3,94.32,5686742
2026-05-13,1778679000,94.295,94.375,94.11,94.32,3459151
2026-05-14,1778765400,94.54,94.56,94.245,94.26,5167327
2026-05-15,1778851800,93.72,93.75,93.49,93.51,12498686
2026-05-18,1779111000,93.62,93.7482,93.3449,93.47,8422904
2026-05-19,1779197400,93.13,93.27,92.945,93.11,10069810
2026-05-20,1779283800,93.17,93.805,93.15,93.74,14892730
2026-05-21,1779370200,93.47,93.835,93.305,93.8,7762270
2026-05-22,1779456600,93.96,93.99,93.63,93.88,6322608
2026-05-26,1779802200,94.34,94.35,94.13,94.28,5494478
2026-05-27,1779888600,94.345,94.48,94.2924,94.32,5959162
2026-05-28,1779975000,94.345,94.67,94.285,94.54,5938370
2026-05-29,1780061400,94.64,94.74,94.53,94.65,9639851
2026-06-01,1780320600,93.91,94.2,93.805,94.17,8054119
2026-06-02,1780407000,94.33,94.33,94.16,94.24,15426562
2026-06-03,1780493400,93.99,94.1,93.905,94,7056524
2026-06-04,1780579800,94.2,94.28,94.09,94.12,4417855
2026-06-05,1780666200,93.705,93.79,93.59,93.62,9881047
2026-06-08,1780925400,93.8,93.86,93.52,93.52,5352247
2026-06-09,1781011800,93.71,93.845,93.61,93.78,8007261
2026-06-10,1781098200,93.82,93.8999,93.595,93.69,5804851
2026-06-11,1781184600,93.805,94.38,93.75,94.34,11281600
2026-06-12,1781271000,94.16,94.27,94.015,94.18,8863580
2026-06-15,1781530200,94.385,94.47,94.26,94.28,3787573
2026-06-16,1781616600,94.375,94.62,94.35,94.52,4675051
2026-06-17,1781703000,94.53,94.58,94.01,94.02,11508273
2026-06-18,1781789400,94.43,94.6,94.33,94.36,6836463
2026-06-22,1782135000,94.11,94.13,93.97,94,4572484
2026-06-23,1782221400,94.16,94.255,94.09,94.12,6504621
2026-06-24,1782307800,94.565,94.78,94.555,94.73,5179932
2026-06-25,1782394200,94.86,95.015,94.78,94.79,5630588
2026-06-26,1782480600,94.83,95.08,94.83,95.03,5584092
2026-06-29,1782739800,94.98,95.07,94.93,95.06,5901720
2026-06-30,1782826200,94.88,94.9001,94.545,94.57,8033987
2026-07-01,1782912600,94.04,94.2,93.995,94.03,7890454
2026-07-02,1782999000,94.09,94.26,94.03,94.12,7607169
2026-07-06,1783344600,94.14,94.19,94.03,94.18,4600672
2026-07-07,1783431000,94,94.02,93.685,93.7,5813600
2026-07-08,1783517400,93.53,93.59,93.355,93.51,5509647
2026-07-09,1783603800,93.59,93.8466,93.59,93.71,3223115
2026-07-10,1783690200,93.74,93.78,93.585,93.63,6507727
2026-07-13,1783949400,93.5,93.52,93.261,93.29,5769743
2026-07-14,1784035800,93.6,93.785,93.46,93.55,5316003
2026-07-15,1784122200,93.64,93.87,93.64,93.78,6735459
2026-07-16,1784208600,93.58,93.75,93.542949,93.72,4841182
2026-07-17,1784295000,93.96,94.095,93.82,93.84,7561338
2026-07-20,1784554200,93.74,93.7561,93.44,93.54,3784797
2026-07-21,1784640600,93.4,93.415,93.255,93.31,2786214
2026-07-22,1784727000,93.275,93.286,93.08,93.1,3428453
2026-07-23,1784813400,92.8,92.9,92.76,92.85,5002401
2026-07-24,1784899800,92.985,93.2175,92.94,93.03,5092967
2026-07-27,1785159000,93.21,93.35,93.135,93.28,4046604
2026-07-28,1785245400,93.37,93.66,93.37,93.56,3322880
2026-07-29,1785331800,93.405,93.53,93.16,93.17,5392562
2026-07-30,1785418200,93.24,93.315,93.115,93.21,3974512
2026-07-31,1785504600,92.98,92.98,92.73,92.95,8490117
2026-08-03,1785763800,92.8,92.87,92.69,92.82,5758516
2026-08-04,1785850200,93.15,93.266202,93.1007,93.25,5461578
2026-08-05,1785936600,93.21,93.33,93.131,93.31,5609290
2026-08-06,1786023000,93.155,93.185,92.9,92.95,4831958
2026-08-07,1786109400,93.29,93.32,93.06,93.17,55016639
2026-08-10,1786368600,92.96,92.975,92.76,92.76,8610148
2026-08-11,1786455000,92.945,93.045,92.87,92.87,5052210
2026-08-12,1786541400,93.145,93.16,92.93,92.96,4810392
2026-08-13,1786627800,93.31,93.51,93.275,93.3,7637959
2026-08-14,1786714200,93.29,93.3297,93,93.04,4660177
2026-08-17,1786973400,92.96,93.04,92.83,92.84,4755354
2026-08-18,1787059800,92.8,93.0053,92.715,92.93,6312590
2026-08-19,1787146200,93.345,93.39,93.115,93.38,7762324
2026-08-20,1787232600,92.995,93.165,92.9208,93,4957156
2026-08-21,1787319000,92.945,92.9699,92.765,92.82,4509275
2026-08-24,1787578200,92.945,93.14,92.94,93.01,5809982
2026-08-25,1787664600,93.305,93.535,93.26,93.51,7753779
2026-08-26,1787751000,93.335,93.3599,93.23,93.32,5672108
2026-08-27,1787837400,93.31,93.37,93.16,93.23,10556986
2026-08-28,1787923800,93.18,93.4,92.82,92.85,8009618
2026-08-31,1788183000,92.75,92.75,92.6202,92.74,8141101
2026-09-01,1788269400,92.185,92.37,92.0701,92.1,8032799
2026-09-02,1788355800,92.165,92.2,92.035,92.18,6076168
2026-09-03,1788442200,92.48,92.485,92.27,92.28,7195158
2026-09-04,1788528600,92.26,92.4,92.22,92.25,3012667
2026-09-08,1788874200,92.29,92.29,92.04,92.16,3481451
2026-09-09,1788960600,92.0901,92.16,91.78,91.895,5442067
2026-09-10,1789047000,91.37,91.475,91.11,91.18,9841964
2026-09-11,1789133400,91.33,91.42,90.98,91.01,8728985
2026-09-14,1789392600,90.94,91.25,90.754376,90.93,8885770
2026-09-15,1789479000,90.84,90.92,90.75,90.82,9404794
2026-09-16,1789565400,90.995,91.275,90.7001,90.73,13145322
2026-09-17,1789651800,91.17,91.26,91.09,91.25,8138223
2026-09-18,1789738200,90.94,90.94,90.79,90.8,6722508
2026-09-21,1789997400,91.12,91.165,91.01,91.15,8833517
2026-09-22,1790083800,91.18,91.25,90.97,91.16,8941429
2026-09-23,1790170200,90.96,90.97,89.99,90.19,14506065
2026-09-24,1790256600,90.275,90.335,89.69,89.69,11010357
2026-09-25,1790343000,89.79,90.02,89.54,90,17323490
2026-09-28,1790602200,89.52,89.685,89.29,89.53,11367342
2026-09-29,1790688600,89.495,89.504391,89.185,89.45,12709424
2026-09-30,1790775000,89.575,89.589,89.15,89.31,14324449
2026-10-01,1790865000,88.79000091552734,89.5,88.63999938964844,89.30000305175781,13505900.0
2026-10-02,1790951400,89.5199966430664,89.62999725341797,88.94999694824219,89.05000305175781,16934100.0
2026-10-05,1791210600,88.95999908447266,89.02999877929688,88.69000244140625,88.91999816894531,11069400.0
2026-10-06,1791297000,89.06999969482422,89.27999877929688,88.98999786376953,89.12999725341797,12126100.0
2026-10-07,1791383400,88.68000030517578,89.22000122070312,88.66000366210938,89.11000061035156,9142300.0
2026-10-08,1791469800,89.06999969482422,89.48999786376953,88.93000030517578,89.44999694824219,10340900.0
