date,t,o,h,l,c,v
2006-11-13,1163428200,138.17999,139.03999,138.07001,138.58,59403504
2006-11-14,1163514600,138.97,139.74001,138.12,139.62,96704192
2006-11-15,1163601000,139.57001,140.45,139.53,140.02,76518192
2006-11-16,1163687400,140.44,140.67999,139.49001,140.38,76740128
2006-11-17,1163773800,139.92999,140.42999,139.73,140.42,56357296
2006-11-20,1164033000,140.3,140.74001,139.94099,140.5,69185504
2006-11-21,1164119400,140.49001,140.67,140.28999,140.64,51371392
2006-11-22,1164205800,140.75,141.16,140.5,140.92,45508704
2006-11-24,1164378600,140.24001,140.84,140.2,140.35001,30998192
2006-11-27,1164637800,140.28,140.35001,138.38,138.42,84547376
2006-11-28,1164724200,138.24001,139.16,138.11,139.02,106667680
2006-11-29,1164810600,139.47,140.53,139.08279,140.47,91542000
2006-11-30,1164897000,140.44,141.05,139.75999,140.53,83997680
2006-12-01,1164983400,140.53,140.66,138.97,140.22,126156688
2006-12-04,1165242600,140.25,141.55,140.23,141.28999,87814496
2006-12-05,1165329000,141.56,141.96001,141.25999,141.89999,73380688
2006-12-06,1165415400,141.87,142.07001,141.5,141.78,53324000
2006-12-07,1165501800,142.03,142.3,141.11,141.16,62850304
2006-12-08,1165588200,141.13,141.89999,140.78,141.42,79624624
2006-12-11,1165847400,141.42,142.09,141.34,141.83,39779296
2006-12-12,1165933800,141.69,141.87,140.89,141.72,77453504
2006-12-13,1166020200,142.23,142.34,141.56,141.87,55568400
2006-12-14,1166106600,141.86,143.24001,141.84,143.12,64779200
2006-12-15,1166193000,142.64,142.89,142.24001,142.34,70858816
2006-12-18,1166452200,142.53999,142.88,141.75,141.95,48956800
2006-12-19,1166538600,141.55,142.56,141.19,142.22,65077504
2006-12-20,1166625000,142.28,142.66,142.00999,142.14,41473200
2006-12-21,1166711400,142.27,142.42999,141.32001,141.62,48698400
2006-12-22,1166797800,141.64,141.64999,140.67,140.75,62073200
2006-12-26,1167143400,140.81,141.61,140.78,141.58,32697600
2006-12-27,1167229800,141.87,142.60001,141.83,142.50999,39732496
2006-12-28,1167316200,142.41,142.7,141.99001,142.21001,37291104
2006-12-29,1167402600,142.10001,142.53999,141.42999,141.62,45466704
2007-01-03,1167834600,142.25,142.86,140.57001,141.37,94808496
2007-01-04,1167921000,141.23,142.05,140.61,141.67,69634624
2007-01-05,1168007400,141.33,141.39999,140.38,140.53999,76688880
2007-01-08,1168266600,140.82001,141.41,140.25,141.19,69655808
2007-01-09,1168353000,141.31,141.60001,140.39999,141.07001,75681120
2007-01-10,1168439400,140.58,141.57001,140.3,141.53999,72447376
2007-01-11,1168525800,141.56,142.62,141.5,142.16,55532496
2007-01-12,1168612200,142.12,143.24001,142.11,143.24001,57631200
2007-01-16,1168957800,143.07001,143.44,142.73,142.96001,44988304
2007-01-17,1169044200,142.85001,143.46001,142.73,143.02,51597008
2007-01-18,1169130600,143.17,143.25999,142.31,142.53999,68234368
2007-01-19,1169217000,142.53999,143.10001,142.46001,142.82001,56983904
2007-01-22,1169476200,143.07001,143.10001,141.92999,142.38,60261696
2007-01-23,1169562600,142.25999,143.08,142.06,142.8,54077200
2007-01-24,1169649000,142.97,143.98,142.91,143.95,56469392
2007-01-25,1169735400,143.84,143.92,142.00999,142.25999,73607312
2007-01-26,1169821800,142.57001,142.64999,141.58,142.16,74585632
2007-01-29,1170081000,142.19,142.8,141.74001,142.05,66216000
2007-01-30,1170167400,142.35001,142.86,142.06,142.78999,70410624
2007-01-31,1170253800,142.63,144.13,142.39999,143.75,91887872
2007-02-01,1170340200,144.14999,144.66,143.91,144.61,69316128
2007-02-02,1170426600,144.73,144.95,144.38,144.81,49607696
2007-02-05,1170685800,144.7,144.94,144.34,144.85001,45735200
2007-02-06,1170772200,144.97,145.03,144.33,144.89,57082192
2007-02-07,1170858600,145.12,145.36,144.57001,145.21001,55694192
2007-02-08,1170945000,144.78,145.12,144.27,145.02,70646000
2007-02-09,1171031400,145.06,145.33,143.39,143.94,79084880
2007-02-12,1171290600,143.94,144.03999,143.19,143.45,65657056
2007-02-13,1171377000,143.77,144.89999,143.75999,144.66,64107072
2007-02-14,1171463400,144.8,145.89999,144.78,145.61,66062368
2007-02-15,1171549800,145.67,145.95,145.42999,145.8,38721696
2007-02-16,1171636200,145.44,145.75999,145.23,145.73,39842800
2007-02-20,1171981800,145.56,146.2,144.06,146.03999,56923904
2007-02-21,1172068200,145.61,146.07001,145.35001,145.98,63973392
2007-02-22,1172154600,146.05,146.42,145.17,145.87,79079680
2007-02-23,1172241000,145.74001,145.78999,144.75,145.3,71971376
2007-02-26,1172500200,145.83,145.95,144.75,145.17,70074752
2007-02-27,1172586600,143.88,144.2,139,139.5,274909952
2007-02-28,1172673000,140.39,141.98,139.8,140.92999,177549680
2007-03-01,1172759400,139.34,141.25,138.05,140.50999,212841120
2007-03-02,1172845800,140.05,140.66,138.66,138.67,162600320
2007-03-05,1173105000,137.92999,139.58,137.33,137.35001,144137008
2007-03-06,1173191400,138.78,140.12,137.717,139.7,143379312
2007-03-07,1173277800,139.59,140.46001,139.39999,139.56,115224496
2007-03-08,1173364200,140.53999,141.16,140.07001,140.74001,117892256
2007-03-09,1173450600,141.31,141.42,140.08,140.78,107765632
2007-03-12,1173706200,140.42,141.34,140.16,140.99001,80371808
2007-03-13,1173792600,140.17999,140.77,138.03999,138.25,190080624
2007-03-14,1173879000,138.42999,139.36,136.75,139.28,231826880
2007-03-15,1173965400,138.97,139.99001,138.8,139.47,132413680
2007-03-16,1174051800,139.31,139.63,138.12,138.53,122046192
2007-03-19,1174311000,139.25999,140.33,138.5466,140.2,96213120
2007-03-20,1174397400,140.08,141.05,139.96001,140.97,83351248
2007-03-21,1174483800,141.10001,143.64999,140.82001,143.28999,153296944
2007-03-22,1174570200,143.48,143.67999,142.78999,143.17999,118950624
2007-03-23,1174656600,143.28,143.81,143.14999,143.39,74425744
2007-03-26,1174915800,143.5,143.64999,142.09,143.2,113811504
2007-03-27,1175002200,143.12,143.16,142.39,142.86,100535184
2007-03-28,1175088600,142.14,142.47,141.25999,141.82001,152962064
2007-03-29,1175175000,142.53999,142.61,141.19,141.97,139480064
2007-03-30,1175261400,142.24001,142.84,140.56,142,128208496
2007-04-02,1175520600,142.16,142.46001,140.89,142.16,79428368
2007-04-03,1175607000,142.97,143.98,142.91,143.69,82499312
2007-04-04,1175693400,143.69,143.95,143.16,143.85001,64006528
2007-04-05,1175779800,143.67,144.44,143.61,144.24001,46843232
2007-04-09,1176125400,144.64999,144.8,144.14999,144.44,51137744
2007-04-10,1176211800,144.33,144.85001,144.27,144.61,56632064
2007-04-11,1176298200,144.82001,144.86,143.53999,144.02,106552256
2007-04-12,1176384600,143.74001,144.92,143.34,144.66,116447120
2007-04-13,1176471000,144.89999,145.32001,144.36,145.32001,85181568
2007-04-16,1176730200,145.83,146.86,145.82001,146.7,83206816
2007-04-17,1176816600,146.97,147.39999,146.64999,147.09,108442368
2007-04-18,1176903000,146.60001,147.7,146.57001,147.27,88348256
2007-04-19,1176989400,146.55,147.39999,146.36,147.23,103342944
2007-04-20,1177075800,148.22,148.62,147.0439,148.62,124128320
2007-04-23,1177335000,148.37,148.73,147.97,148.06,77569312
2007-04-24,1177421400,148.23,148.39999,147.32001,148.12,114473504
2007-04-25,1177507800,148.73,149.66,148.0233,149.48,109158944
2007-04-26,1177594200,149.49001,149.8,149.10001,149.64999,88749440
2007-04-27,1177680600,149.09,149.74001,148.84,149.53,108191744
2007-04-30,1177939800,149.64,149.74001,148.21001,148.28999,101012752
2007-05-01,1178026200,148.42,149.47,147.67,148.67,134434624
2007-05-02,1178112600,148.89999,149.95,148.75,149.53999,87181808
2007-05-03,1178199000,149.97,150.39999,149.05,150.35001,87844064
2007-05-04,1178285400,150.75,151.12,150.22,150.92,96412256
2007-05-07,1178544600,150.88,151.2,150.81,150.95,63688656
2007-05-08,1178631000,150.58,150.92,150.13,150.75,81533936
2007-05-09,1178717400,150.64,152.82001,150.37,151.16,102947872
2007-05-10,1178803800,150.73,151.02,149.27,149.58,153698560
2007-05-11,1178890200,149.75,150.92999,149.72,150.86,113413120
2007-05-14,1179149400,150.86,151.3,149.78999,150.53,108062320
2007-05-15,1179235800,150.7,151.66499,150.19,150.57001,180931808
2007-05-16,1179322200,150.8,151.63,150.38,151.60001,114667008
2007-05-17,1179408600,151.38,151.96001,151.11,151.3,101566000
2007-05-18,1179495000,152.00999,152.62,151.81,152.62,99182256
2007-05-21,1179754200,152.58,153.23,152.4993,152.53999,174706432
2007-05-22,1179840600,152.7,153.16,152.38,152.42,82254320
2007-05-23,1179927000,152.95,153.5,152.36,152.44,133950624
2007-05-24,1180013400,152.53,153.21001,150.74001,151.06,187770320
2007-05-25,1180099800,151.49001,152.02,151.17999,151.69,83309120
2007-05-29,1180445400,151.94,152.5,151.45,152.24001,83960816
2007-05-30,1180531800,151.46001,153.53999,151.34,153.48,131273376
2007-05-31,1180618200,153.66,153.89,153.12,153.32001,115777808
2007-06-01,1180704600,153.88,154.39999,153.50999,154.08,107774432
2007-06-04,1180963800,153.53999,154.39,153.48,154.10001,78047568
2007-06-05,1181050200,153.74001,153.89999,152.86,153.49001,127943056
2007-06-06,1181136600,152.91,152.95,151.75,151.84,164138128
2007-06-07,1181223000,151.56,152.5,149.06,149.10001,232486192
2007-06-08,1181309400,149.5,151.19,149.09,151.03999,176982320
2007-06-11,1181568600,150.92999,151.95,150.7,151.3,102527504
2007-06-12,1181655000,150.67,151.53999,149.55,149.64999,235736560
2007-06-13,1181741400,150.5,152.07001,149.722,151.89,193250624
2007-06-14,1181827800,152.06,153.12,152.03,152.86,146645312
2007-06-15,1181914200,153.14,153.66,152.92999,153.07001,154416368
2007-06-18,1182173400,153.38,153.39,152.66,152.89,88635680
2007-06-19,1182259800,152.55,153.38,152.36,153.27,111117440
2007-06-20,1182346200,153.58,153.58,150.96001,151.14,177234432
2007-06-21,1182432600,151.08,152.11,150.25,151.98,205265680
2007-06-22,1182519000,151.52,151.77,149.85001,150.55,205153120
2007-06-25,1182778200,150.24001,151.25,149.02,149.83,232036432
2007-06-26,1182864600,150.21001,150.46001,148.28,148.28999,198318256
2007-06-27,1182951000,148.13,150.57001,148.06,150.39999,209169056
2007-06-28,1183037400,150.38,151.41,149.67,150.38,157701504
2007-06-29,1183123800,150.89999,151.64999,149.14999,150.42999,199697632
2007-07-02,1183383000,150.87,151.92,150.77,151.78999,103352000
2007-07-03,1183469400,152.17999,152.5,151.99001,152.34,54047488
2007-07-05,1183642200,152.39999,152.56,151.63,152.17999,89254432
2007-07-06,1183728600,152.38,153.17,151.92999,152.98,81106368
2007-07-09,1183987800,153.16,153.36,152.62,153,72343568
2007-07-10,1184074200,152.28999,152.61,150.77,150.92,180356128
2007-07-11,1184160600,150.75,152.05,150.52,151.99001,175533632
2007-07-12,1184247000,152.37,154.75,152.34,154.39,133863120
2007-07-13,1184333400,154.57001,155.46001,154.39,154.85001,111793872
2007-07-16,1184592600,154.99001,155.53,154.58,154.83,98370368
2007-07-17,1184679000,154.92999,156,154.67999,154.75,126120752
2007-07-18,1184765400,154.23,154.8,153.3,154.47,237719120
2007-07-19,1184851800,155.2,155.53,154.75,155.07001,145213120
2007-07-20,1184938200,154.89,155.2484,152.28999,153.5,245501872
2007-07-23,1185197400,154.17999,154.72,153.3,153.97,121181808
2007-07-24,1185283800,153.12,154.28,150.75999,151.3,256825632
2007-07-25,1185370200,152.02,152.39,150.25,151.61,265201056
2007-07-26,1185456600,150.19,150.8,146.39,148.02,467454208
2007-07-27,1185543000,148.21001,148.87,145.05,145.11,422916864
2007-07-30,1185802200,145.92999,147.81,145.28999,147.38,282213376
2007-07-31,1185888600,148.33,149.46001,145.03999,145.72,316607488
2007-08-01,1185975000,145.17999,147.00999,143.95,146.42999,467658496
2007-08-02,1186061400,146.75999,147.75999,145.25999,147.60001,294674176
2007-08-03,1186147800,147.28,147.58,143.2,143.8,359378688
2007-08-06,1186407000,144.21001,146.83,142.53,146.21001,324726272
2007-08-07,1186493400,145.94,149,145.23,147.77,280677376
2007-08-08,1186579800,148.41,150.59,147.34,149.83,274739968
2007-08-09,1186666200,147.42999,149.95,145.28999,145.39,357626368
2007-08-10,1186752600,144.39,146.5,143.12,144.71001,411013376
2007-08-13,1187011800,146.5,146.89,145.02,145.23,181944192
2007-08-14,1187098200,145.7,146.06,142.72,143.00999,264096560
2007-08-15,1187184600,142.72,144.46001,140.62,141.03999,323735040
2007-08-16,1187271000,139.78999,142.94,137,142.10001,546451200
2007-08-17,1187357400,145.5,148.35001,141.386,144.71001,388157184
2007-08-20,1187616600,145.17,145.47,143.28999,144.64,187079936
2007-08-21,1187703000,144.60001,145.97,144.14,144.92999,157000816
2007-08-22,1187789400,146.00999,146.8,145.33,146.64999,172226192
2007-08-23,1187875800,147.34,147.64999,145.61,146.52,203853744
2007-08-24,1187962200,146.48,148.33,146.28,148.33,128886256
2007-08-27,1188221400,147.85001,148.33,146.73,146.95,112992128
2007-08-28,1188307800,146.16,146.25,143.46001,143.72,219626128
2007-08-29,1188394200,144.37,146.74001,143.96001,146.53999,207614496
2007-08-30,1188480600,145.45,147.19,145.31,146.14999,191681632
2007-08-31,1188567000,147.64999,148.5,146.83,147.59,185474624
2007-09-04,1188912600,147.45,149.98,147.39999,149.08,120054688
2007-09-05,1188999000,148.2,148.36,147,147.78999,166256624
2007-09-06,1189085400,147.95,148.61,147.12,148.13,127860432
2007-09-07,1189171800,146.48,146.89,145.25999,146.07001,235429056
2007-09-10,1189431000,146.52,146.72,144.33,145.78999,192354688
2007-09-11,1189517400,146.24001,147.7,146.13,147.49001,162048256
2007-09-12,1189603800,147.28999,148.44,146.98,147.87,149577680
2007-09-13,1189690200,148.55,149.45,148.2,148.91,153905248
2007-09-14,1189776600,147.96001,149.09,147.74001,148.89999,121903056
2007-09-17,1190035800,148.31,148.8905,147.63,148.10001,109853056
2007-09-18,1190122200,148.83,152.5,148.13409,152.46001,263372816
2007-09-19,1190208600,153.41,154.39,148.10001,153.36,193766752
2007-09-20,1190295000,153.34,153.42999,152.11,152.28,175178752
2007-09-21,1190381400,152.71001,153.11771,151.74001,151.97,141459312
2007-09-24,1190640600,152.42,152.82001,151.36,151.69,139314944
2007-09-25,1190727000,150.81,151.66,150.47,151.39,142289568
2007-09-26,1190813400,152.25,152.77,151.39,152.19,135546944
2007-09-27,1190899800,152.91,153.10001,152.19,153.09,102704064
2007-09-28,1190986200,152.85001,153.19,151.98,152.58,133367008
2007-10-01,1191245400,152.60001,154.75,152.5,154.3,148120256
2007-10-02,1191331800,154.61,154.64999,153.81,154.09,112689008
2007-10-03,1191418200,153.81,154.41,153.00999,153.78,119037872
2007-10-04,1191504600,154.11,154.25999,153.59,154.02,76764944
2007-10-05,1191591000,155.03,156.10001,154.63,155.85001,134583008
2007-10-08,1191850200,155.39,155.49001,154.77,155.02,71270128
2007-10-09,1191936600,155.60001,156.5,155.03,156.48,94001120
2007-10-10,1192023000,156.03999,156.44,155.41,156.22,101668560
2007-10-11,1192109400,156.92999,157.52,154.53999,155.47,233513568
2007-10-12,1192195800,155.46001,156.35001,155.27,156.33,124539376
2007-10-15,1192455000,156.27,156.36,153.94,155.00999,161094752
2007-10-16,1192541400,154.41,156.48,153.47,153.78,166428752
2007-10-17,1192627800,154.98,155.09,152.47,154.25,216672560
2007-10-18,1192714200,153.45,154.19,153.08,153.69,148428368
2007-10-19,1192800600,153.09,156.48,149.66,149.67,297148672
2007-10-22,1193059800,148.86,150.75999,148.66,150.53999,261945376
2007-10-23,1193146200,151.46001,151.95,150.25,151.75999,179986432
2007-10-24,1193232600,151.21001,151.74001,148,151.48,326582016
2007-10-25,1193319000,151.64999,152.28999,149.88,151.84,237346064
2007-10-26,1193405400,153.06,153.62,151.89999,153.62,176488496
2007-10-29,1193664600,153.92999,154.44,153.55,154.13,106819248
2007-10-30,1193751000,153.45,153.75,152.87,153.06,132970816
2007-10-31,1193837400,153.98,155.27,152.84,154.64999,220927568
2007-11-01,1193923800,153.28999,153.41,150.59,151.03,332966400
2007-11-02,1194010200,151.53,152,149.21001,151.2,331219456
2007-11-05,1194273000,149.64,151.16,148,150.05,226765936
2007-11-06,1194359400,150.86,152.11,149.89999,152.07001,177729632
2007-11-07,1194445800,150.44,152.10719,147.55,147.91,306449152
2007-11-08,1194532200,147.99001,149.3,145.07001,147.16,374404352
2007-11-09,1194618600,145.69,147.53999,144.89,145.14,277731328
2007-11-12,1194877800,145.21001,146.61,143.7,143.7,243016816
2007-11-13,1194964200,145.37,148.31,145.22,148.08,191073376
2007-11-14,1195050600,149.22,149.39999,146.78,147.67,230524880
2007-11-15,1195137000,146.57001,147.49001,144.52,145.53999,263051680
2007-11-16,1195223400,146.31,146.47,144.57001,145.78999,308757248
2007-11-19,1195482600,145.28,145.36,143.19,143.75999,267712624
2007-11-20,1195569000,144.02,145.53,142.11,144.64,414724608
2007-11-21,1195655400,143.08,143.91,141.67,141.67999,259160320
2007-11-23,1195828200,143.07001,144.34,142.7,144.13,77684624
2007-11-26,1196087400,144.42999,144.88,140.66,140.95,214165440
2007-11-27,1196173800,141.74001,143.23,140.95,142.57001,293832192
2007-11-28,1196260200,144.19,147.47,144.14,147.13,259068752
2007-11-29,1196346600,146.62,147.72,146.10001,147.17999,199180560
2007-11-30,1196433000,149.03999,149.87,147.33,148.66,222886496
2007-12-03,1196692200,148.19,148.45,147.28999,147.67999,145927872
2007-12-04,1196778600,146.66,147.54089,146.31,146.36,136528560
2007-12-05,1196865000,147.92999,149.2,147.83,148.81,171036688
2007-12-06,1196951400,148.63,151.21001,148.57001,150.94,154542560
2007-12-07,1197037800,151.42,151.5,150.55,150.91,148980064
2007-12-10,1197297000,151.28,152.25,150.86,152.08,123914368
2007-12-11,1197383400,152.14,152.89,147.83,147.91,250346368
2007-12-12,1197469800,151.06,151.77,147.2,149.37,322435584
2007-12-13,1197556200,148.32001,149.39,147.3,149.06,237607056
2007-12-14,1197642600,147.92999,149.10001,147.10001,147.17,159152880
2007-12-17,1197901800,146.61,146.87,144.86,145.07001,177269312
2007-12-18,1197988200,146.10001,146.48,143.96001,145.88,245569248
2007-12-19,1198074600,145.94,146.89,144.94,145.88,198917120
2007-12-20,1198161000,146.84,146.86,145.17999,146.8,214813744
2007-12-21,1198247400,147.37,148.42,147.09,148.13,146090320
2007-12-24,1198506600,148.82001,149.48,148.48,149.23,45601328
2007-12-26,1198679400,148.64999,149.67999,148.5,149.55,67118064
2007-12-27,1198765800,149.02,149.03,147.32001,147.67,122981680
2007-12-28,1198852200,148.53999,148.61,146.89999,147.3,116398064
2007-12-31,1199111400,147.10001,147.6062,146.06,146.21001,108126752
2008-01-02,1199284200,146.53,146.99001,143.88,144.92999,204935504
2008-01-03,1199370600,144.91,145.49001,144.07001,144.86,125133248
2008-01-04,1199457000,143.34,143.44,140.91,141.31,232330816
2008-01-07,1199716200,141.81,142.23,140.10001,141.19,234990944
2008-01-08,1199802600,142.08,142.89999,138.44,138.91,326366720
2008-01-09,1199889000,139.09,140.78999,137.7,140.37,301910784
2008-01-10,1199975400,139.67999,142.8,139.37,141.28999,335701248
2008-01-11,1200061800,140.78,141.8985,139,140.14999,267076560
2008-01-14,1200321000,141.16,141.86,140.39999,141.28,170365632
2008-01-15,1200407400,139.78999,141.4903,137.89999,138.17,240456496
2008-01-16,1200493800,137.36,139.12,136.28,136.98,378956032
2008-01-17,1200580200,137.81,137.88,132.92999,133.42999,398404864
2008-01-18,1200666600,134.74001,135.02,131.10001,132.06,348561408
2008-01-22,1201012200,127.21001,132.42661,126,130.72,435925248
2008-01-23,1201098600,127.09,134.19,126.84,133.86,511912960
2008-01-24,1201185000,134.48,135.46001,133.31,134.99001,259949248
2008-01-25,1201271400,136.50999,136.75999,132.60001,133.03999,269603840
2008-01-28,1201530600,133.25999,135.52,132.06,135.24001,217934560
2008-01-29,1201617000,136.10001,136.45,134.88,135.91,168968816
2008-01-30,1201703400,135.58,138.53999,134.60001,134.91,334939136
2008-01-31,1201789800,133.39999,138.53999,133.2,137.37,343680768
2008-02-01,1201876200,137.94,139.61,137.52,139.58,206843680
2008-02-04,1202135400,139.21001,139.3,137.64,137.82001,124694256
2008-02-05,1202221800,135.94,136.25,133.67,134.13,286882560
2008-02-06,1202308200,134.58,135.25,132.41,133.05,250792880
2008-02-07,1202394600,131.8,134.78999,131.73,133.92999,297541632
2008-02-08,1202481000,133.09,134.22,132.10001,133.07001,221643504
2008-02-11,1202740200,133.10001,134.23,132.03999,133.75,188576256
2008-02-12,1202826600,134.91,136.31,133.98,134.99001,256654368
2008-02-13,1202913000,136.00999,137.10001,135.14,136.37,181967744
2008-02-14,1202999400,136.95,137,134.78999,135.17,215207120
2008-02-15,1203085800,134.55,136.10001,133.36,135.14,154110256
2008-02-19,1203431400,136.69,136.89,134.61,135.52,145190000
2008-02-20,1203517800,133.99001,137.60001,133.75999,135.92,220709376
2008-02-21,1203604200,136.66,137.00999,134.07001,134.78999,201051184
2008-02-22,1203690600,134.97,135.85001,132.86,135.62,205491008
2008-02-25,1203949800,135.53999,137.64999,134.78,137.33,190107008
2008-02-26,1204036200,136.75,138.95,136.5,138.36,212420624
2008-02-27,1204122600,137.56,139.14,137.41,138.22,168395808
2008-02-28,1204209000,137.24001,137.96001,136.55,136.87,170831056
2008-02-29,1204295400,135.60001,137.0249,132.78,133.82001,252715120
2008-03-03,1204554600,133.14,133.81,132.24001,133.5,195613632
2008-03-04,1204641000,132.23,133.39999,130.99001,132.99001,282513152
2008-03-05,1204727400,133.41,134.77,132.34,133.83,270681344
2008-03-06,1204813800,132.98,133.22,130.55,131.06,247912128
2008-03-07,1204900200,129.63,131.74001,128.58,129.71001,326434560
2008-03-10,1205155800,129.81,129.92999,127.59,128,235683376
2008-03-11,1205242200,130.72,132.72,127.71519,132.60001,341875712
2008-03-12,1205328600,132.73,133.77,131.16,131.36,229161120
2008-03-13,1205415000,129.61,132.64,128.60001,131.64999,351881472
2008-03-14,1205501400,132.77,132.81,127.78,129.61,484687872
2008-03-17,1205760600,126.57001,129.25999,126.07001,128.3,405310976
2008-03-18,1205847000,130.62,133.69,129.98,133.63,334416384
2008-03-19,1205933400,134.14,134.64999,130.03999,130.32001,345971456
2008-03-20,1206019800,130.05,132.91,129.25999,132.08,245320624
2008-03-24,1206365400,133.31,135.81,133.24001,134.72,209110368
2008-03-25,1206451800,134.86,135.55,133.77,134.85001,192947184
2008-03-26,1206538200,134.46001,135.08839,133.11,133.2,196934192
2008-03-27,1206624600,134.2,134.44,132.36,132.78,225153120
2008-03-28,1206711000,132.99001,133.36,131.06,131.50999,180918688
2008-03-31,1206970200,131.28999,132.73,131.09,131.97,166692128
2008-04-01,1207056600,133.71001,136.84,133.50999,136.61,254547248
2008-04-02,1207143000,137.06,137.67,135.98,136.7,210910816
2008-04-03,1207229400,135.94,137.44,135.71001,137.03999,175884752
2008-04-04,1207315800,137.12,137.96001,136.12,136.89,204473056
2008-04-07,1207575000,137.87,138.57001,136.74001,136.96001,154381312
2008-04-08,1207661400,136.19,137.1554,135.95,136.82001,148937248
2008-04-09,1207747800,136.61,136.8,134.89,135.83,195610560
2008-04-10,1207834200,135.39,136.67,134.89999,136.02,192967808
2008-04-11,1207920600,134.45,135.9837,133.00999,133.38,222973312
2008-04-14,1208179800,133.19,133.53999,132.55,132.92999,160521936
2008-04-15,1208266200,133.58,133.69,132.33,133.24001,172389120
2008-04-16,1208352600,134.53999,136.92999,134.39999,136.85001,189268816
2008-04-17,1208439000,136.02,137.25,135.66,137.05,179707504
2008-04-18,1208525400,138.94,139.56,138.25999,138.48,218530560
2008-04-21,1208784600,138.23,138.98,136.87,138.55,118587376
2008-04-22,1208871000,138.19,138.37,136.64,137.94,162166064
2008-04-23,1208957400,138.09,138.78,137.12,137.72,193309008
2008-04-24,1209043800,138.08,139.74001,137.03999,138.32001,229381376
2008-04-25,1209130200,139.41,139.89,137.91,139.60001,190788064
2008-04-28,1209389400,139.88,140.25,139.38,139.63,105616496
2008-04-29,1209475800,139.39,139.73,138.61,139.08,125514064
2008-04-30,1209562200,139.28999,140.59,138.25999,138.25999,208395808
2008-05-01,1209648600,138.39,141.12,138.27,141.12,187279504
2008-05-02,1209735000,142.33,142.37,140.56,141.50999,181585504
2008-05-05,1209994200,141.05,141.61,140.41,140.83,118510368
2008-05-06,1210080600,140.00999,142.2,139.69,142.05,179339808
2008-05-07,1210167000,141.89,142.03999,139.13,139.52,199267248
2008-05-08,1210253400,139.74001,140.32001,138.98,139.16,178321184
2008-05-09,1210339800,138.60001,139.39,138.45,138.89999,152589632
2008-05-12,1210599000,139.25,140.56,138.73,140.46001,150911440
2008-05-13,1210685400,140.8,140.89,139.73,140.48,159141872
2008-05-14,1210771800,141.07001,142.2,140.46201,140.77,181910752
2008-05-15,1210858200,141.03999,142.63,140.83,142.53,166927008
2008-05-16,1210944600,142.86,142.87,141.61,142.66,204236816
2008-05-19,1211203800,142.81,144.3,142.3,143.05,165704064
2008-05-20,1211290200,142.27,142.34,141,141.89,178552000
2008-05-21,1211376600,141.81,142.12,139,139.49001,252724816
2008-05-22,1211463000,139.42999,140.17,139,139.50999,170820320
2008-05-23,1211549400,139.05,139.6631,137.52,137.64,181436192
2008-05-27,1211895000,137.8,139,137.53,138.66,168322816
2008-05-28,1211981400,139.17,140,138,139.3,181288064
2008-05-29,1212067800,139.13,140.92999,139.08,140,173927184
2008-05-30,1212154200,140.47,140.74001,139.94,140.35001,117361936
2008-06-02,1212413400,139.83,139.86,138,138.89999,181069872
2008-06-03,1212499800,139.3,139.62,137.23,138.09,272049920
2008-06-04,1212586200,137.7,139.16,137.46001,138.02,246726368
2008-06-05,1212672600,138.58,140.89,138.32001,140.78,237867008
2008-06-06,1212759000,139.55,139.8,136.22,136.28999,384276224
2008-06-09,1213018200,136.86,137.5,135.41,136.62,228263872
2008-06-10,1213104600,135.67,137.10001,135.35001,135.94,260234816
2008-06-11,1213191000,135.97,136.2592,133.92999,133.94,284064256
2008-06-12,1213277400,134.60001,135.87,133.52,134.45,252791744
2008-06-13,1213363800,135.17,136.52,134.418,136.14999,244727056
2008-06-16,1213623000,135.55,136.92999,135.46001,136.23,185833376
2008-06-17,1213709400,137.07001,137.12,135.37,135.57001,191743808
2008-06-18,1213795800,134.69,135.5235,133.71001,134.25,266970560
2008-06-19,1213882200,134.14999,135.24001,132,134.42,304310784
2008-06-20,1213968600,132.84,133.09,131.22,131.58,289275648
2008-06-23,1214227800,132.09,132.23,131.32001,131.45,165115680
2008-06-24,1214314200,131.05,132.44,130.19,131.19,267300624
2008-06-25,1214400600,131.72,133.39999,131.239,131.81,287853824
2008-06-26,1214487000,130.57001,131.42,128.08,128.23,297775104
2008-06-27,1214573400,128.28,128.86,127.035,127.53,303423232
2008-06-30,1214832600,127.89,128.91,127.3,127.98,258888192
2008-07-01,1214919000,126.52,128.47,125.92999,128.38,388621824
2008-07-02,1215005400,128.78999,129.16,125.95,126.17999,291223296
2008-07-03,1215091800,127.11,127.11,124.99001,126.31,239359632
2008-07-07,1215437400,126.78999,127.34,123.92,125.02,372427264
2008-07-08,1215523800,124.99001,127.39,124.2,127.24001,376225280
2008-07-09,1215610200,127.5,127.74001,124.39,124.78999,336789760
2008-07-10,1215696600,124.42999,125.78999,123.58,125.3,436475648
2008-07-11,1215783000,123.97,125.89999,122.49001,123.84,481124608
2008-07-14,1216042200,125.25999,125.5,122.39999,122.72,322720768
2008-07-15,1216128600,121.8,123.49001,120.02,120.99001,502502400
2008-07-16,1216215000,121.45,124.57001,121.10001,123.96001,371642880
2008-07-17,1216301400,125.14,126.25999,124.09,125.2,375490560
2008-07-18,1216387800,126.17,126.41589,125.14999,125.98,267030000
2008-07-21,1216647000,126.50999,126.8,125.19,126.05,222863008
2008-07-22,1216733400,125.14999,127.8,124.85001,127.48,296904192
2008-07-23,1216819800,127.89,129.14999,127.55,128.17,311698432
2008-07-24,1216906200,128.34,128.41,125.16,125.50999,248634496
2008-07-25,1216992600,125.89,126.49001,125.17,125.48,219131008
2008-07-28,1217251800,125.50999,126.06,123.42,123.64,205202880
2008-07-29,1217338200,123.98,126.38,123.64,126.28,261505568
2008-07-30,1217424600,127.11,128.60001,126.28,128.53,354710016
2008-07-31,1217511000,127.39999,128.57001,126.63,126.83,277402112
2008-08-01,1217597400,127.12,127.28,125.46001,126.16,248703568
2008-08-04,1217856600,126.03999,126.14,124.75999,124.99001,188251744
2008-08-05,1217943000,126.02,128.56,124.9736,128.36,251624320
2008-08-06,1218029400,128.02,129.3,127.48,128.92999,209555376
2008-08-07,1218115800,127.96001,129.0549,126.53999,127.00999,246312432
2008-08-08,1218202200,126.58,129.92999,126.38,129.37,260811632
2008-08-11,1218461400,129.47,131.50999,129.23,130.71001,249425808
2008-08-12,1218547800,130.28011,130.7028,128.73,129.35001,213200816
2008-08-13,1218634200,128.78999,129.64999,127.67,128.57001,256467184
2008-08-14,1218720600,127.84,130.28,127.75,129.53999,239556064
2008-08-15,1218807000,129.92999,130.5,129.3,130.17,181005376
2008-08-18,1219066200,130.42999,130.48,127.66,128.39,172275056
2008-08-19,1219152600,127.42,128.1181,126.53,126.99001,194673632
2008-08-20,1219239000,127.39,127.95,126.34,127.58,225498128
2008-08-21,1219325400,126.75,128.44,126.60001,127.8,180609808
2008-08-22,1219411800,128.67,129.64999,127.8,129.64999,167715248
2008-08-25,1219671000,128.8,129.64999,126.75,127.02,171936880
2008-08-26,1219757400,127.02,127.87,126.58,127.39,159117184
2008-08-27,1219843800,127.55,128.83,127.3,128.63,171032752
2008-08-28,1219930200,129.28,130.34,128.63,130.19,167537056
2008-08-29,1220016600,129.73,130.14,128.50999,128.78999,189210000
2008-09-02,1220362200,130.03,130.71001,127.52,127.99001,252469568
2008-09-03,1220448600,127.88,128.5,126.92999,127.88,251949680
2008-09-04,1220535000,126.97,127.23,123.96001,124.03,340438528
2008-09-05,1220621400,123.28999,124.95,122,124.42,289514752
2008-09-08,1220880600,128.03999,128.24001,124.42,126.99001,364148736
2008-09-09,1220967000,127.10001,127.36,122.8,123.22,377326848
2008-09-10,1221053400,123.89,124.89999,122.55,123.72,298916608
2008-09-11,1221139800,122.12,125.74001,121.60001,125.50999,375369216
2008-09-12,1221226200,124.28999,126.21001,123.83,126.09,297851136
2008-09-15,1221485400,121.63,125.65199,119.89,120.09,483607040
2008-09-16,1221571800,117.2,122.32001,117,122.10001,581744128
2008-09-17,1221658200,119.64,121.8517,116,116.61,624095488
2008-09-18,1221744600,118.05,121.78999,113.8,120.07001,776114688
2008-09-19,1221831000,126.7,128,116.52,124.12,501146880
2008-09-22,1222090200,124.4505,124.75,120.36,121.31,249966432
2008-09-23,1222176600,120.85001,122.02,118.28,118.55,328230144
2008-09-24,1222263000,119.35001,120,117.78999,118.92999,311871232
2008-09-25,1222349400,119.39999,121.91,118.4369,120.78999,328252928
2008-09-26,1222435800,118.83,121.5,118.50999,120.85001,285917440
2008-09-29,1222695000,119.17999,121.17999,110.97,111.38,459562240
2008-09-30,1222781400,113.50999,116.8,110.5321,115.99001,328510208
2008-10-01,1222867800,115.27,116.69,113.95,116.06,333084928
2008-10-02,1222954200,114.95,115.11,111.06,111.85001,365632512
2008-10-03,1223040600,112.86,115.45,109.67999,110.34,461832448
2008-10-06,1223299800,107.14999,107.62,100.64,104.72,610790912
2008-10-07,1223386200,106.84,107.33,99.64999,100.03,540213504
2008-10-08,1223472600,97.52,102.17999,96.81,97.50999,725787904
2008-10-09,1223559000,99.66,100.62,90.25,90.7,534758400
2008-10-10,1223645400,86.75999,93.94,83.58,88.5,871546880
2008-10-13,1223904600,93.87,101.35001,89.94791,101.35001,456904704
2008-10-14,1223991000,104.7,105.53,97.11,99.85001,546688512
2008-10-15,1224077400,97.46001,97.8,89.71001,90.02,484627456
2008-10-16,1224163800,91.28999,94.77,86.53999,93.77,708811264
2008-10-17,1224250200,91.99001,98.59,91.64999,93.21001,476770048
2008-10-20,1224509400,95.35001,99.10001,94.08949,98.81,321294080
2008-10-21,1224595800,96.97,98.64,95.22,95.86,356502016
2008-10-22,1224682200,93.2,95.86,87.53,90.64,516167936
2008-10-23,1224768600,90.28999,92.45,85.81,91.69,634666496
2008-10-24,1224855000,84.06,89.92,84,87.03999,545812480
2008-10-27,1225114200,85.97,89.50999,83.7,83.95,400238592
2008-10-28,1225200600,87.34,94.24001,84.53,93.75999,639939328
2008-10-29,1225287000,93.77,97.17,92.10001,93.08,531381504
2008-10-30,1225373400,95.78,96.53999,92.89999,96.3,414582016
2008-10-31,1225459800,95.08,98.57001,94.48,96.83,411500032
2008-11-03,1225722600,96.78,97.69,95.95,97.11,205566752
2008-11-04,1225809000,99.06,100.86,96.7142,100.41,346977536
2008-11-05,1225895400,99.2,100.7114,95,96.19,390404096
2008-11-06,1225981800,94.46001,95.44,90.06,90.86,477982720
2008-11-07,1226068200,91.64999,94,90.5,93.86,380518656
2008-11-10,1226327400,95.21001,95.53,90.92,92.63,301903104
2008-11-11,1226413800,90.75999,92.1377,88.64999,89.77,418596608
2008-11-12,1226500200,88.23,90.1516,85.12,85.82001,454330624
2008-11-13,1226586600,86.13,91.73,82.09,91.17,753800960
2008-11-14,1226673000,89.41,92.06,86.52,86.62,540352256
2008-11-17,1226932200,86.38,88.56,85.16,85.47,415543808
2008-11-18,1227018600,85.14999,87.22,82.91,87.08,524140544
2008-11-19,1227105000,85.91,86.87,80.92,81.5,558809344
2008-11-20,1227191400,80.13,82.50999,75.05,75.45,814180352
2008-11-21,1227277800,77.46001,80.89999,74.34,79.52,718768640
2008-11-24,1227537000,81.92,86.985,80.3614,85.03,523461888
2008-11-25,1227623400,87.3,87.50999,83.82001,85.66,454188288
2008-11-26,1227709800,84.3,89.19,84.24001,88.97,370320384
2008-11-28,1227882600,88.63,90.13,88.48,90.09,119905312
2008-12-01,1228141800,87.50999,87.55,81.86,82.11,370826752
2008-12-02,1228228200,83.47,85.49001,82.03799,85.27,469785344
2008-12-03,1228314600,83.39999,87.83,83.14,87.32001,520103680
2008-12-04,1228401000,86.06,88.05,83.74001,85.3,444341504
2008-12-05,1228487400,83.64999,88.42,82.24001,87.92999,472064256
2008-12-08,1228746600,90.34,92.38,88.0815,91,413016832
2008-12-09,1228833000,90.37,92.13,88.98,89.5,370862592
2008-12-10,1228919400,90.32001,91.36,89,90.11,396381184
2008-12-11,1229005800,89.53999,91,87.37,87.94,366329600
2008-12-12,1229092200,85.55,89.07001,85.2,88.99001,415140864
2008-12-15,1229351400,89.02,89.14999,86.28999,87.75,256846128
2008-12-16,1229437800,88.3,92.02,88.17999,91.88,377699840
2008-12-17,1229524200,90.84,92.42999,90.06,90.99001,288101888
2008-12-18,1229610600,91.39999,91.67,88.21001,89.28999,374829312
2008-12-19,1229697000,89.10001,90.62,88.09,88.19,301523456
2008-12-22,1229956200,88.58,88.67,85.49001,87.06,244192192
2008-12-23,1230042600,87.53,87.92999,85.8,86.16,221772560
2008-12-24,1230129000,86.45,86.87,86,86.66,62142416
2008-12-26,1230301800,87.24001,87.3,86.5,87.16,74775808
2008-12-29,1230561000,87.24001,87.33,85.60001,86.91,128419184
2008-12-30,1230647400,87.50999,89.05,86.8766,88.97,168555680
2008-12-31,1230733800,89.08,90.97,88.87,90.24001,194141808
2009-01-02,1230906600,90.44,93.44,89.85001,92.96001,227638496
2009-01-05,1231165800,92.63,94.5533,91.89,92.85001,240697632
2009-01-06,1231252200,93.64,94.45,92.67999,93.47,328481792
2009-01-07,1231338600,92,92.25999,90.2,90.67,281047552
2009-01-08,1231425000,90.16,91.09,89.67,91.04201,263834368
2009-01-09,1231511400,91.16,91.32001,85.36,89.09,331160832
2009-01-12,1231770600,88.84,88.91,86.41,86.95,278008320
2009-01-13,1231857000,86.73,87.88,86.2,87.11,356731648
2009-01-14,1231943400,85.53999,85.75,83.16,84.37,435967232
2009-01-15,1232029800,84.12,85.25,81.72,84.39999,533808896
2009-01-16,1232116200,85.86,85.98759,83.05,85.06,399307008
2009-01-20,1232461800,84.23,85.05901,80.05,80.57001,420108544
2009-01-21,1232548200,81.94,84.24001,80.47,84.05,364767232
2009-01-22,1232634600,82.42,84.03999,81.17,82.75,427940352
2009-01-23,1232721000,80.89999,83.99001,80.57001,83.11,386800640
2009-01-26,1232980200,83.59,85.36,82.81,83.67999,318269440
2009-01-27,1233066600,84.13,85.14999,83.3,84.53,274112000
2009-01-28,1233153000,86.39999,87.95,86.07001,87.39,330317312
2009-01-29,1233239400,86.11,87.4901,84.47,84.55,294591488
2009-01-30,1233325800,84.98,85.39999,82.21001,82.83,383464192
2009-02-02,1233585000,81.57001,83.17999,81.31,82.58,288488960
2009-02-03,1233671400,83.10001,84.36,82.22,83.74001,278480640
2009-02-04,1233757800,84.3,85.37,83.03999,83.33,322993920
2009-02-05,1233844200,82.7,85.28999,77.73,84.57001,417679872
2009-02-06,1233930600,84.86,87.34,84.67999,86.979,366101504
2009-02-09,1234189800,86.96001,87.74001,86.32001,87.10001,240075120
2009-02-10,1234276200,86.27,87.03,82.45,83.11,536212736
2009-02-11,1234362600,83.45,84.05,82.39999,83.60001,324674560
2009-02-12,1234449000,82.17,83.82001,81.05,83.66,469302272
2009-02-13,1234535400,83.55,84.24001,82.74001,82.75999,293998336
2009-02-17,1234881000,80.16,82.95799,79.17,79.22,478910720
2009-02-18,1234967400,79.78999,79.94,78.28,79.03,362970112
2009-02-19,1235053800,79.84,80.14999,78.02,78.181,316869632
2009-02-20,1235140200,76.73,78.34,75.77,77.42,477176576
2009-02-23,1235399400,78.27,78.27,74.59,74.64999,379644672
2009-02-24,1235485800,75.28999,77.95,74.7003,77.48,426412288
2009-02-25,1235572200,77.14,78.42,75.63,76.87199,462039552
2009-02-26,1235658600,77.82001,79.6667,75.53,75.62,363371264
2009-02-27,1235745000,74.00999,75.68719,73.81,73.92999,470568960
2009-03-02,1236004200,72.52,73.9169,70.37,70.60001,426453248
2009-03-03,1236090600,71.61,71.7,69.64,70.07001,443761152
2009-03-04,1236177000,71.23,72.87,70.07291,71.73,462763264
2009-03-05,1236263400,70.10001,71.73,68.17,68.8,485551104
2009-03-06,1236349800,69.39999,70.45,67.10001,68.92,490495232
2009-03-09,1236605400,67.95,70,67.73,68.11,379907328
2009-03-10,1236691800,69.50999,72.37,69.37,72.17,406230784
2009-03-11,1236778200,73,73.75,71.83,72.64,356809984
2009-03-12,1236864600,72.62,75.75,71.97,75.5,409818624
2009-03-13,1236951000,76.00999,76.98,74.73,76.09,337474560
2009-03-16,1237210200,76.96001,77.97,75.81,75.86,360821248
2009-03-17,1237296600,76.07001,78.36,75.45,78.17999,357075200
2009-03-18,1237383000,77.81,80.89999,77.07001,79.92999,473552384
2009-03-19,1237469400,80.92999,81,78.69,78.94,428597248
2009-03-20,1237555800,78.75999,78.91,76.53,76.71001,371165696
2009-03-23,1237815000,78.74001,82.28999,78.31,82.22,420247296
2009-03-24,1237901400,81.24001,82.36,80.50999,80.60001,330843904
2009-03-25,1237987800,81.23,82.7,79.06,81.45,441995008
2009-03-26,1238074200,82.25,83.3,81.32001,83.11,422025216
2009-03-27,1238160600,82.05,82.53,81.31,81.61,322343680
2009-03-30,1238419800,79.8,79.87,77.96001,78.78999,324108544
2009-03-31,1238506200,79.56,81.08,79.05,79.52,364238336
2009-04-01,1238592600,78.53,81.42,78.33,81.06,377018368
2009-04-02,1238679000,83.08,84.61,81.12959,83.42999,476230912
2009-04-03,1238765400,83.49001,84.28,82.67,84.25999,284646144
2009-04-06,1239024600,83.34,84.2747,82.28999,83.60001,264866560
2009-04-07,1239111000,82.25,82.64999,81.50999,81.64999,259071936
2009-04-08,1239197400,82.06,82.94,81.53999,82.53,230402752
2009-04-09,1239283800,84.67,85.82001,84.33,85.81,269653504
2009-04-13,1239629400,84.92,86.53999,84.58,85.83,224847440
2009-04-14,1239715800,85.03,85.75999,84.08,84.35001,276598784
2009-04-15,1239802200,83.84,85.42,83.61,85.25,250726064
2009-04-16,1239888600,85.92999,87.14999,84.77,86.5,335202816
2009-04-17,1239975000,86.83,87.64999,86.14,87.08,262648944
2009-04-20,1240234200,85.53999,87.0489,83.34,83.42999,293690112
2009-04-21,1240320600,82.82001,85.13,82.75,85.06,300478464
2009-04-22,1240407000,84.28999,86.34,84.07001,84.53999,340395008
2009-04-23,1240493400,84.71001,85.42,83.63,85.37,324903680
2009-04-24,1240579800,86.03,87.31,85.69,86.66,287703040
2009-04-27,1240839000,85.67999,87.00999,85.53999,85.84,289581568
2009-04-28,1240925400,84.97,86.59,84.75999,85.57001,247927872
2009-04-29,1241011800,86.52,88.36,86.3,87.39,311505664
2009-04-30,1241098200,88.55,89.02,86.92,87.42,301419776
2009-05-01,1241184600,87.44,88.21001,86.72,87.89,236110320
2009-05-04,1241443800,88.55,90.94,88.38,90.88,287119872
2009-05-05,1241530200,90.57001,90.92999,89.84,90.57001,243036256
2009-05-06,1241616600,91.67999,92.2,90.61,92.14101,291941120
2009-05-07,1241703000,93.00999,93.14999,90.28,90.86,317800448
2009-05-08,1241789400,92.03,93.22,90.911,92.98,299081728
2009-05-11,1242048600,91.7,92.11,91.03999,91.24001,247923568
2009-05-12,1242135000,91.63,91.83,89.85001,90.97,282431232
2009-05-13,1242221400,89.74001,90.00999,88.5,88.67999,269618944
2009-05-14,1242307800,88.72,90.12,88.5,89.44,260098624
2009-05-15,1242394200,89.37,90,88.14999,88.71001,271502592
2009-05-18,1242653400,89.55,91.34,88.57021,91.23,242217248
2009-05-19,1242739800,91.17999,91.97,90.81,91.12,206102192
2009-05-20,1242826200,91.95,92.8,90.41,90.50999,285898240
2009-05-21,1242912600,89.46001,89.8,88.25999,89.21001,258988368
2009-05-22,1242999000,89.46001,90,88.67999,89.02,166811872
2009-05-26,1243344600,88.36,91.56,88.32001,91.3,236318432
2009-05-27,1243431000,91.44,91.75,89.53,89.67,246313504
2009-05-28,1243517400,90.46001,91.34,89.10001,90.92,289094912
2009-05-29,1243603800,91.42,93.7,90.67999,92.53,258641376
2009-06-01,1243863000,93.67,95.17,93.42999,94.77,276246784
2009-06-02,1243949400,94.39999,95.37,87.53,94.85001,230874432
2009-06-03,1244035800,94.03999,94.13,92.75999,93.64999,235403936
2009-06-04,1244122200,94,94.67,93.3,94.53,210102256
2009-06-05,1244208600,95.49001,95.67,93.8,94.55,284257792
2009-06-08,1244467800,93.84,95.10001,93.03999,94.16,238565120
2009-06-09,1244554200,94.69,95.145,94.02,94.64,225125440
2009-06-10,1244640600,95.48,95.49001,93.19,94.39999,296100352
2009-06-11,1244727000,94.58,96.11,94.56,94.82001,275414016
2009-06-12,1244813400,94.39999,95.14,94,95.08,184373008
2009-06-15,1245072600,93.96001,94.02,92.39999,92.89999,224190432
2009-06-16,1245159000,93.23,93.28999,91.58,91.64,227319008
2009-06-17,1245245400,91.60001,92.33,90.83,91.55,223445312
2009-06-18,1245331800,91.69,92.67,91.25,92.21899,211725056
2009-06-19,1245418200,92.58,92.7,91.52,92.03999,215655568
2009-06-22,1245677400,91.14,91.19,89.25,89.28,251913568
2009-06-23,1245763800,89.47,89.88,88.85001,89.35001,188309680
2009-06-24,1245850200,90.16,91.08,89.60001,90.118,211577632
2009-06-25,1245936600,89.67,92.17,89.57001,92.08,279410944
2009-06-26,1246023000,91.77,92.24001,91.27,91.84,167579008
2009-06-29,1246282200,92.11,92.82001,91.60001,92.7,168481248
2009-06-30,1246368600,92.72,93.06,91.27,91.95,228888192
2009-07-01,1246455000,92.34,93.23,92.21001,92.33,173041056
2009-07-02,1246541400,91.13,92.3624,89.75999,89.81,212309808
2009-07-06,1246887000,88.94,89.92999,88.66,89.8,174499568
2009-07-07,1246973400,89.71001,89.82001,88,88.06,197088880
2009-07-08,1247059800,88.59,88.8,87,88,248050496
2009-07-09,1247146200,88.61,88.89999,87.91,88.17,163777568
2009-07-10,1247232600,87.7,88.49001,87.35001,87.96001,173520256
2009-07-13,1247491800,88.31,90.17,87.59,90.10201,217413376
2009-07-14,1247578200,90.38,90.69,89.73,90.61,181555376
2009-07-15,1247664600,91.81,93.50999,90.6795,93.25999,220877808
2009-07-16,1247751000,93,94.50999,92.82001,94.14999,231174496
2009-07-17,1247837400,94.06,94.32001,93.53999,94.13,138561680
2009-07-20,1248096600,94.67999,95.28999,94.19,95.131,164179376
2009-07-21,1248183000,95.87,95.89999,94.42,95.57001,217718256
2009-07-22,1248269400,94.96001,96.13,94.89,95.55,196067568
2009-07-23,1248355800,95.61,98.08,95.53,97.661,258795504
2009-07-24,1248442200,97.2,98.14,96.69,98.06,154003008
2009-07-27,1248701400,97.88,98.39999,97.34,98.35001,159259376
2009-07-28,1248787800,97.66,98.37,97.06,97.89,186685680
2009-07-29,1248874200,97.44,98.088,96.98,97.65199,194399312
2009-07-30,1248960600,98.83,99.83,98.60001,98.67,225575376
2009-07-31,1249047000,98.64999,99.47,98.38,98.81,207357936
2009-08-03,1249306200,99.85001,100.53,99.31,100.44,175776880
2009-08-04,1249392600,99.99001,100.84,99.78,100.7,176714496
2009-08-05,1249479000,100.77,100.855,99.58,100.41,184726368
2009-08-06,1249565400,100.87,101.02,99.42,99.89,193203744
2009-08-07,1249651800,100.94,102.03,100.39,101.202,220684368
2009-08-10,1249911000,100.74001,101.22,100.27,100.99001,130898624
2009-08-11,1249997400,100.53999,100.61,99.46001,99.73,157301008
2009-08-12,1250083800,99.56,101.56,99.50999,100.8,219052368
2009-08-13,1250170200,101.25999,101.61,100.25999,101.57001,176449504
2009-08-14,1250256600,101.52,101.60001,99.7,100.78999,199691248
2009-08-17,1250515800,98.85001,98.95,98.11501,98.31,237892624
2009-08-18,1250602200,98.53,99.44,98.35001,99.09,173461440
2009-08-19,1250688600,98.31,100.3,98.21001,99.96001,192812752
2009-08-20,1250775000,100.09,101.22,99.87,100.99001,174131248
2009-08-21,1250861400,101.82001,103.13,101.62,102.97,224604944
2009-08-24,1251120600,103.39,103.95,102.59,102.96001,191278880
2009-08-25,1251207000,103.37,104.25999,102.94,103.16,215310560
2009-08-26,1251293400,102.84,103.64,102.49001,103.17,194620624
2009-08-27,1251379800,103.11,103.72,101.94,103.39999,196230000
2009-08-28,1251466200,104.23,104.35001,102.67,103.38,147024368
2009-08-31,1251725400,102.37,102.58,101.78999,102.46001,176051568
2009-09-01,1251811800,101.95,103.24001,99.99001,100.2,321276672
2009-09-02,1251898200,99.78,100.44,99.57001,99.82001,171805008
2009-09-03,1251984600,100.39999,100.77,99.59,100.64999,143572256
2009-09-04,1252071000,100.85001,102.09,100.55,102.06,142687808
2009-09-08,1252416600,103,103.05,102.39,102.94,132909008
2009-09-09,1252503000,103.12,104.08,102.8,103.73,154612496
2009-09-10,1252589400,103.8,104.86,103.22,104.78999,162902368
2009-09-11,1252675800,104.99001,105.3,104.28,104.77,152383632
2009-09-14,1252935000,103.88,105.46001,103.14999,105.28,149593744
2009-09-15,1253021400,105.45,106.11,104.75999,105.72,196795872
2009-09-16,1253107800,106.10001,107.34,105.72881,107.32001,206406256
2009-09-17,1253194200,107.17,108.06,106.57001,107.16,229170880
2009-09-18,1253280600,107.14999,107.16,106.36,106.72,153799056
2009-09-21,1253539800,105.89,107,105.66,106.45,151892000
2009-09-22,1253626200,107.08,107.37,106.60001,107.07001,143126624
2009-09-23,1253712600,107.32001,108.03,105.99001,106.17999,225947312
2009-09-24,1253799000,106.41,106.64,104.55,105.00999,228636688
2009-09-25,1253885400,104.78,105.36,104.09,104.45,204058944
2009-09-28,1254144600,104.85001,106.55,104.83,106.32001,118285744
2009-09-29,1254231000,106.50999,107.02,105.78,106,133733808
2009-09-30,1254317400,106.36,106.46001,104.62,105.59,254382944
2009-10-01,1254403800,105.34,105.73309,102.95,103,281840640
2009-10-02,1254490200,102.02,103.10001,101.99001,102.49001,224748752
2009-10-05,1254749400,102.89999,104.32001,102.60001,104.02,149874944
2009-10-06,1254835800,104.77,106.11,104.71001,105.50999,202491008
2009-10-07,1254922200,105.27,105.91,105.07001,105.8,159200256
2009-10-08,1255008600,106.55,107.17,105.84489,106.61,183305744
2009-10-09,1255095000,106.64,107.25999,106.36,107.25999,135008256
2009-10-12,1255354200,107.75999,108.09,107.28,107.67999,118031008
2009-10-13,1255440600,107.39,107.7132,106.75999,107.46001,157692688
2009-10-14,1255527000,108.72,109.42,107.4174,109.31,191421504
2009-10-15,1255613400,108.78,109.71001,108.73,109.71001,173873568
2009-10-16,1255699800,108.8,109.27,108.23,108.89,192069376
2009-10-19,1255959000,109.07001,110.13,108.73,109.78999,159530368
2009-10-20,1256045400,109.95,109.985,108.67999,109.211,180921008
2009-10-21,1256131800,109.03999,110.31,108.14999,108.23,225787440
2009-10-22,1256218200,108.19,109.67999,107.5,109.33,238443936
2009-10-23,1256304600,109.69,109.75999,107.63,108.08,240033184
2009-10-26,1256563800,108.2,109.31,106.61,106.91,242028192
2009-10-27,1256650200,107.03,107.39,106.16,106.42,253266320
2009-10-28,1256736600,106.14999,106.4783,104.35001,104.41,248821376
2009-10-29,1256823000,105.19,106.86,104.94,106.64999,198110560
2009-10-30,1256909400,106.3,106.62,103.44,103.56,325607936
2009-11-02,1257172200,104.13,105.41,103.08,104.32001,254489744
2009-11-03,1257258600,103.74001,104.8,103.53999,104.64999,228362496
2009-11-04,1257345000,105.50999,106.33,104.64999,104.92,247996688
2009-11-05,1257431400,105.66,106.88,105.44,106.8501,180015184
2009-11-06,1257517800,106.25999,107.39999,106.05,107.13,170954064
2009-11-09,1257777000,107.95,109.63,107.87,109.57001,159495632
2009-11-10,1257863400,109.31,109.92999,108.97,109.59,171899744
2009-11-11,1257949800,110.31,110.82001,109.62,110.14999,169466192
2009-11-12,1258036200,110,110.57001,108.75,109.03,157144496
2009-11-13,1258122600,109.31,110.09,108.75,109.62,150962944
2009-11-16,1258381800,110.38,111.69,110.32001,111.21001,210922128
2009-11-17,1258468200,110.92,111.39,110.5,111.339,147134064
2009-11-18,1258554600,111.25999,111.42999,110.57001,111.27,156486752
2009-11-19,1258641000,110.50999,111.30589,109.13,109.82001,208734496
2009-11-20,1258727400,109.25,109.75999,109.00999,109.42999,134196000
2009-11-23,1258986600,110.72,111.74001,110.60001,110.82001,148010128
2009-11-24,1259073000,111,111.20219,110.00999,110.99001,138420064
2009-11-25,1259159400,111.17,111.5,110.82001,111.38,109564752
2009-11-27,1259332200,108.39999,110.32001,108.28999,109.57001,126001808
2009-11-30,1259591400,109.48,110.2,108.12,109.94,160874816
2009-12-01,1259677800,110.92,111.66,110.73,111.3,159613632
2009-12-02,1259764200,111.28,112.00999,110.92,111.25,132315056
2009-12-03,1259850600,111.55,112.17999,110.28999,110.38,167324816
2009-12-04,1259937000,111.84,112.38,110.03999,111.00999,274907904
2009-12-07,1260196200,110.91,111.53,110.49001,110.84,127973808
2009-12-08,1260282600,110.03999,110.77251,109.27,109.61,169863632
2009-12-09,1260369000,109.58,110.17999,109.02,110.021,155063376
2009-12-10,1260455400,110.7,111.12,110.45,110.64,138014624
2009-12-11,1260541800,111.11,111.36,110.61,111.11,124854000
2009-12-14,1260801000,111.87,112,105.476,111.87,107141504
2009-12-15,1260887400,111.46001,111.92,111,111.35001,120408752
2009-12-16,1260973800,111.8,112.13,111.27,111.52,155358128
2009-12-17,1261060200,110.72,110.92999,110.08,110.17999,183390064
2009-12-18,1261146600,110.2,110.3,109.28,110.21001,174591120
2009-12-21,1261405800,110.75999,111.7,110.75999,111.33,118104256
2009-12-22,1261492200,111.57001,111.97,111.425,111.73,91707440
2009-12-23,1261578600,112,112.11,111.5,111.95,111783056
2009-12-24,1261665000,112.19,112.60001,111.9948,112.48,39677472
2009-12-28,1262010600,112.89999,112.99001,112.32001,112.72,87508432
2009-12-29,1262097000,113.00999,113.03,112.55,112.562,80572496
2009-12-30,1262183400,112.23,112.64999,112.17,112.52,73138368
2009-12-31,1262269800,112.77,112.8,111.39,111.44,90637872
2010-01-04,1262615400,112.37,113.39,111.50999,113.33,118944560
2010-01-05,1262701800,113.25999,113.67999,112.85001,113.63,111579872
2010-01-06,1262788200,113.52,113.99001,113.42999,113.71001,116074368
2010-01-07,1262874600,113.5,114.33,113.17999,114.19,131091056
2010-01-08,1262961000,113.89,114.62,113.66,114.57001,126402752
2010-01-11,1263220200,115.08,115.13,114.235,114.73,106375680
2010-01-12,1263306600,113.97,114.21001,113.22,113.66,163333440
2010-01-13,1263393000,113.95,114.94,113.37,114.62,161821936
2010-01-14,1263479400,114.49001,115.14,114.42,114.92999,115783744
2010-01-15,1263565800,114.73,114.84,113.2,113.64,212283120
2010-01-19,1263911400,113.62,115.13,113.59,115.06,139172624
2010-01-20,1263997800,114.28,114.45,112.98,113.89,216490128
2010-01-21,1264084200,113.92,114.27,111.56,111.7,344859392
2010-01-22,1264170600,111.2,111.74159,109.09,109.21001,345942272
2010-01-25,1264429800,110.21001,110.41,109.41,109.77,186937440
2010-01-26,1264516200,109.34,110.47,109.03999,109.31,211168752
2010-01-27,1264602600,109.17,110.08,108.33,109.83,271863552
2010-01-28,1264689000,110.19,110.25,107.91,108.57001,316103936
2010-01-29,1264775400,109.03999,109.8,107.22,107.39,310677504
2010-02-01,1265034600,108.14999,109.07001,107.50079,109.06,187864880
2010-02-02,1265121000,109.25999,110.59,108.88,110.38,216327872
2010-02-03,1265207400,109.88,110.48151,109.50999,109.83,172730624
2010-02-04,1265293800,108.98,109.03,106.42,106.44,356715520
2010-02-05,1265380200,106.56,106.88,104.58,106.66,493585664
2010-02-08,1265639400,106.74001,107.33,105.80991,105.89,224166816
2010-02-09,1265725800,107.13,108.14999,106.27,107.22,337820416
2010-02-10,1265812200,107.05,107.60001,106.11,107.00999,240511504
2010-02-11,1265898600,106.87,108.25,106.25,108.13,223591568
2010-02-12,1265985000,106.99001,108.1012,106.50999,108.03999,304622080
2010-02-16,1266330600,108.86,109.85001,107.821,109.74001,159317440
2010-02-17,1266417000,110.27,110.41,109.74001,110.25999,168845056
2010-02-18,1266503400,110.08,111.14,110.035,110.91,193708496
2010-02-19,1266589800,110.62,111.57001,110.36,111.14,222684816
2010-02-22,1266849000,111.55,111.58,110.83,111.16,132346816
2010-02-23,1266935400,110.86,111.2,109.52,109.81,207496944
2010-02-24,1267021800,110.14,111,109.86,110.82001,176350624
2010-02-25,1267108200,109.24001,110.75,108.94,110.67,259634688
2010-02-26,1267194600,110.77,111.12,110.11,110.74001,173589248
2010-03-01,1267453800,111.2,112,111.17,111.89,147709632
2010-03-02,1267540200,112.37,112.74001,112,112.2,160992368
2010-03-03,1267626600,112.49001,112.97,112.02,112.3,150784944
2010-03-04,1267713000,112.45,112.8,112.03,112.64101,135770368
2010-03-05,1267799400,113.37,114.34,113.10001,114.25,176118752
2010-03-08,1268058600,114.25999,114.52,114.07001,114.27,114631120
2010-03-09,1268145000,113.92999,114.99001,113.87,114.46001,154556688
2010-03-10,1268231400,114.50999,115.27499,114.41,114.97,186088816
2010-03-11,1268317800,114.7,115.48,114.35001,115.45,160875872
2010-03-12,1268404200,115.95,115.97,115.14,115.46001,162074752
2010-03-15,1268659800,115.25999,115.575,114.60001,115.49001,146816816
2010-03-16,1268746200,115.81,116.52,115.49001,116.41,168673008
2010-03-17,1268832600,116.75999,117.48,116.4198,117.10001,177468064
2010-03-18,1268919000,117.11,117.27,116.57001,117.03751,196509056
2010-03-19,1269005400,116.96001,117.293,115.52,115.97,226641120
2010-03-22,1269264600,115.31,116.8,115.24001,116.5925,184477680
2010-03-23,1269351000,116.75999,117.50999,116.38,117.41,182941568
2010-03-24,1269437400,116.97,117.42641,115.58,116.84,196183312
2010-03-25,1269523800,117.63,118.1666,116.50999,116.64999,223396256
2010-03-26,1269610200,116.87,117.42,116.12,116.582,205808496
2010-03-29,1269869400,117.16991,117.53,116.6886,117.32001,134513504
2010-03-30,1269955800,117.46001,117.83,116.91,117.39999,145772368
2010-03-31,1270042200,116.95,117.52,116.61,117,161078688
2010-04-01,1270128600,117.8,118.25,117.10001,117.8,161215184
2010-04-05,1270474200,118.25,118.84,117.92,118.75999,105847632
2010-04-06,1270560600,118.42,119.25,118.28999,119.03999,110384128
2010-04-07,1270647000,118.8,119.3567,117.81,118.36,184576320
2010-04-08,1270733400,117.95,118.97,117.60001,118.77251,158704000
2010-04-09,1270819800,119.02,119.60001,118.8,119.55,133006496
2010-04-12,1271079000,119.7,120.05,119.56,119.74001,110278944
2010-04-13,1271165400,119.62,120.03999,119,119.83,125125056
2010-04-14,1271251800,120.27,121.19,120.08,121.19,161609008
2010-04-15,1271338200,120.99001,121.5654,120.95,121.28999,144615248
2010-04-16,1271424600,120.86,121.285,118.75,119.36,366879744
2010-04-19,1271683800,119.00999,119.92999,118.47,119.81,217947744
2010-04-20,1271770200,120.56,120.98,119.871,120.88,157707936
2010-04-21,1271856600,120.95,121.23,119.99001,120.66,192910064
2010-04-22,1271943000,119.81,121.17,119.12,121.02,239188560
2010-04-23,1272029400,120.94,121.86,120.63,121.8125,177335440
2010-04-26,1272288600,121.85001,122.12,121.23,121.35001,143457184
2010-04-27,1272375000,120.64999,121.33459,118.25,118.48,355853824
2010-04-28,1272461400,119.05,119.67999,118.27,119.38,300677632
2010-04-29,1272547800,120.10001,121.11,120.07001,120.8575,193774880
2010-04-30,1272634200,120.88,121.00999,118.78,118.8125,270000896
2010-05-03,1272893400,119.38,120.67999,119.2,120.35001,182747808
2010-05-04,1272979800,119.00999,119.03,116.92,117.52,360353280
2010-05-05,1273066200,116.56,117.8,115.97,116.82001,328973312
2010-05-06,1273152600,116.25999,117,105,112.942,647356416
2010-05-07,1273239000,112.64,113.77,109.41,111.25999,637558784
2010-05-10,1273498200,115.81,116.64999,114.91,116.16,396159488
2010-05-11,1273584600,115.07001,117.36,114.91,115.83,317849600
2010-05-12,1273671000,116.28999,117.62,116.09,117.45,235607008
2010-05-13,1273757400,117.13,117.67999,115.89,115.99001,234456064
2010-05-14,1273843800,115.12,115.33,112.87,113.89,345602048
2010-05-17,1274103000,114.2,114.52,111.77,113.95,325944064
2010-05-18,1274189400,114.88,115.22,112.03,112.39999,360595968
2010-05-19,1274275800,111.77,112.77,110.36,111.75999,394759424
2010-05-20,1274362200,109.38,109.89,107.47,107.53999,530423552
2010-05-21,1274448600,105.91,109.38,105.36121,109.11501,500909312
2010-05-24,1274707800,108.52,109.39,107.61,107.71001,269822976
2010-05-25,1274794200,105.11,107.87,104.38,107.81799,396505088
2010-05-26,1274880600,108.48,109.47,106.85001,107.17,349719296
2010-05-27,1274967000,109.19,110.8,108.78011,110.75999,300870400
2010-05-28,1275053400,110.64,110.724,108.85001,109.369,297933312
2010-06-01,1275399000,108.35001,109.95,107.37,107.53,277909248
2010-06-02,1275485400,108.08,110.34,107.50909,110.33,240243632
2010-06-03,1275571800,110.64999,111.06,109.58,110.71001,226618256
2010-06-04,1275658200,108.61,109.33,106.465,106.82001,398475520
2010-06-07,1275917400,107.2,107.61,105.41,105.49001,264609056
2010-06-08,1276003800,105.57001,106.83,104.64999,106.62,357774336
2010-06-09,1276090200,107.24001,108.28,105.60001,106.05,268023248
2010-06-10,1276176600,107.86,109.28,106.0426,109.14999,317890560
2010-06-11,1276263000,108.19,109.75,108.12,109.67999,214128128
2010-06-14,1276522200,110.52,111.12,109.39999,109.509,207196000
2010-06-15,1276608600,110.28,112.10001,110.09,112,238268624
2010-06-16,1276695000,111.42,112.42,111.2,111.96001,216373936
2010-06-17,1276781400,112.28,112.33,111.05,112.14,263185744
2010-06-18,1276867800,111.83,112.13,111.37,111.729,174006560
2010-06-21,1277127000,113.12,113.2,110.78999,111.41,213140624
2010-06-22,1277213400,111.41,111.89999,109.41,109.57001,239355312
2010-06-23,1277299800,109.64,110.03,108.48,109.23,254698752
2010-06-24,1277386200,108.69,108.83,107.14,107.42,268691968
2010-06-25,1277472600,107.74001,108.42,106.77,107.86749,238726496
2010-06-28,1277731800,108.03,108.32001,107.14,107.53,169333248
2010-06-29,1277818200,106.02,107.5114,103.55,104.21001,373760512
2010-06-30,1277904600,103.92,104.88,102.88,103.22,284101632
2010-07-01,1277991000,103.14999,103.49001,101.13,102.75999,382924800
2010-07-02,1278077400,103.11,103.42,101.62,102.2,233385120
2010-07-06,1278423000,103.64,104.37,101.88,102.87,256936432
2010-07-07,1278509400,103.13,106.24001,103.02,106.1075,253769680
2010-07-08,1278595800,107,107.28,105.91,107.16,210842064
2010-07-09,1278682200,107.13,107.97,106.92999,107.96001,144999872
2010-07-12,1278941400,107.60001,108.24001,107.14999,108.03,131283568
2010-07-13,1279027800,109.14999,110.09,108.92999,109.66,213025872
2010-07-14,1279114200,109.31,110.08,108.86,109.651,184426752
2010-07-15,1279200600,109.61,110.06,108.17,109.67999,232337872
2010-07-16,1279287000,109.09,109.2059,106.45,106.66,282693376
2010-07-19,1279546200,107.05,107.63,106.22,107.28999,186709008
2010-07-20,1279632600,105.87,108.56,105.82001,108.48,258162320
2010-07-21,1279719000,109.03999,109.07001,106.63,107.07001,264526944
2010-07-22,1279805400,108.34,109.94,108.33,109.461,274781440
2010-07-23,1279891800,109.24001,110.57001,108.92999,110.41,222020816
2010-07-26,1280151000,110.60001,111.67,110.28999,111.56,182126496
2010-07-27,1280237400,112.17,112.28999,111.11,111.55,204855568
2010-07-28,1280323800,111.32001,111.66,110.46001,110.83,163056192
2010-07-29,1280410200,111.52,111.82001,109.41,110.28999,220149008
2010-07-30,1280496600,109.17,110.86,108.98,110.27,220070496
2010-08-02,1280755800,111.99001,112.94,111.53999,112.75999,188263184
2010-08-03,1280842200,112.48,112.77,111.85001,112.22,146657248
2010-08-04,1280928600,112.53,113.11,112.16,112.97,158171632
2010-08-05,1281015000,112.25,112.91,112.08,112.85001,140473744
2010-08-06,1281101400,111.74001,112.57001,110.92,112.392,239728256
2010-08-09,1281360600,112.92,113.17999,112.32001,112.992,120800368
2010-08-10,1281447000,112.03,112.98,111.3701,112.375,242916192
2010-08-11,1281533400,110.64999,110.69,109.12,109.3,273408256
2010-08-12,1281619800,107.64999,109.02,107.60001,108.63,239542560
2010-08-13,1281706200,108.28999,108.96001,108.17999,108.31,158698496
2010-08-16,1281965400,107.57001,108.61,107.17999,108.25999,147895248
2010-08-17,1282051800,109.19,110.39,108.88,109.59,172270256
2010-08-18,1282138200,109.53999,110.38,108.91,109.78999,182922064
2010-08-19,1282224600,109.22,109.49001,107.42999,107.88,265847568
2010-08-20,1282311000,107.56,107.93761,106.74989,107.53,209714128
2010-08-23,1282570200,108.03999,108.57001,107.07001,107.1236,163490256
2010-08-24,1282656600,105.95,106.39,104.97,105.53,280795648
2010-08-25,1282743000,104.95,106.34,104.28999,105.94,272330752
2010-08-26,1282829400,106.44,106.58,104.88,105.23,224492688
2010-08-27,1282915800,105.89,106.97,104.31,106.86,272704000
2010-08-30,1283175000,106.58,106.91,105.3,105.311,167238560
2010-08-31,1283261400,104.92,105.98,104.49001,105.31,273933056
2010-09-01,1283347800,106.73,108.61,106.66,108.46001,267834944
2010-09-02,1283434200,108.72,109.49001,108.49001,109.47,156112128
2010-09-03,1283520600,110.53999,110.99001,109.95,110.89,212197248
2010-09-07,1283866200,110.37,110.50999,109.55,109.64,141973680
2010-09-08,1283952600,109.86,110.85001,109.81,110.41,150268944
2010-09-09,1284039000,111.64999,111.67999,110.62,110.92,147017872
2010-09-10,1284125400,111.12,111.61,110.87,111.48199,127818944
2010-09-13,1284384600,112.58,112.95,112.13,112.72,178503440
2010-09-14,1284471000,112.5,113.28999,112.08,112.64999,209823568
2010-09-15,1284557400,112.32001,113.21001,111.98,113.08,168608320
2010-09-16,1284643800,112.73,113.12,112.35001,113.05,199962880
2010-09-17,1284730200,113.03999,113.14999,112.17999,112.49001,195836816
2010-09-20,1284989400,112.88,114.46001,112.52161,114.21001,214786688
2010-09-21,1285075800,114.3,114.84,113.50999,113.98,268632320
2010-09-22,1285162200,113.8,114.44,113.10001,113.42,191322368
2010-09-23,1285248600,112.49001,113.67,112.17999,112.498,202354256
2010-09-24,1285335000,113.75,114.89999,113.64999,114.82001,209671680
2010-09-27,1285594200,114.86,114.99001,114.16,114.27,128799440
2010-09-28,1285680600,114.42,115.03999,113.17999,114.67,209207440
2010-09-29,1285767000,114.38,114.91,114.02,114.47,179665744
2010-09-30,1285853400,115.05,115.78999,113.59,114.13,287106560
2010-10-01,1285939800,114.99001,115.12,113.92999,114.61,174638624
2010-10-04,1286199000,114.37,114.85001,113.17999,113.75,166153184
2010-10-05,1286285400,114.8,116.32001,114.67,116.03999,229634064
2010-10-06,1286371800,116.02,116.33,115.56,116.03,148626496
2010-10-07,1286458200,116.5,116.53,115.19,115.89,164860000
2010-10-08,1286544600,116.05,116.86,115.61,116.53751,177760064
2010-10-11,1286803800,116.72,116.97,116.25,116.64999,103098320
2010-10-12,1286890200,116.27,117.35001,115.64999,117.00999,182210000
2010-10-13,1286976600,117.66,118.55,117.38,117.92,194347120
2010-10-14,1287063000,117.80991,118.00999,116.72,117.46001,217764256
2010-10-15,1287149400,118.28,118.35001,116.75999,117.7,243704944
2010-10-18,1287408600,117.74001,118.67,117.31,118.28,141502192
2010-10-19,1287495000,117.19,117.85001,116.02,116.73,280604672
2010-10-20,1287581400,116.94,118.44,116.87,117.87,200051744
2010-10-21,1287667800,118.39999,119.09,117.21001,118.13,221546128
2010-10-22,1287754200,118.31,118.53,118,118.347,108212320
2010-10-25,1288013400,119.14,119.75999,118.61,118.7,151145680
2010-10-26,1288099800,118.10001,118.84,117.87,118.72,158982880
2010-10-27,1288186200,117.89,118.50999,117.25999,118.38,190023936
2010-10-28,1288272600,119.06,119.11,117.83,118.39999,168576000
2010-10-29,1288359000,118.28,118.72,118.07001,118.49001,144305504
2010-11-01,1288618200,119.07001,119.75,117.85001,118.53,174074688
2010-11-02,1288704600,119.42,119.75,119.10001,119.47501,158345872
2010-11-03,1288791000,119.675,120.02,118.45,119.95,226702752
2010-11-04,1288877400,121.28,122.32001,119.9724,122.25999,215039312
2010-11-05,1288963800,122.34,122.92,122.17999,122.72501,180654128
2010-11-08,1289226600,122.34,122.69,121.94,122.49001,155901632
2010-11-09,1289313000,122.82001,122.95,121.12,121.61,186621568
2010-11-10,1289399400,121.58,122.16,120.66,122.10001,221387376
2010-11-11,1289485800,121.05,121.82001,120.67999,121.63499,158017568
2010-11-12,1289572200,120.82001,121.35001,119.64999,120.198,239068816
2010-11-15,1289831400,120.58,121.05,119.98,120.03,163940688
2010-11-16,1289917800,119.28999,119.49001,117.59,118.16,300332032
2010-11-17,1290004200,118.21001,118.71001,117.86,118.218,172308816
2010-11-18,1290090600,119.36,120.39,119.35001,119.9575,197723680
2010-11-19,1290177000,119.89999,120.34,119.25,120.28999,156852816
2010-11-22,1290436200,119.69,120.24001,118.77,120.19,181592192
2010-11-23,1290522600,118.77,119.015,117.99001,118.44749,222308944
2010-11-24,1290609000,119.2,120.23,119.17999,120.2,140159056
2010-11-26,1290781800,119.16,119.81,118.8,118.8,76007680
2010-11-29,1291041000,118.5,119.48,117.74001,119.162,223642256
2010-11-30,1291127400,117.98,119.17,117.81,118.49249,233930624
2010-12-01,1291213800,120.2,121.24001,120.19,121.00999,221037120
2010-12-02,1291300200,121.2,122.64999,121.13,122.56,191213568
2010-12-03,1291386600,122.14,123.03,122.11,122.89,151288816
2010-12-06,1291645800,122.63,123.03999,122.5,122.75999,103050432
2010-12-07,1291732200,123.94,124.00999,122.75999,122.83,206580944
2010-12-08,1291818600,122.98,123.38,122.41,123.28,138019184
2010-12-09,1291905000,123.97,124.02,123.14999,123.75999,123705056
2010-12-10,1291991400,124.14,124.60001,123.73,124.48,117571632
2010-12-13,1292250600,125.05,125.2,124.52,124.56,133812624
2010-12-14,1292337000,124.75,125.23,124.28999,124.67,147249568
2010-12-15,1292423400,124.44,124.92999,123.89,124.09801,160823008
2010-12-16,1292509800,124.17999,124.91,123.75,124.82001,185035184
2010-12-17,1292596200,124.08,124.46001,123.82001,124.3,141075248
2010-12-20,1292855400,124.64,124.89999,123.98,124.60001,119085440
2010-12-21,1292941800,124.99001,125.47,124.87,125.39,94965440
2010-12-22,1293028200,125.48,125.82001,125.41,125.78,78878064
2010-12-23,1293114600,125.64,125.78,125.28999,125.60001,70079248
2010-12-27,1293460200,125.13,125.77,125.03999,125.64999,58125968
2010-12-28,1293546600,125.89999,125.95,125.5,125.83,55309008
2010-12-29,1293633000,125.98,126.2,125.89999,125.92,58033040
2010-12-30,1293719400,125.8,126.13,125.53,125.72,76616880
2010-12-31,1293805800,125.53,125.87,125.33,125.75,91270256
2011-01-03,1294065000,126.71001,127.60001,125.6969,127.05,138725184
2011-01-04,1294151400,127.33,127.37,126.19,126.98,137409680
2011-01-05,1294237800,126.58,127.72501,126.46001,127.64,133975248
2011-01-06,1294324200,127.69,127.83,127.00999,127.39,122519008
2011-01-07,1294410600,127.56,127.77,126.14999,127.14,156034560
2011-01-10,1294669800,126.58,127.16,126.2,126.98,122401632
2011-01-11,1294756200,127.44,127.74001,126.95,127.42999,110286944
2011-01-12,1294842600,128.21001,128.72,127.4621,128.58,107929120
2011-01-13,1294929000,128.63,128.69,128.05,128.36749,129229120
2011-01-14,1295015400,128.19,129.33,128.10001,129.3,117677872
2011-01-18,1295361000,129.17999,129.64,129.03,129.52,114401248
2011-01-19,1295447400,129.41,129.53571,127.91,128.25,151958320
2011-01-20,1295533800,127.96001,128.39999,127.13,128.08,175745632
2011-01-21,1295620200,128.88,129.17,128.23,128.37,151462880
2011-01-24,1295879400,128.285,129.25,128.25999,129.10001,113715440
2011-01-25,1295965800,128.75999,129.28,128.11,129.17,167552128
2011-01-26,1296052200,129.49001,130.05,129.23,129.67,141281440
2011-01-27,1296138600,129.7,130.21001,129.47,129.99001,123302624
2011-01-28,1296225000,130.14,130.35001,127.50999,127.72,295637248
2011-01-31,1296484200,128.07001,128.78,127.75,128.67999,149249120
2011-02-01,1296570600,129.46001,130.97,129.3801,130.74001,167194192
2011-02-02,1296657000,130.39999,130.84,130.33,130.485,118323632
2011-02-03,1296743400,130.25999,130.98,129.57001,130.78,145886624
2011-02-04,1296829800,130.83,131.2,130.23,131.14999,134634688
2011-02-07,1297089000,131.44,132.39999,131.42999,131.97,112439008
2011-02-08,1297175400,132.09,132.64,131.73,132.57001,99072688
2011-02-09,1297261800,132.21001,132.63,131.61,132.269,146436624
2011-02-10,1297348200,131.60001,132.47,131.3,132.321,162708496
2011-02-11,1297434600,131.8,133.28,131.77,133.11,137716432
2011-02-14,1297693800,133.03,133.53999,132.88,133.42999,101691120
2011-02-15,1297780200,133.02,133.22,132.3167,133.00999,119575376
2011-02-16,1297866600,133.46001,134.00999,133.19,133.85001,130183440
2011-02-17,1297953000,133.46001,134.42999,133.34,134.25,109810432
2011-02-18,1298039400,134.37,134.69,134.06,134.53,130002320
2011-02-22,1298385000,133.12,134.56149,131.47,131.83,233116368
2011-02-23,1298471400,131.75,132.07001,130.21001,131.02,227610128
2011-02-24,1298557800,130.88,131.44,129.7,130.92999,260467056
2011-02-25,1298644200,131.48,132.41,131.39999,132.33,141693808
2011-02-28,1298903400,132.82001,133.32001,132.38,133.14999,141600752
2011-03-01,1298989800,133.57001,133.69,130.89,130.92999,258582256
2011-03-02,1299076200,130.75,131.82001,130.35001,131.21001,200277808
2011-03-03,1299162600,132.39999,133.62,132.39,133.47,176485184
2011-03-04,1299249000,133.37,133.63,131.60001,132.47,277371392
2011-03-07,1299508200,132.86,133.15939,130.735,131.42999,216888944
2011-03-08,1299594600,131.64,133,131.07001,132.58,174706432
2011-03-09,1299681000,132.32001,132.8,131.60001,132.39,153903440
2011-03-10,1299767400,131,131.17999,129.81,129.9375,301665792
2011-03-11,1299853800,129.52,131.31,129.49001,130.84,225758496
2011-03-14,1300109400,129.99001,130.48,129.06,130.05,235607744
2011-03-15,1300195800,126.59,129.33,126.5,128.56,359794688
2011-03-16,1300282200,128.14999,128.57001,125.28,126.175,469160704
2011-03-17,1300368600,128,128.39,127.10001,127.85001,254521632
2011-03-18,1300455000,128.84,128.88,127.50999,127.75999,230654368
2011-03-21,1300714200,129.35001,130.00999,129.2,129.74001,154065312
2011-03-22,1300800600,129.72,129.89,129.17,129.28999,129743440
2011-03-23,1300887000,128.92999,130,128.32001,129.66,148648752
2011-03-24,1300973400,130.39999,131.09,129.67,130.89999,159238320
2011-03-25,1301059800,131.24001,131.87,130.89211,131.3,155770000
2011-03-28,1301319000,131.58,131.92,130.94,130.98,109839056
2011-03-29,1301405400,130.87,131.89999,130.44,131.86,129844560
2011-03-30,1301491800,132.55,133.16,132.36,132.77,135895872
2011-03-31,1301578200,132.60001,132.96001,132.45,132.59,132756496
2011-04-01,1301664600,133.41,133.77,132.83,133.14999,154038944
2011-04-04,1301923800,133.42999,133.67,132.88,133.25999,100773312
2011-04-05,1302010200,133,133.83,132.94,133.24001,121083808
2011-04-06,1302096600,133.88,134,133.12,133.66,120453632
2011-04-07,1302183000,133.42,133.97749,132.66,133.32001,170973184
2011-04-08,1302269400,133.91,133.99001,132.31,132.86,148014816
2011-04-11,1302528600,133,133.45,132.14,132.46001,121518496
2011-04-12,1302615000,131.72,131.98,130.99001,131.47,161480688
2011-04-13,1302701400,132.08,132.17999,130.96001,131.46001,162172944
2011-04-14,1302787800,130.7,131.75999,130.27,131.56,161271248
2011-04-15,1302874200,131.8,132.37,131.41,132.03999,170146624
2011-04-18,1303133400,130.59,132.03011,129.50999,130.56,210908192
2011-04-19,1303219800,130.75999,131.35001,130.44,131.31,124321872
2011-04-20,1303306200,132.88,133.39,132.78999,133.10001,156473008
2011-04-21,1303392600,133.78999,133.84,133.1046,133.78,136214496
2011-04-25,1303738200,133.67999,133.86,133.2,133.64,65231072
2011-04-26,1303824600,134.05,135.06,133.91,134.791,146658432
2011-04-27,1303911000,135.05,135.87,134.5,135.67,143104816
2011-04-28,1303997400,135.42999,136.28999,135.41,136.11,124865744
2011-04-29,1304083800,136.16,136.57001,135.98,136.42999,115094368
2011-05-02,1304343000,137.07001,137.17999,135.95,136.22,126310064
2011-05-03,1304429400,135.96001,136.19,135.045,135.73,138445808
2011-05-04,1304515800,135.67,135.73,134.23,134.83,182821184
2011-05-05,1304602200,134.08,134.95,133.02,133.61,227065680
2011-05-06,1304688600,134.94,135.63,133.22,134.2,222951248
2011-05-09,1304947800,134.19,135.11,133.98,134.72,114134432
2011-05-10,1305034200,135.17,136.11,135,135.87,114887008
2011-05-11,1305120600,135.67,135.69,133.82001,134.44,193745632
2011-05-12,1305207000,134.08,135.36,133.39,135.08,171648128
2011-05-13,1305293400,135.14999,135.34,133.56,134.03999,157499056
2011-05-16,1305552600,133.56,134.61,132.97,133.19,141770624
2011-05-17,1305639000,132.69,133.35001,132.12,133.17,192852320
2011-05-18,1305725400,133.24001,134.5,132.95,134.36,135228128
2011-05-19,1305811800,134.8,135.03,133.94,134.67999,119584880
2011-05-20,1305898200,134.33,134.6781,133.36,133.61,182638320
2011-05-23,1306157400,131.98,133.64751,131.59,132.06,168800000
2011-05-24,1306243800,132.44,132.73,131.7,131.95,147200320
2011-05-25,1306330200,131.42,132.94,131.38,132.39,151102192
2011-05-26,1306416600,132.03,133.24001,131.78,133,164984624
2011-05-27,1306503000,133.37,133.87,132.9588,133.50999,120921872
2011-05-31,1306848600,134.77,134.92,133.84,134.89999,164731184
2011-06-01,1306935000,134.50999,134.9234,131.75999,131.87,233094256
2011-06-02,1307021400,131.96001,132.24001,130.96001,131.73,200466752
2011-06-03,1307107800,130.14999,131.42,130.08,130.42,234690128
2011-06-06,1307367000,130.09,130.36,128.87,129.045,179951120
2011-06-07,1307453400,129.7,130.07001,128.85001,128.96001,161805936
2011-06-08,1307539800,128.75999,129.19,128.17999,128.42,198696320
2011-06-09,1307626200,128.77,129.92999,128.46001,129.39999,160964368
2011-06-10,1307712600,128.85001,128.92999,127.25999,127.60001,238629312
2011-06-13,1307971800,127.89,128.24001,127.05,127.7,207599744
2011-06-14,1308058200,128.87,129.77,128.82001,129.32001,160570368
2011-06-15,1308144600,128.24001,129.2991,126.67999,127.02,300957952
2011-06-16,1308231000,127.06,127.97,126.32001,127.3,308038400
2011-06-17,1308317400,127.92999,127.94,126.62,127.05,234996064
2011-06-20,1308576600,126.62,127.97,126.58,127.7,159478944
2011-06-21,1308663000,128.36,129.7,127.75349,129.45,193157248
2011-06-22,1308749400,129.05,129.81,128.59,128.67,176886432
2011-06-23,1308835800,127.16,128.63609,126.19,128.30099,334286848
2011-06-24,1308922200,128.27,128.37,126.62,126.81,226129376
2011-06-27,1309181400,126.89,128.42999,126.64,127.94,168908192
2011-06-28,1309267800,128.45,129.63,128.27,129.61,165556256
2011-06-29,1309354200,130.2,130.92999,129.6321,130.72,244295376
2011-06-30,1309440600,131.14,132.17999,130.705,131.97,223496496
2011-07-01,1309527000,132.09,134.10001,131.78,133.92,202385632
2011-07-05,1309872600,133.78,134.08,133.39,133.81,165935936
2011-07-06,1309959000,133.49001,134.14,133.11,133.97,143332688
2011-07-07,1310045400,135.16,135.7,134.88,135.36,170464192
2011-07-08,1310131800,133.83,135.3558,133.39,134.39999,194171504
2011-07-11,1310391000,132.75,133.17999,131.66,131.97,195918560
2011-07-12,1310477400,131.69,132.78,131.36,131.39999,214675632
2011-07-13,1310563800,132.09,133.22,131.519,131.84,204062560
2011-07-14,1310650200,132.17,132.78,130.67999,130.92999,226111744
2011-07-15,1310736600,131.66,131.87,130.77,131.69,220124624
2011-07-18,1310995800,131.08,131.28,129.63,130.61,196872064
2011-07-19,1311082200,131.34,132.89,131.31,132.73,166554880
2011-07-20,1311168600,133.07001,133.14999,132.42,132.64999,137145312
2011-07-21,1311255000,133.39999,134.82001,132.6693,134.49001,245270320
2011-07-22,1311341400,134.52,134.72,133.75999,134.58,126019312
2011-07-25,1311600600,133.3,134.49001,133.16,133.83,136653680
2011-07-26,1311687000,133.74001,133.96001,133.03,133.33,131278128
2011-07-27,1311773400,132.59,132.63,130.42999,130.60001,249020000
2011-07-28,1311859800,130.60001,131.77,130.00999,130.22,207939872
2011-07-29,1311946200,128.91,130.55,127.96671,129.33,307042560
2011-08-01,1312205400,130.84,130.96001,127.53,128.78,325790720
2011-08-02,1312291800,127.81,128.5,125.49001,125.49001,346653696
2011-08-03,1312378200,125.66,126.31,123.53,126.17,371029504
2011-08-04,1312464600,124.42,124.62,120.06,120.25999,520721920
2011-08-05,1312551000,121.75999,122.07001,116.86,120.08,655561472
2011-08-08,1312810200,116.91,120.1218,112.02,112.25999,702263808
2011-08-09,1312896600,114.07001,117.64,110.27,117.48,717828608
2011-08-10,1312983000,115.25999,116.28,111.95,112.28999,662607360
2011-08-11,1313069400,113.25999,118.92,112.317,117.33,487979776
2011-08-12,1313155800,118.39999,119.215,117.28,118.12,313731584
2011-08-15,1313415000,119.19,120.74001,119,120.62,258810560
2011-08-16,1313501400,119.47,120.69,118.31,119.59,294095104
2011-08-17,1313587800,120.25,121.2,118.72,119.67,238201056
2011-08-18,1313674200,116.5,119.714,113.39,114.50999,512956160
2011-08-19,1313760600,112.96001,115.88,112.5,112.64,428281344
2011-08-22,1314019800,115.17,115.23,112.41,112.73,275090688
2011-08-23,1314106200,113.14999,116.5665,112.58,116.44,331136512
2011-08-24,1314192600,116.19,118.24001,115.92,118.08,246869680
2011-08-25,1314279000,118.73,119.39999,115.87,116.28,312365312
2011-08-26,1314365400,115.69,118.50999,113.85001,117.97,314495744
2011-08-29,1314624600,119.56,121.42999,118.0569,121.36,190977184
2011-08-30,1314711000,120.83,122.42999,119.25999,121.67999,241315680
2011-08-31,1314797400,122.46001,123.50999,121.3,122.22,301828352
2011-09-01,1314883800,122.28999,123.39999,120.78,120.94,254585872
2011-09-02,1314970200,118.42,120.8726,117.42999,117.85001,255517184
2011-09-06,1315315800,114.39,117.16,114.38,116.99001,285142784
2011-09-07,1315402200,118.75999,120.34,118.36,120.28999,209803120
2011-09-08,1315488600,119.57001,120.94,118.77,119.03999,250568192
2011-09-09,1315575000,117.67999,119.05701,115.28,115.92,380195072
2011-09-12,1315834200,114.47,116.75999,114.05,116.67,305793536
2011-09-13,1315920600,117.05,118.17999,116.22,117.74001,272514560
2011-09-14,1316007000,118.34,120.8,116.72,119.37,319389440
2011-09-15,1316093400,120.64999,121.47,119.4034,121.42999,326777088
2011-09-16,1316179800,121.28999,121.97,120.32001,121.521,284528128
2011-09-19,1316439000,119.53,120.92999,118.72,120.31,241516944
2011-09-20,1316525400,120.82001,121.99001,120.00999,120.17,218932128
2011-09-21,1316611800,120.23,120.60001,116.44,116.63,316251136
2011-09-22,1316698200,113.25,114.21001,111.3,112.86,513920000
2011-09-23,1316784600,112.11,114.16,112.02,113.53999,307242496
2011-09-26,1317043800,114.61,116.39999,112.98,116.24001,260673632
2011-09-27,1317130200,118.53,119.56,116.84,117.53999,311753728
2011-09-28,1317216600,117.78,118.49001,114.97,115.145,286696704
2011-09-29,1317303000,117.05,117.63,113.92999,116.05,298108928
2011-09-30,1317389400,114.45,115.45,113.07001,113.14999,288685568
2011-10-03,1317648600,112.49001,113.95,109.81,109.92999,365136640
2011-10-04,1317735000,108.35001,112.58,107.42999,112.34,459177472
2011-10-05,1317821400,112.62,114.72,111.58,114.42,284108032
2011-10-06,1317907800,114.36,116.66,113.50999,116.49001,257800752
2011-10-07,1317994200,117.17,117.245,115.06,115.71001,312657920
2011-10-10,1318253400,117.67999,119.63,117.67,119.58,230666192
2011-10-11,1318339800,118.87,120.03999,118.75,119.7,209087936
2011-10-12,1318426200,120.60001,122.14,120.33,120.75,281544704
2011-10-13,1318512600,120.03999,120.87,119.12,120.50999,212538816
2011-10-14,1318599000,121.91,122.60001,121.23,122.57001,211397568
2011-10-17,1318858200,121.99001,122.54919,119.92999,120.23,202311568
2011-10-18,1318944600,120.14,123.5,119.2,122.58,318857984
2011-10-19,1319031000,122.38,123.08,120.71001,121.13,226601248
2011-10-20,1319117400,121.42999,122.10001,119.82001,121.66,262075632
2011-10-21,1319203800,123.09,124.12,122.72,123.97,278999296
2011-10-24,1319463000,124.17,125.8,124.06,125.49001,203215568
2011-10-25,1319549400,124.89,124.95,122.78,123.049,268596736
2011-10-26,1319635800,124.35001,124.77,122.21001,124.3,289053696
2011-10-27,1319722200,127.63,129.42,124.3187,128.63,390025728
2011-10-28,1319808600,128,128.85001,127.8,128.60001,225906496
2011-10-31,1320067800,127.16,128.6239,125.32001,125.5,228146624
2011-11-01,1320154200,122.03,123.50999,121.52,122.002,416565760
2011-11-02,1320240600,123.83,124.39999,122.7905,123.99001,245529376
2011-11-03,1320327000,125.27,126.5,123.595,126.25,291174912
2011-11-04,1320413400,125.23,125.7,124.00999,125.481,249401504
2011-11-07,1320676200,125.39,126.39,124.2,126.25999,196617184
2011-11-08,1320762600,126.92,128.02,125.71001,127.88,224426192
2011-11-09,1320849000,124.89,125.8,122.86,123.161,337981952
2011-11-10,1320935400,124.78999,124.94,123.02,124.32001,231866496
2011-11-11,1321021800,125.83,126.99001,125.78999,126.66,189924320
2011-11-14,1321281000,126.19,127.45,124.92,125.46001,159258256
2011-11-15,1321367400,125.17,126.75,124.72,126.08299,184709376
2011-11-16,1321453800,124.81,126.34,123.89999,124.08,235782432
2011-11-17,1321540200,123.85001,124.16,121.23,122.105,331219712
2011-11-18,1321626600,122.5,122.75,121.47,121.979,215580368
2011-11-21,1321885800,120.2,120.35001,118.64999,119.661,229611632
2011-11-22,1321972200,119.39999,120.10001,118.52,119.19,216494816
2011-11-23,1322058600,118.07001,119.19,116.56,116.56,224531632
2011-11-25,1322231400,116.38,117.7,116.2,116.34,99557008
2011-11-28,1322490600,119.53999,120.17999,118.82001,119.71001,210686000
2011-11-29,1322577000,120.05,121,119.61,120.05,199241504
2011-11-30,1322663400,123.49001,125.22,119.9971,124.99001,324439552
2011-12-01,1322749800,124.85001,125.64,124.42999,124.97,176954752
2011-12-02,1322836200,126.12,126.5,124.78,124.86,221109680
2011-12-05,1323095400,126.84,127.17999,125.44,126.22,225263872
2011-12-06,1323181800,126.21001,127.11,125.75999,126.25999,178842064
2011-12-07,1323268200,125.84,127.25999,124.97,126.73,237802496
2011-12-08,1323354600,125.89999,126.17999,123.64999,123.95,240862752
2011-12-09,1323441000,124.50999,126.37,124.39999,126.05,209111312
2011-12-12,1323700200,124.95,124.97,123.16,124.21001,215826064
2011-12-13,1323786600,124.86,125.57001,122.45,123.05,245159680
2011-12-14,1323873000,122.56,123.03,121.47,121.74001,238618816
2011-12-15,1323959400,123.03,123.2,121.99001,122.185,199109120
2011-12-16,1324045800,122.23,122.95,121.3,121.59,220481312
2011-12-19,1324305000,122.06,122.32001,120.03,120.28999,183902944
2011-12-20,1324391400,122.17999,124.14,120.37019,123.92999,225418064
2011-12-21,1324477800,123.92999,124.36,122.75,124.17,194230880
2011-12-22,1324564200,124.63,125.39999,124.23241,125.27,119465312
2011-12-23,1324650600,125.67,126.42999,125.41,126.39,92187184
2011-12-27,1324996200,126.17,126.82001,126.06,126.49001,86075680
2011-12-28,1325082600,126.50999,126.53,124.73,124.83,119107008
2011-12-29,1325169000,125.24001,126.25,124.8566,126.12,123507120
2011-12-30,1325255400,126.02,126.33,125.5,125.5,95599008
2012-01-03,1325601000,127.75999,128.38,127.42999,127.495,193697808
2012-01-04,1325687400,127.2,127.81,126.71001,127.7,127186432
2012-01-05,1325773800,127.00999,128.23,126.42999,128.03999,173894944
2012-01-06,1325860200,128.2,128.22,127.28999,127.71001,148049936
2012-01-09,1326119400,128,128.17999,127.41,128.02,99530128
2012-01-10,1326205800,129.39,129.64999,128.95,129.13,115281936
2012-01-11,1326292200,128.73,129.37,128.52,129.2,111540688
2012-01-12,1326378600,129.57001,129.7,128.53999,129.50999,118983632
2012-01-13,1326465000,128.64,129.05,127.72,128.84,179836128
2012-01-17,1326810600,130.08,130.32001,128.89571,129.34,132209184
2012-01-18,1326897000,129.31,130.84,129.08,130.77,163395120
2012-01-19,1326983400,131.22,131.57001,130.8,131.46001,126328816
2012-01-20,1327069800,131.24001,131.95,130.92,131.53999,138230128
2012-01-23,1327329000,131.50999,132.25,130.98,131.61,129295744
2012-01-24,1327415400,130.8,131.5,130.60001,131.46001,103083248
2012-01-25,1327501800,131.25999,132.87,130.75,132.56,198613184
2012-01-26,1327588200,133.14999,133.39999,131.36,131.88,184880496
2012-01-27,1327674600,131.24001,132.05,131.14999,131.82001,135259056
2012-01-30,1327933800,130.50999,131.44,130.06,131.37,147311744
2012-01-31,1328020200,132.02,132.17999,130.67999,131.32001,157211936
2012-02-01,1328106600,132.28999,133.14,132.13,132.47,166234432
2012-02-02,1328193000,132.73,133.02,132.21001,132.67999,113090368
2012-02-03,1328279400,134,134.62,133.77,134.53999,160598496
2012-02-06,1328538600,133.98,134.5134,133.83,134.45,107694432
2012-02-07,1328625000,134.17,135.02,133.64,134.78999,135528064
2012-02-08,1328711400,134.86,135.22,134.31,135.19,139361376
2012-02-09,1328797800,135.41,135.59,134.56,135.36,148602816
2012-02-10,1328884200,134.16,134.47,133.84,134.36099,167907504
2012-02-13,1329143400,135.32001,135.52,134.74001,135.36,115841808
2012-02-14,1329229800,135,135.27,134.25,135.19,165996128
2012-02-15,1329316200,135.63,135.83,134.28999,134.56,195195120
2012-02-16,1329402600,134.57001,136.17,134.33,136.049,186567744
2012-02-17,1329489000,136.52,136.6275,135.96001,136.41,129869376
2012-02-21,1329834600,136.73,137.05,136.05,136.47,134042256
2012-02-22,1329921000,136.25999,136.55,135.78999,136.032,124455248
2012-02-23,1330007400,135.96001,136.73,135.5,136.631,137704256
2012-02-24,1330093800,136.92999,137.2,136.63,136.92999,105539056
2012-02-27,1330353000,136.02,137.53,135.8,137.16,145728816
2012-02-28,1330439400,137.2,137.72,136.92999,137.55901,129355808
2012-02-29,1330525800,137.75999,138.19,136.53999,137.02,185934688
2012-03-01,1330612200,137.31,137.99001,136.9312,137.73,145026128
2012-03-02,1330698600,137.64,137.82001,137,137.312,120638256
2012-03-05,1330957800,137.10001,137.2,136.28,136.75,140765008
2012-03-06,1331044200,135.35001,135.42999,134.36,134.75,202129808
2012-03-07,1331130600,135.06,135.91,134.92999,135.69,143692128
2012-03-08,1331217000,136.52,137.32001,136.24001,137.03999,116968816
2012-03-09,1331303400,137.3,137.92999,137.13,137.57001,122836752
2012-03-12,1331559000,137.55,137.75999,137.09,137.58,104003504
2012-03-13,1331645400,138.32001,140.13,138.09,140.062,184090432
2012-03-14,1331731800,140.10001,140.44501,139.48,139.91,145163504
2012-03-15,1331818200,140.12,140.78,139.75999,140.72,165118432
2012-03-16,1331904600,140.36,140.48,140,140.3,152893376
2012-03-19,1332163800,140.21001,141.28,140.11,140.85001,125291008
2012-03-20,1332250200,140.05,140.61,139.64,140.44,121729632
2012-03-21,1332336600,140.52,140.64999,139.92,140.21001,122388368
2012-03-22,1332423000,139.17999,139.55,138.74001,139.2,135216688
2012-03-23,1332509400,139.32001,139.81,138.55,139.64999,120520944
2012-03-26,1332768600,140.64999,141.61,140.60001,141.61,120163936
2012-03-27,1332855000,141.74001,141.83,141.08,141.17,119868432
2012-03-28,1332941400,141.10001,141.32001,139.64,140.47,148562000
2012-03-29,1333027800,139.64,140.49339,139.09,140.23,164963632
2012-03-30,1333114200,140.92,141.05,140.05,140.81,135486688
2012-04-02,1333373400,140.64,142.21001,140.36,141.84,151741056
2012-04-03,1333459800,141.64,141.8826,140.42999,141.25999,155806624
2012-04-04,1333546200,140.22,140.339,139.34,139.86,146895936
2012-04-05,1333632600,139.38,140.2,139.25999,139.78999,137439376
2012-04-09,1333978200,138.03,139.84441,137.84,138.22,127555872
2012-04-10,1334064600,137.95,138.34,135.75999,135.89999,235360256
2012-04-11,1334151000,137.28999,137.53999,136.75,137,154132944
2012-04-12,1334237400,137.13,138.89999,137.03,138.78999,154321504
2012-04-13,1334323800,138.47,138.8168,137.00999,137.14,169246624
2012-04-16,1334583000,137.84,138.03999,136.58,137.05,147825184
2012-04-17,1334669400,137.84,139.36,137.698,139.082,147877568
2012-04-18,1334755800,138.46001,139.08,138.38,138.61,123884192
2012-04-19,1334842200,138.63,139.14999,137.07001,137.72,198666752
2012-04-20,1334928600,138.33,138.83,137.87,137.95,143199568
2012-04-23,1335187800,136.53999,136.91,135.94,136.78999,171844880
2012-04-24,1335274200,136.91,137.66,136.8,137.31,137484192
2012-04-25,1335360600,138.64999,139.25,138.53,139.19,150255008
2012-04-26,1335447000,138.89,140.32001,138.81,140.16,136292688
2012-04-27,1335533400,140.58,140.78999,139.8,140.39,130725008
2012-04-30,1335792600,140.11,140.21001,139.49001,139.87,115092192
2012-05-01,1335879000,139.78999,141.66,139.63,140.74001,138837312
2012-05-02,1335965400,139.92,140.46001,139.46001,140.325,121080944
2012-05-03,1336051800,140.34,140.45,138.99001,139.25,143762688
2012-05-04,1336138200,138.515,139.30119,136.92,137,193931312
2012-05-07,1336397400,136.50999,137.56,136.46001,137.10001,127765872
2012-05-08,1336483800,136.28,136.77,134.92,136.55,213383872
2012-05-09,1336570200,135.10001,136.61,134.49001,135.74001,220778192
2012-05-10,1336656600,136.67999,136.85001,135.71001,136.02,150600944
2012-05-11,1336743000,135.17,136.87,135.11,135.61,153032368
2012-05-14,1337002200,134.31,135.6144,133.91,134.11,163909936
2012-05-15,1337088600,134.02,134.81,133.13,133.34,207629248
2012-05-16,1337175000,133.94,134.55,132.8,132.82899,207265568
2012-05-17,1337261400,132.86,133.02,130.78999,130.86,247992944
2012-05-18,1337347800,131.37,131.60001,129.55,129.74001,319631104
2012-05-21,1337607000,130.16,132.02,129.95,131.97,177861056
2012-05-22,1337693400,132.31,133.23,131.34,132.2,197531120
2012-05-23,1337779800,131.25,132.46001,129.99001,132.27,204958320
2012-05-24,1337866200,132.63,132.84,131.42,132.53,167357632
2012-05-25,1337952600,132.48,132.85001,131.78,132.10001,135465568
2012-05-29,1338298200,133.16,133.92999,131.17,133.7,152883440
2012-05-30,1338384600,132.56,133.6924,131.49001,131.75999,162370368
2012-05-31,1338471000,131.71001,132.45,130.34,131.47,196186192
2012-06-01,1338557400,129.41,131.5042,128.16,128.16,253245008
2012-06-04,1338816600,128.39,128.74001,127.13499,128.10001,202548256
2012-06-05,1338903000,127.85001,129.25999,127.78,129.07001,164149376
2012-06-06,1338989400,129.97,132.03,129.92999,131.97,184202752
2012-06-07,1339075800,133.47,133.53,131.78,132.05,184772688
2012-06-08,1339162200,131.71001,133.125,131.28999,133.10001,143915632
2012-06-11,1339421400,134.17,134.25,131.28,131.41499,169756064
2012-06-12,1339507800,131.78999,133.00999,131.16,132.92,181931744
2012-06-13,1339594200,132.53,133.36,131.62,132.07001,172223872
2012-06-14,1339680600,132.34,134,131.98,133.47,230616256
2012-06-15,1339767000,133.38,134.25999,133.10001,134.14,169444432
2012-06-18,1340026200,133.58,134.73,133.28,134.39999,131365440
2012-06-19,1340112600,135.08,136.25,134.3714,135.7,137382560
2012-06-20,1340199000,135.71001,136.10001,134.27,135.48,206466624
2012-06-21,1340285400,135.64,135.78,132.33,132.44,205272320
2012-06-22,1340371800,133.13,133.71001,132.62,133.46001,130029184
2012-06-25,1340631000,132.05,132.10001,130.85001,131.32001,146375680
2012-06-26,1340717400,131.7,132.38,130.92999,131.98,141633936
2012-06-27,1340803800,132.42,133.42999,131.96671,133.173,108087936
2012-06-28,1340890200,132.28999,132.99001,131.28,132.78999,169242688
2012-06-29,1340976600,135.2,136.27,134.85001,136.105,212251056
2012-07-02,1341235800,136.48,136.64999,135.52,136.50999,129524432
2012-07-03,1341322200,136.48,137.50999,136.34,137.412,80450192
2012-07-05,1341495000,136.89999,137.8,136.28999,136.78999,126177440
2012-07-06,1341581400,135.47,135.77,134.85001,135.49001,151192000
2012-07-09,1341840600,135.38,135.57001,134.7,135.32001,103780432
2012-07-10,1341927000,136.00999,136.23,133.67999,134.14,167884816
2012-07-11,1342013400,134.21001,134.60001,133.38,134.16,141734000
2012-07-12,1342099800,133.38,134.2269,132.60001,133.50999,143583120
2012-07-13,1342186200,133.86,135.89,133.84,135.75,129644128
2012-07-16,1342445400,135.44,135.83,134.89999,135.42999,97525184
2012-07-17,1342531800,135.97,136.64,134.55,136.36,138860192
2012-07-18,1342618200,136.03999,137.64,135.96001,137.37,113349632
2012-07-19,1342704600,137.64999,138.17999,137.21001,137.73,129847184
2012-07-20,1342791000,136.95,137.16,136.32001,136.47,142904432
2012-07-23,1343050200,134.47,136.38519,133.84,135.09,145210816
2012-07-24,1343136600,135.19,135.25,133.03,133.925,173301120
2012-07-25,1343223000,134.21001,134.56,133.25,133.96001,129122256
2012-07-26,1343309400,135.89,136.46001,135.25999,136.17,156526432
2012-07-27,1343395800,136.89,139.07001,136.1364,138.675,236768880
2012-07-30,1343655000,138.52,139.339,138.27,138.67999,106781936
2012-07-31,1343741400,138.49001,138.87,137.71001,137.71001,120575808
2012-08-01,1343827800,138.7,138.73,137.39999,137.59,138293744
2012-08-02,1343914200,136.55,137.57001,135.58,136.64,199556560
2012-08-03,1344000600,138.56,139.64,136.6794,139.349,157825008
2012-08-06,1344259800,139.72,140.17,139.56,139.62,86327744
2012-08-07,1344346200,140.17999,140.92,140.03,140.32001,109545056
2012-08-08,1344432600,139.85001,140.64999,139.81,140.49001,89754624
2012-08-09,1344519000,140.28999,140.89,140.14999,140.61,90291632
2012-08-10,1344605400,140.03999,140.89,139.81,140.84,99792624
2012-08-13,1344864600,140.60001,140.84,140.03999,140.77,79426880
2012-08-14,1344951000,141.28999,141.38,140.37,140.78999,102379376
2012-08-15,1345037400,140.64,141.19,140.55,140.95,71085808
2012-08-16,1345123800,141.14999,142.16,140.8,141.99001,112014192
2012-08-17,1345210200,142.23,142.3,141.86,142.17999,90813680
2012-08-20,1345469400,141.98,142.22,141.59,142.19,78255680
2012-08-21,1345555800,142.53999,143.09,141.45,141.75999,105581008
2012-08-22,1345642200,141.39999,142.05,141.07001,141.82001,133243440
2012-08-23,1345728600,141.47,141.48,140.44,140.66499,111466368
2012-08-24,1345815000,140.31,141.83,140.22,141.50999,99481184
2012-08-27,1346074200,141.89,142.08,141.34,141.53999,68785872
2012-08-28,1346160600,141.17999,141.84,140.97,141.39999,75689568
2012-08-29,1346247000,141.52,141.89,141.12,141.50999,65421296
2012-08-30,1346333400,140.89999,140.94,140.19,140.49001,96589808
2012-08-31,1346419800,141.28999,141.82001,140.36,141.16,151970368
2012-09-04,1346765400,141.03999,141.46001,140.13,141.03,120226192
2012-09-05,1346851800,141.09,141.47,140.63,140.91,100660256
2012-09-06,1346938200,141.75999,143.78,141.75,143.77,158272432
2012-09-07,1347024600,144.00999,144.39,143.88,144.33,107272000
2012-09-10,1347283800,144.19,144.44,143.46001,143.50999,86458432
2012-09-11,1347370200,143.60001,144.37,143.56,143.91,88760000
2012-09-12,1347456600,144.39,144.55,143.89999,144.39,87640880
2012-09-13,1347543000,144.37,147.03999,143.99001,146.59,225470128
2012-09-14,1347629400,146.88,148.11,146.75999,147.24001,169777008
2012-09-17,1347888600,146.94,147.19,146.37,146.74001,119427744
2012-09-18,1347975000,146.49001,146.81,146.25,146.62,98326496
2012-09-19,1348061400,146.78999,147.17,146.41,146.7,128318256
2012-09-20,1348147800,146.03,146.78999,145.63,146.71001,154009744
2012-09-21,1348234200,146.64,146.67,145.81,145.87,108737440
2012-09-24,1348493400,145.14999,145.98,145.03999,145.645,95682000
2012-09-25,1348579800,145.96001,146.24001,144.06,144.10001,133165120
2012-09-26,1348666200,144.065,144.11,142.95,143.295,146502128
2012-09-27,1348752600,143.89,144.97,143.50999,144.64,111830256
2012-09-28,1348839000,144.09,144.56,143.46001,143.97,150696064
2012-10-01,1349098200,144.52,145.69,144.00819,144.345,135911120
2012-10-02,1349184600,144.92,145.14999,143.83,144.5,113422128
2012-10-03,1349271000,144.89,145.42999,144.13,145.09,121283008
2012-10-04,1349357400,145.64,146.34,145.44,146.125,124311632
2012-10-05,1349443800,146.91,147.16,145.7,146.14,124842064
2012-10-08,1349703000,145.60001,146.12309,145.31,145.642,78415568
2012-10-09,1349789400,145.53,145.64999,144.14999,144.2,148872816
2012-10-10,1349875800,144.17999,144.32001,143.09,143.28,124247440
2012-10-11,1349962200,144.28,144.49001,143.327,143.36,123601440
2012-10-12,1350048600,143.46001,143.95,142.58,142.89,124181872
2012-10-15,1350307800,143.23,144.23,142.77,144.08,107689056
2012-10-16,1350394200,144.75999,145.64,144.66,145.53999,108815440
2012-10-17,1350480600,145.64,146.32001,145.42,146.2,128834064
2012-10-18,1350567000,145.82001,146.52,145.33,145.82001,148108432
2012-10-19,1350653400,145.55,145.56,143.05,143.3896,185645120
2012-10-22,1350912600,143.14999,143.67,142.28,143.41,125578624
2012-10-23,1350999000,141.86,142.06,140.83,141.42,192056320
2012-10-24,1351085400,141.92999,142.10001,140.8,141.02,120179312
2012-10-25,1351171800,142.02,142.28,140.57001,141.42999,134457312
2012-10-26,1351258200,141.3,141.84,140.39,141.35001,146023440
2012-10-31,1351690200,141.85001,142.03,140.67999,141.35001,103438496
2012-11-01,1351776600,141.64999,143.00999,141.52,142.83,100995568
2012-11-02,1351863000,143.67999,143.72,141.41,141.56,137702128
2012-11-05,1352125800,141.35001,142.17,140.92999,141.8486,98378432
2012-11-06,1352212200,142.28,143.52,142.13,142.96001,107068064
2012-11-07,1352298600,141.66,141.67999,139.06,139.72,264304432
2012-11-08,1352385000,139.7,140.41,137.92999,138.03999,181517248
2012-11-09,1352471400,137.62,139.44,137.55,138.16,201055184
2012-11-12,1352730600,138.59,138.81,137.96001,138.265,97677440
2012-11-13,1352817000,137.53999,139.25,137.36,137.78999,123018192
2012-11-14,1352903400,138.21001,138.42999,135.62,135.9299,191504944
2012-11-15,1352989800,135.98,136.4901,135.17999,135.7,178128368
2012-11-16,1353076200,135.89999,136.64,134.7,136.37,239483808
2012-11-19,1353335400,137.89999,139.14999,136.4057,139.13,151495744
2012-11-20,1353421800,138.91,139.42,138.08,139.19,119807376
2012-11-21,1353508200,139.31,139.57001,139.03,139.45,81710752
2012-11-23,1353681000,140.13,141.39999,140.03999,141.35001,65409152
2012-11-26,1353940200,140.64999,141.35629,140.19,141.05,100124320
2012-11-27,1354026600,140.91,141.39,140.24001,140.33,128646192
2012-11-28,1354113000,139.75999,141.53999,139,141.46001,177086432
2012-11-29,1354199400,141.99001,142.50999,141.37,142.12,151085872
2012-11-30,1354285800,142.14,142.42,141.66,142.155,136568320
2012-12-03,1354545000,142.8,142.92,141.34,141.45,124656320
2012-12-04,1354631400,141.44,141.87,140.87,141.25,127622496
2012-12-05,1354717800,141.37,142.16,140.37,141.5,147300432
2012-12-06,1354804200,141.37,142.03999,141.16,141.98,103220560
2012-12-07,1354890600,142.53,142.69,141.67,142.41499,108726320
2012-12-10,1355149800,142.21001,142.81,142.14999,142.47301,98840688
2012-12-11,1355236200,143.06,144.11,142.99001,143.44,152570368
2012-12-12,1355322600,144,144.55,143.31,143.50999,145880000
2012-12-13,1355409000,143.42,143.83,142.27499,142.63,135714944
2012-12-14,1355495400,142.32001,142.58,141.88,142.1051,137701680
2012-12-17,1355754600,142.47,143.85001,142.42999,143.77,143735744
2012-12-18,1355841000,144,145.5,143.78999,145.37,177762752
2012-12-19,1355927400,145.53,145.58,144.24001,144.28999,150895312
2012-12-20,1356013800,144.38,145.14,143.98,145.12,168486944
2012-12-21,1356100200,142.17,144.0881,141.94,142.78999,245883808
2012-12-24,1356359400,142.48,142.56,142.19,142.35001,53874544
2012-12-26,1356532200,142.64,142.71001,141.35001,141.75,106947680
2012-12-27,1356618600,141.78999,142.08,139.92,141.5616,167920560
2012-12-28,1356705000,140.64,141.42,139.87,140.03,148806624
2012-12-31,1356964200,139.66,142.56,139.53999,142.41,243952192
2013-01-02,1357137000,145.11,146.14999,144.73,146.06,192058944
2013-01-03,1357223400,145.99001,146.37,145.34,145.7341,144761744
2013-01-04,1357309800,145.97,146.61,145.67,146.37,116817680
2013-01-07,1357569000,145.85001,146.4442,145.42999,145.9695,110002432
2013-01-08,1357655400,145.71001,145.91,144.98,145.54961,121265056
2013-01-09,1357741800,145.87,146.32001,145.64,145.92,90745568
2013-01-10,1357828200,146.73,147.09,145.97,147.08,130735376
2013-01-11,1357914600,147.03999,147.14999,146.61,147.07001,113917312
2013-01-14,1358173800,146.89,147.07001,146.42999,146.97,89567120
2013-01-15,1358260200,146.28999,147.21001,146.2,147.07001,93172560
2013-01-16,1358346600,146.77,147.28,146.61,147.05,104849504
2013-01-17,1358433000,147.7,148.42,147.14461,148,133833440
2013-01-18,1358519400,147.97,148.49001,147.42999,148.33,169905936
2013-01-22,1358865000,148.33,149.13,147.98,149.13,111797312
2013-01-23,1358951400,149.13,149.5,148.86,149.37,104596064
2013-01-24,1359037800,149.14999,150.14,149.00999,149.41,146426320
2013-01-25,1359124200,149.88,150.25,149.3726,150.25,147211568
2013-01-28,1359383400,150.28999,150.33,149.50999,150.07001,113357632
2013-01-29,1359469800,149.77,150.85001,149.67,150.66,105694368
2013-01-30,1359556200,150.64,150.94,149.92999,150.07001,137447632
2013-01-31,1359642600,149.89,150.38,149.60001,149.7,108975808
2013-02-01,1359729000,150.64999,151.42,150.39,151.24001,131173008
2013-02-04,1359988200,150.32001,151.2679,149.42999,149.535,159073568
2013-02-05,1360074600,150.35001,151.48,150.28999,151.05,113912320
2013-02-06,1360161000,150.52,151.25999,150.41,151.16,138762752
2013-02-07,1360247400,151.205,151.35001,149.86,150.96001,162490000
2013-02-08,1360333800,151.22,151.89,151.22,151.8,103133680
2013-02-11,1360593000,151.74001,151.89999,151.3938,151.77,73774944
2013-02-12,1360679400,151.78,152.3,151.61,152.02,65392608
2013-02-13,1360765800,152.33,152.61,151.72,152.151,82322560
2013-02-14,1360852200,151.69,152.47,151.52,152.28999,80834192
2013-02-15,1360938600,152.42999,152.59,151.55,152.11,215226432
2013-02-19,1361284200,152.37,153.28,152.1629,153.25,95105376
2013-02-20,1361370600,153.14,153.19,151.25999,151.34,160574816
2013-02-21,1361457000,150.96001,151.4218,149.94,150.42,183256944
2013-02-22,1361543400,151.14999,151.89,150.4913,151.89,106356496
2013-02-25,1361802600,152.63,152.86,149,149,245824752
2013-02-26,1361889000,149.72,150.2,148.73,150.02,186596192
2013-02-27,1361975400,149.89,152.33,149.75999,151.91,150781872
2013-02-28,1362061800,151.89999,152.87,151.41,151.61,126865936
2013-03-01,1362148200,151.09,152.34,150.41,152.11,170634752
2013-03-04,1362407400,151.75999,152.92,151.52,152.92,99010192
2013-03-05,1362493800,153.66,154.7,153.64,154.28999,121663056
2013-03-06,1362580200,154.84,154.92,154.16,154.5,94469872
2013-03-07,1362666600,154.7,154.98,154.52,154.776,86101312
2013-03-08,1362753000,155.46001,155.64999,154.66,155.44,123487632
2013-03-11,1363008600,155.325,156.03999,155.13,156.03,83746688
2013-03-12,1363095000,155.92,156.10001,155.21001,155.67999,105755680
2013-03-13,1363181400,155.75999,156.12,155.23,155.905,92550880
2013-03-14,1363267800,156.31,156.8,155.90781,156.73,126329872
2013-03-15,1363354200,155.85001,156.03999,155.31,155.83,138601056
2013-03-18,1363613400,154.34,155.64,154.2,154.97,126704256
2013-03-19,1363699800,155.3,155.50999,153.59,154.61,167567248
2013-03-20,1363786200,155.52,155.95,155.25999,155.69,113759248
2013-03-21,1363872600,154.75999,155.6389,154.10001,154.35899,128604944
2013-03-22,1363959000,154.85001,155.60001,154.73,155.60001,111163504
2013-03-25,1364218200,156.00999,156.27,154.35001,154.95,151322256
2013-03-26,1364304600,155.59,156.23,155.42,156.19,86856560
2013-03-27,1364391000,155.25999,156.245,155,156.19,99950560
2013-03-28,1364477400,156.09,156.85001,155.75,156.67,102932816
2013-04-01,1364823000,156.59,156.91,155.67,156.05,99194064
2013-04-02,1364909400,156.61,157.21001,156.37,156.82001,101504320
2013-04-03,1364995800,156.91,157.03,154.82001,155.23,154167312
2013-04-04,1365082200,155.42999,156.17,155.09,155.86,131884944
2013-04-05,1365168600,153.95,155.35001,153.77,155.158,159665936
2013-04-08,1365427800,155.27,156.22,154.75,156.21001,86571120
2013-04-09,1365514200,156.5,157.32001,155.98,156.75,101922128
2013-04-10,1365600600,157.17,158.87,157.13,158.67,135711008
2013-04-11,1365687000,158.7,159.71001,158.53999,159.19,110142496
2013-04-12,1365773400,158.67999,159.03999,157.92,158.8,116359808
2013-04-15,1366032600,158,158.13,155.10001,155.118,217258944
2013-04-16,1366119000,156.28999,157.49001,155.91,157.41,147507808
2013-04-17,1366205400,156.28999,156.32001,154.28,155.11,226834752
2013-04-18,1366291800,155.37,155.41,153.55,154.14,167583120
2013-04-19,1366378200,154.5,155.55,154.12,155.48,149687568
2013-04-22,1366637400,155.78,156.53999,154.75,156.17,106553440
2013-04-23,1366723800,156.95,157.92999,156.17,157.78,166141248
2013-04-24,1366810200,157.83,158.3,157.53999,157.88,96781184
2013-04-25,1366896600,158.34,159.27,158.10001,158.52,131060560
2013-04-26,1366983000,158.33,158.60001,157.73,158.24001,95918752
2013-04-29,1367242200,158.67,159.64999,158.42,159.3,88572688
2013-04-30,1367328600,159.27,159.72,158.61,159.67999,116010624
2013-05-01,1367415000,159.33,159.41,158.10001,158.28,138874128
2013-05-02,1367501400,158.67999,159.89,158.53,159.75,96407568
2013-05-03,1367587800,161.14,161.88,159.782,161.368,144202256
2013-05-06,1367847000,161.49001,162.00999,161.42,161.78,66882064
2013-05-07,1367933400,162.13,162.64999,161.67,162.5999,90359184
2013-05-08,1368019800,162.42,163.39,162.33,163.34,97419184
2013-05-09,1368106200,163.27,163.7,162.47,162.881,106738560
2013-05-10,1368192600,162.99001,163.5498,162.50999,163.41,103202880
2013-05-13,1368451800,163.2,163.81,162.82001,163.53999,81843184
2013-05-14,1368538200,163.67,165.35001,163.67,165.23,119000816
2013-05-15,1368624600,164.96001,166.45,164.91,166.11501,120718432
2013-05-16,1368711000,165.78,166.36,165.09,165.34,109913568
2013-05-17,1368797400,165.95,167.03999,165.73,166.94,129801008
2013-05-20,1369056600,166.78,167.58,166.61,166.92999,85071184
2013-05-21,1369143000,167.08,167.8,166.5,167.17,95804192
2013-05-22,1369229400,167.34,169.07001,165.17,165.92999,244031744
2013-05-23,1369315800,164.16,165.91,163.94,165.45,211064320
2013-05-24,1369402200,164.47,165.38049,163.98,165.308,151573872
2013-05-28,1369747800,167.03999,167.78,165.81,166.3,143679744
2013-05-29,1369834200,165.42,165.8,164.34,165.22,160363312
2013-05-30,1369920600,165.35001,166.59,165.22,165.83,107793744
2013-05-31,1370007000,165.37,166.31,163.13,163.44501,176850000
2013-06-03,1370266200,163.83,164.46001,162.6599,164.35001,168390688
2013-06-04,1370352600,164.44,165.10001,162.73,163.56,157631440
2013-06-05,1370439000,163.09,163.42,161.13,161.272,211737680
2013-06-06,1370525400,161.2,162.74001,160.25,162.73,200225440
2013-06-07,1370611800,163.85001,164.95,163.14,164.8,188337744
2013-06-10,1370871000,165.31,165.39999,164.37,164.8,105667056
2013-06-11,1370957400,163.3,164.53999,162.739,163.09801,159505376
2013-06-12,1371043800,164.22,164.39,161.60001,161.75,177363504
2013-06-13,1371130200,161.66,164.5,161.3,164.21001,163587744
2013-06-14,1371216600,164.03,164.67,162.91,163.175,141197440
2013-06-17,1371475800,164.28999,165.22,163.21919,164.44,136295568
2013-06-18,1371562200,164.53,165.99001,164.52,165.735,114695504
2013-06-19,1371648600,165.60001,165.89,163.38,163.45,206149440
2013-06-20,1371735000,161.86,163.4668,158.98,159.39999,321255936
2013-06-21,1371821400,159.64,159.75999,157.47,159.07001,271956736
2013-06-24,1372080600,157.41,158.42999,155.73,157.06,222334752
2013-06-25,1372167000,158.48,160.10001,157.42,158.575,162262128
2013-06-26,1372253400,159.87,160.5,159.25,160.14,134847936
2013-06-27,1372339800,161.10001,161.82001,160.95,161.08,129483680
2013-06-28,1372426200,160.63,161.39999,159.86,160.42,160402816
2013-07-01,1372685400,161.25999,162.48,161.08,161.36,131954816
2013-07-02,1372771800,161.12,162.3,160.5,161.21001,154863632
2013-07-03,1372858200,160.48,161.77,160.22,161.28,75216320
2013-07-05,1373031000,162.47,163.08,161.3,163.02,122416880
2013-07-08,1373290200,163.86,164.39,163.0838,163.94501,108092432
2013-07-09,1373376600,164.98,165.33,164.27,165.13,119297872
2013-07-10,1373463000,164.97,165.75,164.63,165.192,121410368
2013-07-11,1373549400,167.11,167.61,165.1774,167.44,135592192
2013-07-12,1373635800,167.39,167.9332,167.13,167.50999,104212624
2013-07-15,1373895000,167.97,168.39,167.67999,168.155,69450560
2013-07-16,1373981400,168.25999,168.36,167.07001,167.52499,88702064
2013-07-17,1374067800,168.16,168.48,167.73,167.9501,92873872
2013-07-18,1374154200,168.31,169.27,168.2,168.87,103620256
2013-07-19,1374240600,168.52,169.23,168.31,169.17,103831632
2013-07-22,1374499800,169.41,169.74001,169.00999,169.5,79428560
2013-07-23,1374586200,169.8,169.83,169.05,169.14,80829632
2013-07-24,1374672600,169.78999,169.86,168.17999,168.52,112914000
2013-07-25,1374759000,168.22,169.08,167.94,168.92999,111156560
2013-07-26,1374845400,168.22,169.16,167.52,169.11,107814496
2013-07-29,1375104600,168.67999,169.06,168.11,168.59,79845120
2013-07-30,1375191000,169.10001,169.28,168.19,168.588,85216944
2013-07-31,1375277400,168.94,169.85001,168.49001,168.71001,142388624
2013-08-01,1375363800,169.99001,170.81,169.89999,170.66,110438368
2013-08-02,1375450200,170.28,170.9725,170.05,170.95,91116624
2013-08-05,1375709400,170.57001,170.96001,170.35001,170.7,54072640
2013-08-06,1375795800,170.37,170.7402,169.35001,169.73,87494944
2013-08-07,1375882200,169.19,169.42999,168.55,169.17999,84854624
2013-08-08,1375968600,169.98,170.17999,168.92999,169.8,102181248
2013-08-09,1376055000,169.58,170.10001,168.72,169.31,91856432
2013-08-12,1376314200,168.46001,169.31,168.38,169.11099,68593184
2013-08-13,1376400600,169.41,169.89999,168.41,169.61,80806000
2013-08-14,1376487000,169.53,169.8,168.7,168.74001,79829184
2013-08-15,1376573400,167.41,167.42999,166.09,166.38,152931744
2013-08-16,1376659800,166.06,166.63,165.5,165.83,130868128
2013-08-19,1376919000,165.64,166.21001,164.75999,164.77,96437568
2013-08-20,1377005400,165.03999,166.2,164.86,165.58,89294368
2013-08-21,1377091800,165.12,166.03,164.19,164.56,159530496
2013-08-22,1377178200,164.89999,166.3,164.89,166.06,101471376
2013-08-23,1377264600,166.55,166.83,165.77,166.62,90893568
2013-08-26,1377523800,166.78999,167.3,165.89,166,89705056
2013-08-27,1377610200,164.36,166.0024,163.21001,163.33,158621744
2013-08-28,1377696600,163.25999,164.49001,163.05,163.91,108112944
2013-08-29,1377783000,163.55,165.03999,163.39999,164.17,119200432
2013-08-30,1377869400,164.50999,164.53,163.17,163.64999,134928944
2013-09-03,1378215000,165.23,165.58,163.7,164.39,142375056
2013-09-04,1378301400,164.42999,166.03,164.13499,165.75,97389376
2013-09-05,1378387800,165.85001,166.39999,165.73,165.96001,63090432
2013-09-06,1378474200,166.50999,166.98,164.48,166.03999,159756432
2013-09-09,1378733400,166.45,167.73,166.45,167.634,87559248
2013-09-10,1378819800,168.64,168.89999,168.25999,168.87,105847744
2013-09-11,1378906200,168.64,169.39999,168.35001,169.39999,94545808
2013-09-12,1378992600,169.34,169.56,168.72,168.95,83209008
2013-09-13,1379079000,169.13,169.46001,168.74001,169.33,72727744
2013-09-16,1379338200,171.16,171.24001,170.03999,170.31,126187504
2013-09-17,1379424600,170.46001,171.11,170.46001,171.07001,82523184
2013-09-18,1379511000,171.00999,173.52,170.58,173.05099,203460624
2013-09-19,1379597400,173.52,173.60001,172.58501,172.75999,146616816
2013-09-20,1379683800,172.33,172.33,170.58,170.72,132867936
2013-09-23,1379943000,170.49001,170.64999,169.39,169.92999,104616432
2013-09-24,1380029400,169.89999,170.53,169.21001,169.53,106333008
2013-09-25,1380115800,169.64,169.98,168.89,169.03999,117306496
2013-09-26,1380202200,169.32001,170.17,169.05,169.69,77146880
2013-09-27,1380288600,168.84,169.14,168.47,168.909,99141680
2013-09-30,1380547800,167.48,168.53999,167.14999,168.00999,143937376
2013-10-01,1380634200,168.14,169.5,167.9671,169.34,127160432
2013-10-02,1380720600,168.35001,169.34219,167.83,169.17999,113349744
2013-10-03,1380807000,168.78999,168.94,166.84,167.62,176698432
2013-10-04,1380893400,167.75,169.06,167.53,168.89,96878368
2013-10-07,1381152600,167.42,168.45,167.25,167.42999,96295120
2013-10-08,1381239000,167.39999,167.62,165.36,165.48,178014944
2013-10-09,1381325400,165.8,166.2,164.53,165.60001,168972816
2013-10-10,1381411800,167.28999,169.25999,167.23,169.17,195954752
2013-10-11,1381498200,168.91,170.32001,168.77,170.25999,105039744
2013-10-14,1381757400,169.21001,171.08,169.08,170.94,112106368
2013-10-15,1381843800,170.50999,171.14999,169.47,169.7,155484496
2013-10-16,1381930200,170.72,172.16,170.63499,172.07001,161676064
2013-10-17,1382016600,171.37,173.32001,171.34,173.22,129389184
2013-10-18,1382103000,173.86,174.50999,173.50999,174.388,138315680
2013-10-21,1382362200,174.45,174.75,174.00999,174.39999,104103568
2013-10-22,1382448600,174.91,175.92999,174.42619,175.41,126663248
2013-10-23,1382535000,174.81,174.89,173.96001,174.57001,105484368
2013-10-24,1382621400,174.92,175.37,174.50999,175.14999,70350432
2013-10-25,1382707800,175.50999,176,175.17,175.95,93625056
2013-10-28,1382967000,175.89,176.47,175.7,176.23,84979018
2013-10-29,1383053400,176.63,177.24,176.38,177.17,87401344
2013-10-30,1383139800,177.38,177.51,175.66,176.29,140001834
2013-10-31,1383226200,176.15,176.89,175.53,175.79,133795417
2013-11-01,1383312600,176.02,176.61,175.22,176.21,142805050
2013-11-04,1383575400,176.69,176.9,175.9825,176.83,85676773
2013-11-05,1383661800,176.14,176.75,175.57,176.27,85824778
2013-11-06,1383748200,177.03,177.5,176.54,177.17,87347728
2013-11-07,1383834600,177.5,177.64,174.76,174.93,157000422
2013-11-08,1383921000,174.87,177.31,174.85,177.29,136712623
2013-11-11,1384180200,177.12,177.53,176.91,177.32,62614326
2013-11-12,1384266600,176.94,177.36,176.37,176.96,83989617
2013-11-13,1384353000,176.09,178.4261,176.09,178.38,103844266
2013-11-14,1384439400,178.54,179.42,178.25,179.27,103435238
2013-11-15,1384525800,179.56,180.12,179.33,180.05,102818190
2013-11-18,1384785000,180.35,180.5,179.02,179.42,104796009
2013-11-19,1384871400,179.33,179.87,178.72,179.03,93891416
2013-11-20,1384957800,179.39,179.93,177.98,178.47,124908601
2013-11-21,1385044200,178.97,180.05,178.86,179.91,92841271
2013-11-22,1385130600,179.98,180.83,179.77,180.81,81295887
2013-11-25,1385389800,181.13,181.17,180.37,180.63,79485709
2013-11-26,1385476200,180.72,181.22,180.405,180.68,86993560
2013-11-27,1385562600,180.87,181.24,180.65,181.12,58800056
2013-11-29,1385735400,181.32,181.75,180.8,181,55870903
2013-12-02,1385994600,181.09,181.43,180.25,180.53,99725781
2013-12-03,1386081000,179.94,180.39,179.17,179.75,116563302
2013-12-04,1386167400,179.1,180.48,178.35,179.73,123032637
2013-12-05,1386253800,179.41,179.74,178.7701,178.94,106934067
2013-12-06,1386340200,180.67,181.11,180.15,180.94,127727518
2013-12-09,1386599400,181.47,181.67,181.16,181.4,70123608
2013-12-10,1386685800,180.98,181.36,180.635,180.75,80976207
2013-12-11,1386772200,180.81,180.85,178.5,178.72,130590810
2013-12-12,1386858600,178.64,178.86,177.76,178.13,115564840
2013-12-13,1386945000,178.5,178.66,177.77,178.11,107807610
2013-12-16,1387204200,178.95,179.81,178.9,179.216,96194790
2013-12-17,1387290600,179.36,179.41,178.25,178.65,89886224
2013-12-18,1387377000,178.92,181.73,177.32,181.7,234906482
2013-12-19,1387463400,181.19,181.7,180.71,181.49,136298872
2013-12-20,1387549800,180.67,181.99,180.5683,181.56,197086908
2013-12-23,1387809000,182.41,182.64,182.065,182.53,85597541
2013-12-24,1387895400,182.54,183.01,182.53,182.93,45368841
2013-12-26,1388068200,183.34,183.96,183.32,183.855,63365227
2013-12-27,1388154600,184.1,184.18,183.66,183.845,61813841
2013-12-30,1388413800,183.87,184.02,183.58,183.82,56857458
2013-12-31,1388500200,184.07,184.69,183.93,184.69,86247638
2014-01-02,1388673000,183.98,184.07,182.48,182.92,119636836
2014-01-03,1388759400,183.21,183.6,182.63,182.885,81390502
2014-01-06,1389018600,183.47,183.56,182.08,182.36,108028139
2014-01-07,1389105000,183.09,183.79,182.95,183.48,86144169
2014-01-08,1389191400,183.45,183.83,182.89,183.52,96582234
2014-01-09,1389277800,184.1,184.13,182.795,183.64,90683302
2014-01-10,1389364200,183.95,184.22,183.01,184.14,102026318
2014-01-13,1389623400,183.71,184.18,181.34,181.685,149891938
2014-01-14,1389709800,182.28,183.77,181.95,183.67,105016055
2014-01-15,1389796200,184.1,184.94,183.7102,184.66,98525721
2014-01-16,1389882600,184.28,184.6618,183.83,184.42,72290520
2014-01-17,1389969000,184.1,184.45,183.32,183.635,107848616
2014-01-21,1390314600,184.7,184.77,183.05,184.18,88621138
2014-01-22,1390401000,184.49,184.57,183.91,184.3,61270816
2014-01-23,1390487400,183.36,183.4,181.82,182.79,132496880
2014-01-24,1390573800,181.6,181.66,178.83,178.89,208677093
2014-01-27,1390833000,179.06,179.52,177.12,178.01,180843004
2014-01-28,1390919400,178.14,179.3,178.12,179.07,110463152
2014-01-29,1391005800,177.56,178.55,176.88,177.35,216597269
2014-01-30,1391092200,178.86,179.81,178.26,179.23,118938051
2014-01-31,1391178600,177.02,179.29,176.92,178.18,194677861
2014-02-03,1391437800,177.95,178.37,173.83,174.17,254837004
2014-02-04,1391524200,174.95,175.84,174.1055,175.385,165012351
2014-02-05,1391610600,174.79,175.56,173.71,175.17,164230470
2014-02-06,1391697000,175.58,177.48,175.2209,177.48,132877526
2014-02-07,1391783400,178.31,179.87,177.73,179.68,170787197
2014-02-10,1392042600,179.7,180.07,179.21,180.01,92218729
2014-02-11,1392129000,180.16,182.439,180.0389,181.98,117814009
2014-02-12,1392215400,182.22,182.83,181.705,182.07,94717638
2014-02-13,1392301800,180.84,183.2,180.83,183.01,100542155
2014-02-14,1392388200,182.84,184.36,182.67,184.02,96498305
2014-02-18,1392733800,184.19,184.49,183.65,184.24,80460878
2014-02-19,1392820200,183.76,184.95,182.87,183.02,126524261
2014-02-20,1392906600,183.27,184.52,182.6,184.1,104998099
2014-02-21,1392993000,184.49,184.89,183.8,183.89,118116359
2014-02-24,1393252200,184.28,186.15,184.2,184.91,114063868
2014-02-25,1393338600,185.03,185.59,184.23,184.84,117084901
2014-02-26,1393425000,185.11,185.6,184.33,184.85,98677144
2014-02-27,1393511400,184.59,185.87,184.37,185.82,93880780
2014-02-28,1393597800,185.79,187.15,185.05,186.29,150842000
2014-03-03,1393857000,184.69,185.45,183.75,184.98,167748455
2014-03-04,1393943400,186.75,187.98,186.75,187.58,167545852
2014-03-05,1394029800,187.72,188.07,187.45,187.75,88376859
2014-03-06,1394116200,188.21,188.61,187.7796,188.18,82516500
2014-03-07,1394202600,188.87,188.96,187.43,188.26,114513432
2014-03-10,1394458200,187.94,188.23,187.08,188.16,74939176
2014-03-11,1394544600,188.44,188.71,186.8,187.23,99009013
2014-03-12,1394631000,186.32,187.35,185.9,187.28,104824323
2014-03-13,1394717400,187.84,187.99,184.66,185.18,155014237
2014-03-14,1394803800,184.8,185.8,184.44,184.66,153919598
2014-03-17,1395063000,185.59,186.77,185.51,186.33,98359454
2014-03-18,1395149400,186.71,187.91,186.51,187.66,101804519
2014-03-19,1395235800,187.7,187.94,185.47,186.66,176267253
2014-03-20,1395322200,186.25,187.89,185.92,187.747,117240972
2014-03-21,1395408600,187.72,189.0239,186.03,186.2,163127905
2014-03-24,1395667800,186.82,187.07,184.62,185.43,121411145
2014-03-25,1395754200,186.37,186.94,185.27,186.31,103851737
2014-03-26,1395840600,187.03,187.34,184.92,184.97,119842897
2014-03-27,1395927000,184.77,185.34,183.9,184.58,142382757
2014-03-28,1396013400,185.105,186.42,185,185.49,101641547
2014-03-31,1396272600,186.65,187.3,185.5216,187.01,99744911
2014-04-01,1396359000,187.62,188.36,187.0015,188.25,89193125
2014-04-02,1396445400,188.5,189.13,188.14,188.88,78773818
2014-04-03,1396531800,189.17,189.22,188.05,188.63,77435320
2014-04-04,1396618200,189.64,189.7,186.1,186.4,169380705
2014-04-07,1396877400,185.9,186.26,183.96,184.34,140802699
2014-04-08,1396963800,184.21,185.4,183.59,185.1,112659755
2014-04-09,1397050200,185.6,187.15,185.06,187.09,100253612
2014-04-10,1397136600,187.09,187.17,182.93,183.155,172959331
2014-04-11,1397223000,182.17,183.42,181.31,181.51,167250792
2014-04-14,1397482200,182.93,183.37,181.44,182.9401,132381601
2014-04-15,1397568600,183.32,184.33,181.51,184.2,157092533
2014-04-16,1397655000,185.47,186.14,184.65,186.125,105196633
2014-04-17,1397741400,185.88,186.91,185.56,186.39,105254649
2014-04-21,1398087000,186.44,187.1,186.21,187.04,68329343
2014-04-22,1398173400,187.23,188.4,187.13,187.89,85790307
2014-04-23,1398259800,187.81,187.92,187.3,187.45,73869384
2014-04-24,1398346200,188.37,188.39,186.93,187.83,88169916
2014-04-25,1398432600,187.21,187.33,185.87,186.29,100380205
2014-04-28,1398691800,187.05,187.69,184.96,186.875,135121094
2014-04-29,1398778200,187.48,188.04,187.08,187.75,84097551
2014-04-30,1398864600,187.44,188.5,187.18,188.31,101507717
2014-05-01,1398951000,188.22,188.84,187.73,188.325,93019095
2014-05-02,1399037400,188.31,189.14,187.78,188.06,98121662
2014-05-05,1399296600,187.14,188.55,186.62,188.42,75882739
2014-05-06,1399383000,188,188.13,186.74,186.78,85454226
2014-05-07,1399469400,187.43,187.97,186.01,187.88,106500480
2014-05-08,1399555800,187.67,189.05,187.08,187.675,93617513
2014-05-09,1399642200,187.69,188.04,186.83,187.96,83678568
2014-05-12,1399901400,188.76,189.88,187.9992,189.785,86940045
2014-05-13,1399987800,190.03,190.42,189.77,189.96,66453965
2014-05-14,1400074200,189.79,189.88,188.79,189.06,72366848
2014-05-15,1400160600,188.67,188.72,186.48,187.4,154956399
2014-05-16,1400247000,187.51,188.13,186.72,188.05,97457678
2014-05-19,1400506200,187.69,188.89,187.52,188.74,63839398
2014-05-20,1400592600,188.645,188.67,187.07,187.55,111644478
2014-05-21,1400679000,188.1,189.22,188.06,189.13,89093285
2014-05-22,1400765400,189.18,189.98,188.86,189.59,61549345
2014-05-23,1400851800,189.75,190.48,189.5858,190.35,60156088
2014-05-27,1401197400,191.05,191.58,190.95,191.52,72010355
2014-05-28,1401283800,191.52,191.82,191.06,191.38,66722865
2014-05-29,1401370200,191.82,192.4,191.33,192.37,64376573
2014-05-30,1401456600,192.19,192.8,192.03,192.68,76315640
2014-06-02,1401715800,192.95,192.99,191.97,192.895,64655648
2014-06-03,1401802200,192.4,192.9,192.25,192.8,65047193
2014-06-04,1401888600,192.47,193.3,192.265,193.19,55529372
2014-06-05,1401975000,193.41,194.65,192.7,194.45,92102592
2014-06-06,1402061400,194.87,195.43,194.78,195.375,78696219
2014-06-09,1402320600,195.35,196.05,195.17,195.58,65118828
2014-06-10,1402407000,195.33,195.64,194.92,195.6,57129440
2014-06-11,1402493400,194.9,195.12,194.48,194.92,68772479
2014-06-12,1402579800,194.65,194.8,193.11,193.54,106350200
2014-06-13,1402666200,193.9,194.32,193.3,194.13,82017278
2014-06-16,1402925400,193.89,194.7,193.66,194.29,87424332
2014-06-17,1403011800,194.02,194.97,193.81,194.83,84833876
2014-06-18,1403098200,194.83,196.37,194.4,196.255,105266767
2014-06-19,1403184600,196.43,196.6,195.8,196.48,85928920
2014-06-20,1403271000,196.03,196.1039,195.7,195.94,100587108
2014-06-23,1403530200,195.97,196.05,195.52,195.88,70611486
2014-06-24,1403616600,195.53,196.5,194.48,194.7,96236917
2014-06-25,1403703000,194.25,195.781,194.25,195.58,82781912
2014-06-26,1403789400,195.61,195.63,194.13,195.44,84311822
2014-06-27,1403875800,194.98,195.88,194.885,195.82,71453616
2014-06-30,1404135000,195.7,196.165,195.53,195.72,70504228
2014-07-01,1404221400,196.19,197.63,196.13,197.03,90470121
2014-07-02,1404307800,197.05,197.48,196.96,197.23,52474832
2014-07-03,1404394200,197.79,198.29,197.64,198.2,52938832
2014-07-07,1404739800,197.82,197.98,197.22,197.51,61696447
2014-07-08,1404826200,197.15,197.22,195.76,196.24,108142552
2014-07-09,1404912600,196.73,197.295,196.31,197.12,72992322
2014-07-10,1404999000,195.22,196.86,195.06,196.34,99040407
2014-07-11,1405085400,196.22,196.75,195.78,196.61,64243410
2014-07-14,1405344600,197.61,197.86,197.44,197.6,58657919
2014-07-15,1405431000,197.72,198.1,196.36,197.23,111346230
2014-07-16,1405517400,198.11,198.26,197.42,197.96,80073242
2014-07-17,1405603800,197.35,198.1,195.43,195.71,145398459
2014-07-18,1405690200,196.35,197.91,196.24,197.7099,124330419
2014-07-21,1405949400,197.09,197.5,196.43,197.34,67591618
2014-07-22,1406035800,198.01,198.56,197.87,198.2,67677602
2014-07-23,1406122200,198.495,198.85,198.1,198.64,65611830
2014-07-24,1406208600,198.83,199.06,198.45,198.65,56888093
2014-07-25,1406295000,198.09,198.26,197.33,197.72,76837257
2014-07-28,1406554200,197.76,198.09,196.62,197.8,69258785
2014-07-29,1406640600,198.17,198.45,196.92,196.95,80466351
2014-07-30,1406727000,197.65,197.91,196.16,196.98,104222452
2014-07-31,1406813400,195.61,195.78,192.97,193.09,183479441
2014-08-01,1406899800,192.56,193.76,191.57,192.5,189260864
2014-08-04,1407159000,192.87,194.3,192.05,193.89,91340487
2014-08-05,1407245400,193.1,193.6,191.31,192.01,152690379
2014-08-06,1407331800,191.11,192.89,191.08,192.07,94818317
2014-08-07,1407418200,192.935,193.13,190.55,191.03,135733421
2014-08-08,1407504600,191.46,193.37,190.95,193.24,117014384
2014-08-11,1407763800,193.965,194.66,193.71,193.795,74543691
2014-08-12,1407850200,193.61,194.15,192.94,193.53,73631640
2014-08-13,1407936600,194.29,195.06,193.96,194.84,69046544
2014-08-14,1408023000,195.16,195.76,194.98,195.76,57370793
2014-08-15,1408109400,196.47,196.65,194.31,195.72,139950669
2014-08-18,1408368600,196.8,197.45,196.69,197.36,75424360
2014-08-19,1408455000,197.84,198.54,197.4426,198.39,59134709
2014-08-20,1408541400,198.12,199.16,198.08,198.92,72762541
2014-08-21,1408627800,199.09,199.76,198.93,199.5,67790690
2014-08-22,1408714200,199.34,199.69,198.74,199.19,76107359
2014-08-25,1408973400,200.14,200.5949,199.1502,200.2,63855022
2014-08-26,1409059800,200.33,200.82,200.28,200.33,47298324
2014-08-27,1409146200,200.43,200.57,199.94,200.25,47873708
2014-08-28,1409232600,199.59,200.27,199.39,200.14,58330373
2014-08-29,1409319000,200.45,200.73,199.82,200.71,65906598
2014-09-02,1409664600,200.97,200.995,199.86,200.61,72425793
2014-09-03,1409751000,201.38,201.41,200.22,200.5,57461742
2014-09-04,1409837400,200.84,201.58,199.66,200.2101,85236442
2014-09-05,1409923800,200.17,201.19,199.41,201.11,102176784
2014-09-08,1410183000,200.92,201.21,200,200.59,64145745
2014-09-09,1410269400,200.41,200.55,198.91,199.32,88590876
2014-09-10,1410355800,199.43,200.2,198.77,200.07,67251103
2014-09-11,1410442200,199.27,200.33,199.12,200.3,66823558
2014-09-12,1410528600,200.1,200.12,198.56,199.13,117478516
2014-09-15,1410787800,199.16,199.32,198.38,198.981,76401421
2014-09-16,1410874200,198.61,200.84,198.5,200.48,116200722
2014-09-17,1410960600,200.77,201.68,199.75,200.75,151265896
2014-09-18,1411047000,201.36,201.85,201.1,201.82,94990300
2014-09-19,1411133400,201.52,201.899,200.29,200.7,121649147
2014-09-22,1411392600,200.35,200.38,198.73,199.15,125552758
2014-09-23,1411479000,198.43,199.26,197.95,198.01,111393319
2014-09-24,1411565400,198.04,199.69,197.52,199.56,107275635
2014-09-25,1411651800,199.04,199.05,196.27,196.34,150300028
2014-09-26,1411738200,196.7,198.39,196.42,197.9,103546740
2014-09-29,1411997400,196.2,197.89,196.05,197.54,95111605
2014-09-30,1412083800,197.69,198.3,196.61,197.02,131302082
2014-10-01,1412170200,196.7,196.77,193.91,194.35,177797862
2014-10-02,1412256600,194.18,195.055,192.35,194.38,157285182
2014-10-03,1412343000,195.68,196.94,195.08,196.52,121568769
2014-10-06,1412602200,197.34,197.6,195.582,196.29,104778335
2014-10-07,1412688600,195.28,195.72,193.22,193.26,147913498
2014-10-08,1412775000,193.37,196.92,192.36,196.64,186461453
2014-10-09,1412861400,196.33,196.6,192.58,192.74,210704601
2014-10-10,1412947800,192.69,193.65,190.49,190.54,221908954
2014-10-13,1413207000,190.46,191.15,187.3,187.4099,230938833
2014-10-14,1413293400,188.42,189.82,187.04,187.7,215846527
2014-10-15,1413379800,185.16,187.694,181.92,186.43,380714600
2014-10-16,1413466200,183.06,187.58,182.89,186.27,270391490
2014-10-17,1413552600,188.42,189.75,187.62,188.47,214624921
2014-10-20,1413811800,188.13,190.45,188.07,190.3,130010813
2014-10-21,1413898200,191.68,194.2,191.48,194.07,154948579
2014-10-22,1413984600,194.41,194.91,192.61,192.69,151822409
2014-10-23,1414071000,194.62,196.2,194.26,194.93,154944169
2014-10-24,1414157400,195.25,196.49,194.49,196.43,117927286
2014-10-27,1414416600,195.73,196.45,195.03,196.16,82953689
2014-10-28,1414503000,196.82,198.42,196.73,198.41,106735936
2014-10-29,1414589400,198.55,199.12,196.8,198.11,142557417
2014-10-30,1414675800,197.58,199.95,197.4,199.38,113329976
2014-10-31,1414762200,201.78,201.82,200.77,201.66,146902554
2014-11-03,1415025000,201.92,202.45,201.305,201.77,93734143
2014-11-04,1415111400,201.23,201.6,200.06,201.07,93342777
2014-11-05,1415197800,202.54,202.59,201.45,202.34,91708574
2014-11-06,1415284200,202.39,203.26,201.64,203.15,107089076
2014-11-07,1415370600,203.17,203.5999,202.61,203.34,89539712
2014-11-10,1415629800,203.38,204.04,203.13,203.98,66318964
2014-11-11,1415716200,204.055,204.31,203.65,204.175,54499375
2014-11-12,1415802600,203.35,204.24,203.31,203.96,90120295
2014-11-13,1415889000,204.16,204.83,203.21,204.19,85357918
2014-11-14,1415975400,204.1,204.49,203.72,204.24,80417514
2014-11-17,1416234600,203.85,204.58,203.65,204.37,80440954
2014-11-18,1416321000,204.44,205.92,204.44,205.55,76068107
2014-11-19,1416407400,205.31,205.55,204.3,205.22,82373009
2014-11-20,1416493800,204.26,205.71,204.18,205.58,72840326
2014-11-21,1416580200,207.64,207.8445,205.98,206.68,142327285
2014-11-24,1416839400,207.17,207.39,206.91,207.26,65880759
2014-11-25,1416925800,207.54,207.79,206.8,207.11,79108301
2014-11-26,1417012200,207.29,207.76,207.03,207.64,62167832
2014-11-28,1417185000,207.49,207.87,206.91,207.2,57890088
2014-12-01,1417444200,206.4,206.54,205.38,205.76,103968354
2014-12-02,1417530600,205.81,207.34,205.782,207.085,74507192
2014-12-03,1417617000,207.3,208.15,207.1,207.89,68951968
2014-12-04,1417703400,207.54,208.265,206.7,207.66,91316591
2014-12-05,1417789800,207.87,208.47,207.55,208,91025470
2014-12-08,1418049000,207.52,208.12,205.93,206.61,108588152
2014-12-09,1418135400,204.37,206.6,203.91,206.47,125180054
2014-12-10,1418221800,205.91,205.98,202.93,203.1601,159856394
2014-12-11,1418308200,203.88,206.19,203.71,204.19,159012805
2014-12-12,1418394600,202.64,203.819,200.85,200.89,202330191
2014-12-15,1418653800,201.98,202.53,198.78,199.51,189965750
2014-12-16,1418740200,198.58,202.395,197.86,197.91,259543848
2014-12-17,1418826600,198.44,202.34,198.29,201.79,253910092
2014-12-18,1418913000,204.74,212.97,203.92,206.78,257633887
2014-12-19,1418999400,206.43,207.33,205.6109,206.52,245084590
2014-12-22,1419258600,206.75,207.47,206.46,207.47,148318934
2014-12-23,1419345000,208.17,208.23,207.3991,207.75,122167931
2014-12-24,1419431400,208.02,208.34,207.72,207.77,42963399
2014-12-26,1419604200,208.31,208.85,208.25,208.44,57326703
2014-12-29,1419863400,208.22,208.97,208.14,208.72,79643948
2014-12-30,1419949800,208.21,208.37,207.51,207.6,73540761
2014-12-31,1420036200,207.99,208.19,205.39,205.54,130333829
2015-01-02,1420209000,206.38,206.88,204.18,205.43,121465865
2015-01-05,1420468200,204.17,204.37,201.35,201.72,169632646
2015-01-06,1420554600,202.09,202.72,198.855,199.82,209151408
2015-01-07,1420641000,201.42,202.72,200.88,202.31,125346709
2015-01-08,1420727400,204.01,206.16,203.99,205.9,147217784
2015-01-09,1420813800,206.4,206.42,203.51,204.25,158567288
2015-01-12,1421073000,204.41,204.6,201.92,202.65,144396067
2015-01-13,1421159400,204.12,205.48,200.51,202.08,214553306
2015-01-14,1421245800,199.65,201.1,198.57,200.86,192991092
2015-01-15,1421332200,201.63,202.01,198.88,199.0199,176613906
2015-01-16,1421418600,198.77,201.82,198.55,201.63,211879605
2015-01-20,1421764200,202.4,202.72,200.17,202.055,130991069
2015-01-21,1421850600,201.5,203.66,200.94,203.08,122942707
2015-01-22,1421937000,203.99,206.26,202.33,206.1,174356029
2015-01-23,1422023400,205.79,206.1,204.81,204.97,117516753
2015-01-26,1422282600,204.71,205.56,203.85,205.45,92009711
2015-01-27,1422369000,202.97,204.12,201.74,202.74,134044598
2015-01-28,1422455400,204.17,204.29,199.91,200.14,168514312
2015-01-29,1422541800,200.38,202.3,198.68,201.9902,173585424
2015-01-30,1422628200,200.57,202.17,199.13,199.45,197729724
2015-02-02,1422887400,200.05,202.03,197.86,201.92,163106969
2015-02-03,1422973800,203,204.85,202.55,204.84,124212881
2015-02-04,1423060200,203.92,205.38,203.51,204.06,134306728
2015-02-05,1423146600,204.86,206.3,204.77,206.12,97953181
2015-02-06,1423233000,206.56,207.24,204.92,205.55,125672026
2015-02-09,1423492200,204.77,205.64,204.135,204.63,87219016
2015-02-10,1423578600,205.88,207.12,204.6801,206.81,96164183
2015-02-11,1423665000,206.61,207.45,205.83,206.93,91087785
2015-02-12,1423751400,207.89,208.99,206.9727,208.92,97545949
2015-02-13,1423837800,209.07,209.84,208.76,209.78,93670430
2015-02-17,1424183400,209.4,210.32,209.1,210.11,76968199
2015-02-18,1424269800,209.66,210.22,209.3401,210.13,80652941
2015-02-19,1424356200,209.41,210.42,209.24,209.98,91462491
2015-02-20,1424442600,209.48,211.33,208.73,211.239,140896392
2015-02-23,1424701800,210.94,211.21,210.48,211.209,74411054
2015-02-24,1424788200,211.12,212.05,210.76,211.81,72472263
2015-02-25,1424874600,211.66,212.24,211.22,211.63,73061687
2015-02-26,1424961000,211.52,211.71,210.65,211.38,72697868
2015-02-27,1425047400,211.26,211.58,210.6,210.66,108075972
2015-03-02,1425306600,210.78,212.06,210.72,211.99,87491428
2015-03-03,1425393000,211.47,212.054,210.08,211.12,110325809
2015-03-04,1425479400,210.4,210.49,209.06,210.2301,114497192
2015-03-05,1425565800,210.62,210.8,209.85,210.46,76872957
2015-03-06,1425652200,209.42,209.94,207.1,207.5,188127982
2015-03-09,1425907800,207.74,208.79,207.5459,208.36,89818893
2015-03-10,1425994200,206.71,206.81,204.93,204.98,157121263
2015-03-11,1426080600,205.29,205.5,204.4,204.5,110145718
2015-03-12,1426167000,205.26,207.175,205.2,207.1,93993523
2015-03-13,1426253400,206.77,207.9338,204.58,205.8272,162410893
2015-03-16,1426512600,206.71,208.69,205.8641,208.58,136099192
2015-03-17,1426599000,207.69,208.42,206.98,207.96,94510422
2015-03-18,1426685400,207.39,211.27,206.62,210.46,228808524
2015-03-19,1426771800,209.96,210.4697,209.03,209.5,117917302
2015-03-20,1426858200,209.71,211.02,209.4903,210.41,177715081
2015-03-23,1427117400,210.42,211.11,210,210,71784536
2015-03-24,1427203800,209.85,210.4,208.74,208.82,77805321
2015-03-25,1427290200,209.07,209.35,205.71,205.76,159521708
2015-03-26,1427376600,204.96,206.37,204.12,205.27,153067241
2015-03-27,1427463000,205.13,205.95,204.9,205.74,118938966
2015-03-30,1427722200,206.98,208.61,206.96,208.25,96180365
2015-03-31,1427808600,207.26,208.1,206.36,206.43,126768703
2015-04-01,1427895000,206.39,206.42,204.51,205.7,137303584
2015-04-02,1427981400,205.62,206.98,205.4,206.435,86900906
2015-04-06,1428327000,205.37,208.45,205.21,207.83,114368155
2015-04-07,1428413400,207.855,208.76,207.24,207.28,81236337
2015-04-08,1428499800,207.55,208.51,207.08,207.975,89351939
2015-04-09,1428586200,207.78,209.18,207.19,208.9,85548854
2015-04-10,1428672600,209.2,210.09,208.96,210.04,72722915
2015-04-13,1428931800,209.87,210.63,209.03,209.09,74436594
2015-04-14,1429018200,208.85,209.71,208.1,209.49,75099866
2015-04-15,1429104600,210.05,211.04,209.95,210.43,99529320
2015-04-16,1429191000,210.03,210.98,209.7928,210.37,68934864
2015-04-17,1429277400,208.94,209.23,207.01,207.95,191113230
2015-04-20,1429536600,209.06,210.25,208.96,209.85,92189481
2015-04-21,1429623000,210.67,210.86,209.24,209.6,72559831
2015-04-22,1429709400,210.01,210.85,208.9,210.63,78264616
2015-04-23,1429795800,210.15,211.94,210.01,211.16,102585942
2015-04-24,1429882200,211.66,211.97,211.11,211.6499,61327387
2015-04-27,1430141400,212.33,212.48,210.54,210.77,79358126
2015-04-28,1430227800,210.74,211.5,209.3301,211.44,86863531
2015-04-29,1430314200,210.37,211.29,209.6,210.57,125684903
2015-04-30,1430400600,209.88,210.35,207.62,208.46,161304890
2015-05-01,1430487000,209.4,210.77,209.28,210.72,103399711
2015-05-04,1430746200,211.23,212.02,211.1,211.32,70927235
2015-05-05,1430832600,211.03,211.46,208.73,208.9,113326156
2015-05-06,1430919000,209.56,209.93,206.76,208.04,135060151
2015-05-07,1431005400,207.92,209.38,207.52,208.87,88244940
2015-05-08,1431091800,210.88,211.86,210.78,211.62,155877260
2015-05-11,1431351000,211.57,211.89,210.52,210.605,75708065
2015-05-12,1431437400,209.61,210.63,208.62,209.98,119727592
2015-05-13,1431523800,210.47,211.22,209.74,210.02,94667943
2015-05-14,1431610200,211.24,212.32,210.91,212.21,95934006
2015-05-15,1431696600,212.44,212.61,211.86,212.44,76510099
2015-05-18,1431955800,212.24,213.4,212.16,213.1,74549685
2015-05-19,1432042200,213.24,213.57,212.69,213.03,72114610
2015-05-20,1432128600,213.15,213.78,212.504,212.88,76857530
2015-05-21,1432215000,212.71,213.75,212.51,213.5,64764585
2015-05-22,1432301400,213.04,213.54,212.91,212.99,57433495
2015-05-26,1432647000,212.4,212.9089,210.2,210.7,124308584
2015-05-27,1432733400,211.25,212.98,210.7612,212.7,93213981
2015-05-28,1432819800,212.33,212.59,211.63,212.46,74974560
2015-05-29,1432906200,212.38,212.43,210.82,211.14,124919611
2015-06-01,1433165400,211.94,212.34,210.62,211.57,93338750
2015-06-02,1433251800,211.02,212.19,210.27,211.36,91531012
2015-06-03,1433338200,212,212.67,211.3301,211.92,87820909
2015-06-04,1433424600,211.07,211.859,209.75,210.1292,151882820
2015-06-05,1433511000,209.95,210.58,208.98,209.77,121704676
2015-06-08,1433770200,209.64,209.82,208.39,208.48,89063330
2015-06-09,1433856600,208.45,209.1,207.69,208.45,105034690
2015-06-10,1433943000,209.37,211.41,209.2987,210.95,134551285
2015-06-11,1434029400,211.48,212.09,211.2,211.63,73876447
2015-06-12,1434115800,210.64,211.482,209.68,210.01,135382369
2015-06-15,1434375000,208.64,209.45,207.79,209.11,124384184
2015-06-16,1434461400,208.93,210.35,208.72,210.25,85308227
2015-06-17,1434547800,210.59,211.32,209.36,210.59,126708635
2015-06-18,1434634200,211.31,213.34,210.6315,212.78,165867949
2015-06-19,1434720600,211.46,211.55,210.36,210.81,130478689
2015-06-22,1434979800,211.905,212.59,211.64,211.89,70696027
2015-06-23,1435066200,212.14,212.44,211.57,212.04,68476797
2015-06-24,1435152600,211.72,212.17,210.47,210.5,92307318
2015-06-25,1435239000,211.1,211.25,209.77,209.86,97107361
2015-06-26,1435325400,210.29,210.58,209.16,209.82,104174840
2015-06-29,1435584600,208.045,209.828,205.33,205.42,202621332
2015-06-30,1435671000,207.26,207.32,205.28,205.85,182925106
2015-07-01,1435757400,207.73,208.03,206.56,207.5,135979873
2015-07-02,1435843800,208.07,208.27,206.81,207.31,104373652
2015-07-06,1436189400,205.77,207.65,205.53,206.72,117975369
2015-07-07,1436275800,206.96,208.17,204.11,208.02,173820249
2015-07-08,1436362200,206.42,206.7645,204.25,204.53,164020059
2015-07-09,1436448600,207.04,207.35,204.77,204.9,144113107
2015-07-10,1436535000,207.29,207.98,206.49,207.48,129456890
2015-07-13,1436794200,208.99,209.9,208.94,209.77,106069400
2015-07-14,1436880600,209.72,211.05,209.65,210.68,81709575
2015-07-15,1436967000,210.73,211.28,210.04,210.61,97914141
2015-07-16,1437053400,211.87,212.3,211.58,212.3,106683266
2015-07-17,1437139800,212.29,212.55,211.8,212.48,89029973
2015-07-20,1437399000,212.75,213.18,212.21,212.59,70446821
2015-07-21,1437485400,212.43,212.74,211.39,211.75,77965048
2015-07-22,1437571800,210.93,211.77,210.89,211.37,88667920
2015-07-23,1437658200,211.53,211.65,209.75,210.18,90509128
2015-07-24,1437744600,210.3,210.37,207.6,208,117754979
2015-07-27,1438003800,206.94,207.55,206.26,206.79,132361082
2015-07-28,1438090200,207.79,209.5,206.8,209.33,123544845
2015-07-29,1438176600,209.48,211.04,209.31,210.77,105791255
2015-07-30,1438263000,210.16,211.02,209.42,210.82,91304374
2015-07-31,1438349400,211.42,211.45,210.16,210.5,103266857
2015-08-03,1438608600,210.46,210.53,208.65,209.79,113965728
2015-08-04,1438695000,209.7,210.2483,208.8,209.38,81820823
2015-08-05,1438781400,210.45,211.31,209.73,210.07,85786817
2015-08-06,1438867800,210.29,210.415,207.65,208.35,116030803
2015-08-07,1438954200,208.16,208.34,206.87,207.95,117857956
2015-08-10,1439213400,209.28,210.67,209.28,210.57,80270676
2015-08-11,1439299800,208.97,209.47,207.76,208.67,126081377
2015-08-12,1439386200,207.11,209.14,205.36,208.92,172123672
2015-08-13,1439472600,208.73,209.55,208.01,208.66,89383253
2015-08-14,1439559000,208.43,209.5087,208.26,209.42,72786528
2015-08-17,1439818200,208.71,210.59,208.16,210.59,79072643
2015-08-18,1439904600,210.26,210.68,209.699,209.98,71692678
2015-08-19,1439991000,209.09,210.01,207.35,208.32,172945975
2015-08-20,1440077400,206.51,207.17,203.9,203.97,194327884
2015-08-21,1440163800,201.73,203.9404,197.52,197.63,346588470
2015-08-24,1440423000,187.49,195.84,182.4,189.55,507244330
2015-08-25,1440509400,195.43,195.45,186.92,187.27,369833070
2015-08-26,1440595800,192.08,194.79,188.37,194.46,339256990
2015-08-27,1440682200,197.02,199.42,195.21,199.27,274143910
2015-08-28,1440768600,198.5,199.835,197.92,199.28,160414352
2015-08-31,1441027800,198.11,199.125,197.01,197.67,163298816
2015-09-01,1441114200,193.12,194.77,190.73,191.77,256000392
2015-09-02,1441200600,194.62,195.46,192.42,195.41,160269331
2015-09-03,1441287000,196.26,198.05,194.96,195.55,152087836
2015-09-04,1441373400,192.85,193.86,191.61,192.59,207080961
2015-09-08,1441719000,195.94,197.61,195.17,197.43,116025739
2015-09-09,1441805400,199.32,199.47,194.35,194.79,149347735
2015-09-10,1441891800,194.56,197.22,194.25,195.85,158611063
2015-09-11,1441978200,195.375,196.82,194.53,196.74,119691212
2015-09-14,1442237400,196.95,197.01,195.43,196.01,79451983
2015-09-15,1442323800,196.61,198.99,195.9612,198.46,113806176
2015-09-16,1442410200,198.82,200.41,198.41,200.18,99581557
2015-09-17,1442496600,200.02,202.89,199.28,199.73,276046620
2015-09-18,1442583000,195.71,197.56,194.96,195.45,223657456
2015-09-21,1442842200,196.44,197.68,195.21,196.46,105726209
2015-09-22,1442928600,193.88,194.46,192.56,193.91,153890876
2015-09-23,1443015000,194.11,194.67,192.91,193.6,92790620
2015-09-24,1443101400,192.15,193.45,190.56,192.9,159378840
2015-09-25,1443187800,194.64,195,191.81,192.85,155054777
2015-09-28,1443447000,191.78,191.91,187.64,188.01,178515871
2015-09-29,1443533400,188.27,189.74,186.93,188.12,159045572
2015-09-30,1443619800,190.37,191.825,189.44,191.63,163452044
2015-10-01,1443706200,192.08,192.49,189.82,192.13,131078964
2015-10-02,1443792600,189.77,195.03,189.12,195,211003342
2015-10-05,1444051800,196.46,198.74,196.33,198.47,126320842
2015-10-06,1444138200,198.31,198.98,197,197.79,110274530
2015-10-07,1444224600,198.9,199.825,197.48,199.41,124307295
2015-10-08,1444311000,198.95,201.55,198.59,201.21,153055231
2015-10-09,1444397400,201.38,201.9,200.58,201.33,107069240
2015-10-12,1444656600,201.42,201.76,200.91,201.52,56395585
2015-10-13,1444743000,200.65,202.16,200.05,200.25,88038718
2015-10-14,1444829400,200.18,200.87,198.94,199.29,99106161
2015-10-15,1444915800,200.08,202.36,199.64,202.35,134142195
2015-10-16,1445002200,202.83,203.29,201.92,203.27,114580052
2015-10-19,1445261400,202.5,203.37,202.13,203.37,76523897
2015-10-20,1445347800,202.85,203.84,202.5471,203.09,78448484
2015-10-21,1445434200,203.61,203.79,201.65,201.85,102038033
2015-10-22,1445520600,202.98,205.51,201.85,205.26,174911723
2015-10-23,1445607000,207.25,207.95,206.3,207.51,144442340
2015-10-26,1445866200,207.3,207.37,206.56,207,69032965
2015-10-27,1445952600,206.2,207,205.79,206.6,77905770
2015-10-28,1446039000,207,208.98,206.21,208.95,135906725
2015-10-29,1446125400,208.35,209.27,208.21,208.83,90525498
2015-10-30,1446211800,209.06,209.44,207.74,207.93,131076942
2015-11-02,1446474600,208.32,210.62,208.17,210.39,86270811
2015-11-03,1446561000,209.97,211.66,209.7,211,95246052
2015-11-04,1446647400,211.35,211.5,209.7201,210.36,96224477
2015-11-05,1446733800,210.43,210.98,209.09,210.15,78408744
2015-11-06,1446820200,209.74,210.32,208.46,210.04,110471473
2015-11-09,1447079400,209.31,209.49,206.95,208.08,131008660
2015-11-10,1447165800,207.51,208.6,207.19,208.56,75874602
2015-11-11,1447252200,208.88,208.94,207.66,207.74,67845971
2015-11-12,1447338600,206.5,207.06,204.82,204.84,121315200
2015-11-13,1447425000,204.35,204.67,202.435,202.54,153577050
2015-11-16,1447684200,202.32,205.69,202.18,205.62,117645231
2015-11-17,1447770600,205.99,207.04,204.88,205.47,121123744
2015-11-18,1447857000,206.04,208.9,205.99,208.73,121342544
2015-11-19,1447943400,208.59,209.05,208.2,208.55,88220465
2015-11-20,1448029800,209.45,210.12,208.86,209.3108,94011519
2015-11-23,1448289000,209.38,209.98,208.52,209.07,64931172
2015-11-24,1448375400,207.87,209.83,207.41,209.35,98874365
2015-11-25,1448461800,209.5,209.74,209.01,209.32,51980062
2015-11-27,1448634600,209.43,209.8,208.86,209.56,37317779
2015-11-30,1448893800,209.75,209.89,208.56,208.69,112822700
2015-12-01,1448980200,209.44,210.82,209.11,210.68,97858418
2015-12-02,1449066600,210.615,211,208.23,208.529,108441259
2015-12-03,1449153000,208.83,209.15,204.7511,205.61,166224154
2015-12-04,1449239400,206.08,209.97,205.93,209.62,192913879
2015-12-07,1449498600,209.23,209.7295,207.2,208.35,102027111
2015-12-08,1449585000,206.49,208.289,205.78,206.949,103372367
2015-12-09,1449671400,206.19,208.68,204.18,205.34,162401537
2015-12-10,1449757800,205.42,207.43,205.14,205.87,116128884
2015-12-11,1449844200,203.35,204.14,201.51,201.88,211173305
2015-12-14,1450103400,202.07,203.05,199.95,202.9008,182385177
2015-12-15,1450189800,204.7,206.11,204.58,205.0308,154069569
2015-12-16,1450276200,206.365,208.39,204.8,208.03,197017008
2015-12-17,1450362600,208.4,208.48,204.84,204.86,173092476
2015-12-18,1450449000,202.77,202.93,199.83,200.0208,251393535
2015-12-21,1450708200,201.41,201.88,200.09,201.67,99094290
2015-12-22,1450794600,202.715,203.85,201.55,203.5,111026246
2015-12-23,1450881000,204.69,206.07,204.58,206.02,110987228
2015-12-24,1450967400,205.72,206.33,205.42,205.68,48542150
2015-12-28,1451313000,204.86,205.26,203.94,205.21,65899939
2015-12-29,1451399400,206.51,207.79,206.47,207.4,92640672
2015-12-30,1451485800,207.11,207.21,205.76,205.93,63317679
2015-12-31,1451572200,205.13,205.89,203.87,203.87,114877859
2016-01-04,1451917800,200.49,201.03,198.59,201.0192,222353534
2016-01-05,1452004200,201.4,201.9,200.05,201.36,110845849
2016-01-06,1452090600,198.34,200.06,197.6,198.82,152112604
2016-01-07,1452177000,195.33,197.44,193.59,194.05,213436073
2016-01-08,1452263400,195.19,195.85,191.58,191.923,209817228
2016-01-11,1452522600,193.01,193.41,189.82,192.11,187941323
2016-01-12,1452609000,193.82,194.55,191.14,193.6608,172330490
2016-01-13,1452695400,194.45,194.86,188.38,188.83,221168886
2016-01-14,1452781800,189.55,193.26,187.66,191.93,240795609
2016-01-15,1452868200,186.77,188.76,185.52,187.81,324846450
2016-01-19,1453213800,189.96,190.11,186.2,188.06,195244373
2016-01-20,1453300200,185.03,187.495,181.02,185.65,286547840
2016-01-21,1453386600,186.21,188.87,184.64,186.69,195772941
2016-01-22,1453473000,189.78,190.76,188.88,190.52,168319598
2016-01-25,1453732200,189.92,190.15,187.41,187.64,130371686
2016-01-26,1453818600,188.42,190.53,188.02,190.2,141036757
2016-01-27,1453905000,189.58,191.56,187.06,188.13,185681707
2016-01-28,1453991400,189.96,190.2,187.16,189.11,143798780
2016-01-29,1454077800,190.02,193.88,189.88,193.7208,210529336
2016-02-01,1454337000,192.53,194.58,191.84,193.65,136061564
2016-02-02,1454423400,191.96,191.97,189.54,190.16,182564890
2016-02-03,1454509800,191.41,191.78,187.1,191.3,205054934
2016-02-04,1454596200,190.71,192.75,189.96,191.6,139531794
2016-02-05,1454682600,190.99,191.6696,187.2,187.95,180788308
2016-02-08,1454941800,185.77,186.12,182.8,185.42,191526694
2016-02-09,1455028200,183.36,186.94,183.2,185.43,184513136
2016-02-10,1455114600,186.41,188.34,185.12,185.27,148214057
2016-02-11,1455201000,182.34,184.1,181.09,182.86,219058885
2016-02-12,1455287400,184.96,186.65,183.96,186.63,127632393
2016-02-16,1455633000,188.77,189.81,187.63,189.78,120250668
2016-02-17,1455719400,191.16,193.32,191.01,192.88,136009496
2016-02-18,1455805800,193.2,193.27,191.72,192.09,102342997
2016-02-19,1455892200,191.17,192.18,190.45,192,114792988
2016-02-22,1456151400,193.87,194.95,193.79,194.78,103640292
2016-02-23,1456237800,194,194.32,192.18,192.32,111455289
2016-02-24,1456324200,190.63,193.53,189.32,193.2,150812152
2016-02-25,1456410600,193.73,195.55,192.83,195.54,110728317
2016-02-26,1456497000,196.57,196.68,194.9,195.0892,129833663
2016-02-29,1456756200,195.11,196.23,193.33,193.56,125918102
2016-03-01,1456842600,195.01,198.21,194.4542,198.11,141799687
2016-03-02,1456929000,197.74,199.06,197.25,199,102414960
2016-03-03,1457015400,198.79,199.795,198.11,199.775,95172197
2016-03-04,1457101800,200.01,201.35,199.03,200.43,129293601
2016-03-07,1457361000,199.34,201.07,199.25,200.59,100218998
2016-03-08,1457447400,199.32,199.92,198.21,198.4,123974866
2016-03-09,1457533800,199.36,199.79,198.43,199.38,94801213
2016-03-10,1457620200,199.96,201.07,197.38,199.54,156838697
2016-03-11,1457706600,201.26,202.81,201.12,202.76,137964528
2016-03-14,1457962200,202.16,203.04,201.77,202.5,73611974
2016-03-15,1458048600,201.36,202.2,201.05,202.17,93169090
2016-03-16,1458135000,201.6,203.82,201.55,203.34,129303179
2016-03-17,1458221400,203.24,205.23,202.77,204.63,134278505
2016-03-18,1458307800,204.17,204.78,203.8,204.38,138372404
2016-03-21,1458567000,204.07,204.94,203.8,204.67,72926659
2016-03-22,1458653400,203.76,205.23,203.57,204.56,97471939
2016-03-23,1458739800,204.11,204.33,203.01,203.2092,81052455
2016-03-24,1458826200,202,203.16,201.74,203.12,84360853
2016-03-28,1459171800,203.61,203.86,202.705,203.24,62408185
2016-03-29,1459258200,202.76,205.25,202.4,205.1208,92922863
2016-03-30,1459344600,206.3,206.87,205.59,206.02,86365310
2016-03-31,1459431000,205.91,206.41,205.33,205.52,94584110
2016-04-01,1459517400,204.35,207.14,203.98,206.92,114423478
2016-04-04,1459776600,206.83,207.07,205.89,206.25,63496969
2016-04-05,1459863000,204.67,206.2642,203.89,204.1892,99662158
2016-04-06,1459949400,204.29,206.49,203.98,206.42,91839761
2016-04-07,1460035800,205.14,205.56,203.09,203.95,113859037
2016-04-08,1460122200,205.34,205.85,203.87,204.4992,95040598
2016-04-11,1460381400,205.25,206.07,203.91,204.0201,83757486
2016-04-12,1460467800,204.22,206.25,203.7,205.92,115350567
2016-04-13,1460554200,207,208.1,206.84,208.0008,96336433
2016-04-14,1460640600,208.07,208.6,207.6,208.01,65212883
2016-04-15,1460727000,208.01,208.1721,207.4,207.78,75761615
2016-04-18,1460986200,207.14,209.28,207,209.2392,82530960
2016-04-19,1461072600,209.74,210.2,208.94,209.9,88316060
2016-04-20,1461159000,209.95,210.92,209.39,210.1,81100314
2016-04-21,1461245400,210.12,210.25,208.65,208.97,85695041
2016-04-22,1461331800,208.55,209.29,207.91,208.97,99251724
2016-04-25,1461591000,208.26,208.66,207.54,208.61,66166494
2016-04-26,1461677400,209.04,209.52,208.36,208.9192,75864174
2016-04-27,1461763800,208.47,209.81,208.05,209.35,77329437
2016-04-28,1461850200,208.46,209.76,206.96,207.4475,97216169
2016-04-29,1461936600,206.72,207.13,205.03,206.3308,142424137
2016-05-02,1462195800,206.92,208.18,206.41,207.97,62188015
2016-05-03,1462282200,206.52,206.8,205.28,206.1592,106422142
2016-05-04,1462368600,204.99,205.85,204.42,205.01,92243810
2016-05-05,1462455000,205.56,205.98,204.47,204.97,67619222
2016-05-06,1462541400,204.06,205.77,203.88,205.72,89315004
2016-05-09,1462800600,205.57,206.4,205.36,205.8892,74374922
2016-05-10,1462887000,206.72,208.5,206.64,208.45,77472207
2016-05-11,1462973400,207.91,208.54,206.5,206.5,81726989
2016-05-12,1463059800,207.29,207.4899,205.37,206.56,89586308
2016-05-13,1463146200,206.21,206.86,204.38,204.76,96474630
2016-05-16,1463405400,204.96,207.34,204.89,206.78,77486827
2016-05-17,1463491800,206.46,206.8,204.23,204.8508,114924940
2016-05-18,1463578200,204.44,206.3,203.63,204.91,123493379
2016-05-19,1463664600,204.06,204.54,202.78,204.2,115430507
2016-05-20,1463751000,204.92,206.1,204.86,205.49,104990408
2016-05-23,1464010200,205.51,205.84,204.985,205.21,58682576
2016-05-24,1464096600,206.17,208.24,206.14,207.87,93537808
2016-05-25,1464183000,208.67,209.77,207.8691,209.28,79221525
2016-05-26,1464269400,209.44,209.71,208.97,209.34,55280699
2016-05-27,1464355800,209.53,210.25,209.47,210.24,64211214
2016-05-31,1464701400,210.56,210.69,209.18,209.84,109879380
2016-06-01,1464787800,209.12,210.48,208.89,210.27,69936215
2016-06-02,1464874200,209.8,210.93,209.2399,210.91,63044749
2016-06-03,1464960600,210.25,210.69,208.86,210.28,101757126
2016-06-06,1465219800,210.7,211.77,210.51,211.35,64887045
2016-06-07,1465306200,211.525,212.34,211.5,211.68,60974761
2016-06-08,1465392600,211.84,212.52,211.6899,212.37,66170920
2016-06-09,1465479000,211.51,212.22,211.19,212.08,73786869
2016-06-10,1465565400,210.46,210.86,209.43,210.07,113829158
2016-06-13,1465824600,209.36,210.37,208.35,208.4492,117751153
2016-06-14,1465911000,208,208.74,206.9199,208.04,125059286
2016-06-15,1465997400,208.54,209.36,207.53,207.75,109124496
2016-06-16,1466083800,206.73,208.57,205.59,208.37,149533065
2016-06-17,1466170200,207.17,207.2,205.75,206.52,117055748
2016-06-20,1466429400,208.82,209.61,207.75,207.85,82789603
2016-06-21,1466515800,208.3,208.92,207.78,208.44,72461663
2016-06-22,1466602200,208.65,209.5,207.93,208.1,95560471
2016-06-23,1466688600,209.81,210.87,209.27,210.81,102731356
2016-06-24,1466775000,203.63,206.905,202.72,203.13,333444400
2016-06-27,1467034200,201.59,201.6,198.65,199.6,248988660
2016-06-28,1467120600,201.48,203.23,201.12,203.1997,159382399
2016-06-29,1467207000,204.84,206.93,204.72,206.66,137328614
2016-06-30,1467293400,207.21,209.54,206.56,209.475,165021948
2016-07-01,1467379800,209.36,210.49,209.29,209.9208,106055333
2016-07-05,1467725400,208.95,209.08,207.71,208.41,109803713
2016-07-06,1467811800,207.83,209.8,207.06,209.66,96021491
2016-07-07,1467898200,209.87,210.6495,208.63,209.526,85593827
2016-07-08,1467984600,211.05,212.94,210.7785,212.65,133970972
2016-07-11,1468243800,213.19,214.07,212.95,213.4,73633937
2016-07-12,1468330200,214.53,215.3,213.4308,214.95,101275629
2016-07-13,1468416600,215.44,215.45,214.35,214.92,87324129
2016-07-14,1468503000,216.4,216.67,215.66,216.12,91230870
2016-07-15,1468589400,216.78,217.0125,215.308,215.83,107155401
2016-07-18,1468848600,215.97,216.6,215.67,216.4092,58725918
2016-07-19,1468935000,215.92,216.23,215.63,216.19,54345728
2016-07-20,1469021400,216.75,217.37,216.24,217.085,58159457
2016-07-21,1469107800,216.96,217.22,215.75,216.265,67777310
2016-07-22,1469194200,216.41,217.3,216.1,217.24,62787477
2016-07-25,1469453400,217,217.06,215.97,216.65,55873147
2016-07-26,1469539800,216.53,217.17,215.76,216.75,70080493
2016-07-27,1469626200,217.19,217.27,215.62,216.52,84083893
2016-07-28,1469712600,216.29,217.11,215.75,216.77,65035718
2016-07-29,1469799000,216.46,217.54,216.13,217.12,79519436
2016-08-01,1470058200,217.19,217.65,216.405,216.94,73311422
2016-08-02,1470144600,216.65,216.83,214.57,215.5492,92295506
2016-08-03,1470231000,215.48,216.245,215.13,216.18,53993626
2016-08-04,1470317400,216.31,216.78,214.25,216.4097,46585528
2016-08-05,1470403800,217.21,218.23,217.07,218.18,71892161
2016-08-08,1470663000,218.4,218.52,217.74,218.05,39906479
2016-08-09,1470749400,218.13,218.76,217.8,218.18,51251728
2016-08-10,1470835800,218.31,218.4038,217.23,217.64,57941092
2016-08-11,1470922200,218.26,218.94,217.95,218.65,72504270
2016-08-12,1471008600,218.29,218.71,217.99,218.46,61313544
2016-08-15,1471267800,218.89,219.5,218.88,219.09,49813482
2016-08-16,1471354200,218.6,218.68,217.96,217.96,53213621
2016-08-17,1471440600,218,218.53,217.02,218.37,75134339
2016-08-18,1471527000,218.34,218.9,218.21,218.86,52989266
2016-08-19,1471613400,218.31,218.75,217.74,218.54,75443004
2016-08-22,1471872600,218.26,218.8,217.83,218.53,61368766
2016-08-23,1471959000,219.25,219.6,218.9,218.97,53399159
2016-08-24,1472045400,218.8,218.91,217.36,217.85,71728949
2016-08-25,1472131800,217.4,218.19,217.22,217.7,69224776
2016-08-26,1472218200,217.92,219.12,216.25,217.29,122506348
2016-08-29,1472477400,217.44,218.665,217.4,218.3608,70502167
2016-08-30,1472563800,218.26,218.59,217.35,218,58114543
2016-08-31,1472650200,217.61,217.75,216.465,217.38,85269453
2016-09-01,1472736600,217.37,217.73,216.03,217.39,97844207
2016-09-02,1472823000,218.39,218.87,217.7,218.37,79293856
2016-09-06,1473168600,218.7,219.12,217.86,219.0308,56702089
2016-09-07,1473255000,218.84,219.22,218.3,219.01,76554855
2016-09-08,1473341400,218.62,218.94,218.15,218.51,74102880
2016-09-09,1473427800,216.97,217.03,213.25,213.28,221589073
2016-09-12,1473687000,212.39,216.81,212.31,216.34,168110913
2016-09-13,1473773400,214.84,215.1499,212.5,213.23,182828839
2016-09-14,1473859800,213.29,214.7,212.5,213.15,134185491
2016-09-15,1473946200,212.96,215.73,212.75,215.28,145736123
2016-09-16,1474032600,213.48,213.69,212.57,213.37,155236354
2016-09-19,1474291800,214.13,214.88,213.03,213.41,80250490
2016-09-20,1474378200,214.41,214.59,213.38,213.42,69665279
2016-09-21,1474464600,214.24,216.03,213.44,215.82,110284425
2016-09-22,1474551000,217,217.53,216.71,217.18,76678713
2016-09-23,1474637400,216.72,216.88,215.88,215.99,73630921
2016-09-26,1474896600,215.02,215.23,214.01,214.24,89827305
2016-09-27,1474983000,214.05,215.68,213.62,215.57,78494829
2016-09-28,1475069400,215.83,216.82,214.71,216.64,87411015
2016-09-29,1475155800,216.4,216.87,214.04,214.68,128070615
2016-09-30,1475242200,215.65,217.12,215.36,216.3,117202914
2016-10-03,1475501400,215.82,216.04,215.04,215.78,83512057
2016-10-04,1475587800,215.91,216.17,213.99,214.68,119948052
2016-10-05,1475674200,215.41,216.13,215.33,215.63,72815963
2016-10-06,1475760600,215.37,216.04,214.735,215.78,62927376
2016-10-07,1475847000,216.1,216.3,214.19,215.04,89788255
2016-10-10,1476106200,216.155,216.7,215.985,216.16,51855023
2016-10-11,1476192600,215.66,215.74,212.58,213.43,130367373
2016-10-12,1476279000,213.59,214.32,213.01,213.71,73866117
2016-10-13,1476365400,212.16,213.59,211.21,213.01,101356960
2016-10-14,1476451800,214.15,214.69,213.03,213.12,93346237
2016-10-17,1476711000,213.09,213.39,212.17,212.38,58275674
2016-10-18,1476797400,214.24,214.31,213.27,213.71,76869656
2016-10-19,1476883800,214.02,214.64,213.6,214.28,66519224
2016-10-20,1476970200,213.87,214.53,213.11,213.88,73639830
2016-10-21,1477056600,212.96,214.08,212.76,213.98,89089092
2016-10-24,1477315800,215,215.32,214.48,214.89,60146592
2016-10-25,1477402200,214.68,214.98,213.98,214.17,66542329
2016-10-26,1477488600,213.21,214.42,212.93,213.74,75705478
2016-10-27,1477575000,214.58,214.62,213.08,213.17,77220213
2016-10-28,1477661400,213.14,213.93,211.71,212.54,140623183
2016-10-31,1477920600,212.93,213.19,212.36,212.55,61272507
2016-11-01,1478007000,212.93,212.99,209.6,211.01,122781818
2016-11-02,1478093400,210.65,211.1,209.23,209.74,103330806
2016-11-03,1478179800,209.99,210.24,208.46,208.78,88939346
2016-11-04,1478266200,208.91,209.89,208.38,208.55,109122059
2016-11-07,1478529000,211.45,213.19,211.3,213.15,109794861
2016-11-08,1478615400,212.69,214.77,212.38,214.11,106772138
2016-11-09,1478701800,212.37,217.1,212.34,216.3792,258428972
2016-11-10,1478788200,217.3,218.31,215.22,216.92,172113313
2016-11-11,1478874600,216.08,216.7,215.32,216.42,100552732
2016-11-14,1479133800,217.03,217.27,215.72,216.59,94579982
2016-11-15,1479220200,217.04,218.28,216.8,218.28,91652580
2016-11-16,1479306600,217.56,218.14,217.42,217.87,65617697
2016-11-17,1479393000,218.05,219.06,217.92,218.99,69797191
2016-11-18,1479479400,219.07,219.27,218.29,218.5,86265751
2016-11-21,1479738600,219.17,220.18,219,220.15,72402638
2016-11-22,1479825000,220.51,220.79,219.73,220.58,67428957
2016-11-23,1479911400,219.98,220.76,219.75,220.7,56620237
2016-11-25,1480084200,221.1,221.56,221.01,221.52,37872255
2016-11-28,1480343400,221.16,221.48,220.36,220.48,76572511
2016-11-29,1480429800,220.52,221.44,220.17,220.91,69886690
2016-11-30,1480516200,221.63,221.82,220.31,220.38,113291793
2016-12-01,1480602600,220.73,220.73,219.15,219.57,79040487
2016-12-02,1480689000,219.67,220.25,219.26,219.68,74840347
2016-12-05,1480948200,220.65,221.4,220.42,221,67837821
2016-12-06,1481034600,221.22,221.7441,220.662,221.7,59877377
2016-12-07,1481121000,221.52,224.67,221.38,224.6,110738050
2016-12-08,1481207400,224.57,225.7,224.26,225.15,99714387
2016-12-09,1481293800,225.41,226.53,225.37,226.51,88005766
2016-12-12,1481553000,226.4,226.96,225.76,226.25,102016125
2016-12-13,1481639400,227.02,228.34,227,227.76,110477485
2016-12-14,1481725800,227.41,228.23,225.365,225.88,142501812
2016-12-15,1481812200,226.16,227.81,225.8904,226.81,124972554
2016-12-16,1481898600,226.01,226.08,224.67,225.04,156420152
2016-12-19,1482157800,225.25,226.02,225.08,225.53,90341147
2016-12-20,1482244200,226.15,226.57,225.88,226.4,89838810
2016-12-21,1482330600,226.25,226.45,225.77,225.77,67909039
2016-12-22,1482417000,225.6,225.74,224.92,225.38,56219071
2016-12-23,1482503400,225.43,225.72,225.21,225.71,36697822
2016-12-27,1482849000,226.02,226.73,226,226.27,42672487
2016-12-28,1482935400,226.57,226.59,224.27,224.4,64095014
2016-12-29,1483021800,224.48,224.89,223.84,224.35,48696080
2016-12-30,1483108200,224.73,224.83,222.73,223.53,108998328
2017-01-03,1483453800,225.04,225.83,223.8837,225.24,91366522
2017-01-04,1483540200,225.62,226.75,225.61,226.58,78744433
2017-01-05,1483626600,226.27,226.58,225.48,226.4,78379012
2017-01-06,1483713000,226.53,227.75,225.9,227.21,71559922
2017-01-09,1483972200,226.91,227.0701,226.4163,226.46,46939676
2017-01-10,1484058600,226.48,227.45,226.01,226.46,63771939
2017-01-11,1484145000,226.36,227.1,225.59,227.1,74650016
2017-01-12,1484231400,226.5,226.75,224.955,226.53,72113181
2017-01-13,1484317800,226.73,227.4,226.69,227.05,62717865
2017-01-17,1484663400,226.31,226.78,225.8,226.25,61240814
2017-01-18,1484749800,226.535,226.8,225.9,226.75,54793302
2017-01-19,1484836200,226.84,227,225.41,225.91,66608787
2017-01-20,1484922600,226.7,227.31,225.9719,226.74,129168623
2017-01-23,1485181800,226.35,226.805,225.27,226.15,75061645
2017-01-24,1485268200,226.4,228.08,226.27,227.6,95555295
2017-01-25,1485354600,228.7,229.57,228.51,229.57,84437712
2017-01-26,1485441000,229.4,229.71,229.01,229.33,59970719
2017-01-27,1485527400,229.42,229.59,228.76,228.97,59711118
2017-01-30,1485786600,228.17,228.2,226.41,227.55,79737252
2017-01-31,1485873000,226.98,227.6,226.32,227.53,75880805
2017-02-01,1485959400,228.255,228.59,226.94,227.62,79117651
2017-02-02,1486045800,227.2,228.1,226.82,227.77,69657560
2017-02-03,1486132200,228.82,229.55,228.46,229.34,80563168
2017-02-06,1486391400,228.87,229.326,228.54,228.93,57790108
2017-02-07,1486477800,229.38,229.6556,228.72,228.94,57931151
2017-02-08,1486564200,228.61,229.39,228.31,229.24,51566218
2017-02-09,1486650600,229.56,230.95,229.52,230.6,65955245
2017-02-10,1486737000,231,231.77,230.6216,231.51,66015892
2017-02-13,1486996200,232.08,233.07,232.05,232.77,55182050
2017-02-14,1487082600,232.56,233.71,232.16,233.7,71108983
2017-02-15,1487169000,233.45,235.14,233.39,234.92,86785826
2017-02-16,1487255400,234.96,235.155,233.85,234.72,84722437
2017-02-17,1487341800,233.95,235.09,233.93,235.09,77204104
2017-02-21,1487687400,235.52,236.69,235.51,236.49,88946051
2017-02-22,1487773800,236.02,236.54,235.83,236.28,62115185
2017-02-23,1487860200,236.88,236.9,235.56,236.44,74615902
2017-02-24,1487946600,235.46,236.7932,235.41,236.74,82381612
2017-02-27,1488205800,236.64,237.31,236.35,237.11,56515440
2017-02-28,1488292200,236.67,236.95,236.015,236.47,96961938
2017-03-01,1488378600,238.39,240.32,238.37,239.78,149158170
2017-03-02,1488465000,239.56,239.57,238.21,238.27,70245978
2017-03-03,1488551400,238.17,238.61,237.73,238.42,81974300
2017-03-06,1488810600,237.5,238.12,237.01,237.71,55391533
2017-03-07,1488897000,237.36,237.77,236.76,237,65103737
2017-03-08,1488983400,237.34,237.64,236.4,236.56,78168795
2017-03-09,1489069800,236.7,237.24,235.74,236.86,90683918
2017-03-10,1489156200,237.97,238.02,236.59,237.69,81991652
2017-03-13,1489411800,237.62,237.86,237.24,237.81,57256824
2017-03-14,1489498200,237.18,237.24,236.19,236.9,59880778
2017-03-15,1489584600,237.56,239.44,237.29,238.95,96081750
2017-03-16,1489671000,239.11,239.2,238.1,238.48,78343951
2017-03-17,1489757400,237.75,237.97,237.03,237.03,89002111
2017-03-20,1490016600,237.03,237.36,236.32,236.77,52536979
2017-03-21,1490103000,237.47,237.61,233.58,233.73,131809275
2017-03-22,1490189400,233.77,234.61,233.05,234.28,97569204
2017-03-23,1490275800,234,235.34,233.6,234.03,100410277
2017-03-24,1490362200,234.38,235.04,232.96,233.86,112504853
2017-03-27,1490621400,231.93,233.92,231.61,233.62,87454452
2017-03-28,1490707800,233.27,235.81,233.14,235.32,93483915
2017-03-29,1490794200,234.99,235.81,234.725,235.54,60786374
2017-03-30,1490880600,235.47,236.52,235.27,236.29,56737890
2017-03-31,1490967000,235.9,236.51,235.68,235.74,73733094
2017-04-03,1491226200,235.8,236.03,233.91,235.33,85546486
2017-04-04,1491312600,235,235.58,234.555,235.48,56466195
2017-04-05,1491399000,236.26,237.39,234.54,234.78,108800604
2017-04-06,1491485400,234.94,236.04,234.425,235.44,69135757
2017-04-07,1491571800,235.15,236,234.64,235.2,74412311
2017-04-10,1491831000,235.36,236.255,234.73,235.34,67615302
2017-04-11,1491917400,234.9,235.18,233.34,235.06,88045276
2017-04-12,1492003800,234.74,234.96,233.77,234.03,81864436
2017-04-13,1492090200,233.64,234.49,232.51,232.51,92880394
2017-04-17,1492435800,233.11,234.57,232.88,234.57,68405367
2017-04-18,1492522200,233.72,234.49,233.08,233.87,83225821
2017-04-19,1492608600,234.52,234.95,233.18,233.44,68699868
2017-04-20,1492695000,234.15,235.845,233.78,235.34,92572186
2017-04-21,1492781400,235.25,235.31,234.13,234.59,110389847
2017-04-24,1493040600,237.18,237.41,236.61,237.17,119209877
2017-04-25,1493127000,237.91,238.95,237.81,238.55,75050935
2017-04-26,1493213400,238.51,239.53,238.35,238.4,84702455
2017-04-27,1493299800,238.77,238.95,237.98,238.6,57410326
2017-04-28,1493386200,238.9,238.93,237.93,238.08,63532845
2017-05-01,1493645400,238.68,239.17,238.195,238.68,66882521
2017-05-02,1493731800,238.84,238.98,238.3,238.77,57375732
2017-05-03,1493818200,238.29,238.8775,237.7,238.48,73137731
2017-05-04,1493904600,238.83,238.9225,237.78,238.76,61462732
2017-05-05,1493991000,239.19,239.72,238.68,239.7,62001269
2017-05-08,1494250200,239.75,239.92,239.17,239.66,48385730
2017-05-09,1494336600,239.96,240.19,239.04,239.44,51363200
2017-05-10,1494423000,239.39,239.87,239.15,239.87,54293799
2017-05-11,1494509400,239.35,239.57,238.13,239.38,62358346
2017-05-12,1494595800,239.09,239.4273,238.67,238.98,53912730
2017-05-15,1494855000,239.47,240.44,239.45,240.3,61918937
2017-05-16,1494941400,240.64,240.67,239.63,240.08,51241791
2017-05-17,1495027800,238.1,238.64,235.75,235.82,172174107
2017-05-18,1495114200,235.73,237.75,235.43,236.77,107047656
2017-05-19,1495200600,237.33,239.08,237.27,238.31,115011373
2017-05-22,1495459800,238.9,239.71,238.82,239.52,61010602
2017-05-23,1495546200,239.95,240.24,239.51,240.05,48341683
2017-05-24,1495632600,240.32,240.73,239.93,240.61,49181099
2017-05-25,1495719000,241.2,242.08,240.96,241.76,64071661
2017-05-26,1495805400,241.54,241.9,241.45,241.71,46629905
2017-05-30,1496151000,241.34,241.79,241.16,241.5,35201897
2017-05-31,1496237400,241.84,241.88,240.64,241.44,91796016
2017-06-01,1496323800,241.97,243.38,241.64,243.36,68962024
2017-06-02,1496410200,243.42,244.35,243.08,244.17,88666128
2017-06-05,1496669400,243.97,244.3,243.76,243.99,44698825
2017-06-06,1496755800,243.34,243.98,243.12,243.21,50375430
2017-06-07,1496842200,243.6,243.92,242.83,243.66,54144311
2017-06-08,1496928600,243.77,244.33,243.17,243.78,65950691
2017-06-09,1497015000,244.09,245.01,241.95,243.41,132256362
2017-06-12,1497274200,243.13,243.42,242.38,243.36,86108102
2017-06-13,1497360600,243.98,244.61,243.5799,244.55,60066953
2017-06-14,1497447000,244.86,244.87,243.29,244.24,78602311
2017-06-15,1497533400,242.68,243.91,242.36,243.77,66464888
2017-06-16,1497619800,242.77,242.83,241.6337,242.64,84553097
2017-06-19,1497879000,243.59,244.73,243.48,244.66,65123802
2017-06-20,1497965400,244.25,244.26,242.99,243.01,56906368
2017-06-21,1498051800,243.42,243.59,242.41,242.95,55977569
2017-06-22,1498138200,242.96,243.53,242.64,242.84,44148059
2017-06-23,1498224600,242.91,243.51,242.47,243.13,66986801
2017-06-26,1498483800,243.9,244.38,243.045,243.29,56700477
2017-06-27,1498570200,243.04,243.38,241.31,241.33,82247666
2017-06-28,1498656600,242.5,243.715,242.23,243.49,70042599
2017-06-29,1498743000,243.66,243.72,239.955,241.35,106949719
2017-06-30,1498829400,242.28,242.71,241.575,241.8,86820694
2017-07-03,1499088600,242.88,243.38,242.21,242.21,39153806
2017-07-05,1499261400,242.63,243.01,241.7,242.77,54427596
2017-07-06,1499347800,241.89,242.03,240.34,240.55,66115317
2017-07-07,1499434200,241.21,242.28,240.5645,242.11,57972268
2017-07-10,1499693400,241.95,242.8,241.76,242.37,36663274
2017-07-11,1499779800,242.16,242.55,240.85,242.19,50354614
2017-07-12,1499866200,243.3,244.2,243.3,244.01,59610405
2017-07-13,1499952600,244.02,244.55,243.76,244.42,39471637
2017-07-14,1500039000,244.43,245.97,244.31,245.56,60262692
2017-07-17,1500298200,245.47,245.91,245.33,245.53,33531917
2017-07-18,1500384600,245.06,245.72,244.67,245.66,42742498
2017-07-19,1500471000,246.02,247,246.01,246.99,51034260
2017-07-20,1500557400,247.28,247.42,246.47,247.1,47135183
2017-07-21,1500643800,246.44,246.91,246.18,246.88,88711019
2017-07-24,1500903000,246.79,246.98,246.28,246.82,46622256
2017-07-25,1500989400,247.68,247.8,247.16,247.42,54915591
2017-07-26,1501075800,247.75,247.79,247.13,247.43,47575422
2017-07-27,1501162200,247.96,248,245.68,247.2,70766568
2017-07-28,1501248600,246.65,247.06,246.13,246.91,50088359
2017-07-31,1501507800,247.37,247.48,246.53,246.77,65838659
2017-08-01,1501594200,247.46,247.5,246.716,247.32,55050401
2017-08-02,1501680600,247.47,247.6,246.37,247.44,47211216
2017-08-03,1501767000,247.31,247.34,246.64,246.96,40855997
2017-08-04,1501853400,247.52,247.79,246.97,247.41,60191838
2017-08-07,1502112600,247.49,247.87,247.37,247.87,31995021
2017-08-08,1502199000,247.51,248.91,246.83,247.26,61719353
2017-08-09,1502285400,246.47,247.31,246.06,247.25,62632619
2017-08-10,1502371800,246.29,246.44,243.7,243.76,120479470
2017-08-11,1502458200,244.02,244.8,243.75,244.12,74869947
2017-08-14,1502717400,245.59,246.79,245.55,246.54,73291919
2017-08-15,1502803800,246.98,247,246.16,246.51,55242746
2017-08-16,1502890200,247.11,247.57,246.45,246.94,56715544
2017-08-17,1502976600,246.24,246.6,243.09,243.09,128490396
2017-08-18,1503063000,242.9,244.189,242.2,242.71,136747986
2017-08-21,1503322200,242.64,243.2,241.83,242.9,65469736
2017-08-22,1503408600,243.57,245.62,243.55,245.44,63140101
2017-08-23,1503495000,244.33,245.05,244.16,244.56,50203837
2017-08-24,1503581400,245,245.18,243.75,243.99,50741671
2017-08-25,1503667800,244.9,245.61,244.39,244.56,64445912
2017-08-28,1503927000,245.17,245.2,244.09,244.57,40565606
2017-08-29,1504013400,243.06,245.15,242.93,244.85,51135715
2017-08-30,1504099800,244.83,246.32,244.62,246.01,62030805
2017-08-31,1504186200,246.72,247.77,246.0473,247.49,103803880
2017-09-01,1504272600,247.92,248.33,247.67,247.84,62006989
2017-09-05,1504618200,247.26,247.52,244.95,246.06,91398777
2017-09-06,1504704600,246.84,247.28,246.23,246.9,57916867
2017-09-07,1504791000,247.25,247.27,246.4,246.87,58034730
2017-09-08,1504877400,246.54,247.11,246.3,246.58,63832825
2017-09-11,1505136600,248.04,249.3,248.02,249.21,71364848
2017-09-12,1505223000,249.63,250.09,249.42,250.05,56896027
2017-09-13,1505309400,249.72,250.21,249.59,250.17,59228002
2017-09-14,1505395800,249.8,250.32,249.6,250.09,95446349
2017-09-15,1505482200,248.69,249.29,248.57,249.19,95432382
2017-09-18,1505741400,249.61,250.12,249.28,249.72,46235238
2017-09-19,1505827800,250,250.07,249.6,249.97,47108148
2017-09-20,1505914200,250.07,250.19,248.92,250.06,59574083
2017-09-21,1506000600,249.88,249.98,249.185,249.39,48211398
2017-09-22,1506087000,249.05,249.63,249.02,249.44,51214032
2017-09-25,1506346200,249.15,249.5532,248.08,248.93,57064357
2017-09-26,1506432600,249.42,249.7,248.805,249.08,54081959
2017-09-27,1506519000,249.88,250.49,248.87,250.05,81001426
2017-09-28,1506605400,249.73,250.44,249.63,250.35,44778841
2017-09-29,1506691800,250.34,251.32,250.13,251.23,85578002
2017-10-02,1506951000,251.49,252.32,251.2926,252.32,59022985
2017-10-03,1507037400,252.46,252.89,252.23,252.86,66810169
2017-10-04,1507123800,252.69,253.44,252.56,253.16,55953619
2017-10-05,1507210200,253.54,254.68,253.196,254.66,63522757
2017-10-06,1507296600,254.15,254.7008,253.85,254.37,80645998
2017-10-09,1507555800,254.63,254.7,253.65,253.95,35803138
2017-10-10,1507642200,254.6,255.05,253.98,254.62,43057363
2017-10-11,1507728600,254.51,255.02,254.32,255.02,47674325
2017-10-12,1507815000,254.66,255.06,254.365,254.64,47080269
2017-10-13,1507901400,255.14,255.27,254.64,254.95,54800435
2017-10-16,1508160600,255.21,255.51,254.82,255.29,38521675
2017-10-17,1508247000,255.23,255.52,254.98,255.47,31560964
2017-10-18,1508333400,255.9,255.95,255.5,255.72,40888330
2017-10-19,1508419800,254.83,255.83,254.35,255.79,61903788
2017-10-20,1508506200,256.7,257.14,255.7744,257.11,89176377
2017-10-23,1508765400,257.48,257.51,256.02,256.11,63915306
2017-10-24,1508851800,256.6,256.83,256.15,256.56,66935910
2017-10-25,1508938200,256.18,256.31,254,255.29,103715291
2017-10-26,1509024600,255.99,256.3,255.48,255.62,69797972
2017-10-27,1509111000,256.47,257.89,255.6254,257.71,85562544
2017-10-30,1509370200,257.07,257.6,256.41,256.75,54285687
2017-10-31,1509456600,257.18,257.44,256.805,257.15,60304781
2017-11-01,1509543000,258.04,258.43,257.07,257.49,54202736
2017-11-02,1509629400,257.41,257.75,256.19,257.59,56449535
2017-11-03,1509715800,257.77,258.5,257.3,258.45,59589730
2017-11-06,1509978600,258.3,259,258.22,258.85,49652598
2017-11-07,1510065000,258.97,259.35,258.09,258.67,57502161
2017-11-08,1510151400,258.47,259.22,258.15,259.11,50469579
2017-11-09,1510237800,257.73,258.39,256.36,258.17,95085497
2017-11-10,1510324200,257.73,258.2926,257.37,258.09,59984662
2017-11-13,1510583400,257.31,258.59,257.27,258.33,50228648
2017-11-14,1510669800,257.41,257.85,256.52,257.73,61315152
2017-11-15,1510756200,256.62,257.22,255.63,256.44,80811525
2017-11-16,1510842600,257.52,259.04,257.4748,258.62,67777027
2017-11-17,1510929000,258.22,258.5882,257.77,257.86,75756833
2017-11-20,1511188200,258.14,258.525,257.86,258.3,48075514
2017-11-21,1511274600,259.18,260.2,259.18,259.99,69176799
2017-11-22,1511361000,260,260.15,259.57,259.76,45033392
2017-11-24,1511533800,260.32,260.48,260.16,260.36,27746365
2017-11-27,1511793000,260.41,260.75,260,260.23,52274922
2017-11-28,1511879400,260.76,262.9,260.655,262.87,98971719
2017-11-29,1511965800,263.02,263.63,262.2,262.71,77512102
2017-11-30,1512052200,263.76,266.05,263.67,265.01,127894389
2017-12-01,1512138600,264.76,265.31,260.76,264.46,164390902
2017-12-04,1512397800,266.31,266.8,264.08,264.14,94040560
2017-12-05,1512484200,264.43,265.15,263.04,263.19,77994544
2017-12-06,1512570600,262.87,263.73,262.71,263.24,75898566
2017-12-07,1512657000,263.09,264.43,262.94,264.07,77218569
2017-12-08,1512743400,264.99,265.52,264.72,265.51,76563873
2017-12-11,1513002600,265.58,266.38,265.4793,266.31,83077533
2017-12-12,1513089000,266.57,267.32,266.345,266.78,85195750
2017-12-13,1513175400,267.06,267.56,266.65,266.75,102905409
2017-12-14,1513261800,267.09,267.22,265.6,265.66,100666692
2017-12-15,1513348200,265.45,267.04,265.39,266.51,144610290
2017-12-18,1513607400,268.1,268.6,267.98,268.2,83676072
2017-12-19,1513693800,268.48,268.53,267.09,267.17,82382876
2017-12-20,1513780200,268.27,268.33,266.69,267.03,76751500
2017-12-21,1513866600,267.74,268.385,267.3,267.58,67032339
2017-12-22,1513953000,267.6,267.635,266.9,267.51,78720873
2017-12-26,1514298600,267.05,267.4377,266.885,267.19,45244433
2017-12-27,1514385000,267.38,267.73,267.01,267.32,57750986
2017-12-28,1514471400,267.89,267.92,267.45,267.87,45116139
2017-12-29,1514557800,268.53,268.55,266.64,266.86,96007424
2018-01-02,1514903400,267.84,268.81,267.4,268.77,86655749
2018-01-03,1514989800,268.96,270.64,268.96,270.47,90070416
2018-01-04,1515076200,271.2,272.16,270.5447,271.61,80636408
2018-01-05,1515162600,272.51,273.56,271.95,273.42,83523995
2018-01-08,1515421800,273.31,274.1,272.98,273.92,57319192
2018-01-09,1515508200,274.4,275.25,274.081,274.54,57253957
2018-01-10,1515594600,273.68,274.42,272.92,274.12,69574318
2018-01-11,1515681000,274.75,276.12,274.56,276.12,62361455
2018-01-12,1515767400,276.42,278.11,276.0819,277.92,90816076
2018-01-16,1516113000,279.35,280.09,276.18,276.97,106555142
2018-01-17,1516199400,278.03,280.05,276.97,279.61,113258799
2018-01-18,1516285800,279.48,279.96,278.58,279.14,100728006
2018-01-19,1516372200,279.8,280.41,279.14,280.41,140920098
2018-01-22,1516631400,280.17,282.69,280.11,282.69,91322408
2018-01-23,1516717800,282.74,283.62,282.37,283.29,97084700
2018-01-24,1516804200,284.02,284.7,281.84,283.18,134816117
2018-01-25,1516890600,284.16,284.27,282.405,283.3,84587313
2018-01-26,1516977000,284.25,286.6285,283.96,286.58,107743119
2018-01-29,1517236200,285.93,286.43,284.5,284.68,90118337
2018-01-30,1517322600,282.6,284.736,281.22,281.76,131796419
2018-01-31,1517409000,282.73,283.3,280.68,281.9,118948131
2018-02-01,1517495400,281.07,283.06,280.68,281.58,90102470
2018-02-02,1517581800,280.08,280.23,275.41,275.45,173174790
2018-02-05,1517841000,273.45,275.85,263.31,263.93,294681820
2018-02-06,1517927400,259.94,269.7,258.7,269.13,355026780
2018-02-07,1518013800,268.5,272.36,267.58,267.67,167376100
2018-02-08,1518100200,268.01,268.17,257.59,257.63,246449505
2018-02-09,1518186600,260.8,263.61,252.92,261.5,283565310
2018-02-12,1518445800,263.83,267.01,261.6644,265.34,143735976
2018-02-13,1518532200,263.97,266.62,263.31,266,81223640
2018-02-14,1518618600,264.31,270,264.3,269.59,120735685
2018-02-15,1518705000,271.57,273.04,268.77,273.03,111200286
2018-02-16,1518791400,272.32,275.32,272.27,273.11,160420135
2018-02-20,1519137000,272.03,273.67,270.5,271.4,86369662
2018-02-21,1519223400,271.9,274.72,269.94,270.05,98883740
2018-02-22,1519309800,271.1,273.05,269.64,270.4,110511290
2018-02-23,1519396200,271.79,274.71,271.25,274.71,92766428
2018-02-26,1519655400,275.93,278.01,275.26,277.9,86491406
2018-02-27,1519741800,278.11,278.92,274.36,274.43,99099165
2018-02-28,1519828200,275.68,276.19,271.29,271.65,121907767
2018-03-01,1519914600,271.41,273.17,266,267.7,176855077
2018-03-02,1520001000,265.8,269.72,264.82,269.08,139083217
2018-03-05,1520260200,267.73,272.89,267.61,272.19,97307387
2018-03-06,1520346600,273.3,273.39,271.18,272.88,79213163
2018-03-07,1520433000,270.42,273.18,270.2,272.78,87063502
2018-03-08,1520519400,273.55,274.24,272.42,274.1,66901150
2018-03-09,1520605800,275.7,278.87,275.34,278.87,113625335
2018-03-12,1520861400,279.2,279.91,278.0801,278.52,71924793
2018-03-13,1520947800,279.84,280.41,276.03,276.72,91968937
2018-03-14,1521034200,277.81,278.02,274.67,275.3,105895079
2018-03-15,1521120600,275.88,276.61,274.43,275,83433038
2018-03-16,1521207000,274.5,275.39,274.14,274.2,100343673
2018-03-19,1521466200,273.35,273.38,268.62,270.49,109208442
2018-03-20,1521552600,270.94,271.67,270.18,270.95,59757271
2018-03-21,1521639000,270.9,273.27,270.19,270.43,78709578
2018-03-22,1521725400,267.91,268.87,263.36,263.67,148785916
2018-03-23,1521811800,264.17,265.02,257.83,258.05,183534751
2018-03-26,1522071000,262.13,265.43,259.41,265.11,141956102
2018-03-27,1522157400,266.17,266.77,258.84,260.6,129941445
2018-03-28,1522243800,260.75,262.64,258.58,259.83,146452306
2018-03-29,1522330200,261.12,265.26,259.8389,263.15,124244790
2018-04-02,1522675800,262.55,263.13,254.67,257.47,186286343
2018-04-03,1522762200,258.87,261.31,256.84,260.77,119956861
2018-04-04,1522848600,256.75,264.355,256.6,263.56,123715339
2018-04-05,1522935000,265.55,266.64,264.32,265.64,82652618
2018-04-06,1523021400,263.42,265.11,258,259.72,179521209
2018-04-09,1523280600,261.37,264.84,259.9356,261,105442932
2018-04-10,1523367000,264.27,266.04,262.98,265.15,105573736
2018-04-11,1523453400,263.47,265.64,263.39,263.76,91140243
2018-04-12,1523539800,265.26,267,265.06,265.93,68890480
2018-04-13,1523626200,267.41,267.54,264.01,265.15,85079176
2018-04-16,1523885400,267,268.2,266.07,267.33,63405287
2018-04-17,1523971800,269.33,270.87,268.75,270.19,64682036
2018-04-18,1524058200,270.69,271.3,269.87,270.39,57303857
2018-04-19,1524144600,269.65,269.88,267.72,268.89,77655909
2018-04-20,1524231000,268.81,269.06,265.61,266.61,99953133
2018-04-23,1524490200,267.26,267.89,265.35,266.57,65557954
2018-04-24,1524576600,267.73,267.9762,261.28,262.98,112885452
2018-04-25,1524663000,262.91,264.13,260.85,263.63,103840948
2018-04-26,1524749400,264.79,267.2452,264.29,266.31,67731942
2018-04-27,1524835800,267,267.34,265.5,266.56,57053647
2018-04-30,1525095000,267.26,267.89,264.43,264.51,82182324
2018-05-01,1525181400,263.87,265.1,262.11,264.98,74203365
2018-05-02,1525267800,264.76,265.68,262.76,263.2,86368943
2018-05-03,1525354200,262.26,263.36,259.05,262.62,136311479
2018-05-04,1525440600,261.52,266.7892,261.15,266.02,91222075
2018-05-07,1525699800,266.89,268.02,266.11,266.92,55304907
2018-05-08,1525786200,266.5,267.325,265.15,266.92,67499247
2018-05-09,1525872600,267.68,269.865,267.09,269.5,59666143
2018-05-10,1525959000,270.34,272.39,270.22,272.02,72063931
2018-05-11,1526045400,272.16,273.15,271.58,272.85,59871511
2018-05-14,1526304600,273.34,274.08,272.36,272.98,54790606
2018-05-15,1526391000,271.59,271.61,270.03,271.1,87036036
2018-05-16,1526477400,271.14,272.76,271.11,272.24,53942631
2018-05-17,1526563800,271.94,273.23,271.13,272.01,56536400
2018-05-18,1526650200,271.62,272.03,270.93,271.33,64367959
2018-05-21,1526909400,273.01,273.98,271.3512,273.37,58025875
2018-05-22,1526995800,273.96,274.25,272.24,272.61,52966358
2018-05-23,1527082200,271.17,273.39,270.99,273.36,64694184
2018-05-24,1527168600,272.91,273.22,270.78,272.8,76043827
2018-05-25,1527255000,272.15,272.86,271.58,272.15,56374755
2018-05-29,1527600600,270.31,271.17,267.76,269.02,115908607
2018-05-30,1527687000,270.5,273.11,270.42,272.61,69678449
2018-05-31,1527773400,272.15,272.49,270.255,270.94,93519941
2018-06-01,1527859800,272.41,273.94,272.33,273.6,71258411
2018-06-04,1528119000,274.53,275.185,274.26,274.9,45392351
2018-06-05,1528205400,275.05,275.53,274.18,275.1,51135038
2018-06-06,1528291800,275.79,277.52,275.09,277.4,62732215
2018-06-07,1528378200,277.95,278.28,276.34,277.37,72969402
2018-06-08,1528464600,276.85,278.25,276.66,278.19,72139719
2018-06-11,1528723800,278.44,279.37,278.31,278.56,58892515
2018-06-12,1528810200,279.03,279.33,278.19,278.92,72329028
2018-06-13,1528896600,279.19,279.48,277.8,278.03,79070610
2018-06-14,1528983000,279.01,279.33,278.0599,278.73,77097620
2018-06-15,1529069400,276.6,277.51,275.35,277.13,120143175
2018-06-18,1529328600,275.49,276.7,274.95,276.56,52917581
2018-06-19,1529415000,274,275.75,273.53,275.5,97531510
2018-06-20,1529501400,276.27,276.72,275.59,275.97,53785486
2018-06-21,1529587800,275.96,275.98,273.68,274.24,71061404
2018-06-22,1529674200,275.66,275.785,274.49,274.74,56612003
2018-06-25,1529933400,273.44,273.6162,269.1,271,137854162
2018-06-26,1530019800,271.64,272.56,270.79,271.6,68683211
2018-06-27,1530106200,272.26,273.865,269.18,269.35,105110674
2018-06-28,1530192600,269.29,271.75,268.49,270.89,76650517
2018-06-29,1530279000,272.12,273.66,271.1495,271.28,97592499
2018-07-02,1530538200,269.51,272.04,269.24,271.86,63554774
2018-07-03,1530624600,272.87,272.98,270.42,270.9,42187071
2018-07-05,1530797400,272.17,273.18,270.96,273.11,56925919
2018-07-06,1530883800,273.14,275.84,272.715,275.42,66493696
2018-07-09,1531143000,276.55,277.96,276.5,277.9,50550399
2018-07-10,1531229400,278.41,279.01,278.08,278.9,51966829
2018-07-11,1531315800,277.15,278.04,276.52,276.86,77054739
2018-07-12,1531402200,278.28,279.43,277.6,279.37,60124687
2018-07-13,1531488600,279.17,279.93,278.66,279.59,48234964
2018-07-16,1531747800,279.64,279.803,278.84,279.34,48201038
2018-07-17,1531834200,278.47,280.91,278.41,280.47,52315500
2018-07-18,1531920600,280.56,281.18,280.06,281.06,44593465
2018-07-19,1532007000,280.31,280.74,279.46,280,61412117
2018-07-20,1532093400,279.77,280.48,279.5,279.68,82372729
2018-07-23,1532352600,279.45,280.43,279.06,280.2,47047565
2018-07-24,1532439000,281.79,282.56,280.63,281.61,68026935
2018-07-25,1532525400,281.33,284.37,281.28,284.01,78882927
2018-07-26,1532611800,283.2,284.11,283.09,283.34,57919495
2018-07-27,1532698200,283.71,283.82,280.38,281.42,76783177
2018-07-30,1532957400,281.51,281.69,279.36,279.95,63742508
2018-07-31,1533043800,280.81,282.02,280.38,281.33,68570493
2018-08-01,1533130200,281.56,282.13,280.1315,280.86,53853326
2018-08-02,1533216600,279.39,282.58,279.16,282.39,63426363
2018-08-03,1533303000,282.53,283.6577,282.33,283.6,53935386
2018-08-06,1533562200,283.64,284.99,283.2015,284.64,39400887
2018-08-07,1533648600,285.39,286.01,285.24,285.58,43196646
2018-08-08,1533735000,285.39,285.91,284.94,285.46,42114551
2018-08-09,1533821400,285.53,285.97,284.915,285.07,35716976
2018-08-10,1533907800,283.45,284.055,282.36,283.16,77076044
2018-08-13,1534167000,283.47,284.16,281.77,282.1,65732909
2018-08-14,1534253400,282.92,284.17,282.4833,283.9,43842031
2018-08-15,1534339800,282.38,282.54,280.16,281.78,102887320
2018-08-16,1534426200,283.4,285.04,283.36,284.06,69967919
2018-08-17,1534512600,283.83,285.5601,283.37,285.06,65618481
2018-08-20,1534771800,285.57,285.97,285.06,285.67,39807490
2018-08-21,1534858200,286.25,287.31,285.7135,286.34,67271983
2018-08-22,1534944600,285.88,286.76,285.575,286.17,44993333
2018-08-23,1535031000,285.97,286.94,285.43,285.79,49204851
2018-08-24,1535117400,286.44,287.67,286.38,287.51,57487399
2018-08-27,1535376600,288.86,289.9,288.68,289.78,57072377
2018-08-28,1535463000,290.3,290.4175,289.4,289.92,46943472
2018-08-29,1535549400,290.16,291.74,289.8854,291.48,61485514
2018-08-30,1535635800,290.94,291.36,289.63,290.3,61229501
2018-08-31,1535722200,289.84,290.81,289.29,290.31,66140838
2018-09-04,1536067800,289.84,290.21,288.68,289.81,57594367
2018-09-05,1536154200,289.41,289.64,287.89,289.03,72452437
2018-09-06,1536240600,289.15,289.49,287,288.16,65909863
2018-09-07,1536327000,286.98,288.7,286.71,287.6,73524824
2018-09-10,1536586200,288.74,289.04,287.88,288.1,50210903
2018-09-11,1536672600,287.37,289.55,286.975,289.05,50530492
2018-09-12,1536759000,289.06,289.8,288.23,289.12,59810758
2018-09-13,1536845400,290.32,291.0384,289.995,290.83,51034222
2018-09-14,1536931800,291.06,291.27,290,290.88,55079875
2018-09-17,1537191000,290.82,290.86,289.03,289.34,68244043
2018-09-18,1537277400,289.58,291.58,289.55,290.91,61930407
2018-09-19,1537363800,290.97,291.69,290.825,291.22,49080562
2018-09-20,1537450200,292.64,293.94,291.2363,293.58,100360646
2018-09-21,1537536600,293.09,293.22,291.81,291.99,105597145
2018-09-24,1537795800,291.34,291.5,290.37,291.02,53409645
2018-09-25,1537882200,291.53,291.65,290.4833,290.75,44370037
2018-09-26,1537968600,290.91,292.24,289.41,289.88,79739674
2018-09-27,1538055000,290.41,291.91,290.1,290.69,59249455
2018-09-28,1538141400,289.99,291.28,289.95,290.72,70091385
2018-10-01,1538400600,292.11,292.93,290.98,291.73,62078937
2018-10-02,1538487000,291.56,292.355,291.14,291.56,47258227
2018-10-03,1538573400,292.74,293.21,291.32,291.72,64694594
2018-10-04,1538659800,291.18,291.24,287.66,289.44,111545910
2018-10-05,1538746200,289.69,290.27,286.22,287.82,105961360
2018-10-08,1539005400,287.05,288.22,285.5,287.82,87742172
2018-10-09,1539091800,287.39,288.86,286.77,287.4,74338982
2018-10-10,1539178200,286.83,286.91,277.88,278.3,214756170
2018-10-11,1539264600,277.08,278.9,270.36,272.17,274840490
2018-10-12,1539351000,276.77,277.09,272.37,275.95,183186492
2018-10-15,1539610200,275.55,277.04,274.3,274.4,102263717
2018-10-16,1539696600,276.6,280.82,276.07,280.4,118255834
2018-10-17,1539783000,280.44,281.15,277.56,280.45,110625987
2018-10-18,1539869400,279.4,280.07,274.97,276.4,134557525
2018-10-19,1539955800,277.13,279.3,275.47,276.25,139901634
2018-10-22,1540215000,277,277.36,274.41,275.01,82415812
2018-10-23,1540301400,270.95,274.87,268.61,273.61,146352719
2018-10-24,1540387800,273.33,273.76,264.7,265.32,177806697
2018-10-25,1540474200,267.38,271.81,266.23,270.08,138061545
2018-10-26,1540560600,265.92,271,262.29,265.33,201574596
2018-10-29,1540819800,268.8,270.25,259.85,263.86,160749101
2018-10-30,1540906200,263.67,268.12,263.12,267.77,157115995
2018-10-31,1540992600,270.65,273.23,270.12,270.63,128296325
2018-11-01,1541079000,271.6,273.73,270.38,273.51,99495037
2018-11-02,1541165400,274.75,275.23,269.59,271.89,122634107
2018-11-05,1541428200,272.44,274.01,271.35,273.39,65622482
2018-11-06,1541514600,273.32,275.3,273.25,275.12,60085894
2018-11-07,1541601000,277.56,281.1,277.08,281.01,102752099
2018-11-08,1541687400,280.11,281.22,279.22,280.5,65584886
2018-11-09,1541773800,279.03,279.24,276.18,277.76,98812561
2018-11-12,1542033000,277.19,277.46,271.99,272.57,99673574
2018-11-13,1542119400,273.09,275.325,271.25,272.06,98176610
2018-11-14,1542205800,274.16,274.61,268.45,270.2,125335931
2018-11-15,1542292200,268.78,273.54,267.0102,273.02,135101437
2018-11-16,1542378600,271.79,274.75,271.21,273.73,126668040
2018-11-19,1542637800,273.05,273.38,268.07,269.1,103061706
2018-11-20,1542724200,265.36,267,263.15,264.12,136021311
2018-11-21,1542810600,265.86,267.15,265.01,265.02,75563743
2018-11-23,1542983400,263.18,264.8234,263.07,263.25,42807878
2018-11-26,1543242600,265.78,267.75,265.34,267.5,79981362
2018-11-27,1543329000,266.34,268.4,265.66,268.4,75502441
2018-11-28,1543415400,269.6,274.58,268.3272,274.58,127629633
2018-11-29,1543501800,273.71,275.55,272.43,273.98,82346420
2018-11-30,1543588200,273.81,276.28,273.45,275.65,98204190
2018-12-03,1543847400,280.28,280.4,277.505,279.3,103017719
2018-12-04,1543933800,278.37,278.85,269.9,270.25,177986013
2018-12-06,1544106600,265.92,269.97,262.44,269.84,204185411
2018-12-07,1544193000,269.46,271.22,262.63,263.57,161018923
2018-12-10,1544452200,263.37,265.1613,258.62,264.07,151445885
2018-12-11,1544538600,267.66,267.87,262.48,264.13,121504431
2018-12-12,1544625000,267.47,269,265.37,265.46,97976706
2018-12-13,1544711400,266.52,267.49,264.12,265.37,96662717
2018-12-14,1544797800,262.96,264.03,259.85,260.47,116961071
2018-12-17,1545057000,259.4,260.65,253.525,255.36,165492257
2018-12-18,1545143400,257.2,257.95,253.28,255.08,134515094
2018-12-19,1545229800,255.17,259.4,249.35,251.26,214992763
2018-12-20,1545316200,249.86,251.62,244.65,247.17,252053377
2018-12-21,1545402600,246.74,249.71,239.98,240.7,255345633
2018-12-24,1545661800,239.04,240.8355,234.27,234.34,147311588
2018-12-26,1545834600,235.97,246.18,233.76,246.18,218485360
2018-12-27,1545921000,242.57,248.29,238.96,248.07,186267342
2018-12-28,1546007400,249.58,251.4,246.45,247.75,153100189
2018-12-31,1546266600,249.56,250.19,247.47,249.92,144299370
2019-01-02,1546439400,245.98,251.21,245.95,250.18,126925199
2019-01-03,1546525800,248.23,248.57,243.67,244.21,144140692
2019-01-04,1546612200,247.59,253.11,247.17,252.39,142628834
2019-01-07,1546871400,252.69,255.95,251.69,254.38,103139100
2019-01-08,1546957800,256.82,257.31,254,256.77,102512587
2019-01-09,1547044200,257.56,258.91,256.19,257.97,95006554
2019-01-10,1547130600,256.26,259.16,255.5,258.88,96823923
2019-01-11,1547217000,257.68,259.0098,257.03,258.98,73858110
2019-01-14,1547476200,256.86,258.3,256.41,257.4,70908227
2019-01-15,1547562600,257.82,260.7,257.81,260.35,85208271
2019-01-16,1547649000,260.83,261.9666,260.6,260.98,77636710
2019-01-17,1547735400,260.01,263.92,259.96,262.96,96118435
2019-01-18,1547821800,264.98,266.98,262.998,266.46,127900303
2019-01-22,1548167400,264.82,265.06,261.06,262.86,115531183
2019-01-23,1548253800,264.01,264.79,260.66,263.41,86030287
2019-01-24,1548340200,263.21,264.2,262.08,263.55,59204139
2019-01-25,1548426600,265.61,266.7,263.6595,265.78,96883358
2019-01-28,1548685800,263.39,263.83,261.79,263.76,85613655
2019-01-29,1548772200,263.92,264.55,262.48,263.41,66136334
2019-01-30,1548858600,265.1,268.52,264.25,267.58,92473671
2019-01-31,1548945000,267.51,270.47,267.27,269.93,104012073
2019-02-01,1549031400,270.15,271.2,269.18,270.06,85782524
2019-02-04,1549290600,270.11,272.03,269.36,271.96,60744844
2019-02-05,1549377000,272.44,273.44,271.88,273.1,79552774
2019-02-06,1549463400,272.79,273.34,271.92,272.74,58347791
2019-02-07,1549549800,270.94,271.55,268.29,270.14,95481961
2019-02-08,1549636200,268.75,270.58,267.83,270.47,75788861
2019-02-11,1549895400,271.2,271.49,270.03,270.62,68021423
2019-02-12,1549981800,272.42,274.52,272.34,274.1,72270221
2019-02-13,1550068200,275.03,275.93,274.56,274.99,65277204
2019-02-14,1550154600,273.78,275.64,272.87,274.38,83234396
2019-02-15,1550241000,276.36,277.41,276.13,277.37,97088659
2019-02-19,1550586600,276.4813,278.58,276.47,277.85,59120804
2019-02-20,1550673000,277.81,278.92,277.25,278.41,76610767
2019-02-21,1550759400,277.7,278.1,276.345,277.42,64214727
2019-02-22,1550845800,278.11,279.36,277.4029,279.14,78114616
2019-02-25,1551105000,280.73,281.31,279.43,279.52,69030699
2019-02-26,1551191400,279.13,280.3,278.9,279.32,56844101
2019-02-27,1551277800,278.52,279.59,277.48,279.2,56921570
2019-02-28,1551364200,278.96,279.45,278.32,278.68,69268293
2019-03-01,1551450600,280.44,280.88,278.82,280.42,78880548
2019-03-04,1551709800,281.6,281.87,276.84,279.4,106494637
2019-03-05,1551796200,279.54,279.76,278.41,279.02,59114559
2019-03-06,1551882600,279.15,279.16,276.97,277.33,75039771
2019-03-07,1551969000,276.83,276.99,274.07,275.01,94885089
2019-03-08,1552055400,272.94,274.65,272.42,274.46,85795799
2019-03-11,1552311000,275.26,278.62,275.23,278.44,65098897
2019-03-12,1552397400,279.06,280.07,278.85,279.49,79667530
2019-03-13,1552483800,280.48,282.38,280.3,281.34,80639153
2019-03-14,1552570200,281.37,281.84,280.6662,281.16,67518366
2019-03-15,1552656600,280.54,282.21,280.33,281.31,81308979
2019-03-18,1552915800,281.55,282.66,281.3,282.33,62199806
2019-03-19,1553002200,283.51,284.36,281.41,282.4,90268121
2019-03-20,1553088600,282.16,283.5,280.32,281.55,84609210
2019-03-21,1553175000,280.64,285.18,280.59,284.73,79550375
2019-03-22,1553261400,283.22,283.8034,279.18,279.25,122659286
2019-03-25,1553520600,278.87,280.1853,277.64,279.04,85575197
2019-03-26,1553607000,280.99,282.18,279.56,281.12,68125920
2019-03-27,1553693400,281.11,281.76,277.93,279.65,72224722
2019-03-28,1553779800,280.35,281.21,279.07,280.71,56238545
2019-03-29,1553866200,282.39,282.84,281.14,282.48,82186806
2019-04-01,1554125400,284.7,286.16,284.4,285.83,77617945
2019-04-02,1554211800,286.04,286.23,285.09,285.97,40070351
2019-04-03,1554298200,287.32,287.76,285.75,286.42,68243202
2019-04-04,1554384600,286.78,287.459,286.01,287.18,48997505
2019-04-05,1554471000,287.92,288.63,287.6,288.57,58621729
2019-04-08,1554730200,288.1,288.91,287.37,288.79,53566335
2019-04-09,1554816600,287.72,288.08,286.7,287.31,66142316
2019-04-10,1554903000,287.77,288.3899,287.31,288.29,52601499
2019-04-11,1554989400,288.83,288.84,287.578,288.21,55093100
2019-04-12,1555075800,290,290.47,288.261,290.16,69727782
2019-04-15,1555335000,290.24,290.35,289.075,289.97,49596685
2019-04-16,1555421400,290.95,291.01,289.5,290.16,52153197
2019-04-17,1555507800,291.4,291.425,288.99,289.45,58268295
2019-04-18,1555594200,290.1,290.32,288.66,290.02,68708513
2019-04-22,1555939800,289.17,290.435,289.07,290.27,40160140
2019-04-23,1556026200,290.68,293.14,290.42,292.88,52246633
2019-04-24,1556112600,292.79,293.16,292.07,292.23,50392914
2019-04-25,1556199000,292.12,292.78,290.73,292.05,57770862
2019-04-26,1556285400,292.1,293.49,291.2401,293.41,50916423
2019-04-29,1556544600,293.51,294.45,293.41,293.87,57197747
2019-04-30,1556631000,293.49,294.34,291.92,294.02,81112081
2019-05-01,1556717400,294.72,294.95,291.8,291.81,71671870
2019-05-02,1556803800,291.68,292.7,289.52,291.18,65030170
2019-05-03,1556890200,292.82,294.34,291.2998,294.03,56543653
2019-05-06,1557149400,289.25,293.31,288.9,292.82,107198069
2019-05-07,1557235800,290.15,290.81,285.81,287.93,144729908
2019-05-08,1557322200,287.53,289.43,286.87,287.53,91568287
2019-05-09,1557408600,285.23,287.33,283.3,286.66,103471104
2019-05-10,1557495000,285.62,288.94,282.3,288.1,112429293
2019-05-13,1557754200,282.42,283.49,279.93,280.86,127290527
2019-05-14,1557840600,281.99,285.1,281.85,283.4,77003230
2019-05-15,1557927000,281.59,285.77,281.36,285.06,73956407
2019-05-16,1558013400,285.84,289.21,285.76,287.7,76749643
2019-05-17,1558099800,285.14,288.6,285.1207,285.84,100353024
2019-05-20,1558359000,284.06,285.43,283.12,283.95,62877610
2019-05-21,1558445400,285.83,286.93,285.55,286.51,46847085
2019-05-22,1558531800,285.45,286.69,285.1,285.63,49482472
2019-05-23,1558618200,283.16,283.21,280.57,282.14,98733847
2019-05-24,1558704600,283.74,284.2,282.09,282.78,55268095
2019-05-28,1559050200,283.09,284.15,280.13,280.15,70029356
2019-05-29,1559136600,278.91,279.36,276.71,278.27,104972927
2019-05-30,1559223000,279.11,280.04,277.805,279.03,62523780
2019-05-31,1559309400,276.2,277.12,275.24,275.27,86862782
2019-06-03,1559568600,275.31,276.5521,273.09,274.57,96427952
2019-06-04,1559655000,277.12,280.68,276.62,280.53,77231889
2019-06-05,1559741400,282.33,282.99,280.32,282.96,71169717
2019-06-06,1559827800,283.29,285.55,282.57,284.8,69430381
2019-06-07,1559914200,285.93,288.85,285.74,287.65,74272199
2019-06-10,1560173400,289.37,290.82,288.8734,288.97,60799053
2019-06-11,1560259800,290.99,291.4,288.1805,288.9,58641325
2019-06-12,1560346200,288.64,289.26,287.815,288.39,47096312
2019-06-13,1560432600,289.4,289.98,288.62,289.58,48945156
2019-06-14,1560519000,289.26,289.93,288.41,289.26,52324716
2019-06-17,1560778200,289.52,290.22,289.18,289.37,39205709
2019-06-18,1560864600,291.39,293.57,290.99,292.4,85434823
2019-06-19,1560951000,292.55,293.65,291.47,293.06,78674377
2019-06-20,1561037400,296.04,296.3093,293.1255,295.86,116570017
2019-06-21,1561123800,294.13,295.52,293.76,294,83309466
2019-06-24,1561383000,294.23,294.58,293.47,293.64,47582730
2019-06-25,1561469400,293.7,293.73,290.64,290.76,82028656
2019-06-26,1561555800,291.75,292.31,290.345,290.47,51584902
2019-06-27,1561642200,291.31,292.06,290.89,291.5,40355239
2019-06-28,1561728600,292.58,293.55,292.01,293,59350929
2019-07-01,1561987800,296.68,296.92,294.33,295.66,79107474
2019-07-02,1562074200,295.61,296.49,294.68,296.43,61504544
2019-07-03,1562160600,297.18,298.82,297.02,298.8,40898896
2019-07-05,1562333400,297.44,298.64,296.01,298.46,51677326
2019-07-08,1562592600,297.01,298.2579,296.22,296.82,45841772
2019-07-09,1562679000,295.54,297.52,295.48,297.19,41101279
2019-07-10,1562765400,298.37,299.66,297.78,298.61,58595558
2019-07-11,1562851800,299.32,299.58,298.2,299.31,50889481
2019-07-12,1562938200,299.85,300.73,299.51,300.65,40354410
2019-07-15,1563197400,301.13,301.13,300.19,300.75,33910261
2019-07-16,1563283800,300.65,300.88,299.44,299.71,40567964
2019-07-17,1563370200,299.75,299.93,297.74,297.74,44102443
2019-07-18,1563456600,297.19,299.25,296.7,298.83,51701687
2019-07-19,1563543000,300.04,300.07,296.96,297.17,71081238
2019-07-22,1563802200,297.61,298.5,297.04,297.9,43687404
2019-07-23,1563888600,299.14,300.03,298.22,300.03,44657973
2019-07-24,1563975000,299.19,301.44,299.09,301.44,47213232
2019-07-25,1564061400,300.94,301,299.11,300,55394092
2019-07-26,1564147800,300.76,302.23,300.62,302.01,45084077
2019-07-29,1564407000,301.88,301.93,300.85,301.46,38126462
2019-07-30,1564493400,299.91,301.17,299.49,300.72,45849045
2019-07-31,1564579800,300.99,301.2,295.2,297.43,104245162
2019-08-01,1564666200,297.6,300.87,293.96,294.84,142646576
2019-08-02,1564752600,293.85,294.12,290.9,292.62,116749695
2019-08-05,1565011800,288.09,288.21,281.72,283.82,178745449
2019-08-06,1565098200,285.91,288.04,284.28,287.8,120711682
2019-08-07,1565184600,284.4,288.82,282.04,287.97,140572265
2019-08-08,1565271000,289.62,293.62,289.01,293.62,87713904
2019-08-09,1565357400,292.58,293.24,289.65,291.62,93729958
2019-08-12,1565616600,289.96,291.6052,287.02,288.07,65527632
2019-08-13,1565703000,287.74,294.15,287.36,292.55,94792972
2019-08-14,1565789400,288.07,288.74,283.76,283.9,135622053
2019-08-15,1565875800,284.88,285.64,282.39,284.65,101929845
2019-08-16,1565962200,286.48,289.33,284.7138,288.85,85825286
2019-08-19,1566221400,292.19,293.08,291.44,292.33,53640153
2019-08-20,1566307800,291.77,292.36,289.95,290.09,51652752
2019-08-21,1566394200,292.48,292.86,291.72,292.45,49723430
2019-08-22,1566480600,293.23,293.93,290.4,292.36,51739292
2019-08-23,1566567000,290.92,292.76,283.47,284.85,149318151
2019-08-26,1566826200,287.27,288,285.58,288,72620598
2019-08-27,1566912600,289.54,289.95,286.03,286.87,68262998
2019-08-28,1566999000,286.14,289.07,285.25,288.89,59852324
2019-08-29,1567085400,291.72,293.16,290.61,292.58,57998913
2019-08-30,1567171800,294.22,294.2399,291.42,292.45,62961780
2019-09-03,1567517400,290.57,291.58,289.27,290.74,69252354
2019-09-04,1567603800,293.14,294.055,292.31,294.04,47003957
2019-09-05,1567690200,296.79,298.83,296.64,297.82,83356779
2019-09-06,1567776600,298.17,298.76,297.42,298.05,49584290
2019-09-09,1568035800,299.14,299.24,297.16,298.2,51260290
2019-09-10,1568122200,297.36,298.2,295.97,298.13,57947101
2019-09-11,1568208600,298.47,300.34,297.75,300.25,68821066
2019-09-12,1568295000,301.25,302.46,300.41,301.29,72908745
2019-09-13,1568381400,301.78,302.17,300.68,301.09,62104838
2019-09-16,1568640600,299.84,301.1378,299.45,300.16,58191175
2019-09-17,1568727000,299.94,301.02,299.75,300.92,42904427
2019-09-18,1568813400,300.49,301.22,298.24,301.1,74192091
2019-09-19,1568899800,301.53,302.63,300.7103,301.08,78099215
2019-09-20,1568986200,300.36,300.67,297.41,298.28,97455979
2019-09-23,1569245400,297.55,299,297.27,298.21,47541321
2019-09-24,1569331800,299.41,299.84,294.81,295.87,97367568
2019-09-25,1569418200,295.96,298.11,294.33,297.62,73434081
2019-09-26,1569504600,297.63,297.86,295.45,297,58722357
2019-09-27,1569591000,297.83,297.9465,293.69,295.4,84781110
2019-09-30,1569850200,295.97,297.55,295.92,296.77,52562761
2019-10-01,1569936600,297.74,298.455,293,293.24,89900420
2019-10-02,1570023000,291.5,291.51,286.64,288.06,124523974
2019-10-03,1570109400,287.81,290.45,284.82,290.42,85906799
2019-10-04,1570195800,291.14,294.63,290.82,294.35,66700681
2019-10-07,1570455000,293.47,295.26,292.77,293.08,60656561
2019-10-08,1570541400,291.04,291.85,288.49,288.53,101575470
2019-10-09,1570627800,290.75,292.3,288.6559,291.27,65707329
2019-10-10,1570714200,291.18,294.21,291,293.24,57255974
2019-10-11,1570800600,296.27,298.74,296.1448,296.28,101228577
2019-10-14,1571059800,295.93,296.67,295.57,295.95,40546668
2019-10-15,1571146200,297.1,299.7,296.97,298.88,47832356
2019-10-16,1571232600,298.37,299.16,297.92,298.4,50563596
2019-10-17,1571319000,299.68,300.24,298.515,299.28,46784885
2019-10-18,1571405400,298.69,299.395,296.99,297.97,64338028
2019-10-21,1571664600,299.42,300.21,298.935,299.99,39460901
2019-10-22,1571751000,300.58,300.9,298.91,299.01,49126038
2019-10-23,1571837400,298.73,299.94,298.495,299.88,34991829
2019-10-24,1571923800,300.91,301.07,299.4601,300.37,35857459
2019-10-25,1572010200,299.74,302.2,299.6806,301.6,45205412
2019-10-28,1572269400,302.94,303.85,302.91,303.3,42146965
2019-10-29,1572355800,303,304.23,302.86,303.21,44284921
2019-10-30,1572442200,303.43,304.55,301.99,304.14,49643928
2019-10-31,1572528600,304.13,304.13,301.73,303.33,69053791
2019-11-01,1572615000,304.92,306.19,304.74,306.14,71141515
2019-11-04,1572877800,307.85,308,306.96,307.37,60606916
2019-11-05,1572964200,307.59,307.9195,306.71,307.03,43033885
2019-11-06,1573050600,307.03,307.4,306.06,307.1,46487108
2019-11-07,1573137000,308.57,309.65,307.66,308.18,54272274
2019-11-08,1573223400,307.8,309.0036,307.03,308.94,49068797
2019-11-11,1573482600,307.42,308.54,307.27,308.35,35934909
2019-11-12,1573569000,308.75,309.99,308.15,309,46484624
2019-11-13,1573655400,307.91,309.54,307.66,309.1,54459018
2019-11-14,1573741800,308.79,309.64,308.09,309.55,52001874
2019-11-15,1573828200,311.02,311.84,310.26,311.79,62706192
2019-11-18,1574087400,311.53,312.28,311.03,312.02,49327980
2019-11-19,1574173800,312.68,312.69,311.22,311.93,67927818
2019-11-20,1574260200,311.28,311.85,309.06,310.77,79696276
2019-11-21,1574346600,310.89,311.01,309.39,310.27,54664690
2019-11-22,1574433000,311.09,311.24,309.85,310.96,44850228
2019-11-25,1574692200,311.98,313.37,311.98,313.37,48762676
2019-11-26,1574778600,313.41,314.28,313.06,314.08,37727953
2019-11-27,1574865000,314.61,315.48,314.37,315.48,44793179
2019-11-29,1575037800,314.86,315.13,314.06,314.31,36592740
2019-12-02,1575297000,314.59,314.66,311.17,311.64,76110027
2019-12-03,1575383400,308.65,309.64,307.13,309.55,75172709
2019-12-04,1575469800,310.7,312.12,310.32,311.46,49190402
2019-12-05,1575556200,312.23,312.25,310.58,312.02,40781669
2019-12-06,1575642600,314.12,315.31,314.11,314.87,48956767
2019-12-09,1575901800,314.44,315.18,313.8,313.88,34904315
2019-12-10,1575988200,313.82,314.55,312.81,313.53,53109165
2019-12-11,1576074600,314.03,314.7,313.4393,314.42,53521450
2019-12-12,1576161000,314.43,317.99,314.17,317.13,96585802
2019-12-13,1576247400,316.87,318.67,316.02,317.32,81546487
2019-12-16,1576506600,319.22,320.15,319.17,319.5,82836128
2019-12-17,1576593000,319.92,320.25,319.48,319.57,61131769
2019-12-18,1576679400,320,320.25,319.53,319.59,48199955
2019-12-19,1576765800,319.8,320.98,319.5246,320.9,85388424
2019-12-20,1576852200,320.46,321.9742,319.3873,320.73,149338215
2019-12-23,1577111400,321.59,321.65,321.06,321.22,53015641
2019-12-24,1577197800,321.47,321.52,320.9,321.23,20270007
2019-12-26,1577370600,321.65,322.95,321.64,322.94,31024188
2019-12-27,1577457000,323.74,323.8,322.28,322.86,42554820
2019-12-30,1577716200,322.95,323.1,320.55,321.08,49782730
2019-12-31,1577802600,320.53,322.13,320.15,321.86,57106998
2020-01-02,1577975400,323.54,324.89,322.53,324.87,59253833
2020-01-03,1578061800,321.16,323.64,321.1,322.41,77783566
2020-01-06,1578321000,320.49,323.73,320.36,323.64,55761948
2020-01-07,1578407400,323.02,323.54,322.24,322.73,42854811
2020-01-08,1578493800,322.94,325.78,322.67,324.45,68434153
2020-01-09,1578580200,326.16,326.73,325.52,326.65,48569601
2020-01-10,1578666600,327.2899,327.46,325.2,325.71,53057389
2020-01-13,1578925800,326.39,327.96,325.92,327.95,47262010
2020-01-14,1579012200,327.47,328.62,326.844,327.45,63036384
2020-01-15,1579098600,327.35,329.02,327.26,328.19,72056598
2020-01-16,1579185000,329.7,330.92,329.45,330.92,54050328
2020-01-17,1579271400,331.7,332.18,330.8539,331.95,95846017
2020-01-21,1579617000,330.9,332.18,330.82,331.3,77742415
2020-01-22,1579703400,332.24,332.95,331.17,331.34,48914899
2020-01-23,1579789800,330.63,332.1682,329.41,331.72,52004140
2020-01-24,1579876200,332.44,332.53,327.36,328.77,87578442
2020-01-27,1580135400,323.03,325.12,322.66,323.5,84062463
2020-01-28,1580221800,325.06,327.85,323.6038,326.89,63833953
2020-01-29,1580308200,328.38,328.63,326.4,326.62,54040889
2020-01-30,1580394600,324.36,327.91,323.54,327.68,75491844
2020-01-31,1580481000,327,327.17,320.73,321.73,113845576
2020-02-03,1580740200,323.35,326.16,323.22,324.12,69242293
2020-02-04,1580826600,328.07,330.01,327.72,329.06,62573190
2020-02-05,1580913000,332.27,333.09,330.67,332.86,65951146
2020-02-06,1580999400,333.91,334.19,332.8,333.98,50359688
2020-02-07,1581085800,332.82,333.9941,331.6,332.2,64139443
2020-02-10,1581345000,331.23,334.75,331.19,334.68,42070006
2020-02-11,1581431400,336.16,337.02,334.684,335.26,54864533
2020-02-12,1581517800,336.83,337.65,336.43,337.42,43992662
2020-02-13,1581604200,335.8621,338.12,335.56,337.06,54501922
2020-02-14,1581690600,337.51,337.73,336.2,337.6,64582210
2020-02-18,1582036200,336.51,337.6677,335.21,336.73,57342526
2020-02-19,1582122600,337.79,339.08,337.48,338.34,48814692
2020-02-20,1582209000,337.7423,338.64,333.6817,336.95,74163362
2020-02-21,1582295400,335.47,335.81,332.58,333.48,113788208
2020-02-24,1582554600,323.14,325.85,321.24,322.42,161088409
2020-02-25,1582641000,323.94,324.61,311.69,312.65,218913168
2020-02-26,1582727400,314.18,318.11,310.7,311.5,194773819
2020-02-27,1582813800,305.46,311.5637,297.51,297.51,284353460
2020-02-28,1582900200,288.7,297.892,285.54,296.26,385764020
2020-03-02,1583159400,298.21,309.16,294.46,309.09,238703625
2020-03-03,1583245800,309.5,313.84,297.57,300.24,300139150
2020-03-04,1583332200,306.12,313.1,303.33,312.86,176613448
2020-03-05,1583418600,304.98,308.47,300.01,302.46,186366809
2020-03-06,1583505000,293.15,298.78,290.23,297.46,228667168
2020-03-09,1583760600,275.3,284.19,273.45,274.23,309417350
2020-03-10,1583847000,284.64,288.52,273.5,288.42,276444060
2020-03-11,1583933400,280.7,281.94,270.88,274.36,256416563
2020-03-12,1584019800,256,266.66,247.68,248.11,392220670
2020-03-13,1584106200,263.09,271.4754,248.5237,269.32,329566100
2020-03-16,1584365400,241.18,256.9,237.36,239.85,297240030
2020-03-17,1584451800,245.04,256.17,237.07,252.8,262070471
2020-03-18,1584538200,236.25,248.37,228.02,240,327597130
2020-03-19,1584624600,239.25,247.38,232.22,240.51,289322040
2020-03-20,1584711000,242.53,244.47,228.5,228.8,347158790
2020-03-23,1584970200,228.19,229.6833,218.26,222.95,326025170
2020-03-24,1585056600,234.42,244.1,233.8,243.15,235494475
2020-03-25,1585143000,244.87,256.35,239.75,246.79,299430255
2020-03-26,1585229400,249.52,262.8,249.05,261.2,257632816
2020-03-27,1585315800,253.27,260.81,251.05,253.42,224341217
2020-03-30,1585575000,255.7,262.43,253.53,261.65,170961866
2020-03-31,1585661400,260.56,263.33,256.22,257.75,194881060
2020-04-01,1585747800,247.98,257.6591,243.9,246.15,189554623
2020-04-02,1585834200,245.19,252.68,244.59,251.83,177660430
2020-04-03,1585920600,250.76,253.32,245.22,248.19,135561171
2020-04-06,1586179800,257.84,267,248.1698,264.86,188061238
2020-04-07,1586266200,274.21,275.03,264.89,265.13,201427189
2020-04-08,1586352600,267.96,276,265.2542,274.03,153774487
2020-04-09,1586439000,277.58,281.2,275.47,278.2,190282705
2020-04-13,1586784600,277.14,277.51,271.41,275.66,115139268
2020-04-14,1586871000,280.98,284.9,275.5106,283.79,134143350
2020-04-15,1586957400,277.57,279.26,275.46,277.76,121775006
2020-04-16,1587043800,279.15,280.03,275.76,279.1,131798325
2020-04-17,1587130200,285.38,287.3,282.4,286.64,146684784
2020-04-20,1587389400,282.61,286.7912,281.35,281.59,100224647
2020-04-21,1587475800,276.73,278.04,272.02,273.04,126385698
2020-04-22,1587562200,278.35,281,276.91,279.1,93524584
2020-04-23,1587648600,280.49,283.94,278.75,279.08,104709693
2020-04-24,1587735000,280.73,283.7,278.5,282.97,85165953
2020-04-27,1587994200,285.12,288.27,284.62,287.05,77896608
2020-04-28,1588080600,291.02,291.4,285.4,285.73,105283871
2020-04-29,1588167000,291.53,294.88,290.41,293.21,118745579
2020-04-30,1588253400,291.71,293.3239,288.59,290.48,122901701
2020-05-01,1588339800,285.31,290.6572,281.52,282.79,125180028
2020-05-04,1588599000,280.74,283.9,279.13,283.57,80873213
2020-05-05,1588685400,286.64,289.25,283.7134,286.19,79569938
2020-05-06,1588771800,288.04,288.46,283.78,284.25,73632628
2020-05-07,1588858200,287.75,289.78,287.13,287.68,75250412
2020-05-08,1588944600,291.09,292.95,289.86,292.44,76622128
2020-05-11,1589203800,290.34,294,289.88,292.5,79514231
2020-05-12,1589290200,293.79,294.24,286.52,286.67,95870786
2020-05-13,1589376600,286.06,287.19,278.965,281.6,144721099
2020-05-14,1589463000,278.95,285.11,276.37,284.97,121977890
2020-05-15,1589549400,282.37,286.33,281.34,286.28,111146276
2020-05-18,1589808600,293.05,296.75,292.7,295,120320229
2020-05-19,1589895000,294.35,296.205,291.95,291.97,95189316
2020-05-20,1589981400,295.82,297.87,295.57,296.93,85861691
2020-05-21,1590067800,296.79,297.67,293.6886,294.88,78293925
2020-05-22,1590154200,294.57,295.63,293.22,295.44,63958200
2020-05-26,1590499800,301.93,302.19,298.69,299.08,88951442
2020-05-27,1590586200,302.12,303.57,296.87,303.53,104817449
2020-05-28,1590672600,304.65,306.84,302.24,302.97,90767807
2020-05-29,1590759000,302.46,304.96,299.47,304.32,119265702
2020-06-01,1591018200,303.62,306.205,303.06,305.55,56779836
2020-06-02,1591104600,306.55,308.13,305.1,308.08,74267162
2020-06-03,1591191000,310.24,313.22,309.94,312.18,92567574
2020-06-04,1591277400,311.11,313,309.08,311.36,75794363
2020-06-05,1591363800,317.23,321.275,317.16,319.34,150524674
2020-06-08,1591623000,320.22,323.41,319.63,323.2,73641217
2020-06-09,1591709400,320.3,323.2849,319.36,320.79,77479228
2020-06-10,1591795800,321.42,322.39,318.2209,319,95000766
2020-06-11,1591882200,311.46,312.15,300.01,300.61,209243560
2020-06-12,1591968600,308.24,309.08,298.6,304.21,194678879
2020-06-15,1592227800,298.02,308.28,296.74,307.05,135782724
2020-06-16,1592314200,315.48,315.64,307.67,312.96,137627502
2020-06-17,1592400600,314.07,314.39,310.86,311.66,83398944
2020-06-18,1592487000,310.005,312.3,309.51,311.78,80828658
2020-06-19,1592573400,314.17,314.38,306.53,308.64,135549624
2020-06-22,1592832600,307.99,311.05,306.75,310.62,74649389
2020-06-23,1592919000,313.49,314.5,311.6101,312.05,68471246
2020-06-24,1593005400,309.84,310.51,302.1,304.09,132813492
2020-06-25,1593091800,303.47,307.64,301.28,307.35,89467968
2020-06-26,1593178200,306.16,306.39,299.42,300.05,127961017
2020-06-29,1593437400,301.41,304.61,298.93,304.46,79773260
2020-06-30,1593523800,303.99,310.2,303.82,308.36,113394772
2020-07-01,1593610200,309.57,311.89,309.07,310.52,72396542
2020-07-02,1593696600,314.24,315.7,311.51,312.23,69344217
2020-07-06,1594042200,316.37,317.68,315.56,317.05,61713828
2020-07-07,1594128600,315.38,317.52,313.37,313.78,82909963
2020-07-08,1594215000,314.61,316.3,312.7,316.18,54638596
2020-07-09,1594301400,316.84,317.1,310.68,314.38,83354158
2020-07-10,1594387800,314.31,317.88,312.76,317.59,57550365
2020-07-13,1594647000,320.13,322.71,314.13,314.84,102997484
2020-07-14,1594733400,313.3,319.76,312,318.92,93656951
2020-07-15,1594819800,322.41,323.04,319.265,321.85,87196524
2020-07-16,1594906200,319.79,321.28,319.09,320.79,54622520
2020-07-17,1594992600,321.88,322.57,319.735,321.72,62774911
2020-07-20,1595251800,321.43,325.13,320.62,324.32,56308749
2020-07-21,1595338200,326.45,326.93,323.94,325.01,57498967
2020-07-22,1595424600,324.62,327.2,324.5,326.86,57792915
2020-07-23,1595511000,326.47,327.23,321.48,322.96,75737989
2020-07-24,1595597400,320.95,321.99,319.246,320.88,73766597
2020-07-27,1595856600,321.63,323.41,320.775,323.22,48292970
2020-07-28,1595943000,322.43,323.64,320.85,321.17,57494979
2020-07-29,1596029400,322.12,325.73,322.075,325.12,48454159
2020-07-30,1596115800,321.9,324.41,319.64,323.96,61861714
2020-07-31,1596202200,325.9,326.63,321.33,326.52,85210755
2020-08-03,1596461400,328.32,329.62,327.73,328.79,53077948
2020-08-04,1596547800,327.86,330.06,327.86,330.06,41917893
2020-08-05,1596634200,331.47,332.39,331.18,332.11,42866354
2020-08-06,1596720600,331.4799,334.46,331.13,334.33,43679447
2020-08-07,1596807000,333.28,334.88,332.3,334.57,57308270
2020-08-10,1597066200,335.06,335.77,332.955,335.57,44282089
2020-08-11,1597152600,336.85,337.54,332.01,332.8,69600882
2020-08-12,1597239000,335.44,338.28,332.8377,337.44,53826128
2020-08-13,1597325400,336.61,338.2514,335.83,336.83,41816146
2020-08-14,1597411800,336.41,337.42,335.62,336.84,47260390
2020-08-17,1597671000,337.94,338.34,336.8517,337.91,35480974
2020-08-18,1597757400,338.34,339.1,336.61,338.64,38733908
2020-08-19,1597843800,339.05,339.61,336.62,337.23,68054244
2020-08-20,1597930200,335.36,338.8,335.22,338.28,42207826
2020-08-21,1598016600,337.92,339.72,337.55,339.48,55106628
2020-08-24,1598275800,342.12,343,339.4504,342.92,48588662
2020-08-25,1598362200,343.53,344.21,342.27,344.12,38463381
2020-08-26,1598448600,344.76,347.86,344.17,347.57,50790237
2020-08-27,1598535000,348.51,349.9,346.53,348.33,58034142
2020-08-28,1598621400,349.44,350.72,348.15,350.58,48588940
2020-08-31,1598880600,350.35,351.3,349.06,349.31,66099183
2020-09-01,1598967000,350.21,352.71,349.24,352.6,54999325
2020-09-02,1599053400,354.67,358.75,353.43,357.7,69540035
2020-09-03,1599139800,355.87,356.38,342.59,345.39,148011129
2020-09-04,1599226200,346.13,347.83,334.87,342.57,139156281
2020-09-08,1599571800,336.71,342.64,332.88,333.21,114465322
2020-09-09,1599658200,337.55,342.46,336.61,339.79,91462290
2020-09-10,1599744600,341.82,342.53,332.85,333.89,90569548
2020-09-11,1599831000,335.82,336.97,331,334.06,84680194
2020-09-14,1600090200,337.49,340.38,334.2208,338.46,65605686
2020-09-15,1600176600,341.12,342.02,338.4683,340.17,52920862
2020-09-16,1600263000,341.51,343.06,338.52,338.82,82211256
2020-09-17,1600349400,333.56,337.6996,332.991,335.84,91523339
2020-09-18,1600435800,335.37,335.49,327.97,330.65,105877942
2020-09-21,1600695000,325.7,327.13,321.73,326.97,99450829
2020-09-22,1600781400,328.57,330.9,325.86,330.3,63612107
2020-09-23,1600867800,330.9,331.2,322.1,322.64,93112240
2020-09-24,1600954200,321.22,326.797,319.8,323.5,76681332
2020-09-25,1601040600,322.58,329.58,321.64,328.73,71069426
2020-09-28,1601299800,333.22,334.96,332.15,334.19,64584614
2020-09-29,1601386200,333.97,334.77,331.6209,332.37,51531594
2020-09-30,1601472600,333.09,338.29,332.88,334.89,104081136
2020-10-01,1601559000,337.69,338.74,335.01,337.04,88698745
2020-10-02,1601645400,331.7,337.0126,331.19,333.84,89431112
2020-10-05,1601904600,336.06,339.96,336.01,339.76,45713108
2020-10-06,1601991000,339.91,342.17,334.38,334.93,90128883
2020-10-07,1602077400,338.12,341.63,338.09,340.76,56999597
2020-10-08,1602163800,342.85,343.85,341.86,343.78,45242476
2020-10-09,1602250200,345.56,347.35,344.89,346.85,59528606
2020-10-12,1602509400,349.59,354.02,349.06,352.43,80388533
2020-10-13,1602595800,352.28,352.4651,349.09,350.13,73255513
2020-10-14,1602682200,350.75,351.93,347.14,347.93,57958749
2020-10-15,1602768600,343.71,348.02,343.13,347.5,60357659
2020-10-16,1602855000,348.96,350.75,347.1,347.29,89501868
2020-10-19,1603114200,348.65,349.33,341.04,342.01,68425614
2020-10-20,1603200600,343.46,346.88,342.64,343.38,60051880
2020-10-21,1603287000,343.33,348.6847,342.4,342.73,63574979
2020-10-22,1603373400,342.96,345.24,340.65,344.61,55399292
2020-10-23,1603459800,345.93,345.99,343.13,345.78,49143511
2020-10-26,1603719000,342.13,342.98,335.62,339.39,91473002
2020-10-27,1603805400,339.76,340.12,337.99,338.22,65994108
2020-10-28,1603891800,332.1,332.84,326.13,326.66,127094307
2020-10-29,1603978200,326.91,333.395,325.09,329.98,90596689
2020-10-30,1604064600,328.28,329.69,322.6,326.54,120448685
2020-11-02,1604327400,330.2,332.36,327.24,330.2,86068299
2020-11-03,1604413800,333.69,338.25,330.2935,336.03,93294192
2020-11-04,1604500200,340.86,347.94,339.59,343.54,126959700
2020-11-05,1604586600,349.24,352.19,348.86,350.24,82039749
2020-11-06,1604673000,349.93,351.51,347.65,350.16,74972973
2020-11-09,1604932200,363.97,364.38,354.06,354.56,172304203
2020-11-10,1605018600,353.49,355.18,350.51,354.04,85552022
2020-11-11,1605105000,356.4,357.56,355.06,356.67,58649048
2020-11-12,1605191400,355.58,356.7182,351.26,353.21,68118563
2020-11-13,1605277800,355.27,358.9,354.71,358.1,62959429
2020-11-16,1605537000,360.98,362.78,359.59,362.57,74541138
2020-11-17,1605623400,359.97,361.92,358.34,360.62,66111009
2020-11-18,1605709800,360.91,361.5,356.24,356.28,70591299
2020-11-19,1605796200,355.6,358.18,354.15,357.78,59940947
2020-11-20,1605882600,357.5,357.72,355.25,355.33,70411890
2020-11-23,1606141800,357.28,358.82,354.865,357.46,63230608
2020-11-24,1606228200,360.21,363.81,359.29,363.22,62415877
2020-11-25,1606314600,363.13,363.16,361.48,362.66,45330890
2020-11-27,1606487400,363.84,364.18,362.58,363.67,28514072
2020-11-30,1606746600,362.83,363.12,359.17,362.06,83872709
2020-12-01,1606833000,365.57,367.68,364.93,366.02,74504969
2020-12-02,1606919400,364.82,366.96,364.2,366.79,45927000
2020-12-03,1607005800,366.68,368.19,365.5,366.69,62881998
2020-12-04,1607092200,367.32,369.85,367.22,369.85,50749859
2020-12-07,1607351400,369.02,369.62,367.72,369.09,48944269
2020-12-08,1607437800,367.72,370.78,367.67,370.17,42458859
2020-12-09,1607524200,370.88,371.05,365.95,366.85,74098312
2020-12-10,1607610600,365.37,367.86,364.43,366.73,57735353
2020-12-11,1607697000,364.9,366.7402,363.26,366.3,57698614
2020-12-14,1607956200,368.64,369.8,364.47,364.66,69216174
2020-12-15,1608042600,367.4,369.59,365.92,369.59,64071099
2020-12-16,1608129000,369.82,371.16,368.8676,370.17,58420517
2020-12-17,1608215400,371.94,372.46,371.05,372.24,64119472
2020-12-18,1608301800,370.97,371.15,367.02,369.18,136542328
2020-12-21,1608561000,364.97,378.46,362.03,367.86,96386745
2020-12-22,1608647400,368.21,368.3317,366.03,367.24,48388462
2020-12-23,1608733800,368.28,369.62,367.2172,367.57,46201402
2020-12-24,1608820200,368.08,369.03,367.45,369,26457853
2020-12-28,1609165800,371.74,372.59,371.07,372.17,39000402
2020-12-29,1609252200,373.81,374,370.83,371.46,53680451
2020-12-30,1609338600,372.34,373.1,371.57,371.99,49455259
2020-12-31,1609425000,371.78,374.66,371.232,373.88,78520702
2021-01-04,1609770600,375.31,375.45,364.82,368.79,110210810
2021-01-05,1609857000,368.1,372.5,368.05,371.33,66426229
2021-01-06,1609943400,369.71,376.98,369.12,373.55,107997675
2021-01-07,1610029800,376.1,379.9,375.91,379.1,68766812
2021-01-08,1610116200,380.59,381.49,377.1,381.26,71677208
2021-01-11,1610375400,377.85,380.58,377.7189,378.69,51176719
2021-01-12,1610461800,378.89,379.86,376.36,378.77,52547716
2021-01-13,1610548200,378.69,380.86,377.85,379.79,45303619
2021-01-14,1610634600,380.59,381.13,378.1,378.46,49989113
2021-01-15,1610721000,376.72,377.58,373.7,375.7,107159962
2021-01-19,1611066600,378.34,379.23,376.75,378.65,51229172
2021-01-20,1611153000,381.11,384.79,380.69,383.89,61836062
2021-01-21,1611239400,384.49,384.95,383.25,384.24,47955809
2021-01-22,1611325800,382.25,384.1256,381.835,382.88,52136931
2021-01-25,1611585000,383.67,384.77,378.46,384.39,70401971
2021-01-26,1611671400,385.41,385.85,383.54,383.79,42665281
2021-01-27,1611757800,380.22,380.32,372.01,374.41,123351078
2021-01-28,1611844200,376.36,381.93,375.89,377.63,94198104
2021-01-29,1611930600,375.63,376.67,368.27,370.07,126765121
2021-02-01,1612189800,373.72,377.34,370.376,376.23,75817597
2021-02-02,1612276200,379.65,383.22,376.3181,381.55,64450662
2021-02-03,1612362600,382.435,383.7,380.48,381.85,52427090
2021-02-04,1612449000,382.96,386.24,381.9655,386.19,47142555
2021-02-05,1612535400,388.2,388.47,386.1444,387.71,48669773
2021-02-08,1612794600,389.27,390.56,388.35,390.51,38365185
2021-02-09,1612881000,389.61,390.89,389.17,390.25,35551059
2021-02-10,1612967400,392.12,392.28,387.5,390.08,59154370
2021-02-11,1613053800,391.24,391.69,388.1,390.71,42913288
2021-02-12,1613140200,389.85,392.9,389.77,392.64,50593270
2021-02-16,1613485800,393.96,394.17,391.53,392.3,50972366
2021-02-17,1613572200,390.42,392.66,389.33,392.39,52806681
2021-02-18,1613658600,389.59,391.515,387.74,390.72,59712773
2021-02-19,1613745000,392.07,392.38,389.55,390.03,83240971
2021-02-22,1614004200,387.06,389.62,386.74,387.03,67413570
2021-02-23,1614090600,384.66,388.945,380.2,387.5,107284127
2021-02-24,1614177000,386.33,392.23,385.27,391.77,72433946
2021-02-25,1614263400,390.41,391.88,380.7789,382.33,146670499
2021-02-26,1614349800,384.35,385.58,378.23,380.36,152701639
2021-03-01,1614609000,385.59,390.92,380.572,389.58,105348798
2021-03-02,1614695400,389.82,390.07,386,386.54,79595332
2021-03-03,1614781800,385.79,386.83,381.31,381.42,119940211
2021-03-04,1614868200,381.22,384,371.88,376.7,183433020
2021-03-05,1614954600,380.46,384.76,372.64,383.63,152039624
2021-03-08,1615213800,384.66,387.68,381.42,381.72,123149245
2021-03-09,1615300200,385.85,389.91,381.7299,387.17,113633556
2021-03-10,1615386600,389.69,391.4,388.1702,389.58,109899410
2021-03-11,1615473000,392.23,395.65,391.74,393.53,86245040
2021-03-12,1615559400,392.07,394.21,391.2,394.06,64653565
2021-03-15,1615815000,394.33,396.685,392.03,396.41,73592302
2021-03-16,1615901400,397.07,397.83,395.08,395.91,73722506
2021-03-17,1615987800,394.53,398.12,393.3,397.26,97959265
2021-03-18,1616074200,394.475,396.72,390.75,391.48,115349101
2021-03-19,1616160600,389.88,391.569,387.15,389.48,113624490
2021-03-22,1616419800,390.03,394.07,389.97,392.59,73778646
2021-03-23,1616506200,391.91,393.46,388.66,389.5,90686552
2021-03-24,1616592600,391,392.75,387.47,387.52,97588644
2021-03-25,1616679000,385.98,390.55,383.9,389.7,116128622
2021-03-26,1616765400,390.93,396.41,390.29,395.98,114409114
2021-03-29,1617024600,394.4,396.75,392.81,395.78,108107626
2021-03-30,1617111000,394.42,395.45,393.02,394.73,76262249
2021-03-31,1617197400,395.34,398,395.31,396.33,112734214
2021-04-01,1617283800,398.4,400.67,398.18,400.61,99682876
2021-04-05,1617629400,403.46,406.94,403.38,406.36,91684764
2021-04-06,1617715800,405.76,407.24,405.4,406.12,62020953
2021-04-07,1617802200,405.94,406.96,405.45,406.59,55836280
2021-04-08,1617888600,407.93,408.58,406.93,408.52,57863114
2021-04-09,1617975000,408.39,411.67,408.26,411.49,61104559
2021-04-12,1618234200,410.85,411.93,410.2,411.64,56704899
2021-04-13,1618320600,411.53,413.529,411.12,412.86,56550988
2021-04-14,1618407000,412.83,413.96,410.87,411.45,61658197
2021-04-15,1618493400,413.74,416.16,413.69,415.87,60229842
2021-04-16,1618579800,417.25,417.91,415.73,417.26,82037278
2021-04-19,1618839000,416.26,416.74,413.79,415.21,78498496
2021-04-20,1618925400,413.91,415.0859,410.59,412.17,81851828
2021-04-21,1619011800,411.51,416.29,411.36,416.07,66792024
2021-04-22,1619098200,415.89,416.78,411.13,412.27,97582788
2021-04-23,1619184600,412.87,418.25,412.79,416.74,73276195
2021-04-26,1619443800,417.44,418.22,416.8111,417.61,52182392
2021-04-27,1619530200,417.93,418.14,416.3,417.52,51302156
2021-04-28,1619616600,417.81,419.01,416.9,417.4,51238854
2021-04-29,1619703000,420.32,420.72,416.44,420.06,78544329
2021-04-30,1619789400,417.63,418.54,416.34,417.3,85527030
2021-05-03,1620048600,419.43,419.84,417.665,418.2,68128289
2021-05-04,1620135000,416.07,416.6,411.67,415.62,101591166
2021-05-05,1620221400,417.38,417.63,415.15,415.75,39960661
2021-05-06,1620307800,415.83,419.21,413.675,419.07,74321368
2021-05-07,1620394200,419.89,422.815,419.16,422.12,67733790
2021-05-10,1620653400,422.5,422.74,417.81,417.94,81852446
2021-05-11,1620739800,413.1,415.27,410.06,414.21,116887975
2021-05-12,1620826200,411.23,412.59,404,405.41,134811046
2021-05-13,1620912600,407.07,412.35,407.02,410.28,106393963
2021-05-14,1620999000,413.21,417.49,413.18,416.58,82201629
2021-05-17,1621258200,415.39,416.39,413.36,415.52,65129221
2021-05-18,1621344600,415.8,416.06,411.77,411.94,59810238
2021-05-19,1621431000,406.92,411.05,405.33,410.86,106467052
2021-05-20,1621517400,411.8,416.625,411.67,415.28,78022218
2021-05-21,1621603800,416.87,418.2,414.45,414.94,76578662
2021-05-24,1621863000,417.34,420.32,417.08,419.17,51376702
2021-05-25,1621949400,420.33,420.71,417.62,418.24,57451396
2021-05-26,1622035800,418.87,419.61,417.76,419.07,43088618
2021-05-27,1622122200,420.17,420.72,418.9851,419.29,56707677
2021-05-28,1622208600,420.97,421.25,419.79,420.04,58520164
2021-06-01,1622554200,422.57,422.72,419.2,419.67,54216625
2021-06-02,1622640600,420.37,421.23,419.29,420.33,49097061
2021-06-03,1622727000,417.85,419.99,416.28,418.77,58138763
2021-06-04,1622813400,420.75,422.92,418.8422,422.6,55938789
2021-06-07,1623072600,422.59,422.78,421.19,422.19,51555032
2021-06-08,1623159000,423.11,423.21,420.32,422.28,47134279
2021-06-09,1623245400,423.18,423.26,421.41,421.65,48436342
2021-06-10,1623331800,422.96,424.63,421.55,423.61,51020147
2021-06-11,1623418200,424.2,424.43,422.82,424.31,45570828
2021-06-14,1623677400,424.43,425.37,423.1,425.26,42358478
2021-06-15,1623763800,425.42,425.46,423.54,424.48,51508508
2021-06-16,1623850200,424.63,424.87,419.92,422.11,80386082
2021-06-17,1623936600,421.67,423.02,419.32,421.97,90949659
2021-06-18,1624023000,417.09,417.8281,414.7,414.92,118676302
2021-06-21,1624282200,416.8,421.06,415.93,420.86,72822028
2021-06-22,1624368600,420.85,424,420.08,423.11,57700303
2021-06-23,1624455000,423.19,424.05,422.51,422.6,49445414
2021-06-24,1624541400,424.89,425.55,424.62,425.1,45110288
2021-06-25,1624627800,425.9,427.0943,425.55,426.61,58129525
2021-06-28,1624887000,427.17,427.65,425.89,427.47,53159581
2021-06-29,1624973400,427.88,428.56,427.13,427.7,35970515
2021-06-30,1625059800,427.21,428.78,427.18,428.06,64827858
2021-07-01,1625146200,428.87,430.6,428.8,430.43,53441027
2021-07-02,1625232600,431.67,434.1,430.5218,433.72,57697668
2021-07-06,1625578200,433.78,434.01,430.01,432.93,68710419
2021-07-07,1625664600,433.66,434.76,431.51,434.46,63549456
2021-07-08,1625751000,428.78,431.73,427.52,430.92,97595232
2021-07-09,1625837400,432.53,435.84,430.714,435.52,76238584
2021-07-12,1626096600,435.43,437.35,434.97,437.08,52889585
2021-07-13,1626183000,436.24,437.84,435.31,435.59,52911312
2021-07-14,1626269400,437.4,437.92,434.91,436.24,64130352
2021-07-15,1626355800,434.81,435.53,432.72,434.75,55126358
2021-07-16,1626442200,436.01,436.06,430.92,431.34,75874662
2021-07-19,1626701400,426.19,431.4089,421.97,424.97,147987000
2021-07-20,1626787800,425.68,432.42,424.83,431.06,99608174
2021-07-21,1626874200,432.34,434.7,431.0111,434.55,64724389
2021-07-22,1626960600,434.74,435.72,433.69,435.46,47878539
2021-07-23,1627047000,437.52,440.3,436.79,439.94,63766637
2021-07-26,1627306200,439.31,441.03,439.26,441.02,43719187
2021-07-27,1627392600,439.91,439.94,435.99,439.01,67397137
2021-07-28,1627479000,439.68,440.3,437.31,438.83,52472360
2021-07-29,1627565400,439.815,441.8,439.81,440.65,47435342
2021-07-30,1627651800,437.91,440.06,437.77,438.51,68951202
2021-08-02,1627911000,440.34,440.93,437.21,437.59,58783297
2021-08-03,1627997400,438.44,441.28,436.1,441.15,58053896
2021-08-04,1628083800,439.78,441.1243,438.73,438.98,46732212
2021-08-05,1628170200,440.22,441.85,439.88,441.76,38969659
2021-08-06,1628256600,442.1,442.94,441.8,442.49,46930008
2021-08-09,1628515800,442.46,442.795,441.31,442.13,41222585
2021-08-10,1628602200,442.61,443.44,441.88,442.68,43339275
2021-08-11,1628688600,443.82,443.882,442.62,443.78,44034340
2021-08-12,1628775000,443.62,445.2572,442.66,445.11,38942418
2021-08-13,1628861400,445.59,445.94,445.07,445.92,39470251
2021-08-16,1629120600,444.53,447.11,442.87,446.97,73930864
2021-08-17,1629207000,444.24,444.96,440.85,444.04,92673933
2021-08-18,1629293400,442.96,444.625,438.92,439.18,89351931
2021-08-19,1629379800,436.27,441.14,436.12,439.86,92812246
2021-08-20,1629466200,440.23,443.71,439.71,443.36,72008712
2021-08-23,1629725400,445.16,448.23,443.4355,447.26,54973038
2021-08-24,1629811800,447.97,448.54,447.42,447.97,38744714
2021-08-25,1629898200,448.17,449.457,447.77,448.91,40529711
2021-08-26,1629984600,448.61,448.86,446.16,446.26,57829572
2021-08-27,1630071000,447.12,450.65,447.06,450.25,77235113
2021-08-30,1630330200,450.97,453.07,450.71,452.23,48357355
2021-08-31,1630416600,452.13,452.49,450.92,451.56,59300213
2021-09-01,1630503000,452.56,453.11,451.545,451.8,48721378
2021-09-02,1630589400,453.32,454.05,451.91,453.19,42830867
2021-09-03,1630675800,451.98,453.63,451.55,453.08,47234364
2021-09-07,1631021400,452.71,452.81,450.7423,451.46,51671534
2021-09-08,1631107800,450.89,451.67,448.86,450.91,56181907
2021-09-09,1631194200,450.7,452.57,448.72,448.98,57970407
2021-09-10,1631280600,451.04,451.49,445.31,445.44,89948174
2021-09-13,1631539800,448.64,448.92,444.11,446.58,83738649
2021-09-14,1631626200,448.12,448.34,443.22,444.17,78197140
2021-09-15,1631712600,444.62,448.41,443.44,447.88,78792222
2021-09-16,1631799000,447.32,448.36,444.02,447.17,77786735
2021-09-17,1631885400,444.92,445.37,441.02,441.4,118425037
2021-09-20,1632144600,434.88,436.56,428.86,434.04,166445534
2021-09-21,1632231000,436.53,437.91,433.07,433.63,92526112
2021-09-22,1632317400,436.05,440.03,433.747,437.86,102350143
2021-09-23,1632403800,439.85,444.89,439.6,443.18,76395981
2021-09-24,1632490200,441.44,444.67,441.21,443.91,62094837
2021-09-27,1632749400,442.81,444.05,441.9,442.64,61371108
2021-09-28,1632835800,439.69,440.04,432.94,433.72,130436306
2021-09-29,1632922200,435.19,437.04,433.85,434.45,82329213
2021-09-30,1633008600,436.02,436.77,428.78,429.14,140505979
2021-10-01,1633095000,430.98,436.0329,427.23,434.24,129240106
2021-10-04,1633354200,433,433.96,426.36,428.64,128569957
2021-10-05,1633440600,430.24,435.49,429.39,433.1,90682520
2021-10-06,1633527000,429.27,435.1199,427.54,434.9,113032245
2021-10-07,1633613400,438.39,441.68,438.2,438.66,72437499
2021-10-08,1633699800,439.48,439.89,437.19,437.86,74557404
2021-10-11,1633959000,437.16,440.26,434.62,434.69,65233285
2021-10-12,1634045400,435.67,436.1,432.78,433.62,71181163
2021-10-13,1634131800,434.71,436.05,431.54,435.18,72973979
2021-10-14,1634218200,439.08,442.66,438.58,442.5,70236825
2021-10-15,1634304600,444.75,446.26,444.09,445.87,66260210
2021-10-18,1634563800,443.97,447.55,443.27,447.19,62213228
2021-10-19,1634650200,448.92,450.71,448.27,450.64,46996827
2021-10-20,1634736600,451.13,452.732,451.01,452.41,49571569
2021-10-21,1634823000,451.77,453.829,451.31,453.59,41305438
2021-10-22,1634909400,453.13,454.67,451.05,453.12,58845088
2021-10-25,1635168600,454.28,455.9,452.39,455.55,45214507
2021-10-26,1635255000,457.2,458.49,455.56,455.96,56075116
2021-10-27,1635341400,456.45,457.16,453.86,453.94,72437997
2021-10-28,1635427800,455.46,458.4,455.45,458.32,51437944
2021-10-29,1635514200,455.87,459.56,455.56,459.25,70162424
2021-11-01,1635773400,460.3,460.7021,458.2,460.04,48433642
2021-11-02,1635859800,460.22,462.23,460.08,461.9,48908417
2021-11-03,1635946200,461.3,465.15,460.83,464.72,52509825
2021-11-04,1636032600,465.36,467,464.99,466.91,52847087
2021-11-05,1636119000,469.28,470.65,466.92,468.53,66390563
2021-11-08,1636381800,469.7,470.23,468.2031,468.93,50405194
2021-11-09,1636468200,469.32,469.57,465.88,467.38,51149147
2021-11-10,1636554600,465.58,467.38,462.04,463.62,69429653
2021-11-11,1636641000,465.21,465.29,463.75,463.77,34848495
2021-11-12,1636727400,465.12,467.86,464.11,467.27,53466654
2021-11-15,1636986600,468.64,468.81,466.23,467.43,46980500
2021-11-16,1637073000,467.15,470.485,467.07,469.28,48857502
2021-11-17,1637159400,469,469.19,467.48,468.14,47858289
2021-11-18,1637245800,469.24,470.01,466.34,469.73,50625607
2021-11-19,1637332200,469.61,470.94,468.5,468.89,57315573
2021-11-22,1637591400,470.89,473.54,467.35,467.57,72761954
2021-11-23,1637677800,467.22,469.095,464.45,468.19,73206538
2021-11-24,1637764200,466.06,469.57,465.19,469.44,61858813
2021-11-26,1637937000,462.34,463.9,457.77,458.97,112669636
2021-11-29,1638196200,464.07,466.56,461.73,464.6,86268818
2021-11-30,1638282600,462,464.03,455.3,455.56,148559598
2021-12-01,1638369000,461.64,464.67,450.29,450.5,132485835
2021-12-02,1638455400,450.73,459.07,450.31,457.4,127637758
2021-12-03,1638541800,459.17,460.3,448.92,453.42,137331647
2021-12-06,1638801000,456.13,460.79,453.56,458.79,98977532
2021-12-07,1638887400,464.41,468.88,458.6546,468.28,95484688
2021-12-08,1638973800,468.7,470,466.83,469.52,72238777
2021-12-09,1639060200,468.15,469.6291,466.14,466.35,61272568
2021-12-10,1639146600,469.23,470.9,466.51,470.74,77159757
2021-12-13,1639405800,470.19,470.56,466.27,466.57,87724680
2021-12-14,1639492200,463.09,465.74,460.25,463.36,97264128
2021-12-15,1639578600,463.42,470.86,460.74,470.6,116899251
2021-12-16,1639665000,472.57,472.87,464.8,466.45,116568626
2021-12-17,1639751400,461.55,464.74,458.06,459.87,135636510
2021-12-20,1640010600,454.48,455.4,451.14,454.98,107134822
2021-12-21,1640097000,458.61,463.21,456.31,463.06,69806260
2021-12-22,1640183400,462.79,467.81,462.58,467.69,58890223
2021-12-23,1640269800,468.75,472.19,468.64,470.6,56439745
2021-12-27,1640615400,472.06,477.31,472.01,477.26,56808619
2021-12-28,1640701800,477.72,478.81,476.06,476.87,47274585
2021-12-29,1640788200,476.98,478.56,475.92,477.48,54502964
2021-12-30,1640874600,477.93,479,475.67,476.16,55329041
2021-12-31,1640961000,475.64,476.86,474.67,474.96,65237431
2022-01-03,1641220200,476.3,477.85,473.85,477.71,72668233
2022-01-04,1641306600,479.22,479.98,475.58,477.55,71178678
2022-01-05,1641393000,477.16,477.98,468.2801,468.38,104538940
2022-01-06,1641479400,467.89,470.82,465.43,467.94,86858900
2022-01-07,1641565800,467.95,469.2,464.65,466.09,85111593
2022-01-10,1641825000,462.7,465.74,456.5973,465.51,119361989
2022-01-11,1641911400,465.23,469.85,462.05,469.75,74303062
2022-01-12,1641997800,471.59,473.2,468.94,471.02,67605444
2022-01-13,1642084200,472.19,472.88,463.44,464.53,91173121
2022-01-14,1642170600,461.19,465.09,459.9,464.72,95890948
2022-01-18,1642516200,459.74,459.96,455.31,456.49,109872376
2022-01-19,1642602600,458.13,459.6124,451.46,451.75,109357569
2022-01-20,1642689000,453.75,458.74,444.5,446.75,122379696
2022-01-21,1642775400,445.56,448.06,437.95,437.98,202271241
2022-01-24,1643034600,432.03,440.38,420.76,439.84,252496719
2022-01-25,1643121000,433.06,439.72,427.15,434.47,167997325
2022-01-26,1643207400,440.72,444.04,428.86,433.38,186391088
2022-01-27,1643293800,438.26,441.59,429.45,431.24,149878307
2022-01-28,1643380200,432.68,442,427.82,441.95,164457370
2022-01-31,1643639400,441.24,450.28,439.81,449.91,152251425
2022-02-01,1643725800,450.68,453.63,446.9384,452.95,123155382
2022-02-02,1643812200,455.5,458.12,453.05,457.35,117360953
2022-02-03,1643898600,450.95,452.97,445.71,446.6,118024442
2022-02-04,1643985000,446.35,452.78,443.83,448.7,118454352
2022-02-07,1644244200,449.51,450.99,445.85,447.26,84472859
2022-02-08,1644330600,446.73,451.92,445.22,450.94,81012036
2022-02-09,1644417000,455.22,457.88,455.005,457.54,92589929
2022-02-10,1644503400,451.34,457.71,447.2,449.32,140103712
2022-02-11,1644589800,449.41,451.605,438.94,440.46,153214597
2022-02-14,1644849000,439.92,441.6,435.34,439.02,123006262
2022-02-15,1644935400,443.73,446.28,443.18,446.1,88659503
2022-02-16,1645021800,443.93,448.055,441.94,446.6,84863585
2022-02-17,1645108200,443.22,446.5652,436.42,437.06,102259108
2022-02-18,1645194600,437.33,438.66,431.82,434.23,132642896
2022-02-22,1645540200,431.89,435.5,425.86,429.57,124391830
2022-02-23,1645626600,432.66,433.26,421.35,421.95,132578005
2022-02-24,1645713000,411.02,428.76,410.64,428.3,213942946
2022-02-25,1645799400,429.61,437.84,427.86,437.75,121804459
2022-02-28,1646058600,432.03,438.2,430.7,436.63,145615029
2022-03-01,1646145000,435.04,437.17,427.11,429.98,137785908
2022-03-02,1646231400,432.37,439.72,431.57,437.89,117726525
2022-03-03,1646317800,440.47,441.11,433.8,435.71,105501715
2022-03-04,1646404200,431.75,433.37,427.88,432.17,114083256
2022-03-07,1646663400,431.55,432.3018,419.36,419.43,137896560
2022-03-08,1646749800,419.62,427.21,415.12,416.25,164772744
2022-03-09,1646836200,425.14,429.51,422.82,427.41,116990765
2022-03-10,1646922600,422.52,426.43,420.44,425.48,93972655
2022-03-11,1647009000,428.12,428.77,419.53,420.07,95636277
2022-03-14,1647264600,420.89,424.55,415.79,417,95729188
2022-03-15,1647351000,419.77,426.84,418.42,426.17,106219117
2022-03-16,1647437400,429.89,435.68,424.8,435.62,144954805
2022-03-17,1647523800,433.59,441.07,433.19,441.07,102676870
2022-03-18,1647610200,438,444.86,437.22,444.52,106345544
2022-03-21,1647869400,444.34,446.46,440.68,444.39,88349763
2022-03-22,1647955800,445.86,450.58,445.86,449.59,74650394
2022-03-23,1648042200,446.91,448.49,443.71,443.8,79426098
2022-03-24,1648128600,445.94,450.5,444.76,450.49,64736892
2022-03-25,1648215000,451.16,452.98,448.43,452.69,77101324
2022-03-28,1648474200,452.06,455.91,450.06,455.91,68529767
2022-03-29,1648560600,460.02,462.07,457.18,461.55,86581542
2022-03-30,1648647000,460.34,461.195,456.465,458.7,79666942
2022-03-31,1648733400,457.89,458.76,451.16,451.64,121699948
2022-04-01,1648819800,453.31,453.46,449.14,452.92,89048773
2022-04-04,1649079000,453.13,456.91,452.26,456.8,59601000
2022-04-05,1649165400,455.22,457.83,449.82,451.03,74214501
2022-04-06,1649251800,446.89,448.93,443.47,446.52,106897781
2022-04-07,1649338200,445.59,450.69,443.53,448.77,78097214
2022-04-08,1649424600,447.97,450.63,445.94,447.57,79272711
2022-04-11,1649683800,444.11,445,439.39,439.92,89770538
2022-04-12,1649770200,443.08,445.75,436.6501,438.29,84363635
2022-04-13,1649856600,438.03,444.11,437.84,443.31,74070394
2022-04-14,1649943000,443.55,444.7301,437.68,437.79,97869451
2022-04-18,1650288600,436.81,439.75,435.61,437.97,66002498
2022-04-19,1650375000,437.86,445.8,437.68,445.04,77821013
2022-04-20,1650461400,446.92,447.57,443.48,444.71,65224449
2022-04-21,1650547800,448.54,450.01,437.1,438.06,85417327
2022-04-22,1650634200,436.91,438.0825,425.44,426.04,132471772
2022-04-25,1650893400,423.67,428.69,418.84,428.51,119647748
2022-04-26,1650979800,425.83,426.04,416.07,416.1,103996312
2022-04-27,1651066200,417.24,422.92,415.01,417.27,122029990
2022-04-28,1651152600,422.29,429.64,417.6,427.81,105449088
2022-04-29,1651239000,423.59,425.87,411.21,412,145491009
2022-05-02,1651498200,412.07,415.92,405.02,414.48,158312526
2022-05-03,1651584600,415.01,418.93,413.36,416.38,100028190
2022-05-04,1651671000,417.08,429.66,413.7099,429.06,144247895
2022-05-05,1651757400,424.55,425,409.44,413.81,172929106
2022-05-06,1651843800,411.1,414.8,405.73,411.34,151770811
2022-05-09,1652103000,405.1,406.41,396.5,398.17,155586067
2022-05-10,1652189400,404.49,406.08,394.82,399.09,132497200
2022-05-11,1652275800,398.07,404.04,391.96,392.75,142360992
2022-05-12,1652362200,389.37,395.8,385.15,392.34,125090753
2022-05-13,1652448600,396.71,403.18,395.61,401.72,104174421
2022-05-16,1652707800,399.98,403.97,397.6,400.09,78622444
2022-05-17,1652794200,406.53,408.57,402.5824,408.32,83029710
2022-05-18,1652880600,403.5,403.8,390.55,391.86,117674545
2022-05-19,1652967000,388.62,394.14,387.11,389.46,98510715
2022-05-20,1653053400,393.25,397.03,380.54,389.63,131432197
2022-05-23,1653312600,392.83,397.73,390.38,396.92,76414878
2022-05-24,1653399000,392.56,395.15,386.96,393.89,91448831
2022-05-25,1653485400,392.31,399.45,391.89,397.37,91472866
2022-05-26,1653571800,398.67,407.04,398.45,405.31,82168339
2022-05-27,1653658200,407.91,415.3801,407.7,415.26,84768710
2022-05-31,1654003800,413.55,416.46,410.03,412.93,95936980
2022-06-01,1654090200,415.17,416.24,406.93,409.59,86585813
2022-06-02,1654176600,409.42,417.44,407.04,417.39,79609633
2022-06-03,1654263000,412.4,414.04,409.51,410.54,71874281
2022-06-06,1654522200,414.78,416.609,410.5523,411.79,57508858
2022-06-07,1654608600,408.1,416.22,407.61,415.74,59272373
2022-06-08,1654695000,413.93,415.82,410.38,411.22,64349966
2022-06-09,1654781400,409.34,411.74,401.44,401.44,86289796
2022-06-10,1654867800,394.88,395.7777,389.75,389.8,132893850
2022-06-13,1655127000,379.85,381.81,373.3,375,170004861
2022-06-14,1655213400,376.85,377.94,370.59,373.87,104011831
2022-06-15,1655299800,377.36,383.9,372.12,379.2,125666797
2022-06-16,1655386200,370.51,370.94,364.0799,366.65,134473288
2022-06-17,1655472600,365.51,369.38,362.17,365.86,111113904
2022-06-21,1655818200,371.89,376.525,371.81,375.07,76811861
2022-06-22,1655904600,370.62,378.72,370.18,374.39,90059424
2022-06-23,1655991000,376.64,378.83,372.89,378.06,79292135
2022-06-24,1656077400,381.4,390.09,381.365,390.08,98050333
2022-06-27,1656336600,391.05,391.36,387.44,388.59,66009617
2022-06-28,1656423000,390.23,393.16,380.53,380.65,86689824
2022-06-29,1656509400,381.23,382.27,378.42,380.34,65675999
2022-06-30,1656595800,376.24,380.6582,372.56,377.25,112508273
2022-07-01,1656682200,376.56,381.7,373.8,381.24,74839729
2022-07-05,1657027800,375.88,381.98,372.9,381.96,81437965
2022-07-06,1657114200,382.11,385.87,379.6,383.25,70426244
2022-07-07,1657200600,385.12,389.83,383.267,388.99,64525919
2022-07-08,1657287000,387.27,390.64,385.66,388.67,72397765
2022-07-11,1657546200,385.85,386.87,383.5,384.23,58366945
2022-07-12,1657632600,383.65,386.16,378.99,380.83,62219178
2022-07-13,1657719000,375.1,381.92,374.658,378.83,84224649
2022-07-14,1657805400,373.61,378.57,371.04,377.91,89704819
2022-07-15,1657891800,382.55,385.25,380.54,385.13,79060383
2022-07-18,1658151000,388.38,389.09,380.66,381.95,63203626
2022-07-19,1658237400,386.08,392.87,385.39,392.27,78505972
2022-07-20,1658323800,392.47,396.26,391.03,394.77,71843769
2022-07-21,1658410200,394.16,398.84,391.63,398.79,64903856
2022-07-22,1658496600,398.92,400.18,392.75,395.09,72197332
2022-07-25,1658755800,395.75,396.47,393.21,395.57,53631485
2022-07-26,1658842200,393.84,394.06,389.95,390.89,52946393
2022-07-27,1658928600,394.36,402.88,394.05,401.04,82342106
2022-07-28,1659015000,401.89,406.8,398.15,406.07,73966563
2022-07-29,1659101400,407.58,413.03,406.77,411.99,87003672
2022-08-01,1659360600,409.15,413.41,408.4,410.77,69997471
2022-08-02,1659447000,409.12,413,406.82,408.06,63435418
2022-08-03,1659533400,410.3,415.68,410,414.45,67820555
2022-08-04,1659619800,414.37,415.09,412.44,414.17,45656574
2022-08-05,1659706200,409.66,414.15,409.6,413.47,56814929
2022-08-08,1659965400,415.25,417.62,411.83,412.99,54025965
2022-08-09,1660051800,412.22,412.75,410.22,411.35,44931772
2022-08-10,1660138200,418.78,420.14,416.72,419.99,68665712
2022-08-11,1660224600,422.99,424.95,419.21,419.99,59489704
2022-08-12,1660311000,422.03,427.21,421.03,427.1,61694542
2022-08-15,1660570200,424.765,429.41,424.71,428.86,54048280
2022-08-16,1660656600,427.73,431.73,426.88,429.7,59289039
2022-08-17,1660743000,425.91,429.5,424.54,426.65,63563394
2022-08-18,1660829400,426.86,428.61,425.5,427.89,49023206
2022-08-19,1660915800,424.98,425.26,421.22,422.14,68016902
2022-08-22,1661175000,417.05,417.23,412.4,413.35,77695640
2022-08-23,1661261400,412.9,415.42,411.77,412.35,49105249
2022-08-24,1661347800,412.11,415.1101,411.39,413.67,49177804
2022-08-25,1661434200,415.24,419.56,414.09,419.51,50942252
2022-08-26,1661520600,419.39,419.96,405.25,405.31,103086976
2022-08-29,1661779800,402.2,405.84,401.1999,402.63,65370810
2022-08-30,1661866200,403.85,404.1,396,398.21,85652443
2022-08-31,1661952600,399.93,401.24,395.04,395.18,76029671
2022-09-01,1662039000,392.89,396.78,390.04,396.42,78740084
2022-09-02,1662125400,400.28,401.555,390.33,392.24,99632149
2022-09-06,1662471000,393.13,394.12,388.42,390.76,76637400
2022-09-07,1662557400,390.43,398.59,390.2,397.78,70964232
2022-09-08,1662643800,395.39,400.86,394.12,400.38,80821681
2022-09-09,1662730200,402.74,407.51,402.46,406.6,76706918
2022-09-12,1662989400,408.78,411.73,408.46,410.97,69256262
2022-09-13,1663075800,401.83,403.1,391.92,393.1,122947081
2022-09-14,1663162200,394.47,396.2,391.12,394.6,85023747
2022-09-15,1663248600,392.96,395.96,388.78,390.12,87633840
2022-09-16,1663335000,384.14,386.25,382.11,385.56,103084819
2022-09-19,1663594200,382.26,388.55,382.1784,388.55,73278490
2022-09-20,1663680600,385.06,386.12,381.195,384.09,77274882
2022-09-21,1663767000,386.11,389.31,377.38,377.39,106746554
2022-09-22,1663853400,376.58,378.3,373.44,374.22,89472641
2022-09-23,1663939800,370.58,370.62,363.29,367.95,122346933
2022-09-26,1664199000,366.41,370.21,363.0299,364.31,92581244
2022-09-27,1664285400,368.02,370.4,360.87,363.38,108294074
2022-09-28,1664371800,364.38,372.3,362.6,370.53,110802217
2022-09-29,1664458200,366.81,367.11,359.7,362.79,112952315
2022-09-30,1664544600,361.8,365.91,357.04,357.18,153711243
2022-10-03,1664803800,361.08,368.55,359.21,366.61,89756479
2022-10-04,1664890200,372.4,378,366.5677,377.97,103602775
2022-10-05,1664976600,373.39,379.46,370.95,377.09,88065669
2022-10-06,1665063000,375.62,378.72,372.68,373.2,82333543
2022-10-07,1665149400,368.97,373.2933,360.94,362.79,107789498
2022-10-10,1665408600,363.96,364.21,357.67,360.02,76042765
2022-10-11,1665495000,358.235,363.03,355.71,357.74,92482785
2022-10-12,1665581400,358.17,359.8179,356.3,356.56,76991799
2022-10-13,1665667800,349.205,367.51,348.11,365.97,147254518
2022-10-14,1665754200,368.55,370.26,356.96,357.63,123737013
2022-10-17,1666013400,364.01,367.9799,357.2808,366.82,93168231
2022-10-18,1666099800,375.13,375.45,367.52,371.13,97162850
2022-10-19,1666186200,368.99,371.85,365.55,368.5,79746863
2022-10-20,1666272600,368.03,372.67,364.61,365.41,88283087
2022-10-21,1666359000,365.12,374.8,363.54,374.29,131038379
2022-10-24,1666618200,375.89,380.06,373.11,378.87,85436907
2022-10-25,1666704600,378.79,385.25,378.671,384.92,78846348
2022-10-26,1666791000,381.62,387.58,381.35,382.02,104087348
2022-10-27,1666877400,383.07,385,379.33,379.98,81971756
2022-10-28,1666963800,379.87,389.52,379.68,389.02,100301958
2022-10-31,1667223000,386.44,388.4,385.26,386.21,96631258
2022-11-01,1667309400,390.14,390.39,383.29,384.52,85407598
2022-11-02,1667395800,383.9,388.63,374.76,374.87,126990356
2022-11-03,1667482200,371.465,374.2,368.79,371.01,87100115
2022-11-04,1667568600,377,378.87,370,376.35,103505182
2022-11-07,1667831400,377.71,380.57,375.53,379.95,68286947
2022-11-08,1667917800,381.11,385.12,377.72,382,84641062
2022-11-09,1668004200,379.93,381.14,373.61,374.13,78495470
2022-11-10,1668090600,388.05,395.04,385.642,394.69,141455847
2022-11-11,1668177000,395.59,399.35,393.61,398.51,93839872
2022-11-14,1668436200,396.66,400.1799,394.83,395.12,71893165
2022-11-15,1668522600,401.15,402.31,394.49,398.49,93194452
2022-11-16,1668609000,396.78,397.78,394.79,395.45,68508454
2022-11-17,1668695400,390.46,394.95,390.14,394.24,74496255
2022-11-18,1668781800,397.74,397.81,393.04,396.03,92922451
2022-11-21,1669041000,394.64,395.82,392.66,394.59,51243189
2022-11-22,1669127400,396.63,400.07,395.1527,399.9,60429025
2022-11-23,1669213800,399.55,402.93,399.31,402.42,68261628
2022-11-25,1669386600,401.83,402.91,401.535,402.33,30545434
2022-11-28,1669645800,399.09,400.81,395.11,395.91,68021749
2022-11-29,1669732200,396.05,397.3,393.3,395.23,52310039
2022-11-30,1669818600,395.49,407.68,393.48,407.68,144566653
2022-12-01,1669905000,408.77,410,404.75,407.38,76398170
2022-12-02,1669991400,402.25,407.86,402.14,406.91,85342731
2022-12-05,1670250600,403.95,404.93,398.17,399.59,77289815
2022-12-06,1670337000,399.42,399.99,391.64,393.83,77972217
2022-12-07,1670423400,392.94,395.64,391.97,393.16,65927896
2022-12-08,1670509800,395.14,397.36,393.2684,396.24,60737912
2022-12-09,1670596200,394.94,397.62,393.15,393.28,81447733
2022-12-12,1670855400,394.11,398.95,393.412,398.95,75405835
2022-12-13,1670941800,410.22,410.49,399.07,401.97,123782534
2022-12-14,1671028200,401.61,405.5,396.31,399.4,108111349
2022-12-15,1671114600,394.3,395.25,387.885,389.63,117705889
2022-12-16,1671201000,385.18,386.575,381.04,383.27,119857952
2022-12-19,1671460200,383.47,383.82,378.28,380.02,79878103
2022-12-20,1671546600,379.23,382.23,377.85,380.54,74427240
2022-12-21,1671633000,383.25,387.41,382.69,386.23,78167369
2022-12-22,1671719400,383.05,386.2134,374.77,380.72,100120855
2022-12-23,1671805800,379.65,383.06,378.03,382.91,59857329
2022-12-27,1672151400,382.79,383.15,379.65,381.4,51638180
2022-12-28,1672237800,381.33,383.39,376.42,376.66,70911520
2022-12-29,1672324200,379.63,384.35,379.08,383.44,66970877
2022-12-30,1672410600,380.64,382.58,378.43,382.43,84022205
2023-01-03,1672756200,384.37,386.43,377.831,380.82,74850731
2023-01-04,1672842600,383.18,385.88,380,383.76,85934098
2023-01-05,1672929000,381.72,381.84,378.76,379.38,76970456
2023-01-06,1673015400,382.61,389.25,379.4127,388.08,104189603
2023-01-09,1673274600,390.37,393.7,387.67,387.86,73978071
2023-01-10,1673361000,387.25,390.65,386.27,390.58,65358094
2023-01-11,1673447400,392.23,395.6,391.38,395.52,68881080
2023-01-12,1673533800,396.67,398.485,392.42,396.96,90157699
2023-01-13,1673620200,393.62,399.1,393.34,398.5,63903932
2023-01-17,1673965800,398.48,400.23,397.06,397.77,62677281
2023-01-18,1674052200,399.01,400.12,391.28,391.49,99632262
2023-01-19,1674138600,389.36,391.08,387.26,388.64,86958919
2023-01-20,1674225000,390.1,396.04,388.38,395.88,91806356
2023-01-23,1674484200,396.72,402.645,395.72,400.63,84178797
2023-01-24,1674570600,398.88,401.15,397.64,400.2,59524911
2023-01-25,1674657000,395.95,400.7,393.56,400.35,84800251
2023-01-26,1674743400,403.13,404.92,400.03,404.75,72287425
2023-01-27,1674829800,403.655,408.16,403.44,405.68,68346180
2023-01-30,1675089000,402.8,405.13,400.28,400.59,74202018
2023-01-31,1675175400,401.13,406.53,400.77,406.48,86811786
2023-02-01,1675261800,405.211,413.67,402.35,410.8,101459155
2023-02-02,1675348200,414.86,418.31,412.88,416.78,101654463
2023-02-03,1675434600,411.59,416.97,411.09,412.35,94736781
2023-02-06,1675693800,409.79,411.29,408.1,409.83,60295325
2023-02-07,1675780200,408.87,416.49,407.57,415.19,90990745
2023-02-08,1675866600,413.13,414.53,409.93,410.65,76227462
2023-02-09,1675953000,414.41,414.57,405.81,407.09,78694859
2023-02-10,1676039400,405.86,408.44,405.01,408.04,70769715
2023-02-13,1676298600,408.72,412.97,408.24,412.83,64913539
2023-02-14,1676385000,411.24,415.05,408.511,412.64,88389313
2023-02-15,1676471400,410.35,414.06,409.47,413.98,61685279
2023-02-16,1676557800,408.79,412.91,408.14,408.28,76431469
2023-02-17,1676644200,406.06,407.51,404.05,407.26,89257815
2023-02-21,1676989800,403.06,404.16,398.82,399.09,82655924
2023-02-22,1677076200,399.52,401.13,397.02,398.54,83742293
2023-02-23,1677162600,401.56,402.2,396.25,400.66,96242399
2023-02-24,1677249000,395.42,397.25,393.64,396.38,108194413
2023-02-27,1677508200,399.87,401.29,396.75,397.73,80444736
2023-02-28,1677594600,397.23,399.28,396.15,396.26,96438567
2023-03-01,1677681000,395.41,396.69,393.38,394.74,99706823
2023-03-02,1677767400,392.68,398.69,392.33,397.81,85404726
2023-03-03,1677853800,399.71,404.45,399.03,404.19,90119952
2023-03-06,1678113000,405.05,407.45,404.01,404.47,72795946
2023-03-07,1678199400,404.42,404.67,397.625,398.27,108310596
2023-03-08,1678285800,398.39,399.71,396.59,398.92,74746632
2023-03-09,1678372200,399.74,401.48,390.53,391.56,111945322
2023-03-10,1678458600,390.99,393.16,384.32,385.91,189285696
2023-03-13,1678714200,381.81,390.39,380.65,385.36,157789967
2023-03-14,1678800600,390.5,393.45,387.05,391.73,149752357
2023-03-15,1678887000,385.89,389.49,383.71,389.28,172996933
2023-03-16,1678973400,386.82,396.47,386.29,396.11,143759805
2023-03-17,1679059800,393.22,394.4,388.55,389.99,140553411
2023-03-20,1679319000,390.8,394.17,390.07,393.74,93056894
2023-03-21,1679405400,397.24,399.41,395.58,398.91,91524248
2023-03-22,1679491800,398.73,402.49,392.07,392.11,111748133
2023-03-23,1679578200,395.09,399.29,390.35,393.17,119351319
2023-03-24,1679664600,391.841,395.84,389.4,395.75,107770124
2023-03-27,1679923800,398.12,398.92,395.56,396.49,74010408
2023-03-28,1680010200,395.77,396.49,393.69,395.6,62871680
2023-03-29,1680096600,399.925,401.6,398.68,401.35,77497876
2023-03-30,1680183000,404.09,404.35,401.76,403.7,69840049
2023-03-31,1680269400,404.66,409.7,404.55,409.39,112062624
2023-04-03,1680528600,408.85,411.37,408.44,410.95,67391097
2023-04-04,1680615000,411.62,411.92,407.24,408.67,66601534
2023-04-05,1680701400,407.91,408.7,405.88,407.6,65200243
2023-04-06,1680787800,406.77,409.48,405.678,409.19,63743345
2023-04-10,1681133400,406.61,409.69,405.97,409.61,63681042
2023-04-11,1681219800,410.26,411.18,408.92,409.72,59297945
2023-04-12,1681306200,411.87,412.17,407.44,408.05,86420379
2023-04-13,1681392600,409.18,413.84,407.9922,413.47,85814754
2023-04-14,1681479000,412.81,415.09,410.06,412.46,78161500
2023-04-17,1681738200,412.37,413.96,411.085,413.94,66436399
2023-04-18,1681824600,415.58,415.72,412.7802,414.21,63559997
2023-04-19,1681911000,412.22,415.08,412.16,414.14,55227330
2023-04-20,1681997400,411.21,413.7,410.27,411.88,75840359
2023-04-21,1682083800,412.19,412.68,410.17,412.2,73457422
2023-04-24,1682343000,411.99,413.07,410.6,412.63,64332095
2023-04-25,1682429400,410.58,411.16,406.02,406.08,97766721
2023-04-26,1682515800,406.72,407.84,403.78,404.36,80447049
2023-04-27,1682602200,407,412.69,406.74,412.41,92968369
2023-04-28,1682688600,411.49,415.94,411.43,415.93,89433137
2023-05-01,1682947800,415.47,417.62,415.265,415.51,62122254
2023-05-02,1683034200,414.77,414.82,407.82,410.84,103998484
2023-05-03,1683120600,411.36,413.87,407.77,408.02,91531769
2023-05-04,1683207000,406.93,407.27,403.74,405.13,94901863
2023-05-05,1683293400,408.91,413.72,408.64,412.63,87891791
2023-05-08,1683552600,412.97,413.24,411.28,412.74,50046768
2023-05-09,1683639000,411.13,412.09,410.6894,410.93,49220119
2023-05-10,1683725400,413.88,414.535,408.87,412.85,96142922
2023-05-11,1683811800,411.95,412.43,409.97,412.13,70157064
2023-05-12,1683898200,413.42,413.64,409.07,411.59,70481548
2023-05-15,1684157400,412.22,413.43,410.23,413.01,54289383
2023-05-16,1684243800,411.86,412.815,410.24,410.25,57705495
2023-05-17,1684330200,412.35,415.855,410.635,415.23,87286957
2023-05-18,1684416600,414.9,419.67,414.67,419.23,97177195
2023-05-19,1684503000,420.17,420.72,417.35,418.62,103793317
2023-05-22,1684762200,418.64,420.39,417.35,418.79,60745399
2023-05-23,1684848600,417.08,418.722,413.68,414.09,86383493
2023-05-24,1684935000,412.42,412.82,409.8795,411.09,89213678
2023-05-25,1685021400,414.74,416.16,412.4101,414.65,90961606
2023-05-26,1685107800,415.33,420.77,415.25,420.02,93829975
2023-05-30,1685453400,422.03,422.58,418.735,420.18,72215960
2023-05-31,1685539800,418.28,419.22,416.22,417.85,110811780
2023-06-01,1685626200,418.09,422.92,416.79,421.82,88865018
2023-06-02,1685712600,424.5,428.74,423.95,427.92,91426171
2023-06-05,1685971800,428.28,429.67,426.37,427.1,70316043
2023-06-06,1686058200,426.67,428.5772,425.99,428.03,64022175
2023-06-07,1686144600,428.44,429.62,426.11,426.55,85373275
2023-06-08,1686231000,426.62,429.6,425.82,429.13,61952842
2023-06-09,1686317400,429.96,431.99,428.87,429.9,85647268
2023-06-12,1686576600,430.92,433.88,430.17,433.8,76256703
2023-06-13,1686663000,435.32,437.33,434.63,436.66,95899704
2023-06-14,1686749400,437.01,439.0612,433.59,437.18,100612080
2023-06-15,1686835800,436.33,443.9,436.23,442.6,110303091
2023-06-16,1686922200,443.02,443.6078,438.97,439.46,114165849
2023-06-20,1687267800,437.45,438.37,435.03,437.18,76160359
2023-06-21,1687354200,436.16,436.99,434.33,434.94,76982251
2023-06-22,1687440600,433.95,436.62,433.6,436.51,70637175
2023-06-23,1687527000,432.93,435.06,432.47,433.21,92074537
2023-06-26,1687786200,432.62,434.61,431.19,431.44,72823560
2023-06-27,1687872600,432.35,436.81,431.88,436.17,72813699
2023-06-28,1687959000,435.05,437.44,434.41,436.39,75635976
2023-06-29,1688045400,435.96,438.28,435.54,438.11,67882304
2023-06-30,1688131800,441.44,444.3,441.11,443.28,104964019
2023-07-03,1688391000,442.92,444.08,442.63,443.79,32793378
2023-07-05,1688563800,441.91,443.889,441.9,443.13,58418432
2023-07-06,1688650200,439.42,440.1,437.06,439.66,80658302
2023-07-07,1688736600,438.63,442.64,438.3,438.55,86134178
2023-07-10,1688995800,438.18,439.84,437.585,439.66,62443501
2023-07-11,1689082200,440.45,442.97,439.44,442.46,64463752
2023-07-12,1689168600,446.39,447.4799,444.91,446.02,91924527
2023-07-13,1689255000,447.9,450.38,447.45,449.56,72425241
2023-07-14,1689341400,450.475,451.36,448.49,449.28,69815823
2023-07-17,1689600600,449.13,451.93,449.08,450.84,52680221
2023-07-18,1689687000,450.5,454.86,450.0484,454.19,80744448
2023-07-19,1689773400,455.01,456.43,454.1119,455.2,65891688
2023-07-20,1689859800,454.17,455.1,451.44,452.18,70591642
2023-07-21,1689946200,453.96,454.165,452.17,452.18,71275618
2023-07-24,1690205400,453.37,455.04,452.298,454.2,54023382
2023-07-25,1690291800,453.92,456.735,453.87,455.44,55191240
2023-07-26,1690378200,454.47,456.99,453.38,455.51,71052885
2023-07-27,1690464600,459.02,459.44,451.55,452.49,92194375
2023-07-28,1690551000,455.88,457.78,452.4918,456.92,80011790
2023-07-31,1690810200,457.41,458.16,456.045,457.79,62040449
2023-08-01,1690896600,456.27,457.25,455.49,456.48,55502199
2023-08-02,1690983000,453.25,453.52,449.3499,450.13,93933369
2023-08-03,1691069400,448.04,450.79,447.37,448.84,64419692
2023-08-04,1691155800,450.72,452.895,446.27,446.81,100128902
2023-08-07,1691415000,448.71,450.865,447.99,450.71,58357464
2023-08-08,1691501400,448.08,450.6952,445.2705,448.75,71361324
2023-08-09,1691587800,449.03,449.1999,444.96,445.75,78789575
2023-08-10,1691674200,448.19,451.7,444.7,445.91,93005495
2023-08-11,1691760600,443.97,446.7007,443.345,445.65,68690902
2023-08-14,1692019800,444.7,448.11,444.38,448.11,47867441
2023-08-15,1692106200,446.27,446.64,442.3,442.89,75707534
2023-08-16,1692192600,442.46,444.18,439.53,439.64,80107206
2023-08-17,1692279000,441.16,441.43,435.75,436.29,95711315
2023-08-18,1692365400,433.37,437.57,433.01,436.5,98851960
2023-08-21,1692624600,437.55,440.11,435.32,439.34,68718957
2023-08-22,1692711000,441.18,441.18,437.57,438.15,65062861
2023-08-23,1692797400,439.25,443.67,439.1,443.03,68441021
2023-08-24,1692883800,444.69,445.22,436.855,436.89,88517272
2023-08-25,1692970200,438.68,441.3,435,439.97,102325103
2023-08-28,1693229400,442.24,443.4,439.9728,442.76,61595393
2023-08-29,1693315800,442.65,449.45,442.46,449.16,83081916
2023-08-30,1693402200,449.51,451.67,448.78,451.01,69053911
2023-08-31,1693488600,451.65,452.83,450.16,450.35,66084563
2023-09-01,1693575000,453.17,453.67,449.68,451.19,58944098
2023-09-05,1693920600,450.73,451.06,449.17,449.24,55166210
2023-09-06,1694007000,448.4,448.51,443.81,446.22,70758512
2023-09-07,1694093400,443.11,445.55,442.75,444.85,70355426
2023-09-08,1694179800,444.9,447.11,444.53,445.52,62068437
2023-09-11,1694439000,448.24,448.77,446.4699,448.45,60180118
2023-09-12,1694525400,446.95,448.53,445.39,445.99,67565422
2023-09-13,1694611800,446.22,447.71,445.0793,446.51,60199272
2023-09-14,1694698200,449.07,451.08,447.715,450.36,83430814
2023-09-15,1694784600,447.14,447.48,442.92,443.37,111848859
2023-09-18,1695043800,443.05,444.97,442.56,443.63,55752213
2023-09-19,1695130200,442.68,443.29,439.94,442.71,66514648
2023-09-20,1695216600,444.01,444.435,438.43,438.64,82562602
2023-09-21,1695303000,435.7,435.97,431.23,431.39,104095826
2023-09-22,1695389400,432.45,434.1,429.99,430.42,100829684
2023-09-25,1695648600,429.17,432.27,428.72,432.23,70874534
2023-09-26,1695735000,429.09,429.82,425.02,425.88,96168436
2023-09-27,1695821400,427.09,427.67,422.29,426.05,104705847
2023-09-28,1695907800,425.48,430.2499,424.87,428.52,92258308
2023-09-29,1695994200,431.67,431.85,425.91,427.48,115111319
2023-10-02,1696253400,426.62,428.6,424.46,427.31,83798599
2023-10-03,1696339800,425.06,427.3729,420.18,421.59,103760607
2023-10-04,1696426200,422.07,425.4299,420.56,424.66,87452968
2023-10-05,1696512600,424.36,425.37,421.1701,424.5,70142744
2023-10-06,1696599000,421.97,431.125,420.6,429.54,113273309
2023-10-09,1696858200,427.58,432.88,427.0101,432.29,80374362
2023-10-10,1696944600,432.94,437.22,432.53,434.54,78607268
2023-10-11,1697031000,435.64,436.58,433.18,436.32,62451736
2023-10-12,1697117400,436.95,437.335,431.23,433.66,81154230
2023-10-13,1697203800,435.21,436.45,429.88,431.5,95201132
2023-10-16,1697463000,433.82,437.14,433.57,436.04,75433194
2023-10-17,1697549400,432.81,438.14,432.45,436.02,75324708
2023-10-18,1697635800,434.19,435.18,429.09,430.21,93559798
2023-10-19,1697722200,430.95,432.82,425.725,426.43,121322957
2023-10-20,1697808600,425.98,426.54,421.08,421.19,123919874
2023-10-23,1698067800,419.61,424.45,417.8,420.46,92035095
2023-10-24,1698154200,422.65,424.82,420.74,423.63,78564239
2023-10-25,1698240600,421.89,421.92,417.015,417.55,94223198
2023-10-26,1698327000,416.45,417.325,411.6,412.55,115156761
2023-10-27,1698413400,414.19,414.6,409.21,410.68,107367671
2023-10-30,1698672600,413.56,416.68,412.22,415.59,86562675
2023-10-31,1698759000,416.18,418.53,414.21,418.2,79665150
2023-11-01,1698845400,419.2,423.5,418.6499,422.66,98068115
2023-11-02,1698931800,426.58,430.915,426.56,430.76,94938909
2023-11-03,1699018200,433.14,436.29,433.01,434.69,100167775
2023-11-06,1699281000,435.47,436.1498,433.68,435.69,67831660
2023-11-07,1699367400,435.69,437.585,434.51,436.93,64256114
2023-11-08,1699453800,437.55,438.09,434.87,437.25,61746027
2023-11-09,1699540200,438.43,438.47,433.4,433.84,83174417
2023-11-10,1699626600,435.98,440.93,433.8335,440.61,89558054
2023-11-13,1699885800,439.23,441.33,438.42,440.19,52236068
2023-11-14,1699972200,446.32,450.06,446.09,448.73,97176935
2023-11-15,1700058600,450.11,451.38,448.8,449.68,77327573
2023-11-16,1700145000,449.22,450.56,448.12,450.23,66665797
2023-11-17,1700231400,450.24,451.42,449.29,450.79,83193902
2023-11-20,1700490600,450.53,455.125,450.52,454.26,70055633
2023-11-21,1700577000,453.1842,454.131,451.9599,453.27,49244639
2023-11-22,1700663400,454.98,456.38,453.8895,455.02,59446573
2023-11-24,1700836200,455.07,455.5,454.73,455.3,29737375
2023-11-27,1701095400,454.65,455.4901,454.0799,454.48,50505985
2023-11-28,1701181800,454.08,456.27,453.5,454.93,62115011
2023-11-29,1701268200,457.15,458.32,454.2,454.61,63145992
2023-11-30,1701354600,455.48,456.76,453.34,456.4,79752700
2023-12-01,1701441000,455.77,459.65,455.16,459.1,89183400
2023-12-04,1701700200,455.6,459.1206,454.34,456.69,72430888
2023-12-05,1701786600,455.26,457.59,454.87,456.6,69793469
2023-12-06,1701873000,458.81,458.84,454.31,454.76,69124685
2023-12-07,1701959400,456.91,458.9,456.29,458.23,66995446
2023-12-08,1702045800,457.46,460.745,457.21,460.2,83194404
2023-12-11,1702305000,459.69,462.17,459.47,461.99,65002247
2023-12-12,1702391400,461.63,464.2,460.6,464.1,68327617
2023-12-13,1702477800,464.49,470.7599,464.12,470.5,93277960
2023-12-14,1702564200,472.5,473.73,469.25,472.01,119026049
2023-12-15,1702650600,469.49,470.7,467.4263,469.33,141553673
2023-12-18,1702909800,470.98,472.98,469.8929,471.97,70375285
2023-12-19,1702996200,472.53,474.92,472.45,474.84,55761805
2023-12-20,1703082600,473.96,475.895,467.82,468.26,102920959
2023-12-21,1703169000,471.33,472.975,468.84,472.7,86667465
2023-12-22,1703255400,473.86,475.38,471.7,473.65,67160419
2023-12-26,1703601000,474.07,476.58,473.99,475.65,55386952
2023-12-27,1703687400,475.44,476.66,474.89,476.51,68000311
2023-12-28,1703773800,476.88,477.55,476.26,476.69,77158116
2023-12-29,1703860200,476.49,477.03,473.3,475.31,122283149
2024-01-02,1704205800,472.16,473.67,470.49,472.65,123007793
2024-01-03,1704292200,470.43,471.19,468.17,468.79,103585866
2024-01-04,1704378600,468.3,470.96,467.05,467.28,84232169
2024-01-05,1704465000,467.49,470.44,466.43,467.92,86118913
2024-01-08,1704724200,468.43,474.75,468.3,474.6,74879074
2024-01-09,1704810600,471.87,474.93,471.35,473.88,65931439
2024-01-10,1704897000,474.16,477.4481,473.87,476.56,67310640
2024-01-11,1704983400,477.59,478.12,472.26,476.35,77940723
2024-01-12,1705069800,477.84,478.6,475.23,476.68,58026420
2024-01-16,1705415400,475.26,476.6098,473.06,474.93,85014870
2024-01-17,1705501800,471.82,472.79,469.87,472.29,68843871
2024-01-18,1705588200,474.01,477.06,472.42,476.49,91856248
2024-01-19,1705674600,477.65,482.72,476.5374,482.43,110834483
2024-01-22,1705933800,484.01,485.22,482.78,483.45,75844931
2024-01-23,1706020200,484.01,485.105,482.89,484.86,49945297
2024-01-24,1706106600,487.81,488.77,484.8819,485.39,81765039
2024-01-25,1706193000,487.575,488.305,485.39,488.03,72524989
2024-01-26,1706279400,487.59,489.12,486.54,487.41,76641609
2024-01-29,1706538600,487.73,491.415,487.17,491.27,61322751
2024-01-30,1706625000,490.56,491.62,490.11,490.89,58618386
2024-01-31,1706711400,488.62,489.0813,482.86,482.88,126011062
2024-02-01,1706797800,484.63,489.23,483.8,489.2,91891637
2024-02-02,1706884200,489.65,496.05,489.3,494.35,99228192
2024-02-05,1707143400,493.695,494.3778,490.23,492.55,75757102
2024-02-06,1707229800,493.52,494.32,492.05,493.98,55918602
2024-02-07,1707316200,496.29,498.53,495.36,498.1,70556506
2024-02-08,1707402600,498.1,498.71,497.26,498.32,52343636
2024-02-09,1707489000,498.84,501.65,498.49,501.2,63979375
2024-02-12,1707748200,501.17,503.5,500.24,500.98,56502283
2024-02-13,1707834600,494.53,497.09,490.715,494.08,113099199
2024-02-14,1707921000,496.79,499.07,494.4,498.57,68387827
2024-02-15,1708007400,499.29,502.2,498.795,502.01,61682960
2024-02-16,1708093800,501.7,502.87,498.75,499.51,75532928
2024-02-20,1708439400,497.72,498.41,494.45,496.76,71736740
2024-02-21,1708525800,495.42,497.37,493.56,497.21,59603771
2024-02-22,1708612200,504.01,508.49,503.02,507.5,76402535
2024-02-23,1708698600,509.27,510.13,507.1,507.85,61321818
2024-02-26,1708957800,508.3,508.75,505.86,505.99,50386738
2024-02-27,1709044200,506.7,507.16,504.75,506.93,48854528
2024-02-28,1709130600,505.33,506.855,504.96,506.26,56506634
2024-02-29,1709217000,508.07,509.74,505.35,508.08,83924795
2024-03-01,1709303400,508.98,513.29,508.56,512.85,76844844
2024-03-04,1709562600,512.03,514.2,512,512.3,49799257
2024-03-05,1709649000,510.24,510.7,504.91,507.18,72855623
2024-03-06,1709735400,510.55,512.069,508.42,509.75,68382367
2024-03-07,1709821800,513.14,515.89,509.8053,514.81,58652085
2024-03-08,1709908200,515.46,518.2201,511.13,511.72,86532535
2024-03-11,1710163800,510.48,511.88,508.5,511.28,62557183
2024-03-12,1710250200,513.45,517.38,510.86,516.78,73114439
2024-03-13,1710336600,517.11,517.29,514.49,515.97,55104088
2024-03-14,1710423000,516.97,517.125,511.82,514.95,110171820
2024-03-15,1710509400,510.21,511.7,508.122,509.83,107646297
2024-03-18,1710768600,514,515.48,512.44,512.86,88893331
2024-03-19,1710855000,512.15,515.995,511.12,515.71,60755263
2024-03-20,1710941400,515.77,520.62,515.08,520.48,69594574
2024-03-21,1711027800,523.39,524.11,521.91,522.2,60256112
2024-03-22,1711114200,522.11,522.605,520.97,521.21,79070842
2024-03-25,1711373400,519.8,520.95,519.61,519.77,48512108
2024-03-26,1711459800,521.23,521.58,518.4,518.81,65463744
2024-03-27,1711546200,521.71,523.21,519.485,523.17,82999777
2024-03-28,1711632600,523.21,524.61,522.78,523.07,96294886
2024-04-01,1711978200,523.83,524.38,520.97,522.16,62477540
2024-04-02,1712064600,518.24,518.98,516.48,518.84,74230308
2024-04-03,1712151000,517.72,520.95,517.665,519.41,59155759
2024-04-04,1712237400,523.52,523.8674,512.755,513.07,96858074
2024-04-05,1712323800,514.46,520.44,514.01,518.43,74546483
2024-04-08,1712583000,519.15,520.18,517.89,518.72,48401752
2024-04-09,1712669400,520.5,520.75,514.35,519.32,68124385
2024-04-10,1712755800,513.48,516.16,512.09,514.12,82652806
2024-04-11,1712842200,515.68,519.48,512.08,518,70099007
2024-04-12,1712928600,514.37,515.815,509.08,510.85,92561094
2024-04-15,1713187800,515.13,515.3,503.58,504.45,92101447
2024-04-16,1713274200,504.94,506.5,502.21,503.53,73484020
2024-04-17,1713360600,506.05,506.22,499.12,500.55,75910305
2024-04-18,1713447000,501.98,504.13,498.56,499.52,74548085
2024-04-19,1713533400,499.44,500.455,493.86,495.16,102212587
2024-04-22,1713792600,497.83,502.38,495.43,499.72,67961048
2024-04-23,1713879000,501.78,506.09,499.5328,505.65,64633620
2024-04-24,1713965400,506.56,507.37,503.13,505.41,55928076
2024-04-25,1714051800,499.18,504.27,497.49,503.49,69122368
2024-04-26,1714138200,506.35,509.88,505.7,508.26,64306118
2024-04-29,1714397400,510.09,510.75,507.25,510.06,46415449
2024-04-30,1714483800,508.56,509.56,501.98,501.98,77483566
2024-05-01,1714570200,501.38,508.19,499.865,500.35,80242839
2024-05-02,1714656600,504.15,505.89,499.55,505.03,62550179
2024-05-03,1714743000,511.16,512.55,508.56,511.29,72756709
2024-05-06,1715002200,513.75,516.61,513.3,516.57,47264703
2024-05-07,1715088600,517.56,518.57,516.45,517.14,52561299
2024-05-08,1715175000,515.26,517.74,515.14,517.19,42047214
2024-05-09,1715261400,517.38,520.2074,516.705,520.17,43643668
2024-05-10,1715347800,521.81,522.635,519.59,520.84,52233171
2024-05-13,1715607000,522.56,522.67,519.74,520.91,36716361
2024-05-14,1715693400,521.11,523.83,520.56,523.3,57535867
2024-05-15,1715779800,525.83,530.08,525.18,529.78,59504897
2024-05-16,1715866200,529.88,531.5218,528.54,528.69,50244827
2024-05-17,1715952600,528.81,529.52,527.32,529.45,59187585
2024-05-20,1716211800,529.57,531.5601,529.17,530.06,37764206
2024-05-21,1716298200,529.28,531.52,529.07,531.36,33437001
2024-05-22,1716384600,530.65,531.38,527.6,529.83,48389968
2024-05-23,1716471000,532.96,533.07,524.72,525.96,57211197
2024-05-24,1716557400,527.85,530.27,526.881,529.44,41291076
2024-05-28,1716903000,530.27,530.51,527.11,529.81,36269602
2024-05-29,1716989400,525.68,527.31,525.37,526.1,45190323
2024-05-30,1717075800,524.52,525.2,521.33,522.61,46468510
2024-05-31,1717162200,523.59,527.5,518.36,527.37,90785755
2024-06-03,1717421400,529.02,529.31,522.6,527.8,46835702
2024-06-04,1717507800,526.46,529.15,524.96,528.39,34632661
2024-06-05,1717594200,530.77,534.69,528.7254,534.67,47610365
2024-06-06,1717680600,534.98,535.42,532.68,534.66,30808530
2024-06-07,1717767000,533.66,536.89,532.535,534.01,43224525
2024-06-10,1718026200,533.18,535.99,532.57,535.66,35729252
2024-06-11,1718112600,534.07,537.01,532.05,536.95,36383411
2024-06-12,1718199000,541.63,544.12,540.3,541.36,63251305
2024-06-13,1718285400,543.15,543.325,539.59,542.45,44760949
2024-06-14,1718371800,540.88,542.81,539.85,542.78,40089895
2024-06-17,1718631000,542.08,548.53,541.6072,547.1,55909364
2024-06-18,1718717400,547.16,548.62,546.73,548.49,41376417
2024-06-20,1718890200,549.44,550.12,545.18,547,70328226
2024-06-21,1718976600,544.4,545.65,543.02,544.51,64513859
2024-06-24,1719235800,544.33,546.95,542.62,542.74,45528654
2024-06-25,1719322200,543.99,545.2,542.44,544.83,38273346
2024-06-26,1719408600,543.69,546.24,543.03,545.51,38550637
2024-06-27,1719495000,545.37,546.96,544.61,546.37,35041480
2024-06-28,1719581400,547.16,550.28,542.95,544.22,76144535
2024-07-01,1719840600,545.63,545.88,542.52,545.34,40297810
2024-07-02,1719927000,543.7,549.01,543.65,549.01,40434792
2024-07-03,1720013400,548.69,551.83,548.65,551.46,32789911
2024-07-05,1720186200,551.77,555.05,551.12,554.64,41488389
2024-07-08,1720445400,555.44,556.2501,554.19,555.28,36110451
2024-07-09,1720531800,556.26,557.18,555.52,555.82,27314125
2024-07-10,1720618200,557.07,561.67,556.77,561.32,38701220
2024-07-11,1720704600,561.44,562.33,555.83,556.48,53054184
2024-07-12,1720791000,557.63,563.67,557.15,559.99,53084405
2024-07-15,1721050200,562.03,564.8371,559.63,561.53,40584293
2024-07-16,1721136600,562.865,565.16,562.1,564.86,36475260
2024-07-17,1721223000,558.8,560.51,556.61,556.94,57118956
2024-07-18,1721309400,558.51,559.52,550.43,552.66,56270392
2024-07-19,1721395800,552.42,554.08,547.91,548.99,65509081
2024-07-22,1721655000,553,555.27,551.02,554.65,43346720
2024-07-23,1721741400,554.54,556.735,553.275,553.78,34439561
2024-07-24,1721827800,548.86,549.17,540.29,541.23,74515266
2024-07-25,1721914200,541.35,547.455,537.45,538.41,61158288
2024-07-26,1722000600,542.28,547.19,541.49,544.44,53763788
2024-07-29,1722259800,546.02,547.05,542.72,544.76,39515824
2024-07-30,1722346200,546.26,547.34,538.515,542,46853632
2024-07-31,1722432600,548.98,553.5,547.5799,550.81,65663388
2024-08-01,1722519000,552.57,554.8688,539.43,543.01,76428732
2024-08-02,1722605400,535.75,536.99,528.6,532.9,82789070
2024-08-05,1722864600,511.64,523.58,510.27,517.38,146267391
2024-08-06,1722951000,519.22,529.75,517.87,522.15,84826312
2024-08-07,1723037400,528.47,531.59,518.0519,518.66,70698340
2024-08-08,1723123800,523.91,531.29,521.84,530.65,63276589
2024-08-09,1723210200,529.81,534.51,528.56,532.99,45619558
2024-08-12,1723469400,534.21,535.73,530.95,533.27,42542069
2024-08-13,1723555800,536.53,542.28,536.28,542.04,52333073
2024-08-14,1723642200,542.85,544.96,540.12,543.75,42446929
2024-08-15,1723728600,549.5,553.36,548.88,553.07,60846812
2024-08-16,1723815000,551.42,555.02,551.26,554.31,44430728
2024-08-19,1724074200,554.73,559.61,553.86,559.61,39121793
2024-08-20,1724160600,559.15,560.84,557.325,558.7,33732264
2024-08-21,1724247000,559.77,562.11,554.73,560.62,41514600
2024-08-22,1724333400,562.56,563.18,554.98,556.22,56121456
2024-08-23,1724419800,559.53,563.09,557.29,562.13,50639393
2024-08-26,1724679000,563.18,563.91,559.05,560.79,35788609
2024-08-27,1724765400,559.49,562.06,558.32,561.56,32693898
2024-08-28,1724851800,561.21,561.65,555.04,558.3,41066024
2024-08-29,1724938200,560.31,563.68,557.18,558.35,38715176
2024-08-30,1725024600,560.77,564.2,557.14,563.68,62700110
2024-09-03,1725370200,560.47,560.81,549.51,552.08,60600113
2024-09-04,1725456600,550.2,554.43,549.46,550.95,47224939
2024-09-05,1725543000,550.89,553.7995,547.1,549.61,44264258
2024-09-06,1725629400,549.94,551.6,539.44,540.36,68493805
2024-09-09,1725888600,544.65,547.71,542.68,546.41,40445822
2024-09-10,1725975000,548.36,549.15,543.38,548.79,36394579
2024-09-11,1726061400,548.7,555.36,539.96,554.42,75248608
2024-09-12,1726147800,555.01,559.4,552.74,559.09,51892735
2024-09-13,1726234200,559.71,563.03,559.45,562.01,39310501
2024-09-16,1726493400,561.74,563.11,559.9,562.84,36656122
2024-09-17,1726579800,565.1,566.58,560.795,563.07,49320970
2024-09-18,1726666200,563.74,568.69,560.83,561.4,59044937
2024-09-19,1726752600,571.01,572.88,568.08,570.98,75315470
2024-09-20,1726839000,567.84,569.31,565.17,568.25,77503110
2024-09-23,1727098200,569.34,570.3325,568.1,569.67,44116922
2024-09-24,1727184600,570.48,571.36,567.6,571.3,46805672
2024-09-25,1727271000,571.14,571.89,568.91,570.04,38428587
2024-09-26,1727357400,574.38,574.71,569.9,572.3,48336004
2024-09-27,1727443800,573.39,574.22,570.42,571.47,42100928
2024-09-30,1727703000,570.42,574.38,568.08,573.76,63655448
2024-10-01,1727789400,573.4,574.0622,566,568.62,72668778
2024-10-02,1727875800,567.71,569.9,565.27,568.86,38097798
2024-10-03,1727962200,567.36,569.8025,565.49,567.82,40846466
2024-10-04,1728048600,572.35,573.36,568.1,572.98,43005186
2024-10-07,1728307800,571.3,571.9599,566.63,567.8,49964690
2024-10-08,1728394200,570.42,573.78,569.5299,573.17,37398693
2024-10-09,1728480600,573.16,577.71,572.55,577.14,37912244
2024-10-10,1728567000,575.77,577.58,574.49,576.13,44138060
2024-10-11,1728653400,576.05,580.33,575.91,579.58,42267994
2024-10-14,1728912600,581.22,585.27,580.73,584.32,36217215
2024-10-15,1728999000,584.59,584.9,578.545,579.78,54203636
2024-10-16,1729085400,579.78,582.83,578.96,582.3,30725436
2024-10-17,1729171800,585.91,586.12,582.16,582.35,34393714
2024-10-18,1729258200,584.07,585.39,582.58,584.59,37416801
2024-10-21,1729517400,583.85,584.85,580.6001,583.63,36439010
2024-10-22,1729603800,581.05,584.5,580.38,583.32,34183835
2024-10-23,1729690200,581.26,581.7086,574.415,577.99,49314574
2024-10-24,1729776600,579.98,580.06,576.57,579.24,34979860
2024-10-25,1729863000,581.51,584.46,578.08,579.04,47268176
2024-10-28,1730122200,582.58,582.71,580.52,580.83,30174704
2024-10-29,1730208600,579.85,582.907,578.43,581.77,42899661
2024-10-30,1730295000,581.29,583.32,579.29,580.01,41435839
2024-10-31,1730381400,575.56,575.63,568.44,568.64,60182451
2024-11-01,1730467800,571.32,575.55,570.62,571.04,45667533
2024-11-04,1730730600,571.18,572.5,567.89,569.81,38216975
2024-11-05,1730817000,570.74,576.74,570.52,576.7,39478322
2024-11-06,1730903400,589.2,591.93,585.39,591.04,68181968
2024-11-07,1730989800,593.08,596.65,592.9999,595.61,47233212
2024-11-08,1731076200,596.17,599.64,596.165,598.19,46444893
2024-11-11,1731335400,599.81,600.17,597,598.76,37586773
2024-11-12,1731421800,598.68,599.29,594.37,596.9,43006128
2024-11-13,1731508200,597.37,599.23,594.96,597.19,47388640
2024-11-14,1731594600,597.32,597.81,592.65,593.35,38904109
2024-11-15,1731681000,589.72,590.2,583.86,585.75,75988766
2024-11-18,1731940200,586.22,589.49,585.34,588.15,37084081
2024-11-19,1732026600,584.71,591.045,584.03,590.3,49412046
2024-11-20,1732113000,590.38,590.79,584.63,590.5,50032576
2024-11-21,1732199400,593.4,595.12,587.45,593.67,46750285
2024-11-22,1732285800,593.66,596.15,593.1525,595.51,38226390
2024-11-25,1732545000,599.52,600.86,595.2,597.53,42441393
2024-11-26,1732631400,598.8,601.33,598.07,600.65,45621288
2024-11-27,1732717800,600.46,600.85,597.28,598.83,34000163
2024-11-29,1732890600,599.66,603.35,599.3805,602.55,30177351
2024-12-02,1733149800,602.97,604.32,602.47,603.63,31745989
2024-12-03,1733236200,603.39,604.16,602.341,603.91,26906629
2024-12-04,1733322600,605.63,607.91,604.95,607.66,42787561
2024-12-05,1733409000,607.66,608.48,606.305,606.66,28762183
2024-12-06,1733495400,607.44,609.07,607.02,607.81,31241549
2024-12-09,1733754600,607.69,607.86,604.08,604.68,34742738
2024-12-10,1733841000,605.37,605.8,602.13,602.8,37234515
2024-12-11,1733927400,605.78,608.435,605.5,607.46,28677723
2024-12-12,1734013800,606.58,607.16,604.33,604.33,31543812
2024-12-13,1734100200,606.4,607.13,602.81,604.21,35904730
2024-12-16,1734359400,606,607.7795,605.21,606.79,43695179
2024-12-17,1734445800,604.19,605.17,602.885,604.29,55773545
2024-12-18,1734532200,603.98,606.405,585.89,586.28,108248729
2024-12-19,1734618600,591.36,593,585.85,586.1,85919452
2024-12-20,1734705000,581.77,595.75,580.91,591.15,125716674
2024-12-23,1734964200,590.89,595.3,587.661,594.69,57635828
2024-12-24,1735050600,596.06,601.34,595.47,601.3,33160097
2024-12-26,1735223400,599.5,602.48,598.0825,601.34,41338891
2024-12-27,1735309800,597.54,597.7761,590.7647,595.01,64969310
2024-12-30,1735569000,587.89,591.74,584.41,588.22,56578757
2024-12-31,1735655400,589.905,590.6399,584.42,586.08,57052654
2025-01-02,1735828200,589.39,591.13,580.5,584.64,50203975
2025-01-03,1735914600,587.53,592.6,586.43,591.95,37888459
2025-01-06,1736173800,596.27,599.7,593.6,595.36,47679442
2025-01-07,1736260200,597.42,597.75,586.78,588.63,60393052
2025-01-08,1736346600,588.7,590.5799,585.195,589.49,47304672
2025-01-10,1736519400,585.88,585.95,578.55,580.49,73105046
2025-01-13,1736778600,575.77,581.75,575.35,581.39,47910060
2025-01-14,1736865000,584.36,585,578.35,582.19,48420580
2025-01-15,1736951400,590.325,593.94,589.195,592.78,56900159
2025-01-16,1737037800,594.175,594.35,590.93,591.64,43319662
2025-01-17,1737124200,596.96,599.36,595.61,597.58,58070628
2025-01-21,1737469800,600.67,603.06,598.67,603.05,42532853
2025-01-22,1737556200,605.92,607.82,605.36,606.44,48195973
2025-01-23,1737642600,605.8,609.75,605.52,609.75,41152102
2025-01-24,1737729000,609.81,610.78,606.8,607.97,34604693
2025-01-27,1737988200,594.81,599.69,594.64,599.37,70361125
2025-01-28,1738074600,600.62,605.37,597.25,604.52,44433322
2025-01-29,1738161000,603.72,604.13,599.22,601.81,37177429
2025-01-30,1738247400,603.96,606.6,600.715,605.04,39281255
2025-01-31,1738333800,607.5,609.96,601.05,601.82,66671471
2025-02-03,1738593000,592.67,600.29,590.49,597.77,65857248
2025-02-04,1738679400,597.83,602.3,597.28,601.78,33457815
2025-02-05,1738765800,600.64,604.37,598.58,604.22,30653149
2025-02-06,1738852200,605.99,606.4525,602.63,606.32,35771503
2025-02-07,1738938600,606.89,608.13,600.05,600.77,50788516
2025-02-10,1739197800,604.03,605.4999,602.74,604.85,26048714
2025-02-11,1739284200,602.55,605.86,602.43,605.31,30056740
2025-02-12,1739370600,599.2,604.55,598.51,603.36,45076076
2025-02-13,1739457000,604.48,609.94,603.2,609.73,40921297
2025-02-14,1739543400,609.94,610.99,609.07,609.7,26910448
2025-02-18,1739889000,610.88,611.49,608.38,611.49,26749030
2025-02-19,1739975400,610.08,613.23,609.56,612.93,31011072
2025-02-20,1740061800,611.54,611.684,607.02,610.38,36554002
2025-02-21,1740148200,610.16,610.3,599.47,599.94,76519818
2025-02-24,1740407400,602.02,603.03,596.49,597.21,50737213
2025-02-25,1740493800,597.15,597.89,589.56,594.24,58266472
2025-02-26,1740580200,595.93,599.58,591.8556,594.54,43321578
2025-02-27,1740666600,596.85,598.02,584.65,585.05,74196664
2025-02-28,1740753000,585.56,594.72,582.44,594.18,88744106
2025-03-03,1741012200,596.18,597.34,579.9,583.77,74249199
2025-03-04,1741098600,579.71,585.39,572.25,576.86,109648212
2025-03-05,1741185000,576.69,584.88,573.0795,583.06,71230528
2025-03-06,1741271400,575.48,580.1736,570.12,572.71,80094868
2025-03-07,1741357800,570.9,577.39,565.63,575.92,81158816
2025-03-10,1741613400,567.59,569.54,555.59,560.58,99326624
2025-03-11,1741699800,559.4,564.02,552.02,555.92,88102109
2025-03-12,1741786200,562.17,563.11,553.69,558.87,69588167
2025-03-13,1741872600,558.49,559.105,549.68,551.42,74079414
2025-03-14,1741959000,556.11,563.83,551.4917,562.81,62660321
2025-03-17,1742218200,562.79,569.71,562.35,567.15,49008709
2025-03-18,1742304600,564.8,565.02,559.06,561.02,66041422
2025-03-19,1742391000,562.83,570.95,561.63,567.13,66555985
2025-03-20,1742477400,563.33,570.57,562.6012,565.49,62958195
2025-03-21,1742563800,559.28,564.89,558.03,563.98,83762964
2025-03-24,1742823000,570.8,575.15,570.2,574.08,58766795
2025-03-25,1742909400,575.3,576.41,573.69,575.46,38355735
2025-03-26,1742995800,575.19,576.33,567.19,568.59,52228898
2025-03-27,1743082200,567.18,570.9,564.94,567.08,42164248
2025-03-28,1743168600,565.53,566.2675,555.07,555.66,71662653
2025-03-31,1743427800,549.83,560.7112,546.87,559.39,95328213
2025-04-01,1743514200,557.45,562.94,553.68,560.97,54609641
2025-04-02,1743600600,555.05,567.42,554.81,564.52,76014544
2025-04-03,1743687000,545.11,547.97,536.7,536.7,125985998
2025-04-04,1743773400,523.67,525.87,505.06,505.28,217965131
2025-04-07,1744032600,489.19,523.17,481.8,504.38,256611355
2025-04-08,1744119000,521.86,524.98,489.16,496.48,165816581
2025-04-09,1744205400,493.44,548.62,493.05,548.62,241867317
2025-04-10,1744291800,532.17,533.495,509.32,524.58,162331225
2025-04-11,1744378200,523.01,536.43,520.07,533.94,97866334
2025-04-14,1744637400,544.05,544.28,533.86,539.12,68033993
2025-04-15,1744723800,539.675,543.23,536.81,537.61,56892874
2025-04-16,1744810200,531.68,537.8854,520.29,525.66,83484814
2025-04-17,1744896600,527.64,531.165,523.91,526.41,79868083
2025-04-21,1745242200,521.16,521.7,508.46,513.88,69368129
2025-04-22,1745328600,520.14,529.305,519.1925,527.25,75948117
2025-04-23,1745415000,540.43,545.43,533.88,535.42,90590658
2025-04-24,1745501400,536.715,547.43,535.4504,546.69,64150418
2025-04-25,1745587800,546.65,551.05,543.69,550.64,61119590
2025-04-28,1745847000,551.39,553.55,545.02,550.85,47613755
2025-04-29,1745933400,548.91,555.45,548.55,554.32,47775121
2025-04-30,1746019800,547.57,556.52,541.52,554.54,93101463
2025-05-01,1746106200,560.37,564.0699,557.86,558.47,63186146
2025-05-02,1746192600,564.73,568.38,562.38,566.76,60717270
2025-05-05,1746451800,562.57,566.65,561.7,563.51,38659222
2025-05-06,1746538200,557.93,563.3476,556.96,558.8,48264708
2025-05-07,1746624600,560.15,563.82,556.04,561.15,55733229
2025-05-08,1746711000,565.24,570.31,561.7,565.06,65130787
2025-05-09,1746797400,566.48,567.5,562.7637,564.34,37603427
2025-05-12,1747056600,581.47,583,577.04,582.99,78993570
2025-05-13,1747143000,583.41,589.08,582.84,586.84,67947225
2025-05-14,1747229400,587.81,588.98,585.535,587.59,66283531
2025-05-15,1747315800,585.56,590.97,585.0969,590.46,71268145
2025-05-16,1747402200,591.25,594.5,589.28,594.2,76052101
2025-05-19,1747661400,588.1,595.54,588.1,594.85,68168509
2025-05-20,1747747800,593.09,594.05,589.6,592.85,60614492
2025-05-21,1747834200,588.44,592.58,581.82,582.86,95197657
2025-05-22,1747920600,582.66,586.62,581.405,583.09,70860417
2025-05-23,1748007000,575.98,581.8101,575.6,579.11,76029046
2025-05-27,1748352600,586.07,591.31,578.43,591.15,72588475
2025-05-28,1748439000,591.56,592.7688,586.985,587.73,68445512
2025-05-29,1748525400,593.06,593.2,586.07,590.05,70073758
2025-05-30,1748611800,588.93,591.1299,583.235,589.39,90601242
2025-06-02,1748871000,587.76,592.79,585.06,592.71,61630502
2025-06-03,1748957400,592.34,597.08,591.85,596.09,63606204
2025-06-04,1749043800,596.96,597.95,595.49,595.93,57314199
2025-06-05,1749130200,597.63,599,591.05,593.05,92436397
2025-06-06,1749216600,598.66,600.83,596.86,599.14,66588743
2025-06-09,1749475800,599.72,601.25,598.49,599.68,53016418
2025-06-10,1749562200,600.22,603.47,599.09,603.08,66246973
2025-06-11,1749648600,604.19,605.06,599.27,601.36,73658225
2025-06-12,1749735000,600.01,603.75,599.52,603.75,64129003
2025-06-13,1749821400,598.5,601.85,595.48,597,89505996
2025-06-16,1750080600,600.4,604.45,600.22,602.68,79984125
2025-06-17,1750167000,600.21,601.75,596.76,597.53,82209365
2025-06-18,1750253400,598.44,601.22,596.47,597.44,76605029
2025-06-20,1750426200,598.38,599.46,592.86,594.28,94051374
2025-06-23,1750685400,595.04,600.54,591.89,600.15,87426039
2025-06-24,1750771800,604.33,607.8499,603.41,606.78,67735293
2025-06-25,1750858200,607.91,608.61,605.54,607.12,62114767
2025-06-26,1750944600,608.99,612.31,608.37,611.87,78548361
2025-06-27,1751031000,612.88,616.39,610.83,614.91,86258398
2025-06-30,1751290200,617.38,619.22,615.04,617.85,92502541
2025-07-01,1751376600,616.36,618.83,615.52,617.65,70030140
2025-07-02,1751463000,617.24,620.49,616.61,620.45,66510374
2025-07-03,1751549400,622.45,626.28,622.43,625.34,51065789
2025-07-07,1751895000,623.36,624.03,617.87,620.68,74814505
2025-07-08,1751981400,621.35,622.11,619.52,620.34,59024585
2025-07-09,1752067800,622.77,624.72,620.9105,624.06,66113326
2025-07-10,1752154200,624.2,626.8701,623.01,625.82,57528960
2025-07-11,1752240600,622.74,624.86,621.53,623.62,63670226
2025-07-14,1752499800,623.16,625.1581,621.7999,624.81,51898518
2025-07-15,1752586200,627.52,627.86,622.06,622.14,74317260
2025-07-16,1752672600,623.74,624.73,618.05,624.22,88987511
2025-07-17,1752759000,624.4,628.4048,624.18,628.04,68885683
2025-07-18,1752845400,629.3,629.47,626.46,627.58,65621645
2025-07-21,1753104600,628.77,631.54,628.34,628.77,63374984
2025-07-22,1753191000,629.1,629.73,626.19,628.86,60046288
2025-07-23,1753277400,631.55,634.21,629.73,634.21,70511036
2025-07-24,1753363800,634.6,636.15,633.99,634.42,71307134
2025-07-25,1753450200,635.09,637.5799,634.84,637.1,56865364
2025-07-28,1753709400,637.48,638.04,635.54,636.94,54917102
2025-07-29,1753795800,638.35,638.67,634.335,635.26,60556278
2025-07-30,1753882200,635.92,637.68,631.54,634.46,80418851
2025-07-31,1753968600,639.455,639.85,630.765,632.08,103385246
2025-08-01,1754055000,626.3,626.34,619.29,621.72,140103572
2025-08-04,1754314200,625.67,631.215,625.58,631.17,73218015
2025-08-05,1754400600,631.79,632.6052,627.04,627.97,68051401
2025-08-06,1754487000,629.05,633.44,628.13,632.78,64357525
2025-08-07,1754573400,636.24,636.98,629.11,632.25,74205791
2025-08-08,1754659800,634.06,637.645,633.74,637.18,64051626
2025-08-11,1754919000,637.46,638.95,634.66,635.92,58742300
2025-08-12,1755005400,638.29,642.85,636.79,642.69,64821798
2025-08-13,1755091800,644.91,646.19,642.68,644.89,60092790
2025-08-14,1755178200,642.79,645.62,642.34,644.95,59327466
2025-08-15,1755264600,645.99,646.09,642.5153,643.44,68592507
2025-08-18,1755523800,642.86,644,642.18,643.3,43804914
2025-08-19,1755610200,643.12,644.105,638.48,639.81,69750731
2025-08-20,1755696600,639.4,639.66,632.95,638.11,88890298
2025-08-21,1755783000,636.28,637.97,633.81,635.55,54805775
2025-08-22,1755869400,637.76,646.5,637.25,645.31,84083214
2025-08-25,1756128600,644.04,645.29,642.35,642.47,51274332
2025-08-26,1756215000,642.2,645.51,641.57,645.16,51581565
2025-08-27,1756301400,644.57,647.37,644.42,646.63,48341069
2025-08-28,1756387800,647.24,649.48,645.34,648.92,61519461
2025-08-29,1756474200,647.47,647.84,643.14,645.05,74522192
2025-09-02,1756819800,637.5,640.49,634.92,640.27,81983545
2025-09-03,1756906200,642.67,644.21,640.46,643.74,70820898
2025-09-04,1756992600,644.42,649.15,643.51,649.12,65219228
2025-09-05,1757079000,651.48,652.21,643.33,647.24,85178935
2025-09-08,1757338200,648.62,649.84,647.23,648.83,63133104
2025-09-09,1757424600,648.97,650.86,647.22,650.33,66133856
2025-09-10,1757511000,653.62,654.55,650.63,652.21,78034529
2025-09-11,1757597400,654.18,658.33,653.59,657.63,69934360
2025-09-12,1757683800,657.6,659.11,656.9,657.41,72780135
2025-09-15,1757943000,659.64,661.04,659.34,660.91,63772412
2025-09-16,1758029400,661.47,661.78,659.21,660,61168953
2025-09-17,1758115800,660.01,661.72,654.3,659.18,101952244
2025-09-18,1758202200,661.89,664.89,660.27,662.26,90459242
2025-09-19,1758288600,662.33,664.55,660.37,663.7,97945620
2025-09-22,1758547800,662.2,667.29,662.17,666.84,69452201
2025-09-23,1758634200,666.72,667.34,661.98,663.21,81708872
2025-09-24,1758720600,664.51,664.61,659.67,661.1,68082229
2025-09-25,1758807000,657.94,659.4056,654.405,658.05,89622067
2025-09-26,1758893400,659.51,662.37,657.88,661.82,69179209
2025-09-29,1759152600,664.36,665.28,661.86,663.68,73499015
2025-09-30,1759239000,662.93,666.65,661.61,666.18,86288028
2025-10-01,1759325400,663.17,669.37,663.06,668.45,72545369
2025-10-02,1759411800,670.45,670.565,666.78,669.22,56895993
2025-10-03,1759498200,669.99,672.675,668.16,669.21,70494350
2025-10-06,1759757400,671.62,672.51,669.455,671.61,54623260
2025-10-07,1759843800,672.54,672.99,667.67,669.12,72020067
2025-10-08,1759930200,670.25,673.2056,669.42,673.11,60702241
2025-10-09,1760016600,673.53,673.94,669.21,671.16,66501941
2025-10-10,1760103000,672.13,673.95,652.84,653.02,159422589
2025-10-13,1760362200,660.65,665.13,659.7679,663.04,79560517
2025-10-14,1760448600,657.17,665.83,653.17,662.23,88779560
2025-10-15,1760535000,666.82,670.23,658.93,665.17,81702555
2025-10-16,1760621400,666.82,668.71,657.11,660.64,110563346
2025-10-17,1760707800,659.5,665.755,658.14,664.39,96500870
2025-10-20,1760967000,667.32,672.21,667.27,671.3,60493350
2025-10-21,1761053400,671.44,672.99,669.981,671.29,56249034
2025-10-22,1761139800,672,672,663.3,667.8,80564006
2025-10-23,1761226200,668.12,672.7101,667.8,671.76,65604461
2025-10-24,1761312600,676.46,678.47,675.65,677.25,74356527
2025-10-27,1761571800,682.73,685.54,682.115,685.24,63339790
2025-10-28,1761658200,687.05,688.905,684.83,687.06,61738073
2025-10-29,1761744600,688.72,689.7,682.87,687.39,85362207
2025-10-30,1761831000,683.9,685.94,679.83,679.83,76335751
2025-10-31,1761917400,685.04,685.08,679.24,682.06,87164122
2025-11-03,1762180200,685.67,685.8,679.94,683.34,57315025
2025-11-04,1762266600,676.11,679.96,674.58,675.24,78426969
2025-11-05,1762353000,674.98,680.86,674.17,677.58,74402376
2025-11-06,1762439400,676.47,677.38,668.72,670.31,85035298
2025-11-07,1762525800,667.91,671.08,661.205,670.97,100592443
2025-11-10,1762785000,677.235,682.18,675.03,681.44,75842888
2025-11-11,1762871400,679.95,683.57,678.73,683,58953385
2025-11-12,1762957800,684.79,684.96,680.945,683.38,62312484
2025-11-13,1763044200,680.5,680.86,670.52,672.04,103457788
2025-11-14,1763130600,665.38,675.66,663.265,671.93,96846672
2025-11-17,1763389800,669.7,673.71,662.17,665.67,90456105
2025-11-18,1763476200,662.095,665.12,655.86,660.08,114467488
2025-11-19,1763562600,660.78,667.34,658.745,662.63,94702955
2025-11-20,1763649000,672.91,675.56,651.89,652.53,165293521
2025-11-21,1763735400,655.05,664.55,650.85,659.03,123956203
2025-11-24,1763994600,662.69,670.06,661.59,668.73,80437940
2025-11-25,1764081000,668.63,676.21,664.48,675.02,81077088
2025-11-26,1764167400,677.63,681.7,676.72,679.68,71879597
2025-11-28,1764340200,680.86,683.665,680.5,683.39,49212030
2025-12-01,1764599400,678.81,682.99,678.74,680.27,61201193
2025-12-02,1764685800,681.92,683.82,679.3275,681.53,62953844
2025-12-03,1764772200,680.57,684.91,679.69,683.89,57238481
2025-12-04,1764858600,685.3,685.37,681.34,684.39,61970336
2025-12-05,1764945000,685.47,688.39,684.58,685.69,79241045
2025-12-08,1765204200,686.59,686.64,681.57,683.63,55231462
2025-12-09,1765290600,683.15,685.385,682.59,683.04,58310055
2025-12-10,1765377000,682.56,688.97,681.31,687.57,85671334
2025-12-11,1765463400,685.14,689.25,682.165,689.17,86173678
2025-12-12,1765549800,688.17,688.88,679.1744,681.76,113160347
2025-12-15,1765809000,685.74,685.76,679.25,680.73,90810952
2025-12-16,1765895400,679.23,681.08,674.98,678.87,122030631
2025-12-17,1765981800,679.89,680.435,671.195,671.4,110625198
2025-12-18,1766068200,677.6,680.74,674.9,676.47,108650128
2025-12-19,1766154600,676.59,681.09,676.47,680.59,103599543
2025-12-22,1766413800,683.94,685.36,680.5868,684.83,69556733
2025-12-23,1766500200,683.92,688.2,683.87,687.96,64839951
2025-12-24,1766586600,687.95,690.83,687.8,690.38,39445560
2025-12-26,1766759400,690.64,691.66,689.27,690.31,41613347
2025-12-29,1767018600,687.54,689.2,686.07,687.85,62559503
2025-12-30,1767105000,687.445,688.555,686.58,687.01,47160671
2025-12-31,1767191400,687.14,687.36,681.71,681.92,74144801
2026-01-02,1767364200,685.71,686.87,679.82,683.17,89377203
2026-01-05,1767623400,686.54,689.43,686.375,687.72,71927191
2026-01-06,1767709800,687.93,692.315,687.78,691.81,69273827
2026-01-07,1767796200,692.19,693.96,689.32,689.58,75588337
2026-01-08,1767882600,688.82,690.615,687.49,689.51,64019200
2026-01-09,1767969000,690.63,695.31,689.18,694.07,80125467
2026-01-12,1768228200,690.68,696.09,690.63,695.16,63976002
2026-01-13,1768314600,695.49,696.09,691.35,693.77,78309726
2026-01-14,1768401000,691,691.72,686.04,690.36,94676684
2026-01-15,1768487400,694.57,695.45,691.25,692.24,77861974
2026-01-16,1768573800,693.66,694.25,690.1,691.66,79289200
2026-01-20,1768919400,681.49,684.77,676.57,677.58,111623277
2026-01-21,1769005800,679.65,688.735,678.13,685.4,127844467
2026-01-22,1769092200,689.85,691.125,686.92,688.98,77112243
2026-01-23,1769178600,688.15,690.96,687.16,689.23,63059578
2026-01-26,1769437800,690.49,694.13,689.92,692.73,60473813
2026-01-27,1769524200,694.18,696.53,693.57,695.49,55506147
2026-01-28,1769610600,697.05,697.84,693.94,695.42,61172165
2026-01-29,1769697000,696.39,697.06,684.83,694.04,97486198
2026-01-30,1769783400,691.79,694.21,687.12,691.97,101835131
2026-02-02,1770042600,689.58,696.93,689.42,695.41,79286521
2026-02-03,1770129000,696.21,696.96,684.03,689.53,107904611
2026-02-04,1770215400,690.35,691.45,681.76,686.19,105204600
2026-02-05,1770301800,680.94,683.69,675.79,677.62,113610812
2026-02-06,1770388200,681.46,692.31,680.85,690.62,89127566
2026-02-09,1770647400,689.42,695.87,688.34,693.95,73885192
2026-02-10,1770733800,694.95,696.54,691.66,692.12,65185725
2026-02-11,1770820200,696.39,697.14,689.18,691.96,76353872
2026-02-12,1770906600,694.24,695.35,680.37,681.27,118828963
2026-02-13,1770993000,681.69,686.28,677.52,681.75,96267487
2026-02-17,1771338600,680.14,684.94,675.78,682.85,81354660
2026-02-18,1771425000,684.02,689.15,682.83,686.29,73570341
2026-02-19,1771511400,683.84,686.18,681.5475,684.48,58649363
2026-02-20,1771597800,682.32,690.06,681.73,689.43,100033986
2026-02-23,1771857000,687.83,690,680.371,682.39,90558087
2026-02-24,1771943400,681.9,688.35,680,687.35,73798727
2026-02-25,1772029800,690.18,693.68,690.1,693.15,56369479
2026-02-26,1772116200,693.28,693.3,684.35,689.3,71670990
2026-02-27,1772202600,683.09,686.86,681.64,685.99,83308869
2026-03-02,1772461800,678.7,688.62,678.02,686.38,87477198
2026-03-03,1772548200,675.06,682.61,669.66,680.33,105003113
2026-03-04,1772634600,681.63,687.09,679.62,685.13,79182244
2026-03-05,1772721000,682.08,685.53,675.61,681.31,106606464
2026-03-06,1772807400,673.41,676.11,669.76,672.38,100686951
2026-03-09,1773063000,666.39,679.92,662.39,678.27,102667711
2026-03-10,1773149400,677.72,683.36,674.76,677.18,81505315
2026-03-11,1773235800,677.58,680.08,673.34,676.33,68441672
2026-03-12,1773322200,671.16,671.65,665.87,666.06,108882246
2026-03-13,1773408600,669.27,672.335,661.36,662.29,97200242
2026-03-16,1773667800,668.38,672.07,667.12,669.03,82023130
2026-03-17,1773754200,672.39,674.44,669.7,670.79,87128044
2026-03-18,1773840600,668.36,669.72,661.19,661.43,82062576
2026-03-19,1773927000,656.97,662.98,655.17,659.8,111272539
2026-03-20,1774013400,656.51,656.69,644.72,648.57,163617523
2026-03-23,1774272600,658.07,662.615,653.94,655.38,134802732
2026-03-24,1774359000,651.32,657.03,649.88,653.18,96457478
2026-03-25,1774445400,658.67,660.89,654.24,656.82,90653787
2026-03-26,1774531800,652.06,654.85,644.82,645.09,96494375
2026-03-27,1774618200,642.5,642.66,633.105,634.09,103649369
2026-03-30,1774877400,640.11,640.37,629.28,631.97,99275851
2026-03-31,1774963800,638.94,651.54,637.98,650.34,152534103
2026-04-01,1775050200,653.9,658.52,653,655.24,97841472
2026-04-02,1775136600,646.42,658.2,645.11,655.83,68358713
2026-04-06,1775482200,655.86,659.72,655.52,658.93,39105758
2026-04-07,1775568600,656.65,659.61,651.06,659.22,69980362
2026-04-08,1775655000,676.39,677.08,671.46,676.01,93606114
2026-04-09,1775741400,674.84,681.16,673.77,679.91,57134445
2026-04-10,1775827800,681.32,682.03,678.45,679.46,42253456
2026-04-13,1776087000,677.41,686.3,676.58,686.1,54185819
2026-04-14,1776173400,687.69,694.58,687.66,694.46,63480529
2026-04-15,1776259800,695.26,700.28,694.2,699.94,58240384
2026-04-16,1776346200,701.06,702.78,698.53,701.66,49972363
2026-04-17,1776432600,706.14,712.39,705.76,710.14,70661926
2026-04-20,1776691800,708.78,709.91,706.14,708.72,43546812
2026-04-21,1776778200,710.28,711.275,702.64,704.08,58941384
2026-04-22,1776864600,709.15,711.45,708.22,711.21,42518498
2026-04-23,1776951000,709.5,712.3598,702.2803,708.45,56173990
2026-04-24,1777037400,710.75,714.47,709.01,713.94,45181957
2026-04-27,1777296600,713.17,715.63,712.295,715.17,33135943
2026-04-28,1777383000,711.815,712.88,709.25,711.69,43117436
2026-04-29,1777469400,711,712.2,708.37,711.58,41859227
2026-04-30,1777555800,714.63,719.79,710.445,718.66,67240949
2026-05-01,1777642200,721.25,724.87,720.47,720.65,43049849
2026-05-04,1777901400,720.07,722.12,714.99,718.01,51950558
2026-05-05,1777987800,721.77,725.04,721.4898,723.77,36933226
2026-05-06,1778074200,728.16,734.59,727.82,733.83,53288940
2026-05-07,1778160600,735.05,736.13,729.75,731.58,51724642
2026-05-08,1778247000,734.93,738.08,734.57,737.62,47227085
2026-05-11,1778506200,736.45,740.79,736.45,739.3,44023951
2026-05-12,1778592600,736.89,738.84,731.83,738.18,54185273
2026-05-13,1778679000,738.47,743.91,735.47,742.31,44200203
2026-05-14,1778765400,743.65,749.53,743.56,748.17,45307603
2026-05-15,1778851800,741.79,743.46,737.96,739.17,60410771
2026-05-18,1779111000,739.83,741.415,733.39,738.65,47843865
2026-05-19,1779197400,734.78,737.65,731.53,733.73,54255913
2026-05-20,1779283800,735.71,741.87,733.89,741.25,45768035
2026-05-21,1779370200,738.64,744.87,737.03,742.72,43332225
2026-05-22,1779456600,746.24,748.94,744.48,745.64,41762006
2026-05-26,1779802200,750.01,752.13,748.37,750.59,41123621
2026-05-27,1779888600,750.88,751.38,748.22,750.46,42106285
2026-05-28,1779975000,750.25,755.15,749.23,754.6,41562563
2026-05-29,1780061400,755.9,758.08,754.69,756.48,55075739
2026-06-01,1780320600,755.36,760.28,754.69,758.54,43634933
2026-06-02,1780407000,757.03,760.4,756.75,759.57,31581852
2026-06-03,1780493400,758.15,758.8,753.57,754.24,51402518
2026-06-04,1780579800,752.1,758.31,751.47,757.09,49923036
2026-06-05,1780666200,752.31,752.82,735.525,737.55,93989416
2026-06-08,1780925400,743.36,745.34,738.19,739.22,49319144
2026-06-09,1781011800,743.63,746.9,722.59,737.05,87683517
2026-06-10,1781098200,733.39,738.38,725.33,725.43,60341349
2026-06-11,1781184600,728.76,740,724.405,737.76,86330522
2026-06-12,1781271000,740.71,744.44,735.03,741.75,57079533
2026-06-15,1781530200,751.85,756.68,751.76,754.83,60176425
2026-06-16,1781616600,754.55,755.44,749.88,750.33,67093142
2026-06-17,1781703000,751.29,752.15,739.22,740.96,85945227
2026-06-18,1781789400,747.76,748.23,743.86,746.74,80875657
2026-06-22,1782135000,747.7,750.18,743.13,744.39,46628074
2026-06-23,1782221400,733.81,739.63,732.3,733.58,66846780
2026-06-24,1782307800,735.17,739.945,730.84,733.24,57439507
2026-06-25,1782394200,738.91,739.37,729.6,734.3,54128065
2026-06-26,1782480600,728.945,736.53,716.58,728.99,71033970
2026-06-29,1782739800,736.525,741.56,732.09,741,58035228
2026-06-30,1782826200,741.29,748.02,740.89,746.77,55626035
2026-07-01,1782912600,745,749.435,742.375,745.76,47100878
2026-07-02,1782999000,747.4,751.31,740.03,744.78,57505953
2026-07-06,1783344600,748.74,752.41,747.41,751.28,50673310
2026-07-07,1783431000,750.22,750.96,745.21,747.71,43721494
2026-07-08,1783517400,743.16,746.15,739.51,745.4,43767393
2026-07-09,1783603800,747.35,751.97,745.59,751.71,41441718
2026-07-10,1783690200,752.05,755.42,748.1,754.95,42191313
2026-07-13,1783949400,752.47,753.9105,748,749.17,44013628
2026-07-14,1784035800,750.91,753.34,748.66,751.83,35143138
2026-07-15,1784122200,754.24,755.58,750.2,754.81,43844769
2026-07-16,1784208600,752.76,754.57,747.88,750.72,46409814
2026-07-17,1784295000,742.08,747.29,740.8,743.29,62650961
2026-07-20,1784554200,747.06,748.73,741.5103,742.09,50422324
2026-07-21,1784640600,746.29,749.04,744.18,748.28,34324262
2026-07-22,1784727000,746.62,750.02,746.37,747.41,32836200
2026-07-23,1784813400,739.37,742.56,735.21,738.18,55437332
2026-07-24,1784899800,738.51,743.72,737.29,738.93,44781983
2026-07-27,1785159000,744.91,745.53,735.87,739.09,41461194
2026-07-28,1785245400,739.19,742.7901,735.98,740.86,47322247
2026-07-29,1785331800,739.97,742.68,729.1,729.46,70697215
2026-07-30,1785418200,736.05,742.45,734.59,741.69,66811268
2026-07-31,1785504600,744.68,748.895,737.68,747.03,62445899
2026-08-03,1785763800,749.44,758.58,748.8,757.67,59927538
2026-08-04,1785850200,760.63,773.41,760.52,771.33,69154788
2026-08-05,1785936600,775.85,776.85,769.51,769.79,44689081
2026-08-06,1786023000,770.21,771.82,767.46,768.56,38416896
2026-08-07,1786109400,771.02,773.915,769.61,773.26,43586333
2026-08-10,1786368600,772.6,775.05,771.62,773.03,39249478
2026-08-11,1786455000,774.53,774.61,769.2,770.56,36740555
2026-08-12,1786541400,774.71,774.9,771.28,772.49,33179126
2026-08-13,1786627800,774.87,779.37,774.111,777.88,35634483
2026-08-14,1786714200,778.54,778.8,775.4301,776.34,31367913
2026-08-17,1786973400,776.18,776.775,772.51,772.67,34356577
2026-08-18,1787059800,768.7,769.5,766.92,767.45,43920908
2026-08-19,1787146200,770.36,772.47,768.1,769.06,40306023
2026-08-20,1787232600,765.96,768.15,762.04,762.6,45520302
2026-08-21,1787319000,766.05,767.85,764.17,765.72,39188673
2026-08-24,1787578200,764.78,765.22,762.08,763.47,32430886
2026-08-25,1787664600,766.16,766.78,763.0501,765.91,27422263
2026-08-26,1787751000,764.73,767.35,763.93,766.08,28751592
2026-08-27,1787837400,768.5,772.355,767.16,771.1,34557064
2026-08-28,1787923800,771.76,775.3,768.3076,769.35,36744344
2026-08-31,1788183000,767.33,767.995,764.715,767.05,38810779
2026-09-01,1788269400,762.01,764.67,759.48,761.78,41126315
2026-09-02,1788355800,762.45,766.43,761.73,765.16,29566216
2026-09-03,1788442200,767.9,774.03,767.45,773.17,43531581
2026-09-04,1788528600,772.01,772.87,769,770.19,34054199
2026-09-08,1788874200,769.07,769.7,765.14,765.96,44746095
2026-09-09,1788960600,764.08,764.47,760.94,762.4,32812411
2026-09-10,1789047000,758.03,760.11,756.64,757.83,42740375
2026-09-11,1789133400,764.72,766.38,763.6,764.29,45512741
2026-09-14,1789392600,759,763.52,757.93,760.88,43992428
2026-09-15,1789479000,760.117,760.35,756.15,757.39,46194964
2026-09-16,1789565400,759.5,761.67,749.6,754.05,59217653
2026-09-17,1789651800,763.15,763.57,759.96,762.6,49652754
2026-09-18,1789738200,761.31,762,757.971,761.69,65395148
2026-09-21,1789997400,766.251,774.89,766.03,773.5,50484685
2026-09-22,1790083800,774.03,775.14,772.57,773.38,34802336
2026-09-23,1790170200,772.79,773.05,766.5,767.81,54931688
2026-09-24,1790256600,764.065,768.95,763.245,767.18,43983659
2026-09-25,1790343000,768.78,772.28,766.29,771.35,36666734
2026-09-28,1790602200,768.35,769.54,763.715,765.61,42694469
2026-09-29,1790688600,766.83,766.98,762.35,764.2,36910546
2026-09-30,1790775000,766.45,769.41,762.18,762.63,62110041
2026-10-01,1790865000,764.3599853515625,772.6500244140625,758.7899780273438,769.6400146484375,94014500.0
2026-10-02,1790951400,770.5800170898438,772.6500244140625,767.14501953125,769.6400146484375,45857487.0
