date,t,o,h,l,c,v
2006-11-13,1163428200,89.84,89.84,89.47009,89.84,462400
2006-11-14,1163514600,90.34,90.39,90.12,90.19,916400
2006-11-15,1163601000,90.05,90.05,89.74001,89.85001,1803200
2006-11-16,1163687400,90,90.05,89.28,89.44,1494400
2006-11-17,1163773800,89.56,90.22,89.50999,89.95,1752000
2006-11-20,1164033000,90,90.12,89.86,90.09,857200
2006-11-21,1164119400,90.14,90.39,89.96001,90.31,605100
2006-11-22,1164205800,90.36,90.50999,90.27,90.46001,770300
2006-11-24,1164378600,90.75,90.89999,90.62,90.62,533400
2006-11-27,1164637800,90.23,90.95,90.12,90.95,784500
2006-11-28,1164724200,91.24001,91.24719,90.75999,91.14999,1466300
2006-11-29,1164810600,91.3,91.36,90.91,90.92999,1206300
2006-11-30,1164897000,91.27,91.63,91.14,91.53,1428600
2006-12-01,1164983400,91.28,91.8,91.14999,91.42,1156300
2006-12-04,1165242600,91.3,91.62,91.22,91.58,460700
2006-12-05,1165329000,91.36,91.52,91,91.14999,1833700
2006-12-06,1165415400,91.03,91.17999,90.89,90.97,936100
2006-12-07,1165501800,90.99001,91.09,90.7495,90.89999,739200
2006-12-08,1165588200,90.85001,90.97,90.19,90.24001,2090300
2006-12-11,1165847400,90.63,90.74001,90.50999,90.63,727700
2006-12-12,1165933800,90.73,90.97,90.45,90.82001,888500
2006-12-13,1166020200,90.31,90.35001,89.82001,90.00999,1217900
2006-12-14,1166106600,89.82001,89.89999,89.60001,89.67999,687500
2006-12-15,1166193000,90.58,90.66,89.60001,89.73,1162100
2006-12-18,1166452200,89.72,89.84,89.59,89.75999,441400
2006-12-19,1166538600,89.50999,89.81,89.50999,89.64,930700
2006-12-20,1166625000,89.64999,89.6799,89.55,89.63,336800
2006-12-21,1166711400,89.71001,90.19,89.60001,90.08,770700
2006-12-22,1166797800,89.83,89.85001,89.21001,89.39,1433200
2006-12-26,1167143400,89.45,89.69,89.36,89.66,496200
2006-12-27,1167229800,89.28,89.33009,88.7,88.7,840700
2006-12-28,1167316200,88.89999,88.96001,88.06,88.5,1080200
2006-12-29,1167402600,88.35001,88.55,88.21001,88.42999,775500
2007-01-03,1167834600,89.22,89.46001,88.66,89.07001,1870400
2007-01-04,1167921000,89.22,89.64999,89.22,89.60001,1696900
2007-01-05,1168007400,88.8,89.39999,88.75,89.22,1298400
2007-01-08,1168266600,89.12,89.37,89.05,89.37,414200
2007-01-09,1168353000,89.48,89.48,89.22,89.37,481500
2007-01-10,1168439400,89.07001,89.13,88.88,88.97,519600
2007-01-11,1168525800,88.78999,88.8,88.25999,88.45,1302500
2007-01-12,1168612200,88.14999,88.84,87.89999,88.03999,878300
2007-01-16,1168957800,88.23,88.24001,88.03,88.2,702800
2007-01-17,1169044200,88.21001,88.27,87.82001,87.96001,724100
2007-01-18,1169130600,87.94,88.28,87.78,88.23,918300
2007-01-19,1169217000,88.14999,88.14999,87.87,87.99001,882500
2007-01-22,1169476200,88.14999,88.33,88.12,88.2,432000
2007-01-23,1169562600,88.02,88.05,87.57001,87.62,1096800
2007-01-24,1169649000,87.66,87.7,87.5,87.61,463700
2007-01-25,1169735400,87.45,87.47,86.88,86.98,1397000
2007-01-26,1169821800,86.78,87.08,86.61,86.91,1737300
2007-01-29,1170081000,87.06,87.10001,86.60001,86.72,1015300
2007-01-30,1170167400,86.89,86.91,86.75999,86.82001,1295100
2007-01-31,1170253800,86.73,87.61,86.7,87.55,2078000
2007-02-01,1170340200,87.64999,87.75999,87,87.09,986200
2007-02-02,1170426600,87.08,87.39,87.08,87.2,814700
2007-02-05,1170685800,87.39999,87.46001,87.16,87.32001,395500
2007-02-06,1170772200,87.2,87.83,87.16,87.8,770500
2007-02-07,1170858600,87.89999,88.12,87.84,88.06,836200
2007-02-08,1170945000,87.99001,88.31,87.91,88.13,980200
2007-02-09,1171031400,87.89,87.92,87.55,87.63,878300
2007-02-12,1171290600,87.49001,87.64999,87.33,87.42999,467600
2007-02-13,1171377000,87.49001,87.49001,87.2,87.24001,1310600
2007-02-14,1171463400,87.52,88.19,87.52,88.07001,2262500
2007-02-15,1171549800,88.53,88.58,88.33,88.33,893800
2007-02-16,1171636200,88.59,88.72,88.48,88.64,1476700
2007-02-20,1171981800,88.5,88.85001,88.5,88.84,847400
2007-02-21,1172068200,88.53,88.7,88.48,88.69,379800
2007-02-22,1172154600,88.41,88.45,88.0899,88.21001,485200
2007-02-23,1172241000,88.53,88.94,88.49001,88.84,735700
2007-02-26,1172500200,89.14999,89.44,89.11,89.42999,763333
2007-02-27,1172586600,89.74001,91.25999,89.60001,90.56,3243200
2007-02-28,1172673000,90.16,90.47,89.89,90.14999,1701900
2007-03-01,1172759400,90.28,90.42999,89.64999,89.74001,2423990
2007-03-02,1172845800,89.96001,90.48,89.67,90.2,1619800
2007-03-05,1173105000,90.48,90.5,90.06149,90.35001,1504400
2007-03-06,1173191400,90.06,90.36,89.99001,90.08,837400
2007-03-07,1173277800,90.08,90.5,89.98,90.42999,915400
2007-03-08,1173364200,90.28999,90.42,90.11,90.35001,574700
2007-03-09,1173450600,89.38,89.89999,89.19,89.39999,1534700
2007-03-12,1173706200,89.73,89.98,89.67999,89.75,594400
2007-03-13,1173792600,90.23,90.34,89.98,90.28999,553800
2007-03-14,1173879000,90.14999,90.53999,89.84,89.88,1698100
2007-03-15,1173965400,89.75999,89.96001,89.67,89.87,394900
2007-03-16,1174051800,89.67,89.92,89.64999,89.85001,623800
2007-03-19,1174311000,89.58,89.7,89.52,89.66,693900
2007-03-20,1174397400,89.91,89.95,89.69,89.71001,768400
2007-03-21,1174483800,89.38,90.09,88.69,89.75,1513399
2007-03-22,1174570200,89.48,89.48,88.83,89.03999,1484257
2007-03-23,1174656600,89.19,89.2,88.78,88.78999,1679700
2007-03-26,1174915800,88.62,89.27,88.5,88.89999,763594
2007-03-27,1175002200,88.64,88.81,88.56,88.75,619800
2007-03-28,1175088600,88.91,89.11,88.41,88.57001,816815
2007-03-29,1175175000,88.53999,88.67,88.32001,88.45,823000
2007-03-30,1175261400,88.64999,88.92,88.22,88.28,2015100
2007-04-02,1175520600,88.11,88.22,88.00999,88.10001,579520
2007-04-03,1175607000,88.02,88.17,87.98,87.99001,617000
2007-04-04,1175693400,88.17,88.34,87.89999,88.08,576886
2007-04-05,1175779800,88.10001,88.12,87.71001,87.75,436400
2007-04-09,1176125400,87.28,87.31,87.13,87.17,1283900
2007-04-10,1176211800,87.39,87.55,87.31,87.42999,674400
2007-04-11,1176298200,87.47,87.58,87.28,87.37,476200
2007-04-12,1176384600,87.5,87.5699,87.28,87.39,495043
2007-04-13,1176471000,87.41,87.47,87.00999,87.12,557800
2007-04-16,1176730200,87.39999,87.6763,87.39999,87.60001,833600
2007-04-17,1176816600,87.89,88.16,87.84,88.09,1254120
2007-04-18,1176903000,88.37,88.56,88.36,88.53,451076
2007-04-19,1176989400,88.66,88.71001,88.2,88.38,1305815
2007-04-20,1177075800,88.45,88.45,88.06,88.14999,664429
2007-04-23,1177335000,88.14,88.59,88.03999,88.47,419000
2007-04-24,1177421400,88.45,88.82001,88.45,88.8,881228
2007-04-25,1177507800,88.57001,88.78999,88.11,88.49001,569000
2007-04-26,1177594200,88.42999,88.42999,87.85001,87.85001,2048304
2007-04-27,1177680600,88.00999,88.05,87.78,87.83,428640
2007-04-30,1177939800,88.33,88.75,88.25,88.75,485700
2007-05-01,1178026200,88.58,88.64,88.11,88.49001,487200
2007-05-02,1178112600,88.44,88.48,88.28999,88.44,443901
2007-05-03,1178199000,88.37,88.37,88.00999,88.24001,427618
2007-05-04,1178285400,88.52,88.64,88.5,88.60001,262000
2007-05-07,1178544600,88.7,88.85001,88.67,88.84,210175
2007-05-08,1178631000,89.00999,89.00999,88.64,88.64,488322
2007-05-09,1178717400,88.64999,88.66,88.25999,88.28999,634900
2007-05-10,1178803800,88.39999,88.5899,88.31,88.5,519452
2007-05-11,1178890200,88.64,88.7,88.13251,88.19,1238400
2007-05-14,1179149400,88.23,88.28,87.96001,87.96001,315200
2007-05-15,1179235800,88.19,88.2101,87.66,87.92999,382400
2007-05-16,1179322200,87.86,88,87.83,87.87,599440
2007-05-17,1179408600,87.60001,87.72,87.411,87.50999,397000
2007-05-18,1179495000,87.35001,87.49989,86.88,86.92999,856434
2007-05-21,1179754200,86.92999,87.24001,86.83051,87.19,831063
2007-05-22,1179840600,87.17999,87.2,86.67999,86.74001,920500
2007-05-23,1179927000,86.84,86.84,86.31,86.49001,914447
2007-05-24,1180013400,86.46001,86.5899,85.96001,86.57001,1598400
2007-05-25,1180099800,86.39999,86.61,86.33,86.37,754895
2007-05-29,1180445400,86.50999,86.5699,85.83,86.36,1055700
2007-05-30,1180531800,86.78999,86.78999,86.39,86.53999,612000
2007-05-31,1180618200,86.56,86.58,86.03999,86.38,1725900
2007-06-01,1180704600,85.89999,86.84,85.53999,85.59,1694300
2007-06-04,1180963800,85.83,86.02,85.67,85.98,877700
2007-06-05,1181050200,85.89,85.94,85.38,85.44,1145400
2007-06-06,1181136600,85.36,85.53999,85.25999,85.39999,1129152
2007-06-07,1181223000,84.63,84.71001,83.73,83.87,5010375
2007-06-08,1181309400,83.61,84.12,83.36,83.8,5307598
2007-06-11,1181568600,83.49001,83.89,83.25999,83.56,2043725
2007-06-12,1181655000,82.91,83.42,82.2,82.35001,9047945
2007-06-13,1181741400,82.7,83.75999,82.64999,83.33,8751199
2007-06-14,1181827800,83.14,83.71001,83.05,83.12,3384620
2007-06-15,1181914200,83.42,83.73,83.2,83.69,5827199
2007-06-18,1182173400,83.63,83.64999,82.24001,83.52,17704608
2007-06-19,1182259800,83.82001,84.45,83.72,84.3,4620066
2007-06-20,1182346200,84.02,84.08,83.59,83.62,3031700
2007-06-21,1182432600,83.53999,83.7001,83.21001,83.22,850400
2007-06-22,1182519000,83.05,83.77,82.95,83.75999,2118900
2007-06-25,1182778200,84.14999,84.35001,83.96001,84.22,1323500
2007-06-26,1182864600,84.28999,84.32001,83.97,84.24001,2187780
2007-06-27,1182951000,84.61,84.74001,84.2,84.32001,6109301
2007-06-28,1183037400,84.32001,84.58,84.17999,84.3,3612493
2007-06-29,1183123800,84.85001,85.3,84.64,85.17,1962104
2007-07-02,1183383000,84.81,85.37,84.81,85.28999,2811660
2007-07-03,1183469400,85.25,85.34,84.71001,84.77,1387475
2007-07-05,1183642200,84.31,84.42,83.72,83.82001,4589941
2007-07-06,1183728600,83.53999,83.55,83.28,83.48,1437714
2007-07-09,1183987800,83.87,83.92999,83.67999,83.78,795400
2007-07-10,1184074200,84.48,85.2,84.42999,85.2,2257968
2007-07-11,1184160600,84.95,85.09,84.32001,84.32001,1191300
2007-07-12,1184247000,84.55,84.58,83.8714,84.03,1941109
2007-07-13,1184333400,84.45,84.54849,83.94,84.25999,725900
2007-07-16,1184592600,84.52,85.11,84.52,85.07001,952000
2007-07-17,1184679000,84.86,85.09,84.5,84.89,734125
2007-07-18,1184765400,84.92999,85.53999,84.81,85.21001,1836795
2007-07-19,1184851800,84.89999,85.25999,84.8,85.19,1020988
2007-07-20,1184938200,85.38,86.08,85.32001,85.96001,1461250
2007-07-23,1185197400,85.69,85.97,85.69,85.82001,777900
2007-07-24,1185283800,86.00999,86.16,85.72,86.14,1351575
2007-07-25,1185370200,86.07001,86.39,86,86.31,881068
2007-07-26,1185456600,86.74001,87.46001,86.64999,87.03,2866998
2007-07-27,1185543000,87.05,87.56,86.85001,87.28,5364734
2007-07-30,1185802200,87.19,87.36,86.91,87.03,1803900
2007-07-31,1185888600,87.13,87.75,86.95,87.66,2467536
2007-08-01,1185975000,87.25999,87.53999,87.09,87.13,2154651
2007-08-02,1186061400,87.21001,87.45,86.99001,87.35001,2079459
2007-08-03,1186147800,87.28,87.92999,87.28,87.92999,1577597
2007-08-06,1186407000,87.7,87.72,87.17,87.28999,1298400
2007-08-07,1186493400,87.42999,87.71001,86.92,87.22,2573800
2007-08-08,1186579800,86.89,86.89,85.86,86.16,6471270
2007-08-09,1186666200,86.75,86.86,85.72,86.28,2637423
2007-08-10,1186752600,86.49001,86.7,85.98,86.08,1496400
2007-08-13,1187011800,85.92,86.39999,85.89999,86.33,1312600
2007-08-14,1187098200,86.02,86.78,86.0123,86.56,1314700
2007-08-15,1187184600,86.64999,86.75,86.25,86.25,1101700
2007-08-16,1187271000,86.87,87.60001,86.75999,87.14,2410200
2007-08-17,1187357400,86.39999,86.91,86.05,86.78999,2114400
2007-08-20,1187616600,86.96001,87.27,86.83,86.84,1048680
2007-08-21,1187703000,87.10001,87.4101,87.05,87.25999,1517200
2007-08-22,1187789400,87.05,87.31,86.81,87.12,1137787
2007-08-23,1187875800,87.09,87.67999,87.03,87.42,1618800
2007-08-24,1187962200,87.77,88.08,87.56,87.85001,1614514
2007-08-27,1188221400,88.28,88.48,88.14999,88.31,1585400
2007-08-28,1188307800,88.42999,88.74001,88.28,88.46001,1298900
2007-08-29,1188394200,88.49001,88.77,88.16,88.22,2686700
2007-08-30,1188480600,88.61,88.96001,88.47,88.81,1806800
2007-08-31,1188567000,88.59,89.2,88.53999,88.88,2763200
2007-09-04,1188912600,88.83,89.13,88.2,88.56,930971
2007-09-05,1188999000,88.75999,89.35001,88.72,89.27,1271500
2007-09-06,1189085400,89.31,89.49001,88.95,89.03999,1768399
2007-09-07,1189171800,89.75,90.5,89.69,90.3,2852165
2007-09-10,1189431000,90.5,91.27,90.5,91,2495150
2007-09-11,1189517400,90.88,91.27,90.7,90.92999,3925339
2007-09-12,1189603800,90.89999,90.94,90.42,90.59,4458250
2007-09-13,1189690200,90.3,90.33,89.58,89.78,2020535
2007-09-14,1189776600,90.58,90.59,89.62,89.91,1357170
2007-09-17,1190035800,89.82001,90.39,89.75999,90.34,1285400
2007-09-18,1190122200,89.8,90.24001,89,89.66,3132800
2007-09-19,1190208600,88.71001,89.00999,88.37,88.83,3854630
2007-09-20,1190295000,88.17999,88.28999,87.10001,87.14999,5903199
2007-09-21,1190381400,87.58,88.131,87.58,87.89,2217600
2007-09-24,1190640600,88.03,88.28,87.91,88.14,1943590
2007-09-25,1190727000,88.5,88.62,87.83,87.83,2513420
2007-09-26,1190813400,87.62,88.13,87.42999,87.91,2646389
2007-09-27,1190899800,88.24001,88.78,88.14999,88.52,1802900
2007-09-28,1190986200,89.16,89.33,88.22,88.72,1254645
2007-10-01,1191245400,88.69,88.98,88.42999,88.88,1399400
2007-10-02,1191331800,88.75,89.37,88.67999,89.16,887800
2007-10-03,1191418200,89.33,89.42999,88.73,88.89999,1164600
2007-10-04,1191504600,89.00999,89.32001,88.91,89.24001,1128700
2007-10-05,1191591000,88.31,88.44,87.71001,88.28,2184700
2007-10-08,1191850200,87.77,88.5,87.77,88.21001,280100
2007-10-09,1191936600,88.16,88.36,87.78,88.10001,901000
2007-10-10,1192023000,87.98,88.4325,87.78999,88.14999,855500
2007-10-11,1192109400,87.52,88.09,87.45,88.06,1533402
2007-10-12,1192195800,87.52,88.1788,87.48,87.63,1133900
2007-10-15,1192455000,87.48,87.72,87.39999,87.64999,553300
2007-10-16,1192541400,87.64999,87.98,87.53999,87.67999,855500
2007-10-17,1192627800,87.77,88.95,87.77,88.64,2377000
2007-10-18,1192714200,89.11,89.34,89.02,89.13,1374100
2007-10-19,1192800600,89.63,90.60001,89.61,90.46001,2561800
2007-10-22,1193059800,90.58,90.64999,90.07001,90.47,1866500
2007-10-23,1193146200,90.25999,90.52251,90.10001,90.35001,1046516
2007-10-24,1193232600,90.71001,91.39,90.56,91.02,2829300
2007-10-25,1193319000,91.06,91.17999,90.7,90.71001,3062200
2007-10-26,1193405400,90.37,91,90.34,90.5,1366471
2007-10-29,1193664600,90.5,90.99001,90.48,90.85001,881000
2007-10-30,1193751000,90.73,91.00999,90.42,90.8,1439600
2007-10-31,1193837400,90.5,90.7,89.75011,89.98,2498481
2007-11-01,1193923800,89.96001,91.00999,89.96001,90.75,2549400
2007-11-02,1194010200,90.45,91.53999,90.21001,91.03999,1927700
2007-11-05,1194273000,91.16,91.39,90.8,91,997500
2007-11-06,1194359400,90.60001,91.14999,90.48,90.56,575800
2007-11-07,1194445800,90.53999,90.75999,90.32001,90.72,1456100
2007-11-08,1194532200,90.64999,90.94,90.42999,90.56,2179530
2007-11-09,1194618600,91.03999,91.59,90.92999,91.33,887179
2007-11-12,1194877800,91.99001,91.99001,91.345,91.66,460535
2007-11-13,1194964200,91.42,91.49001,91.17,91.32001,1116502
2007-11-14,1195050600,90.95,91.50999,90.92,91.42,692274
2007-11-15,1195137000,91.61,92.56,91.4899,92.28,1312847
2007-11-16,1195223400,92.27,92.7,92.21001,92.41,1333749
2007-11-19,1195482600,92.53999,93.42,92.41,93.00999,1346726
2007-11-20,1195569000,93.09,93.28999,92.8,92.91,1367727
2007-11-21,1195655400,93.39999,93.58,93.24001,93.45,1297750
2007-11-23,1195828200,93.44,93.8,93.31,93.73,437327
2007-11-26,1196087400,94.22,96.36,94.12,95.58,4426980
2007-11-27,1196173800,94.96001,95.25,93.99001,94.67,3100232
2007-11-28,1196260200,94.56,94.69,93.84,94.03,2088003
2007-11-29,1196346600,94.82001,95.42,94.66,94.84,1594418
2007-11-30,1196433000,93.88,94.39101,93.7401,94.38,1952069
2007-12-03,1196692200,94.75999,95.10001,94.28,94.75,1272636
2007-12-04,1196778600,94.89999,95.06,94.14999,94.74001,1721173
2007-12-05,1196865000,94.22,94.47,93.56,93.61,1865912
2007-12-06,1196951400,93.32001,93.34,92.53999,92.78999,2270166
2007-12-07,1197037800,92.17999,92.35001,91.38,91.75,2170931
2007-12-10,1197297000,91.64,91.69,90.75,91.2,2242470
2007-12-11,1197383400,91.73,93.23,91.58,92.99001,2892713
2007-12-12,1197469800,91.45,92.64999,91.27,92.03,2225400
2007-12-13,1197556200,91.61,91.82001,90.89999,91.03,1222100
2007-12-14,1197642600,90.78999,90.92,90.5,90.61,1354900
2007-12-17,1197901800,91.07001,91.53999,90.92999,91.42,2046198
2007-12-18,1197988200,91.59,92.2999,91.55,92.00999,1417079
2007-12-19,1198074600,92.39999,93.56,91.88,93.23,2252350
2007-12-20,1198161000,93.25999,93.87,93.02,93.03,1659361
2007-12-21,1198247400,92.89999,92.92,91.66,91.67,1767549
2007-12-24,1198506600,91.22,91.47,91.08,91.24001,550257
2007-12-26,1198679400,91.02,91.63,90.28,90.44,674700
2007-12-27,1198765800,90.88,91.1599,90.50999,91.06,468600
2007-12-28,1198852200,91.64999,92.58,91.5,92.48,1967735
2007-12-31,1199111400,92.78,93.28,92.60001,93.045,1647529
2008-01-02,1199284200,93.25,94.73,93.2,94.38,2959850
2008-01-03,1199370600,94,94.38,93.66991,94.25,1256670
2008-01-04,1199457000,94.5,94.78999,94.2,94.27,2420134
2008-01-07,1199716200,94.17999,94.78,94.03,94.67999,1315456
2008-01-08,1199802600,94.44,94.71001,93.92999,94.57001,1604760
2008-01-09,1199889000,94.78999,95.3,94.62,94.75,2203500
2008-01-10,1199975400,94.87,94.95,93.31,93.47,2681974
2008-01-11,1200061800,93.52,94.28,93.39999,94.2,1872860
2008-01-14,1200321000,94.2,94.55,94,94.55,906058
2008-01-15,1200407400,95.16,95.63,95.07001,95.61,1435230
2008-01-16,1200493800,95.67999,95.89,94.7285,94.92,3505070
2008-01-17,1200580200,94.96001,96.2899,94.92999,96.14999,2940500
2008-01-18,1200666600,95.55,95.77,95.22,95.49001,2676795
2008-01-22,1201012200,96.41,96.62,95.3,96.5099,5423461
2008-01-23,1201098600,97.98,98.16,95.88,96.28999,7636566
2008-01-24,1201185000,95.55,95.75,94.34,94.36,5676629
2008-01-25,1201271400,94.19,96,94.13,95.95,4371047
2008-01-28,1201530600,95.67999,96,95.36,95.59,1633446
2008-01-29,1201617000,95.28,95.32001,94.58,94.94,3100157
2008-01-30,1201703400,94.69,94.77,93.59,94.32001,3467905
2008-01-31,1201789800,95.3,95.4299,94.63,94.99001,11440965
2008-02-01,1201876200,95,95.39999,94.56,95.23,4163648
2008-02-04,1202135400,94.39,94.66,94.13,94.25,1729511
2008-02-05,1202221800,95.41,95.61,94.77,94.97,2594551
2008-02-06,1202308200,94.63,94.85001,94.36,94.67999,1339750
2008-02-07,1202394600,94.53,94.53,92.05,92.64,5419621
2008-02-08,1202481000,93.25,93.73,93.09,93.7,2832724
2008-02-11,1202740200,94.28,94.7,93.73,94.09,2960110
2008-02-12,1202826600,93.32001,93.649,92.96001,93.53,2897650
2008-02-13,1202913000,92.92999,93.42,92.39999,92.5399,3697493
2008-02-14,1202999400,91.8,92.10001,90.66,91.17999,7504906
2008-02-15,1203085800,91.61,92.07001,91.46001,91.88,3687713
2008-02-19,1203431400,91.14,91.7,90.64,90.95,2911656
2008-02-20,1203517800,90.62,91.58,90.56,91.58,2550096
2008-02-21,1203604200,92.08,92.85001,92.0515,92.55,4197211
2008-02-22,1203690600,92.49001,92.85001,91.87,92.02,1959634
2008-02-25,1203949800,91.95,92.14,90.64999,91.08,3460845
2008-02-26,1204036200,90.96001,91.34,90.73,91.11,2618900
2008-02-27,1204122600,91.42999,91.57001,90.61,91.19,2494523
2008-02-28,1204209000,92.34,92.8399,92.19,92.81,3410871
2008-02-29,1204295400,93.64999,94.46001,93.52,94.23,3821918
2008-03-03,1204554600,93.67,94.2,93.25,93.64,2037838
2008-03-04,1204641000,93.94,94.12,92.53,92.73,3401008
2008-03-05,1204727400,93.06,93.06,91.5,91.62,3871152
2008-03-06,1204813800,91.82001,92.44,91.666,92.11,1342582
2008-03-07,1204900200,93.28999,93.35001,91.74001,92.23,3601277
2008-03-10,1205155800,92.71001,94.13,92.61,93.59,3578955
2008-03-11,1205242200,93,93.03,92.21001,92.78999,3309108
2008-03-12,1205328600,93.13,94.67999,92.97,94.58,4753172
2008-03-13,1205415000,95.03,95.19,93.25999,93.84,5763422
2008-03-14,1205501400,94.62,95.81,94.62,95,6174879
2008-03-17,1205760600,95.59,96.31,95.31,95.73,3329422
2008-03-18,1205847000,95.3,96.16,94.95,95.36,4022366
2008-03-19,1205933400,95.12,97.47,95.12,96.94,5208496
2008-03-20,1206019800,97,97.75,96.87,97.181,3905865
2008-03-24,1206365400,96.48,96.48,95.2,95.3,5596168
2008-03-25,1206451800,95.38,95.82001,95.27991,95.7,2038110
2008-03-26,1206538200,95.78,96.2,95.23,95.3,1651943
2008-03-27,1206624600,94.64,95.36,94.53999,94.63,2405670
2008-03-28,1206711000,95.09,95.56,94.75,95.55,1745495
2008-03-31,1206970200,96.11,96.32001,95.67,95.89,2546257
2008-04-01,1207056600,94.81,94.85001,93.78,93.9299,3821733
2008-04-02,1207143000,93.99001,94.86,93.99001,94.13,3794152
2008-04-03,1207229400,94.5,94.67,94.12,94.34,2839021
2008-04-04,1207315800,95.17,95.56,94.9902,95.2,1745200
2008-04-07,1207575000,94.62,94.78,93.89999,94.7,2231757
2008-04-08,1207661400,95.17999,95.24001,94.25999,94.37,1305186
2008-04-09,1207747800,94.56,95.64,94.55,95.35001,2883511
2008-04-10,1207834200,95.31,95.5,94.57001,95.03,1846442
2008-04-11,1207920600,95.60001,95.92,95.47,95.67,1987631
2008-04-14,1208179800,95.34,95.7,94.99001,95.11,3197033
2008-04-15,1208266200,94.42,94.58,93.89999,93.92999,2821558
2008-04-16,1208352600,93.8,94.06,92.42999,93.00999,4691055
2008-04-17,1208439000,92.98,93.17999,92.244,92.85001,2019991
2008-04-18,1208525400,92,92.88,91.82001,92.77,2199677
2008-04-21,1208784600,92.41,93.28,92.3,93.14,2805712
2008-04-22,1208871000,92.91,93.67,92.91,93.46001,1799762
2008-04-23,1208957400,93.09,93.63,92.53,93.14999,1221004
2008-04-24,1209043800,92.25999,92.46001,91.81,92.36,3213516
2008-04-25,1209130200,92.14,92.25,91.5,91.82001,1741990
2008-04-28,1209389400,91.53,92.35001,91.41,92.10001,1883822
2008-04-29,1209475800,92.38,92.86,92.14999,92.45,1269090
2008-04-30,1209562200,92.42,93.2,91.85001,93.11501,2827414
2008-05-01,1209648600,93.44,93.64999,92.38,92.78,3226439
2008-05-02,1209735000,91.78,92.41,91.53999,91.61,2730742
2008-05-05,1209994200,91.86,91.87,91.14,91.61,1309260
2008-05-06,1210080600,92.00999,92.08,90.78999,90.95,4037499
2008-05-07,1210167000,90.73,91.429,90.62,91.3399,3876149
2008-05-08,1210253400,91.44,92.2,91.42,92.16,2829498
2008-05-09,1210339800,92.73,92.87,92.21001,92.5,2064251
2008-05-12,1210599000,92.75999,93.16,92.35001,92.36,1947352
2008-05-13,1210685400,91.83,92.05,91.31,91.35001,2123298
2008-05-14,1210771800,92,92.00999,90.72,91.39,2600823
2008-05-15,1210858200,91.17,92.33,91.09,92.22,2164249
2008-05-16,1210944600,91.88,92.89,91.78,91.84,1902574
2008-05-19,1211203800,92.25999,92.25999,91.3,91.96201,1348125
2008-05-20,1211290200,92.44,92.5,91.89999,92.44,1465937
2008-05-21,1211376600,92.05,92.67,91.86,92.46001,1762090
2008-05-22,1211463000,91.92999,91.92999,90.84,91.37,2855876
2008-05-23,1211549400,91.83,92.3,91.7,91.77,1802000
2008-05-27,1211895000,91.38,91.56,90.98,91.14999,1985871
2008-05-28,1211981400,90.53999,90.66,90.14,90.34,3250685
2008-05-29,1212067800,90.00999,90.10001,89.14,89.69,3302371
2008-05-30,1212154200,90.13,90.44,90.06,90.28,2514796
2008-06-02,1212413400,89.98,90.64,89.62,90.3,3076305
2008-06-03,1212499800,90.06,91.41,89.81,90.95,2447647
2008-06-04,1212586200,91.39,91.39,89.89999,90.14,2812991
2008-06-05,1212672600,89.82001,90.03,89.45,89.60001,2632139
2008-06-06,1212759000,90.44,91.09,90.21001,90.75999,3864702
2008-06-09,1213018200,90.48,91.39,90.19,90.75999,1811960
2008-06-10,1213104600,90.64999,90.71001,89.7,90.17,1935233
2008-06-11,1213191000,90.05,90.72,89.71001,89.96001,2265399
2008-06-12,1213277400,89.56,89.64,88.82001,89.06,4413090
2008-06-13,1213363800,88.97,89.53799,88.679,88.87,1983557
2008-06-16,1213623000,89.11,89.17999,88.62,88.89,1756717
2008-06-17,1213709400,89.14999,89.27,88.59,89.07001,1712113
2008-06-18,1213795800,89.28999,89.966,89.09,89.82001,2589981
2008-06-19,1213882200,89.52,89.75,89.02499,89.2899,1700494
2008-06-20,1213968600,89.94,90.07001,89.69,89.81,4580863
2008-06-23,1214227800,90.08,90.42999,89.83,90,1594100
2008-06-24,1214314200,90.38,90.81,90.14,90.5948,3118383
2008-06-25,1214400600,90.64999,90.75999,89.81,90.64,3251541
2008-06-26,1214487000,91,91.44,90.78999,91.25,4052210
2008-06-27,1214573400,91.73,92.44,91.45,92.32001,4144762
2008-06-30,1214832600,92.41,92.8192,92.08,92.34,3742927
2008-07-01,1214919000,92.69,92.7701,91.67999,91.78999,3805099
2008-07-02,1215005400,91.96001,92.38,91.87,92.27,2413627
2008-07-03,1215091800,91.71001,92.3,91.53999,92.07001,1405066
2008-07-07,1215437400,92.07001,93.14999,91.58,92.49001,3528393
2008-07-08,1215523800,92.5,93.14,92.42,93.09,2176516
2008-07-09,1215610200,92.94,93.64,92.92,93.5,1581965
2008-07-10,1215696600,93.33,93.75999,92.94,93.49001,2723502
2008-07-11,1215783000,93.52,93.74001,91.86,92.16,5467242
2008-07-14,1216042200,92.38,93.25999,92.28999,92.97,4135305
2008-07-15,1216128600,93.07001,93.42999,92.7,92.94,4541398
2008-07-16,1216215000,92.08,92.24001,91.21001,91.25999,3435843
2008-07-17,1216301400,91.25999,91.61,90.56,90.78999,5899840
2008-07-18,1216387800,90.75999,91.2,90.3,90.45,3475162
2008-07-21,1216647000,90.45,90.89999,90.25,90.8,3657163
2008-07-22,1216733400,90.64,90.75999,90.03,90.35001,2675178
2008-07-23,1216819800,90.22,90.37,89.752,90.17,2871887
2008-07-24,1216906200,90.35001,91.25,90.35001,91.05,2613219
2008-07-25,1216992600,90.55,90.84,90,90.14,3765217
2008-07-28,1217251800,90.95,91.47,90.7,91.05,1275867
2008-07-29,1217338200,90.66,90.991,90.31,90.67999,1349024
2008-07-30,1217424600,90.09,91.28999,90.03,90.77,1667461
2008-07-31,1217511000,91.72,92.05,91.27,91.67,3898642
2008-08-01,1217597400,90.97,91.56,90.83,91.53999,1804729
2008-08-04,1217856600,91.09,91.64,91.00999,91.33,2029898
2008-08-05,1217943000,91.35001,91.60001,90.62,90.64999,2191151
2008-08-06,1218029400,90.41,90.41,89.82001,90.27991,3139404
2008-08-07,1218115800,90.63,91.89999,90.42999,91.75,2765517
2008-08-08,1218202200,91.89,92.08,91.53999,92,1035331
2008-08-11,1218461400,91.78,91.78,90.59801,91.12,3939322
2008-08-12,1218547800,91.81,92.03,91.7,91.97,1314992
2008-08-13,1218634200,92.3,92.35001,91.46001,91.64999,1940263
2008-08-14,1218720600,92.25999,92.60001,92.07001,92.24001,2605243
2008-08-15,1218807000,92.67,93.2,92.57001,93.03999,1964807
2008-08-18,1219066200,93.08,93.53799,92.96001,93.41,1263123
2008-08-19,1219152600,93.44,93.5265,92.89,93.05,1944609
2008-08-20,1219239000,93.38,93.71001,93.14999,93.31,2499938
2008-08-21,1219325400,93.63,93.63,92.75,93.14,2266997
2008-08-22,1219411800,93.11,93.17,92.64,93.08,1989912
2008-08-25,1219671000,94.12,94.33,93.85001,94.00999,2028240
2008-08-26,1219757400,93.96001,94.2,93.71001,94.09,1270881
2008-08-27,1219843800,93.49001,94.28999,93.44,94.25,1555299
2008-08-28,1219930200,93.91,94.41,93.69,94.25999,1886420
2008-08-29,1220016600,94.02,94.16,93.50999,93.84,1739019
2008-09-02,1220362200,92.98,94.41,92.84,94.37,2915981
2008-09-03,1220448600,94.27,94.89,94.25999,94.77,2104925
2008-09-04,1220535000,95,95.5574,94.81,95.526,3049715
2008-09-05,1220621400,96.02,96.31,95.41,95.48,4168039
2008-09-08,1220880600,94.89999,95.88,94.56,95.88,5426145
2008-09-09,1220967000,95.83,96.88,95.53999,96.83,3890119
2008-09-10,1221053400,95.98,96.66,95.82001,96.23,2407852
2008-09-11,1221139800,96.78999,96.86,96,96.17999,3591911
2008-09-12,1221226200,96.21001,96.33,94.75,94.94,4138137
2008-09-15,1221485400,96.28,98.17,96.07001,98.02,5890027
2008-09-16,1221571800,100.71001,100.86,97.91,98,6684375
2008-09-17,1221658200,98.92,99.38,97.73,98.49001,4371246
2008-09-18,1221744600,97.95,98.49001,96.92,97.05,4188273
2008-09-19,1221831000,93.86,95.02,93.7,93.97,7169172
2008-09-22,1222090200,92.92999,93.96001,92.60001,93.96001,4726297
2008-09-23,1222176600,93.61,94.10001,93.13,93.60001,2235943
2008-09-24,1222263000,93.97,94.75,93.60001,94.00999,1014891
2008-09-25,1222349400,94.59,94.59,93.14999,93.82001,1881151
2008-09-26,1222435800,94.07001,94.78999,94.07001,94.5,1992783
2008-09-29,1222695000,95.17,97.92999,95.16,97.25,4799715
2008-09-30,1222781400,97.03999,97.2899,94.60001,94.88,1358052
2008-10-01,1222867800,96.03999,96.89999,94.95,95.78,1767757
2008-10-02,1222954200,96.57001,96.845,96.06799,96.55,931832
2008-10-03,1223040600,97.38,97.78999,95.49001,97.39999,1903059
2008-10-06,1223299800,98.74001,99.86,98.62,99.17,2906197
2008-10-07,1223386200,98.32001,99.67,97.98,98.87,1971958
2008-10-08,1223472600,99.67999,99.94,96.67999,97.45,3386598
2008-10-09,1223559000,97.37,97.698,96.22,96.63,1785344
2008-10-10,1223645400,96.61,96.91,95.50999,95.95,2199907
2008-10-13,1223904600,95.11,95.95,94.25999,94.72,1532006
2008-10-14,1223991000,94.25,95.25999,93.89999,94.11,2099972
2008-10-15,1224077400,94.12,95.03999,93.42,95.00999,1449460
2008-10-16,1224163800,94.99001,95.27,94.17999,94.519,1063187
2008-10-17,1224250200,94.69,94.89999,93.02,93.87,1691858
2008-10-20,1224509400,93.44,94.94,93.36,94.62,1146711
2008-10-21,1224595800,95.09,95.99001,94.74001,95.12,1243652
2008-10-22,1224682200,96.12,97.49001,95.85001,97.05,1071261
2008-10-23,1224768600,97.95,98.89,96.82001,97.77,1801919
2008-10-24,1224855000,98.82001,99.05,96.45,96.73,1495705
2008-10-27,1225114200,97.77,98.21001,96.28999,96.8,1534101
2008-10-28,1225200600,96.17999,96.89999,95.14999,95.39,1505478
2008-10-29,1225287000,95.77,96.00999,94.42999,94.91,1748285
2008-10-30,1225373400,94.5,94.8,93.8,94.05,1325935
2008-10-31,1225459800,94.64,94.92,92.64999,92.83,2282489
2008-11-03,1225722600,92.72,93.11,92.35001,92.71001,1111595
2008-11-04,1225809000,92.96001,94.71001,92.59,94.45,1608756
2008-11-05,1225895400,94.89,95.67,94.4001,95.57001,1931636
2008-11-06,1225981800,94.60001,95.05,93.81,94.88,919672
2008-11-07,1226068200,94.52,94.52,93.55,94.25999,1277053
2008-11-10,1226327400,93.8,95.10001,93.67999,94.71989,1352097
2008-11-11,1226413800,95.21001,95.81,94.96001,95.00011,695968
2008-11-12,1226500200,95.58,96.07001,95.16,95.61,1199402
2008-11-13,1226586600,94.91,95.25,93.25,93.32001,1631895
2008-11-14,1226673000,95.11,95.46001,94.78999,95.17,1059631
2008-11-17,1226932200,95.67999,96.03,95.28999,95.59,490511
2008-11-18,1227018600,96.38,97,95.96001,96.82001,924768
2008-11-19,1227105000,97.47,99.37,97.21001,99.3,2090312
2008-11-20,1227191400,101.82001,104.44,101.10001,104.42999,5459770
2008-11-21,1227277800,103.25,103.98,101.45,102.92,3249297
2008-11-24,1227537000,102.14999,102.29221,101,101.31,1587214
2008-11-25,1227623400,103.95,104.47,102.67999,104.28999,2632783
2008-11-26,1227709800,104.72,105.62,104.09,104.42999,2577729
2008-11-28,1227882600,105.25,105.97,104.94,105.72,988446
2008-12-01,1228141800,107.75,110.41,107.13,109.39999,4031550
2008-12-02,1228228200,108.56,110.37,108.19,109.82001,3289232
2008-12-03,1228314600,110.27,110.81,108.56,110.13,2950997
2008-12-04,1228401000,111.13,112.4912,110.37,112.3,2826095
2008-12-05,1228487400,111.95,113,110.42,110.48,4557563
2008-12-08,1228746600,110.48,111.25,109.69,110.24001,2119481
2008-12-09,1228833000,110.58,112.53,110.25,112.42,2055457
2008-12-10,1228919400,111.37,112.14999,111.12,112.14999,2414870
2008-12-11,1229005800,112.17999,112.42999,110.87,112.37,2417249
2008-12-12,1229092200,112.53999,112.56,110.34,112.37,2547014
2008-12-15,1229351400,112.35001,113.94,112.05,113.64999,1707653
2008-12-16,1229437800,114.10001,116.89999,113.97,116.46001,4015018
2008-12-17,1229524200,120.77,121.13,119.25999,119.62,6432078
2008-12-18,1229610600,120.74001,123.14999,120.45,122.13,4441969
2008-12-19,1229697000,121.44,122.99001,121.28,122.25999,2668416
2008-12-22,1229956200,122.39,122.39,120.73,121.32001,2222727
2008-12-23,1230042600,120.14,121.5,119.89999,121.16,1747467
2008-12-24,1230129000,120.73,121.32001,120.62,120.89999,717452
2008-12-26,1230301800,121.59,121.96989,121.2,121.3,454387
2008-12-29,1230561000,121.42999,122.00999,120.61,120.75,1415906
2008-12-30,1230647400,120.49001,121.92,120.07001,121.89999,2590483
2008-12-31,1230733800,121.41,122,118.85001,119.35001,2737980
2009-01-02,1230906600,120.05,120.45,116.35001,116.35001,3464102
2009-01-05,1231165800,115.60001,116.16,112.60001,113.35001,5395492
2009-01-06,1231252200,111.62,113.25999,111,112.21001,4110016
2009-01-07,1231338600,111.96001,112.67999,111.39999,112.64999,2548854
2009-01-08,1231425000,112.64,112.92,111.99001,112.56,2603599
2009-01-09,1231511400,111.46001,113.35001,111.27,112.73,2727805
2009-01-12,1231770600,111.57001,114.05,111.57001,113.89999,2462793
2009-01-13,1231857000,113.5,114.08,112.96001,114.02,1767358
2009-01-14,1231943400,114.64999,116.03999,114.64999,115.89999,2494759
2009-01-15,1232029800,116.2,116.92,115.5766,116.09,2827282
2009-01-16,1232116200,113.42,116.09,113.36011,114.3,2994707
2009-01-20,1232461800,112.28999,114.63,112.23,114.28,3268419
2009-01-21,1232548200,111.92999,113.03999,110.39999,110.67,2838093
2009-01-22,1232634600,110.60001,110.77,107.88,108.53999,4016596
2009-01-23,1232721000,107.92,108.32001,106.69,107.69,2676196
2009-01-26,1232980200,107.42999,107.82001,106.3,106.75,2240814
2009-01-27,1233066600,107.8,109.59,107.63,109.25999,3421407
2009-01-28,1233153000,109.31,109.81,105.72,106.53,4348082
2009-01-29,1233239400,105.56,106.31,103.66,104.08,3724397
2009-01-30,1233325800,104.55,104.87,103.44,103.75,2630588
2009-02-02,1233585000,104.02,105.67999,103.39,105.39,2700122
2009-02-03,1233671400,104.3,104.83,102.75,102.88,2846354
2009-02-04,1233757800,102.75,102.87,101.62,102.52,2305310
2009-02-05,1233844200,103.24001,103.88,102.20599,102.61,2279433
2009-02-06,1233930600,102.25,102.86,101.89999,102.28999,1667494
2009-02-09,1234189800,101.69,102.67,101.06,102.62,2257935
2009-02-10,1234276200,104.11,104.96001,103.45,104.85001,3783001
2009-02-11,1234362600,105.71001,106.5,105.53,106.21001,2774154
2009-02-12,1234449000,105.98,106.17999,104.74001,105.21001,1818492
2009-02-13,1234535400,103.95,103.95,102.23,102.41,2468301
2009-02-17,1234881000,104.55,105.66,104.35001,105.60001,2813822
2009-02-18,1234967400,106.06,106.56,104.3,104.7,2768774
2009-02-19,1235053800,102.69,104.06,102.23,102.92,3220161
2009-02-20,1235140200,104.27,105.16,103.3,103.92,4272004
2009-02-23,1235399400,103.60001,104.88,103.17,104.88,2688638
2009-02-24,1235485800,105.7,106.67999,104.77,104.77,4197012
2009-02-25,1235572200,105.24001,105.49001,103.03,103.56,3908158
2009-02-26,1235658600,102.87,103.25999,101.98,102.47,2611147
2009-02-27,1235745000,102.57001,103.00999,101.21001,101.88,3267743
2009-03-02,1236004200,102.22,103.28,102.09,103.28,3301952
2009-03-03,1236090600,102.23,103.57001,101.81,102.59,3084808
2009-03-04,1236177000,101.49001,102.25,101.16,102.12,3178305
2009-03-05,1236263400,104.02,105.44,103.44,104.96001,4562359
2009-03-06,1236349800,104.25999,105.97,104.09,104.25999,3126181
2009-03-09,1236605400,104.50999,104.55,103.12,103.64999,2070419
2009-03-10,1236691800,102.42999,102.75,101.50999,101.66,2602554
2009-03-11,1236778200,101.28999,102.75999,100.92999,102.75999,3101569
2009-03-12,1236864600,102.66,103.97,102.31,103.25,3558831
2009-03-13,1236951000,102.75,103.88,102.33,102.73,2503935
2009-03-16,1237210200,100.82001,101.45,100.5,101.11,3265568
2009-03-17,1237296600,101.72,102.33,100.3876,100.56,3076121
2009-03-18,1237383000,101.12,108.07001,100.89999,104.37,8579973
2009-03-19,1237469400,105.62,105.66,104.22,104.5,3650881
2009-03-20,1237555800,104.62,105,103.78011,103.92,3479670
2009-03-23,1237815000,104.28999,104.42,102.97,103.02,2096968
2009-03-24,1237901400,102.19,105.16,101.9301,104,5477152
2009-03-25,1237987800,103.28999,103.72,102.31,102.60001,2549522
2009-03-26,1238074200,102.44,104.06,102.16,103.78999,2385217
2009-03-27,1238160600,104.14999,104.92999,103.56,104.56,1853877
2009-03-30,1238419800,105.44,105.87,103.94,104.96001,2300003
2009-03-31,1238506200,105.03999,105.8,105,105.71001,1094525
2009-04-01,1238592600,106.12,106.56,105.5273,106.37,2383328
2009-04-02,1238679000,105.89,106.07001,104.84,105.07001,1766293
2009-04-03,1238765400,104.91,105.16,102.66,102.92,3316754
2009-04-06,1239024600,103.53999,103.59,102.22,102.48,1418006
2009-04-07,1239111000,102.53999,103.31,102.48,102.74001,1312593
2009-04-08,1239197400,103.07001,103.86,102.95,103.64999,1007779
2009-04-09,1239283800,102.47,103.17999,101.98,102.35001,1088784
2009-04-13,1239629400,102.96001,103.50999,102.92999,103.28999,946563
2009-04-14,1239715800,103.25,104.21001,102.92999,103.83,1335976
2009-04-15,1239802200,104.13,104.3,102.88,103.64999,1152418
2009-04-16,1239888600,102.85001,103.45,102.78,102.83,1055573
2009-04-17,1239975000,102.47,102.71001,101.37,101.7,2582707
2009-04-20,1240234200,102.63,103.4025,102.45,103.24001,1714341
2009-04-21,1240320600,104.03999,104.21001,102.22,102.22,1802538
2009-04-22,1240407000,102.45,102.56,101.11,101.60001,2278060
2009-04-23,1240493400,101.35001,101.75,100.94,101.59,1688281
2009-04-24,1240579800,100.78999,100.98,100.10001,100.57001,2829905
2009-04-27,1240839000,101.07001,101.19,100.06,101,2294515
2009-04-28,1240925400,101.5,101.58,99.09,99.35001,2332548
2009-04-29,1241011800,99.67,100.08,98.14999,98.47,3752505
2009-04-30,1241098200,97.98,98.36,97.39,98.08,2778208
2009-05-01,1241184600,97.12,97.28999,96.57001,97.11,2772133
2009-05-04,1241443800,97.36,97.82001,96.78999,97.42999,2246608
2009-05-05,1241530200,97.46001,97.83,96.75999,97.31,1368959
2009-05-06,1241616600,97.12,98,97,97.08,2045866
2009-05-07,1241703000,95.94,96.7,94.33,94.71001,5756391
2009-05-08,1241789400,95.02,95.39,94.645,94.94,2193360
2009-05-11,1242048600,96.05,96.45,95.78999,96.28999,2169932
2009-05-12,1242135000,96.17999,97.02,95.80231,96.64,2304726
2009-05-13,1242221400,97.36,97.92999,97.24001,97.69,1917455
2009-05-14,1242307800,97.60001,98.25,97.3,98.07001,1704583
2009-05-15,1242394200,98,98.05,97.46001,98.03999,2306504
2009-05-18,1242653400,98.00999,98.11,96.37,96.52,2234609
2009-05-19,1242739800,96.19,96.47,95.71001,96.00999,1624222
2009-05-20,1242826200,95.92999,97.16,95.83,97.02,2825795
2009-05-21,1242912600,97.55,97.64,94.35001,94.58,4771832
2009-05-22,1242999000,93.82001,94.49001,93.35001,93.53,4484645
2009-05-26,1243344600,94.05,94.10001,92.12,92.12,3635200
2009-05-27,1243431000,92.24001,92.58,90.38,90.492,7490809
2009-05-28,1243517400,91.77,91.98,90.23,91.8,9826336
2009-05-29,1243603800,91.7,94.23,91.64,94.17,4746613
2009-06-01,1243863000,92.34,92.38,90.57001,91.09,6986934
2009-06-02,1243949400,91.61,91.77,90.78,91.58,5064098
2009-06-03,1244035800,91.96001,92.61,91.33,92.44,6727242
2009-06-04,1244122200,91.42999,91.72,90.24001,90.53,5438563
2009-06-05,1244208600,89.91,90.89999,89.55,89.84,8441004
2009-06-08,1244467800,90.41,90.73,89.48,89.61,4084816
2009-06-09,1244554200,90.19,90.31,89.25,89.60001,6046598
2009-06-10,1244640600,88.87,89.42999,87.56,88.19,12143035
2009-06-11,1244727000,87.75999,89.52,87.69,89.17,10693781
2009-06-12,1244813400,89.42,90.64999,89.42,89.97,6607129
2009-06-15,1245072600,90.53999,91.14999,90.48,90.78,4518629
2009-06-16,1245159000,90.96001,92.42999,90.8,92.36,5376949
2009-06-17,1245245400,92.45,93.33,91.84,91.84,7197109
2009-06-18,1245331800,91.25,91.58,90.11,90.45,6794602
2009-06-19,1245418200,90.33,91.7,90.21001,91.69,4750879
2009-06-22,1245677400,92.44,92.91,92.06,92.58,3952348
2009-06-23,1245763800,92.77,93.81,92.58,93.67,5359875
2009-06-24,1245850200,93.64999,94.07001,92.66,92.73,6556727
2009-06-25,1245936600,93.22,94.5,92.67,94.42999,7140031
2009-06-26,1246023000,94.62,94.89999,94.21001,94.59,4050306
2009-06-29,1246282200,95.07001,95.37,94.58,94.73,4334832
2009-06-30,1246368600,94.19,95.11,93.81,94.57001,3743764
2009-07-01,1246455000,93.42,94.09,93.24001,94.08,3379993
2009-07-02,1246541400,94.33,94.61,94,94.3,2645005
2009-07-06,1246887000,94.05,94.28999,93.39,94.12,1886697
2009-07-07,1246973400,93.62,94.88,93.61,94.75,2592443
2009-07-08,1247059800,95.12,96.81,94.89011,96.5,7912836
2009-07-09,1247146200,95.35001,95.73,94.45,95.35001,5250766
2009-07-10,1247232600,95.62,96.3326,95.42999,96.23,3981804
2009-07-13,1247491800,96.32001,96.60001,95.56,95.69,2604382
2009-07-14,1247578200,94.75999,95.13,93.7,94.10001,3629073
2009-07-15,1247664600,92.66,93,91.67,91.67999,4669207
2009-07-16,1247751000,92.81,93.17999,92.5,92.67,4225156
2009-07-17,1247837400,91.89999,92.36,91.24001,91.24001,3845658
2009-07-20,1248096600,90.85001,92.49001,90.8,91.72,4436504
2009-07-21,1248183000,91.45,93.7,91.28999,93.55,3895225
2009-07-22,1248269400,93.39999,93.5257,92.36,92.71001,1986706
2009-07-23,1248355800,92.75999,92.8,90.57001,91.00999,3819859
2009-07-24,1248442200,91,91.45,90.77,91.45,1765276
2009-07-27,1248701400,90.23,90.66,89.94,90.39999,2756169
2009-07-28,1248787800,90.72,91.82001,90.4299,91.2,3324934
2009-07-29,1248874200,92.17,92.28999,90.94,91.7,2911690
2009-07-30,1248960600,91.53999,93.14999,91.23,93,4040621
2009-07-31,1249047000,93.85001,94.86,93.28,94.81,5697633
2009-08-03,1249306200,93.81,93.87,92.61,93.06,4030110
2009-08-04,1249392600,93.63,93.72,91.67,92.32001,3832186
2009-08-05,1249479000,91.31,92.75,90.87,90.94,4458230
2009-08-06,1249565400,90.89999,91.89,90.42,91.25,3228611
2009-08-07,1249651800,90.42,90.92999,90.21899,90.49001,3543111
2009-08-10,1249911000,90.50999,91.64,90.41,91.62,3150534
2009-08-11,1249997400,92.39,92.86729,91.99001,92.67999,3677733
2009-08-12,1250083800,92.95,93.07001,91.09,91.69,4729246
2009-08-13,1250170200,91.8,93.14999,91.5,92.99001,3922266
2009-08-14,1250256600,93.3,94.2,93.21001,93.35001,4410328
2009-08-17,1250515800,93.95,94.75,93.87,94.73,3570338
2009-08-18,1250602200,94.66,94.76939,94.00999,94.17999,2557827
2009-08-19,1250688600,95.17,95.37,94.4115,94.96001,3518280
2009-08-20,1250775000,95.38,95.87,94.7775,95.74001,3282655
2009-08-21,1250861400,95.64,95.73,93.75,93.77,6260648
2009-08-24,1251120600,93.49001,95.47,93.46001,95.47,4460289
2009-08-25,1251207000,95.37,96.09,94.91,96.00999,3359651
2009-08-26,1251293400,96.17999,96.55,95.91,96.45,3225758
2009-08-27,1251379800,96.17999,96.62,95.73,96.07001,2513928
2009-08-28,1251466200,95.44,96.5101,95.31,96.50999,2072461
2009-08-31,1251725400,96.36,96.86,95.75999,96.60001,2899866
2009-09-01,1251811800,95.82001,96.58009,95.14,96.06,3304132
2009-09-02,1251898200,96.48,97.66,96.24001,97.46001,4344949
2009-09-03,1251984600,96.84,97.12,96.55,96.86,2703715
2009-09-04,1252071000,96.44,96.5992,95.06,95.21001,3642929
2009-09-08,1252416600,94.48,95.37,94.36,94.53999,2468889
2009-09-09,1252503000,93.89,94.42999,93.52,94.42999,3182346
2009-09-10,1252589400,94.92999,96.71001,94.91,96.17,4417336
2009-09-11,1252675800,96.82001,97.67999,96.60001,96.7,4826129
2009-09-14,1252935000,96.02,96.66949,95.64999,95.74001,2119468
2009-09-15,1253021400,95.19,95.77,95.07001,95.25,2187812
2009-09-16,1253107800,95.34,95.95,94.60001,95.42,3734217
2009-09-17,1253194200,95.69,96.73,95.1703,96.62,2831914
2009-09-18,1253280600,96.2,96.53,95.67,95.75999,2813277
2009-09-21,1253539800,96.10001,96.49001,95.36,95.98,3050152
2009-09-22,1253626200,95.64999,96.37,95.5099,96.17999,2067965
2009-09-23,1253712600,95.94,96.58,95.2,96.47,5711910
2009-09-24,1253799000,96.5,97.09,96.17,96.75,4658340
2009-09-25,1253885400,97.36,98.06,96.77,97.98,3855025
2009-09-28,1254144600,98.32001,98.92999,98.11,98.84,4264840
2009-09-29,1254231000,98.32001,99.17,98.14999,98.75,3123132
2009-09-30,1254317400,98.56,99.13,98.36,98.66,2744798
2009-10-01,1254403800,98.96001,100.06,98.80161,99.7,5755859
2009-10-02,1254490200,100.28,100.31,98.88,99.00999,4827652
2009-10-05,1254749400,99.47,99.66,98.77,99.02,2910061
2009-10-06,1254835800,98.75999,98.8,97.98,98.03999,3936124
2009-10-07,1254922200,98.67,99.33,98.60001,99.19,3591239
2009-10-08,1255008600,99.71001,99.75999,97.67999,98.14999,5871551
2009-10-09,1255095000,97.62,97.71001,95.5,95.89999,8135816
2009-10-12,1255354200,96.03,96.33,95.60001,96.05,1939612
2009-10-13,1255440600,96.62,96.85001,96.25999,96.55,2886494
2009-10-14,1255527000,95.50999,96.10001,94.89999,95.12,5420949
2009-10-15,1255613400,94.57001,95.42,94.37,94.67999,3737309
2009-10-16,1255699800,95.19,95.53,94.73,95.45,3716781
2009-10-19,1255959000,95.59,96.21001,95.38,96.2,3163768
2009-10-20,1256045400,97.02,97.245,96.54021,96.72,2912315
2009-10-21,1256131800,96.16,96.21001,95.50999,96.14,3355106
2009-10-22,1256218200,95.38,95.83,95.3322,95.67,2572169
2009-10-23,1256304600,94.88,95.42,94.87,94.95,2996179
2009-10-26,1256563800,94.44,94.50999,93.55,93.72,4128828
2009-10-27,1256650200,93.97,95.11,93.92,95,4476266
2009-10-28,1256736600,95.14,95.8,94.96001,95.45,4585348
2009-10-29,1256823000,94.82001,95.05991,93.95,94.41,4645492
2009-10-30,1256909400,95.10001,96.00999,94.87,95.78,5117996
2009-11-02,1257172200,95.50999,95.58,94.8,95.05,3463730
2009-11-03,1257258600,95.28,95.36,94,94.10001,4471117
2009-11-04,1257345000,93.61,94.07001,92.8,93.24001,5349707
2009-11-05,1257431400,92.87,93.24001,92.8,93.24001,2852043
2009-11-06,1257517800,93.38,93.45,92.46001,93.33,3381038
2009-11-09,1257777000,93.28,93.7,93.13,93.44,1697715
2009-11-10,1257863400,94.05,94.10001,92.91,93.27,2549848
2009-11-11,1257949800,93.63,94.16,93.48,93.66,1771032
2009-11-12,1258036200,93.24001,93.59,92.45,93.49001,3431281
2009-11-13,1258122600,93.83,94.06,93.45,93.92,1594173
2009-11-16,1258381800,94.64999,95.45,94.52,95.02,5175648
2009-11-17,1258468200,94.99001,95.8,94.81,95.53,3174312
2009-11-18,1258554600,95.44,95.53,94.74001,94.97,2413548
2009-11-19,1258641000,95.24001,95.82001,94.91,95.14,2969787
2009-11-20,1258727400,95,95.37,94.59,95.12,4136250
2009-11-23,1258986600,94.53999,95.10001,94.34,95,3219280
2009-11-24,1259073000,95.11,95.7,94.99001,95.60001,2895637
2009-11-25,1259159400,95.49001,96.2299,94.97,96.03999,2789426
2009-11-27,1259332200,96.39999,96.56,96.09,96.39999,2249046
2009-11-30,1259591400,96.2,96.73,96,96.63,3115775
2009-12-01,1259677800,95.75999,95.92999,95.19,95.25,3979501
2009-12-02,1259764200,95.28999,95.96001,94.99001,95.33,2193898
2009-12-03,1259850600,94.42999,94.84,94.24001,94.34,3947274
2009-12-04,1259937000,93.28999,93.64999,92.91,93.34,6108059
2009-12-07,1260196200,93.27,93.74001,93.09,93.46001,2774138
2009-12-08,1260282600,94.05,94.37,93.37,93.60001,2378629
2009-12-09,1260369000,93.69,94.05,92.67999,93.17,3494456
2009-12-10,1260455400,92.69,92.8,91.95,92.10001,4446281
2009-12-11,1260541800,91.84,92.25999,91.31,92.09,3053364
2009-12-14,1260801000,92.35001,92.5,92.05,92.2,2380313
2009-12-15,1260887400,91.57001,92,91.49001,91.78999,2993879
2009-12-16,1260973800,91.92999,92.25011,91.36,91.67999,3301591
2009-12-17,1261060200,92.5,93.23,92.19009,93.19,4428863
2009-12-18,1261146600,93.2,93.5,92.64999,92.78999,3789478
2009-12-21,1261405800,92.06,92.2,91.14,91.14,3523999
2009-12-22,1261492200,90.8,90.87,90.42101,90.63,3078813
2009-12-23,1261578600,90.96001,91.39,90.5,90.64999,2335992
2009-12-24,1261665000,90.33,90.36,89.67,89.71001,1698812
2009-12-28,1262010600,89.46001,89.63,89.3,89.46001,3170825
2009-12-29,1262097000,89.25999,89.89,89.2,89.73,2616955
2009-12-30,1262183400,89.92,90.48,89.86501,90.32001,1919066
2009-12-31,1262269800,89.75999,90.11,89.05,89.89,3242447
2010-01-04,1262615400,89.84,90.10001,89.58,89.81,2829018
2010-01-05,1262701800,90.05,90.631,90,90.39,2841589
2010-01-06,1262788200,90.17,90.25999,89.12,89.17999,4099754
2010-01-07,1262874600,89.22,89.6422,89.12,89.33,2794417
2010-01-08,1262961000,89.50999,89.56,88.75999,89.28999,2910649
2010-01-11,1263220200,88.99001,89.36,88.77,88.8,2182206
2010-01-12,1263306600,90.16,90.39,89.8425,90.32001,4321156
2010-01-13,1263393000,89.92999,90.28,89.22,89.27,4754914
2010-01-14,1263479400,89.69,90.52,89.53999,90.52,4188789
2010-01-15,1263565800,91.03,91.33,90.98,91.08,4142730
2010-01-19,1263911400,90.72,91.12199,90.42,90.82001,2496039
2010-01-20,1263997800,91.32001,91.7701,91.27,91.74001,2800568
2010-01-21,1264084200,91.55,92.39,91.46001,92.16,4363027
2010-01-22,1264170600,92.09,92.31,91.765,92,3667182
2010-01-25,1264429800,91.53999,91.92,91.49001,91.58,2419434
2010-01-26,1264516200,92.02,92.11,91.31,91.61,3138034
2010-01-27,1264602600,91.75,92.09,91.37,91.56,3325650
2010-01-28,1264689000,91.13,91.7,91.06,91.50999,3058736
2010-01-29,1264775400,91.41,92.36,91.25,92.31,4930563
2010-02-01,1265034600,91.71001,91.73,91.05,91.14999,3598531
2010-02-02,1265121000,91.17999,91.45,91.03999,91.41,3047441
2010-02-03,1265207400,90.81,90.97,90.27,90.35001,5343605
2010-02-04,1265293800,90.99001,91.82001,90.89999,91.78,6095145
2010-02-05,1265380200,91.37,92.42,91.2095,91.98,6876508
2010-02-08,1265639400,91.87,92.14999,91.64999,92.10001,3385933
2010-02-09,1265725800,91.74001,92.22,91.14,91.17999,4789949
2010-02-10,1265812200,91.32001,91.60001,90.2,90.31,5068023
2010-02-11,1265898600,90.2,90.28,89.3806,89.82001,5087406
2010-02-12,1265985000,90.31,90.42,89.95,90.19,2833791
2010-02-16,1266330600,89.73,90.44,89.73,90.36,2440817
2010-02-17,1266417000,89.92,90.09,89.08,89.33,4368840
2010-02-18,1266503400,89.46001,89.5,88.50999,88.97,5121836
2010-02-19,1266589800,89.24001,89.50999,88.89999,89.45,3502421
2010-02-22,1266849000,89.12,89.32001,88.92,89.08,3382558
2010-02-23,1266935400,89.34,90.53999,89.3,90.47,5476379
2010-02-24,1267021800,90.55,90.88,90.17999,90.69,4423883
2010-02-25,1267108200,91.17999,91.28999,90.89999,91.2,3707697
2010-02-26,1267194600,91.46001,92.06,91.41,91.67,4349027
2010-03-01,1267453800,91.33,91.53,90.96001,91.34,2415171
2010-03-02,1267540200,90.88,91.27499,90.7,91.22,2260576
2010-03-03,1267626600,91.00999,91.08,90.7,90.99001,2156414
2010-03-04,1267713000,90.96001,91.67999,90.83,91.47,2374728
2010-03-05,1267799400,90.83,90.87,90.12,90.27,3823122
2010-03-08,1268058600,89.89999,89.97,89.69991,89.8,2850302
2010-03-09,1268145000,89.98,90.00011,89.39999,89.82001,2573667
2010-03-10,1268231400,89.49001,89.7,89.19,89.59,3216171
2010-03-11,1268317800,89.39,90.14,89.37,89.92,2621503
2010-03-12,1268404200,89.77,90.64999,89.7301,90.48,3099362
2010-03-15,1268659800,90.35001,90.47,90.05,90.36,1936779
2010-03-16,1268746200,90.56,91.09,90.53999,91.08,3932548
2010-03-17,1268832600,91.31,91.47,91.07001,91.47,3481160
2010-03-18,1268919000,91.42,91.48,91.00999,91.17,2750298
2010-03-19,1269005400,90.92,91.58,90.87,91.25999,2976273
2010-03-22,1269264600,91.35001,91.49001,91.22,91.36,2452341
2010-03-23,1269351000,91.07001,91.32001,90.91,90.92999,2909928
2010-03-24,1269437400,89.84,90.25,89.05949,89.27,8049820
2010-03-25,1269523800,89.13,89.24001,88.37,88.7,8268492
2010-03-26,1269610200,88.53999,89.12,88.49001,88.95,4111699
2010-03-29,1269869400,88.78,88.85001,88.31,88.61,3245248
2010-03-30,1269955800,88.52,88.95,88.27,88.89,3254599
2010-03-31,1270042200,89.22,89.52,88.95,89.5,4263867
2010-04-01,1270128600,88.77,89.03,88.42999,88.95,2912399
2010-04-05,1270474200,87.98,88.13989,87.41,87.47,5652113
2010-04-06,1270560600,87.8,87.85001,87.35001,87.61,3584555
2010-04-07,1270647000,87.45,88.92,87.3,88.73,6389805
2010-04-08,1270733400,88.89,89.13,88.48,88.77,3797833
2010-04-09,1270819800,88.61,89.05499,88.41,88.98,2311262
2010-04-12,1271079000,89.17,89.56,89.09,89.45,2939571
2010-04-13,1271165400,89.89,89.95,89.52,89.74001,3090843
2010-04-14,1271251800,89.75999,89.87,89.11,89.11,3570297
2010-04-15,1271338200,88.85001,89.5,88.67999,89.21001,3697982
2010-04-16,1271424600,89.39999,89.99001,89.24001,89.86,8305703
2010-04-19,1271683800,89.87,90.03,89.52,89.64,3211477
2010-04-20,1271770200,89.85001,89.99001,89.6445,89.96001,2284968
2010-04-21,1271856600,90.27,90.83,90.25999,90.7,4162430
2010-04-22,1271943000,90.89999,91.0882,90.33,90.42999,4606512
2010-04-23,1272029400,90.21001,90.36501,89.87,90.11,4775945
2010-04-26,1272288600,90.50999,90.64999,89.94,90.21001,4753863
2010-04-27,1272375000,90.85001,91.92,90.7,91.48,13199242
2010-04-28,1272461400,91.13,91.35001,90.481,90.7,8379445
2010-04-29,1272547800,90.86,91.2225,90.52,91.08,4067153
2010-04-30,1272634200,91.28,92.17,91.11,92.13,6924750
2010-05-03,1272893400,91.42,92.02,91.28,91.69,4211801
2010-05-04,1272979800,92.81,93.47,92.56,93.34,11059902
2010-05-05,1273066200,94.06,94.85001,93.35001,93.89,12219043
2010-05-06,1273152600,94.16,100,93.78,96.78999,19579056
2010-05-07,1273239000,95.88,98.09,95.27,95.58,18740528
2010-05-10,1273498200,93.16,93.94,93.08501,93.60001,10240305
2010-05-11,1273584600,93.98,94.02,92.99001,93.36,7729047
2010-05-12,1273671000,93.14,93.25999,92.61,92.64999,5530848
2010-05-13,1273757400,93.25999,93.55,92.1985,93.25999,6849742
2010-05-14,1273843800,94.12,95.5,94.09,94.88,9796598
2010-05-17,1274103000,94.72,95.71001,94.47,94.53,6302355
2010-05-18,1274189400,94.89999,96.17,94.77,95.98,9904648
2010-05-19,1274275800,95.94,96.95,95.92999,96.3,14121234
2010-05-20,1274362200,97.91,98.57001,97.53,98.33,17667744
2010-05-21,1274448600,99.61,99.75,97.86,98.42999,18671088
2010-05-24,1274707800,98.74001,98.87,97.89999,98.09,7721043
2010-05-25,1274794200,99.64999,99.89,98.39999,98.57001,12953070
2010-05-26,1274880600,98.22,98.4019,97.4001,98.28999,12644855
2010-05-27,1274967000,96.83,96.99001,95.88,96.06,7653109
2010-05-28,1275053400,96.49001,96.78,96.015,96.5,5805434
2010-06-01,1275399000,97.23,97.28999,96.25,96.85001,5536328
2010-06-02,1275485400,96.99001,97.19,95.82001,95.92999,5656398
2010-06-03,1275571800,95.21001,95.91,95.10001,95.23,8499473
2010-06-04,1275658200,96.94,97.95,96.7,97.78999,7479656
2010-06-07,1275917400,97.52,98.59,97.33,98.53999,5288172
2010-06-08,1276003800,97.92999,98.50999,97.75999,98.05,5510785
2010-06-09,1276090200,97.60001,98.12,97.21001,97.94,5598094
2010-06-10,1276176600,97.2,97.28999,96.09,96.19,6075043
2010-06-11,1276263000,97.09,97.81,96.61,97.41,6266859
2010-06-14,1276522200,96.32001,97.03999,96.22,96.91,5310309
2010-06-15,1276608600,97.11,97.25,96.05,96.50999,4920039
2010-06-16,1276695000,97.19,97.22,96.39,97.06,4011079
2010-06-17,1276781400,97.14999,98.23,97.07001,97.85001,5650875
2010-06-18,1276867800,97.89,98.11,97.57001,97.69,4171633
2010-06-21,1277127000,96.46001,97.55,96.41,97.41,5740875
2010-06-22,1277213400,97.67999,98.60001,97.42,98.57001,5661563
2010-06-23,1277299800,98.61,99.57001,98.57001,99.24001,9137828
2010-06-24,1277386200,99.35001,99.59,98.35001,98.64999,6184566
2010-06-25,1277472600,98.32001,99.33,98.16,99.05,5148465
2010-06-28,1277731800,99.60001,100,99.41721,99.98,5437430
2010-06-29,1277818200,100.32001,101.125,100.16,101.07001,7340715
2010-06-30,1277904600,101.41,101.78999,100.8,101.75,7205938
2010-07-01,1277991000,101.57001,102.66,101.38,101.60001,12893781
2010-07-02,1278077400,101.11,101.44,100.16,100.78999,6297547
2010-07-06,1278423000,100.83,101.75,100.74001,101.62,6620320
2010-07-07,1278509400,101.46001,101.50999,100.34,100.42999,5727793
2010-07-08,1278595800,99.82001,100.16,99.55009,99.78999,6260594
2010-07-09,1278682200,99.39999,99.64,99.17999,99.22,4286008
2010-07-12,1278941400,99.33,99.84,99.03999,99.17999,4062097
2010-07-13,1279027800,98.85001,98.89,98.17999,98.33,5842457
2010-07-14,1279114200,98.72,99.49001,98.39,99.32001,5417266
2010-07-15,1279200600,99.74001,100.59,99.7,100.31,6996383
2010-07-16,1279287000,100.31,101.13,100.27,100.8,7512359
2010-07-19,1279546200,100.56,100.75,99.98,100.17999,4305777
2010-07-20,1279632600,100.67,100.89999,100.17999,100.33,5077055
2010-07-21,1279719000,100.45,102.28,100.41,102.03,7894191
2010-07-22,1279805400,101.50999,101.52,100.82001,100.85001,5760086
2010-07-23,1279891800,100.8,100.97,99.69,99.78,6259016
2010-07-26,1280151000,99.63,99.81,99,99.61,4856313
2010-07-27,1280237400,98.78,99.179,98.5699,98.64999,5329301
2010-07-28,1280323800,98.49001,99.19,98.27,98.97,5507141
2010-07-29,1280410200,98.10001,99.02,97.92,98.94,6306477
2010-07-30,1280496600,100.2,100.61,99.85001,100.48,7683172
2010-08-02,1280755800,99.24001,99.33,98.75,98.75,5769207
2010-08-03,1280842200,99.2,99.66,98.92999,99.32001,4363422
2010-08-04,1280928600,99.5,99.50999,98.56,98.56,3820360
2010-08-05,1281015000,99.34,99.49001,98.84,99.02,3704154
2010-08-06,1281101400,99.78999,100.21001,99.49001,100.10001,6042387
2010-08-09,1281360600,99.74001,99.98,99.61,99.73,2578456
2010-08-10,1281447000,100.06,101.00999,99.47,99.94,11250992
2010-08-11,1281533400,100.31,101.39011,100.31,101.28,6778332
2010-08-12,1281619800,101.58,101.94,100.87,101.03,7590008
2010-08-13,1281706200,101.62,102.45,101.48,102.28999,7844008
2010-08-16,1281965400,104.21001,104.89,104.07001,104.85001,7980453
2010-08-17,1282051800,104.85001,104.85989,104,104.25,6756766
2010-08-18,1282138200,105,105.64999,104.49001,104.53,7721938
2010-08-19,1282224600,104.78999,106.61,104.64,106.16,13128469
2010-08-20,1282311000,106.41,106.83,105.84,106.03999,7040203
2010-08-23,1282570200,105.64999,106.19,105.25,106.06,6360211
2010-08-24,1282656600,107.03999,108.13,106.67,107.75999,9813383
2010-08-25,1282743000,108.8,109.34,107.07001,107.41,13305262
2010-08-26,1282829400,107.56,108.49001,107.28999,108.42,7040672
2010-08-27,1282915800,107.77,108.33,105.2,105.35001,13514371
2010-08-30,1283175000,106.21001,107.39999,105.82001,107.366,5535934
2010-08-31,1283261400,108.22,108.64999,107.62,108.56,8397289
2010-09-01,1283347800,107.02,107.05,105.09,106,12480910
2010-09-02,1283434200,105.2,105.3,104.39999,104.88,8168090
2010-09-03,1283520600,102.72,103.94,102.7,103.58,9210648
2010-09-07,1283866200,105.09,105.78,104.81,105.7,6018383
2010-09-08,1283952600,105.09,105.21001,104.36,104.86,6698352
2010-09-09,1284039000,103.7,103.84,102.64,102.78999,8588824
2010-09-10,1284125400,102.25,102.7,101.85001,102.32001,6910445
2010-09-13,1284384600,101.8,103.05,101.77,102.825,7055086
2010-09-14,1284471000,103.03,103.82001,102.97,103.81,5978668
2010-09-15,1284557400,102.75,103.25999,102.14,102.27,7925070
2010-09-16,1284643800,101.53,101.82001,100.85001,101.25999,17124896
2010-09-17,1284730200,101.83,102.1581,101.32001,101.67,9203852
2010-09-20,1284989400,102.14999,102.45,101.6899,102.25999,5277734
2010-09-21,1285075800,102.67,104.02,102.25999,103.67999,12665914
2010-09-22,1285162200,104.55,105.07001,103.85001,104.61,8229359
2010-09-23,1285248600,105.41,105.455,104.24001,104.912,7412180
2010-09-24,1285335000,103.96001,104.11501,103.5,103.5,8942492
2010-09-27,1285594200,104.52991,105.44501,104.48,105.3,7061566
2010-09-28,1285680600,105.38,106.32001,105.34,106.02,8262813
2010-09-29,1285767000,106.17,106.27,105.35049,105.58,5507043
2010-09-30,1285853400,105.39999,105.58501,104.03,105.50999,10618387
2010-10-01,1285939800,104.23,105.14,103.98,104.61,9368359
2010-10-04,1286199000,104.62,104.92999,104.41,104.88,4422641
2010-10-05,1286285400,104.73,104.81,103.92999,104.25,8491719
2010-10-06,1286371800,104.89999,106.10001,104.86,105.56,6476070
2010-10-07,1286458200,105.17,105.38,104.67,104.67999,5780957
2010-10-08,1286544600,104.87,105.4599,104.22,104.22,6128648
2010-10-11,1286803800,104.11,104.42999,103.94,104.24001,1474151
2010-10-12,1286890200,104.41,104.75999,103.17999,103.21001,6122695
2010-10-13,1286976600,102.35001,103.12,102.03999,103.05,8168336
2010-10-14,1287063000,103.28999,103.64999,101.47,101.508,10947066
2010-10-15,1287149400,100.60001,101.05,99.895,100.27,12694727
2010-10-18,1287408600,101.2,101.45,100.78,101.08,5592387
2010-10-19,1287495000,100.58,102.0899,100.55,101.69,8017617
2010-10-20,1287581400,101.37,102.28011,101.21001,101.91,5515781
2010-10-21,1287667800,101.69,101.91,100.69,100.7,6836184
2010-10-22,1287754200,100.44,101.47,100.412,101.38,4770789
2010-10-25,1288013400,102.12,102.28999,101.55,101.67,5632250
2010-10-26,1288099800,100.86,101.06,100.05,100.10001,8434426
2010-10-27,1288186200,99.6801,100.17,99.22,99.22,9245391
2010-10-28,1288272600,99.58,99.83,99.16,99.49001,8052598
2010-10-29,1288359000,99.82001,100.4601,99.62,100.42,6753773
2010-11-01,1288618200,100.8,100.81,99.49001,99.67,5921582
2010-11-02,1288704600,100.46001,101.09,100.42,100.98,6537348
2010-11-03,1288791000,101.73,102.27,98.42999,98.92,25543440
2010-11-04,1288877400,99.17,99.8705,99.08,99.69,13247461
2010-11-05,1288963800,98.35001,98.8,97.98,97.98,12434996
2010-11-08,1289226600,98.59,98.92,97.8196,98.42,6795527
2010-11-09,1289313000,98.49001,98.52,96.19,96.25,15064277
2010-11-10,1289399400,96.35001,96.74001,95,96.38,18540496
2010-11-11,1289485800,96.45,96.63,96.14,96.33,3370330
2010-11-12,1289572200,96.21001,96.74001,95.81,95.81,11739586
2010-11-15,1289831400,95.33,95.72,93.81,93.81,14978633
2010-11-16,1289917800,94.91,96.25,93.99001,96.138,19913472
2010-11-17,1290004200,95.8,96.75999,95.34,95.61,9915563
2010-11-18,1290090600,95.67999,96,94.8,96,12425313
2010-11-19,1290177000,96.09,96.59,95.78999,96.59,8359477
2010-11-22,1290436200,97.37,97.62,96.24001,97,10414363
2010-11-23,1290522600,97.67,97.95,97.24001,97.48,9566844
2010-11-24,1290609000,96.81,96.99001,95.58,95.74001,11467563
2010-11-26,1290781800,96.72,97.12,96.55,97.01601,4848875
2010-11-29,1291041000,97.56,97.94501,97.09,97.89999,8950043
2010-11-30,1291127400,99.21001,99.27,98.11,98.41,11947582
2010-12-01,1291213800,96.64999,97.11,95.89,95.894,15445895
2010-12-02,1291300200,95.96001,96.53999,95.53011,95.64,9319199
2010-12-03,1291386600,96.28,96.33,94.85001,94.89,10195109
2010-12-06,1291645800,95.52,96.25,95.31,96.23,7004488
2010-12-07,1291732200,94.72,94.92,93.16,94.17,18536784
2010-12-08,1291818600,93.72,93.8,92.11,93.25999,19276640
2010-12-09,1291905000,93.60001,94.27,92.73,93.72,17477328
2010-12-10,1291991400,93.28999,93.86,93.14,93.14999,7079465
2010-12-13,1292250600,93.05,94.03,92.56,93.5,12400422
2010-12-14,1292337000,92.39999,93.02,91.44,92.13499,23519376
2010-12-15,1292423400,92.08,92.24001,90.47,90.94,26088720
2010-12-16,1292509800,91.03,91.58,90.57001,91.57001,17939168
2010-12-17,1292596200,91.88,93.77,91.86,93.24001,16850640
2010-12-20,1292855400,93.75,94.23,92.64,93.14,13703969
2010-12-21,1292941800,93.13,93.78999,92.49001,93.78999,8985008
2010-12-22,1293028200,93.47,93.55,92.92999,93.12,6440844
2010-12-23,1293114600,93.17999,93.23,92.53,92.92999,7091738
2010-12-27,1293460200,92.75999,93.88,92.3,93.75999,5286379
2010-12-28,1293546600,92.92999,93.07001,91.31,91.61,13976188
2010-12-29,1293633000,91.75999,93.52,91.47,93.16,13115973
2010-12-30,1293719400,92.88,93.28,92.41,93.09,7030273
2010-12-31,1293805800,93.50999,94.7,93.44,94.12,8515949
2011-01-03,1294065000,93.2,94.31,92.95,93.41,13799680
2011-01-04,1294151400,93.41,93.765,92.91,93.52,10467656
2011-01-05,1294237800,92.49001,92.69,91.19,91.46001,17569200
2011-01-06,1294324200,91.53999,92.12,91.16,91.86,9317430
2011-01-07,1294410600,91.50999,92.63,91.03,92.35001,12694672
2011-01-10,1294669800,92.58,92.99001,92.17999,92.85001,8295355
2011-01-11,1294756200,92.49001,92.60001,91.69,92.33,9495363
2011-01-12,1294842600,91.74001,92.17,91.45,91.61,9524133
2011-01-13,1294929000,91.62,92.77,91.45,92.42999,14502336
2011-01-14,1295015400,92.78,92.89999,91.75999,91.83501,8960672
2011-01-18,1295361000,91.28999,91.71001,90.73,91.41,10663684
2011-01-19,1295447400,91.41,92.07001,91.36,92.07001,8888027
2011-01-20,1295533800,91.5,91.61501,90.39,90.8,14203348
2011-01-21,1295620200,90.69,91.52,90.50999,91.52,9085820
2011-01-24,1295879400,91.87,91.89999,91.38,91.56,7700336
2011-01-25,1295965800,91.94,92.89999,91.32001,92.42999,13442363
2011-01-26,1296052200,92.22,92.25999,90.89,91.03,13324348
2011-01-27,1296138600,91.07001,91.64999,90.67,91.44,10869313
2011-01-28,1296225000,90.81,92.28,90.77,91.92,11993172
2011-01-31,1296484200,91.66,91.98,91.05,91.22,8649188
2011-02-01,1296570600,90.55,90.84,90.14,90.45,11508316
2011-02-02,1296657000,90.89999,91,89.89999,90.47,13624781
2011-02-03,1296743400,89.96001,90.57001,89.71001,89.72,12793465
2011-02-04,1296829800,89.5,89.64999,88.77,88.81,17172144
2011-02-07,1297089000,88.7,89.3,88.57001,89.27,8554879
2011-02-08,1297175400,89.31,89.53999,88.36,88.45,10461617
2011-02-09,1297261800,88.69,89.66,88.14,89.22,13081570
2011-02-10,1297348200,88.89999,89.14,88.17999,88.19,10492805
2011-02-11,1297434600,89.03,89.53,88.74001,89.46001,11333805
2011-02-14,1297693800,89.31,89.92999,89.31,89.521,8034043
2011-02-15,1297780200,89.56,89.97,89.37,89.92,7300324
2011-02-16,1297866600,89.87,90.32001,89.34,89.63,8446770
2011-02-17,1297953000,90.02,90.17999,89.66,89.77,6740715
2011-02-18,1298039400,89.42,89.55,89.08,89.49001,6082605
2011-02-22,1298385000,89.91,90.94,89.71001,90.83,11912277
2011-02-23,1298471400,91.10001,91.55,90.74001,91.16,14522988
2011-02-24,1298557800,91.63,92.03999,91.44,91.74001,12111668
2011-02-25,1298644200,91.74001,92.28,91.64011,92.28,6841965
2011-02-28,1298903400,92.3,92.52,92.08,92.39999,9683137
2011-03-01,1298989800,91.52,92.39999,91.47,92.37,8049414
2011-03-02,1299076200,91.84,91.99001,90.94,90.95,8529266
2011-03-03,1299162600,90.53,90.78011,89.98,90.06,10608012
2011-03-04,1299249000,90.10001,90.85001,90,90.81,9319656
2011-03-07,1299508200,90.02,90.86,89.85201,90.23,7525398
2011-03-08,1299594600,90.11,90.34,89.64999,89.67999,8500344
2011-03-09,1299681000,90.09,90.82001,89.85001,90.55,8906641
2011-03-10,1299767400,90.87,92.10001,90.64,92.075,13389859
2011-03-11,1299853800,92.03999,92.08,91.33,91.55,8421152
2011-03-14,1300109400,91.48,91.92,91.32001,91.50999,6767867
2011-03-15,1300195800,92.8,93.05,92.36,92.88,14895980
2011-03-16,1300282200,93.37,94.94,93.08,93.92999,24313024
2011-03-17,1300368600,93.24001,93.61,92.75999,93.21001,10531039
2011-03-18,1300455000,92.75,93.48,92.69,93.46001,7262988
2011-03-21,1300714200,93.13,93.17999,92.57001,92.91,10545516
2011-03-22,1300800600,92.81,93.28999,92.7399,93.22,6905504
2011-03-23,1300887000,93.85001,93.88,92.92999,93.10001,8358941
2011-03-24,1300973400,92.75999,92.88,92.39,92.39999,9478934
2011-03-25,1301059800,92.86,92.96001,92.02,92.17,6447168
2011-03-28,1301319000,92.12,92.67,92,92.3,3997481
2011-03-29,1301405400,91.98,92.5,91.57001,91.59,6489273
2011-03-30,1301491800,91.72,92.32001,91.56,92.32001,5048449
2011-03-31,1301578200,92.67,92.72,91.61,92.13,9655063
2011-04-01,1301664600,91.5,92.27,91.42,92.19,7860305
2011-04-04,1301923800,92.2,92.58,92.1299,92.28999,4471203
2011-04-05,1302010200,92.16,92.38,91.67,91.92,9952766
2011-04-06,1302096600,91.77,91.78999,90.53999,90.53999,9093586
2011-04-07,1302183000,90.53,90.75999,90.13,90.36,9266180
2011-04-08,1302269400,89.92999,90.32001,89.85001,89.88,7606270
2011-04-11,1302528600,89.83,90.22,89.64999,89.96001,5735730
2011-04-12,1302615000,90.61,91.24001,90.56,90.92999,7686438
2011-04-13,1302701400,90.53999,91.5,90.44,91.5,7962543
2011-04-14,1302787800,91.53999,91.77,91.22,91.42999,7610371
2011-04-15,1302874200,92.25999,92.71001,92.07001,92.67,10223055
2011-04-18,1303133400,91.99001,93.10001,91.45,92.88,12038395
2011-04-19,1303219800,92.86,93.28,92.75999,93.28,5295430
2011-04-20,1303306200,93.07001,93.25999,92.61,92.67999,6759430
2011-04-21,1303392600,92.89,93.23,92.56,92.60001,3372139
2011-04-25,1303738200,92.63,92.97501,92.5,92.95,3626878
2011-04-26,1303824600,93.27,93.87,93.17999,93.85001,7507238
2011-04-27,1303911000,93.44,93.57001,92.75,92.89,8869598
2011-04-28,1303997400,93.22,93.60001,92.97,93.60001,8110152
2011-04-29,1304083800,93.47,93.92,93.35001,93.89,5905379
2011-05-02,1304343000,93.32001,93.67999,93.17,93.64,5286363
2011-05-03,1304429400,93.96001,94.17,93.58,94.17,6486855
2011-05-04,1304515800,94.31,94.72,94.27,94.59,7419160
2011-05-05,1304602200,94.92,95.63,94.80901,95.49001,9588273
2011-05-06,1304688600,94.50999,95.49001,94.35001,95.07001,9460652
2011-05-09,1304947800,94.89999,95.2,94.84,94.97,3735127
2011-05-10,1305034200,94.7,94.89,94.28999,94.28999,5458555
2011-05-11,1305120600,94.32001,95.09,94.17999,94.83,6079016
2011-05-12,1305207000,94.95,95.11,93.91,94.23,8017426
2011-05-13,1305293400,94.64999,95.49001,94.53,95.08,8382609
2011-05-16,1305552600,95.03,95.78999,94.75999,95.61,6053863
2011-05-17,1305639000,96.03,96.60001,95.98,96.59,9828199
2011-05-18,1305725400,96.27,96.39,95.28,95.31,7707848
2011-05-19,1305811800,94.46001,95.32001,94.46001,95.27,8067371
2011-05-20,1305898200,95.02,95.41,94.7205,95.32001,5602559
2011-05-23,1306157400,95.73,96.19,95.59,95.78,6346039
2011-05-24,1306243800,95.64,96.14,95.46001,96.14,5549152
2011-05-25,1306330200,96.14999,96.28,95.53999,95.69,5665371
2011-05-26,1306416600,95.97,96.55,95.89,96.50999,8311586
2011-05-27,1306503000,96.13,96.50999,95.88,96.47,5390680
2011-05-31,1306848600,96.17999,96.75999,96.0899,96.69,7004590
2011-06-01,1306935000,96.92,97.718,96.89,97.64,12747961
2011-06-02,1307021400,96.49001,96.91,95.78,95.78,15738781
2011-06-03,1307107800,96.58,96.60001,95.57001,96.33,10644188
2011-06-06,1307367000,95.47,95.99001,95.21001,95.60001,8776816
2011-06-07,1307453400,95.23,96.06,95.12,96.03999,7407539
2011-06-08,1307539800,96.25999,96.84,96.17,96.78999,8928070
2011-06-09,1307626200,97.10001,97.33,95.92999,96.39999,9962914
2011-06-10,1307712600,96.91,97.39,96.8,97.14,7710730
2011-06-13,1307971800,96.74001,97.28999,96.64,96.64999,5540141
2011-06-14,1308058200,95.74001,95.89999,95.13,95.19,8672660
2011-06-15,1308144600,95.38,96.94,95.37,96.92,12979051
2011-06-16,1308231000,97.10001,97.53,96.8,97.36,10961211
2011-06-17,1308317400,96.86,97.14999,96.64,96.89999,9622852
2011-06-20,1308576600,97.33,97.36,96.58501,97.02,6613996
2011-06-21,1308663000,96.7,97.03,96.27,96.59,7898711
2011-06-22,1308749400,96.96001,97.06,96.41,96.64999,5505637
2011-06-23,1308835800,97.24001,97.74001,97.14999,97.39,8587586
2011-06-24,1308922200,97.36,97.69009,96.98,96.98,7960828
2011-06-27,1309181400,96.85001,96.87,95.55,95.64999,9331438
2011-06-28,1309267800,95.48,95.67999,94.72,94.88,12634250
2011-06-29,1309354200,94.95,95.19859,94.02,94.25,11084828
2011-06-30,1309440600,94.23,94.31,93.14,94.10001,11555559
2011-07-01,1309527000,94.13,94.23,93.36501,93.63,6637188
2011-07-05,1309872600,94.03999,94.17,93.69,93.84,4615754
2011-07-06,1309959000,94.19,94.45,93.8399,94.32001,5653199
2011-07-07,1310045400,93.8279,94.145,93.55,94.03999,6824641
2011-07-08,1310131800,94.84,95.61,94.83,95.37,12129234
2011-07-11,1310391000,96.03999,96.8,95.75011,96.8,9760754
2011-07-12,1310477400,97.3,97.31,96.56,97.13,9090770
2011-07-13,1310563800,96.71001,97.42999,96.11,97.39999,13119566
2011-07-14,1310650200,96.62,97.89999,96.00999,96.00999,11472105
2011-07-15,1310736600,95.28999,96.2,95.24049,96.17,7086625
2011-07-18,1310995800,96.06,96.17,95.2,95.24001,8206445
2011-07-19,1311082200,95.32001,97.27,95.17,97.22,15249363
2011-07-20,1311168600,96.72,96.84,95.866,96.07001,9673215
2011-07-21,1311255000,95.24001,95.86,94.89999,95.33,11095801
2011-07-22,1311341400,95.69,96.09,95.53,96.05,4974441
2011-07-25,1311600600,94.97,96.05,94.83,95,10869367
2011-07-26,1311687000,95.3,95.87,95.24001,95.64999,7682707
2011-07-27,1311773400,95.34,95.84,95.10001,95.66,11229121
2011-07-28,1311859800,96.11,96.31,95.71001,96.02,7081715
2011-07-29,1311946200,96.89,98.53,96.78,97.92,19582352
2011-08-01,1312205400,97.39,98.94,97.35001,98.58,14348406
2011-08-02,1312291800,99.22,101.57001,98.89,101.53999,20850512
2011-08-03,1312378200,101.57001,103.42,101.36,101.74001,21180048
2011-08-04,1312464600,102.38,105.55,102.27,105.36,34077776
2011-08-05,1312551000,103.44,105.5,102.28,102.32001,41677904
2011-08-08,1312810200,103.17999,105.78999,102.95,105.55,38266000
2011-08-09,1312896600,105.00999,109.37,103,105.87,39882336
2011-08-10,1312983000,107.63,109.07001,106.94,109.02,46221040
2011-08-11,1313069400,107.34,107.81,103.2,103.52,37790240
2011-08-12,1313155800,104.44,105.66,104.07001,105.57001,15590703
2011-08-15,1313415000,104.94,105.48,104.47,104.5,10051648
2011-08-16,1313501400,104.66,106.64,104.63251,106.23,15993121
2011-08-17,1313587800,106.32001,108.10001,105.77,108.09,15906543
2011-08-18,1313674200,110.09,112.14,109.28,110.31,27274528
2011-08-19,1313760600,110.64999,111.41,110.23,111.2,15708895
2011-08-22,1314019800,110.46001,111.25999,110.39,110.92,13160191
2011-08-23,1314106200,109.75999,111.17,109.35001,109.39,16017895
2011-08-24,1314192600,109.28999,109.41,106.14999,106.28,14621992
2011-08-25,1314279000,106.69,107.89999,106.36,107.42999,10566793
2011-08-26,1314365400,108.69,109.27,107.33,108.49001,11504781
2011-08-29,1314624600,106.7,107.39999,106.60001,106.99001,6764297
2011-08-30,1314711000,108.42999,109.14999,108.25,108.71001,9508629
2011-08-31,1314797400,108.81,108.96001,107.03,107.03,12186520
2011-09-01,1314883800,107.47,108.98,106.08,108.97,10686617
2011-09-02,1314970200,111.39,112.58,110.66,112.50999,16557316
2011-09-06,1315315800,114.42,114.92999,113.39,113.67999,14016832
2011-09-07,1315402200,112.28,112.37,111.31,111.50999,11524281
2011-09-08,1315488600,112.3,112.63,111.34,112.50999,11481570
2011-09-09,1315575000,112.53999,114.17999,112.21001,113.71001,11492629
2011-09-12,1315834200,113.57001,114.25,113.10001,113.83,7602168
2011-09-13,1315920600,113.39999,113.59,112.11,112.21001,9282359
2011-09-14,1316007000,111.97,113.35001,111.82001,113.16,11952410
2011-09-15,1316093400,111.98,112.49001,111.42999,111.42999,8883988
2011-09-16,1316179800,111.31,112.5898,111.25,112.24001,10053418
2011-09-19,1316439000,114.2,115.19,114.12,114.38,13033664
2011-09-20,1316525400,114.37,114.8701,114.05,114.86,6360590
2011-09-21,1316611800,114.63,118.78619,114.2,118.66,18687072
2011-09-22,1316698200,121.41,123.87,121.23,123.12,25043264
2011-09-23,1316784600,123.12,123.36,120.83,120.83,15173754
2011-09-26,1317043800,120.12,120.57001,118.58,118.89,15111438
2011-09-27,1317130200,116.75,117.3,116.25999,117.07001,13589516
2011-09-28,1317216600,116.89999,117.11,115.75999,117.03,12642848
2011-09-29,1317303000,117.61,118.82001,117.09,117.84,12341898
2011-09-30,1317389400,120.02,120.91,118.99001,120.8,13547246
2011-10-03,1317648600,121.88,123.81,121.1142,123.81,15882645
2011-10-04,1317735000,124.37,125.03,122.17999,122.24001,17301568
2011-10-05,1317821400,121.66,121.78,120.66,121.36,14275348
2011-10-06,1317907800,120.64,121.00999,119.12,119.12,9682402
2011-10-07,1317994200,117.75,119.05,116.85001,118.24001,11564527
2011-10-10,1318253400,116.82001,116.91,115.8,116.57001,3567730
2011-10-11,1318339800,117.28999,117.36,115.89999,116.17999,7520113
2011-10-12,1318426200,114.7,115.12,113.48,114.49001,14033398
2011-10-13,1318512600,115.03011,116.55,114.96001,115.63,11264000
2011-10-14,1318599000,113.88,114.61,113.61,113.95,8410961
2011-10-17,1318858200,114.3,115.97,114.22,115.92,9668809
2011-10-18,1318944600,116.14,116.81799,114.3,115.2,12495570
2011-10-19,1319031000,114.53999,115.74001,114.16,115.16,6629258
2011-10-20,1319117400,114.46001,115.67,114.07001,114.34,7832020
2011-10-21,1319203800,113.86,114.2,113.13,113.13,9906281
2011-10-24,1319463000,113.92999,114.08,113.05,113.32001,6344484
2011-10-25,1319549400,113.38,116.35001,113.35001,116.2,11791363
2011-10-26,1319635800,115.39,116.21001,114.07001,114.17,12746922
2011-10-27,1319722200,112.521,112.85001,109.82001,110.3,19390528
2011-10-28,1319808600,110.89999,111.96001,110.75999,111.46001,10127840
2011-10-31,1320067800,113.61,115.88,113.46001,115.88,15242449
2011-11-01,1320154200,118.71001,119.49001,117.17,119.45,24400672
2011-11-02,1320240600,116.63,118.36,116.42,117.96001,13181684
2011-11-03,1320327000,116.34,117.35001,115.99001,116.34,8386680
2011-11-04,1320413400,115.72,117.05009,115.53,116.48,7583668
2011-11-07,1320676200,116.64,118.35001,116.32001,117.22,9279668
2011-11-08,1320762600,116.75,117.53999,115.5,115.72,7539785
2011-11-09,1320849000,118.25999,119.13,117.07001,118.12,13004492
2011-11-10,1320935400,116.78,117.61,115.21001,116.36,11644980
2011-11-11,1321021800,115.83,116.16521,115.5,115.64999,2483889
2011-11-14,1321281000,116.39,117.595,116.21001,117.50999,9252520
2011-11-15,1321367400,117.69501,118.46001,116.72,117.35001,7587449
2011-11-16,1321453800,117.96001,118.42999,117.17999,118.42,7469973
2011-11-17,1321540200,118.03999,120.161,118.03999,119.37,9907883
2011-11-18,1321626600,119.1801,119.55,118.32001,119.34,6794441
2011-11-21,1321885800,120.38,120.73,119.91,120.05,7345738
2011-11-22,1321972200,120.35001,121.41,119.85001,121.39,7866398
2011-11-23,1322058600,121.16,123.05,121.03,122.58,10129293
2011-11-25,1322231400,121.8,121.87,120.74001,120.8,4311859
2011-11-28,1322490600,118.63,121.14999,118.58,120.74001,7661840
2011-11-29,1322577000,120.03,120.92,119.08,119.75,8952730
2011-11-30,1322663400,118.34,118.56,117.25999,117.88,11806773
2011-12-01,1322749800,116.28999,117.239,115.8,117,9647137
2011-12-02,1322836200,116.62,118.67999,116.56,118.64,7764844
2011-12-05,1323095400,117,118.83,116.883,118.39999,7862773
2011-12-06,1323181800,117.81,118.28999,116.77,117.27,8506262
2011-12-07,1323268200,117.33,118.24001,116.85001,117.69,6588270
2011-12-08,1323354600,117.72,119.33,117.41,119.16,8800734
2011-12-09,1323441000,119.07001,119.13,116.63,116.71001,9855172
2011-12-12,1323700200,117.91,118.49001,117.61,118.00999,5734508
2011-12-13,1323786600,117.28,119.63,117.16,119.11,8905184
2011-12-14,1323873000,119.7901,121.39,119.494,121.36,11247672
2011-12-15,1323959400,120.66,121.32001,120.37,120.91,5438609
2011-12-16,1324045800,121.38,122.6201,121.28999,122.32001,9321863
2011-12-19,1324305000,122.32001,124.02,122.25999,123.87,7845313
2011-12-20,1324391400,122.66,122.67,120.61,120.78,13946805
2011-12-21,1324477800,120.63,120.83,119.07001,119.10001,11600086
2011-12-22,1324564200,120,120.42,119.35001,119.60001,5247375
2011-12-23,1324650600,118.55991,118.71001,117.74001,118.27,5409902
2011-12-27,1324996200,117.94,118.45,117.62,118.45,4270461
2011-12-28,1325082600,118.74001,121.05,118.45,120.64,8302410
2011-12-29,1325169000,120.48,121.09,120.06,120.86,4304961
2011-12-30,1325255400,121.11,121.75999,120.88721,121.25,5948797
2012-01-03,1325601000,119.42,120.2,118.92999,119.42999,9076887
2012-01-04,1325687400,119.25999,119.28,117.67999,118.00999,8417066
2012-01-05,1325773800,118.17,119.10001,117.57001,117.8,6465773
2012-01-06,1325860200,117.75,118.96001,117.71001,118.73,7348438
2012-01-09,1326119400,118.47,119.53999,118.3,118.52,5582578
2012-01-10,1326205800,117.73,118.87,117.67999,118.32001,8932484
2012-01-11,1326292200,119.03999,120.06,118.98,119.86,8634406
2012-01-12,1326378600,119.95,120.19,119.24001,119.69,7205320
2012-01-13,1326465000,121.10001,121.64,120.81,120.88,9818910
2012-01-17,1326810600,120.95,121.63,120.826,121.44,5449836
2012-01-18,1326897000,121.53,121.612,119.91,119.97,5803977
2012-01-19,1326983400,119.33,119.55901,117.92,118.32001,8626695
2012-01-20,1327069800,117.71001,117.96001,116.97,116.98,6548395
2012-01-23,1327329000,116.13,116.64,115.55,116.24001,7274801
2012-01-24,1327415400,116.71001,116.71001,115.78,116.45,5776852
2012-01-25,1327501800,116.06,118.53,115.89,116.17,12867570
2012-01-26,1327588200,116.64999,117.71001,116.59,117.71001,7638469
2012-01-27,1327674600,117.83,118.33,117.00999,118.08,5165359
2012-01-30,1327933800,119.84,120.39,119.34,119.47,8388363
2012-01-31,1328020200,119.25999,120.91,119.19,120.85001,7998258
2012-02-01,1328106600,119.75,119.89999,118.811,119.17999,7926219
2012-02-02,1328193000,118.96001,119.48,118.64,119.13,5596855
2012-02-03,1328279400,116.46001,116.8,115.97,116.57001,12467695
2012-02-06,1328538600,116.69,117.8,116.34,117.73,6182945
2012-02-07,1328625000,116.62,116.88,115.77,116.27,8803035
2012-02-08,1328711400,116.2,116.78999,115.98,116.36,7614648
2012-02-09,1328797800,115.86,116.03999,114.62,115.49001,11477840
2012-02-10,1328884200,116.8,117.33,116.52,116.99001,7193086
2012-02-13,1329143400,116.60001,117.37,116.435,117.14,6422848
2012-02-14,1329229800,117.44,118.28,117.23,117.75999,8271309
2012-02-15,1329316200,117.66,118.27,117.49001,117.55,6846277
2012-02-16,1329402600,117.27,117.60001,116.13,116.61,9036469
2012-02-17,1329489000,115.86,116.61,115.75999,116.58,6338145
2012-02-21,1329834600,115.77,115.92,114.95,115.28999,8341016
2012-02-22,1329921000,115.89,116.75999,115.81,116.742,7736910
2012-02-23,1330007400,116.14,117.22,115.92999,116.73599,5164242
2012-02-24,1330093800,117.23,117.58,116.95,117.5,5676828
2012-02-27,1330353000,118.5,118.85001,118.12,118.53999,8181453
2012-02-28,1330439400,118.87,119.14,117.94,118.14999,6615652
2012-02-29,1330525800,118.37,118.42,116.96001,117.42999,14236457
2012-03-01,1330612200,116.17,116.67999,115.53999,116.06,12265621
2012-03-02,1330698600,116.60001,117.48,116.55,117.14999,6669512
2012-03-05,1330957800,116.96001,117.4399,116.22,116.22,6923590
2012-03-06,1331044200,117.45,118.11,117.44,117.63,6299633
2012-03-07,1331130600,117.46001,117.61,116.80991,116.91,5567473
2012-03-08,1331217000,116.32001,116.57001,115.64,115.74001,7982219
2012-03-09,1331303400,115.49001,115.99001,114.89999,115.97,6975598
2012-03-12,1331559000,116.32001,116.52,115.87,115.95,5280559
2012-03-13,1331645400,115.27,115.41,113.89,113.91,14414918
2012-03-14,1331731800,112.7,112.75,110.95,111.03999,24515312
2012-03-15,1331818200,110.89999,111.74001,110.88,111.21001,14155008
2012-03-16,1331904600,110.5,111.44,110.2,111.42999,13427699
2012-03-19,1332163800,111.36,111.48,109.69,110.10001,14011855
2012-03-20,1332250200,110.42999,110.8714,109.85001,110.53999,9444098
2012-03-21,1332336600,110.86,111.89,110.81,111.78999,10242230
2012-03-22,1332423000,112.28999,112.37,111.87,112.14999,8009887
2012-03-23,1332509400,112.69,113.39,112.66,113.21001,8465543
2012-03-26,1332768600,112.83,113.00999,111.8,112.63,8118602
2012-03-27,1332855000,112.78,113.7,112.7,113.44,6972602
2012-03-28,1332941400,112.92,113.94,112.85001,113.28,7885996
2012-03-29,1333027800,114.02,114.19,113.58,114.13,7692977
2012-03-30,1333114200,114.21001,114.27,112.19,112.2,9467449
2012-04-02,1333373400,113,113.3,112.2,112.53,8944055
2012-04-03,1333459800,113.00999,113.44,110.57001,110.58,14774277
2012-04-04,1333546200,111.77,112.12,111.41,112.1001,10095598
2012-04-05,1333632600,113,113.07001,112.33,112.91,6364219
2012-04-09,1333978200,115.53999,115.77,115.24001,115.55,14379609
2012-04-10,1334064600,115.95,117.28999,115.78,116.85989,14421422
2012-04-11,1334151000,115.71001,116.06,115.35001,115.46001,8712930
2012-04-12,1334237400,115.67,115.75,114.82001,114.98,9008578
2012-04-13,1334323800,116.14999,116.89999,116.12,116.84,8607984
2012-04-16,1334583000,116.7,117.60001,116.57001,116.67,7734949
2012-04-17,1334669400,116.53,116.82809,116.25,116.60001,5398578
2012-04-18,1334755800,117.05,117.12,116.73,116.94,4074331
2012-04-19,1334842200,117.25,117.47,117.02,117.05,5374262
2012-04-20,1334928600,116.56,117.13,116.33,117.07001,5044168
2012-04-23,1335187800,118.11,118.41,117.795,117.92,5170664
2012-04-24,1335274200,117.61,117.75999,117.08,117.09,4336566
2012-04-25,1335360600,116.41,117.32001,115.69,116.49001,8859430
2012-04-26,1335447000,117.42,117.46001,116.59,117.19,5134789
2012-04-27,1335533400,117.02,117.36,116.78999,117.28999,3112817
2012-04-30,1335792600,117.57001,117.75,117.19,117.32001,4198336
2012-05-01,1335879000,117.42999,117.62,116.0714,116.42999,7215000
2012-05-02,1335965400,117.22,117.32001,116.8,117.25,3565869
2012-05-03,1336051800,116.64,117.37,116.56,117.22,3522807
2012-05-04,1336138200,117.48,118.19,117.39999,118.14,6367227
2012-05-07,1336397400,118.32001,118.46001,118.02,118.16,3228158
2012-05-08,1336483800,118.69,119.50999,118.66,118.78999,6051598
2012-05-09,1336570200,119.45,119.57001,118.44,118.87,5828828
2012-05-10,1336656600,118.02,118.62,117.44,118.52,6303211
2012-05-11,1336743000,119.49001,119.60001,118.96001,119.5,5236223
2012-05-14,1337002200,120.87,121.3,120.5999,121.17,8789539
2012-05-15,1337088600,121.09,121.73,120.82001,121.66,6766375
2012-05-16,1337175000,120.98,122.17999,120.72,122.00999,6465152
2012-05-17,1337261400,122.03,124.28,122.02,124.17,14863875
2012-05-18,1337347800,123.27,124.44,123.11,124.2001,10137902
2012-05-21,1337607000,123.89999,124.45,123.62,123.94,9585766
2012-05-22,1337693400,122.75,122.88,122.06,122.56,12476766
2012-05-23,1337779800,123.55,124.52,123.36,123.41,11744891
2012-05-24,1337866200,123.23,123.78999,122.75,122.94,10257191
2012-05-25,1337952600,123.42999,123.53999,123.14,123.39999,4723539
2012-05-29,1338298200,123.39,123.81,123,123.02,5874172
2012-05-30,1338384600,125.32001,126.32001,125.3,126.14,17171360
2012-05-31,1338471000,127.03,129.08,126.67,127.60001,31176336
2012-06-01,1338557400,128.87,130.38,128.53,130.36,23526832
2012-06-04,1338816600,129.31,130.17999,128.94,129.33,11681949
2012-06-05,1338903000,128.53,128.64,127.59,127.60001,12483508
2012-06-06,1338989400,127.56,127.60001,125.05,125.05,20808304
2012-06-07,1339075800,124.64999,125.74001,124.39,125.24001,18901312
2012-06-08,1339162200,126.75,126.95,124.57001,125.21001,11239641
2012-06-11,1339421400,124.78999,126.21001,124.77,125.78,10693793
2012-06-12,1339507800,124.97,125.63,124.5,124.63,10921680
2012-06-13,1339594200,124.85001,126.28,124.38,125.86,11100168
2012-06-14,1339680600,125.95,126.28,125.19,125.7,7688148
2012-06-15,1339767000,126.58,126.85001,126.14,126.39999,6421387
2012-06-18,1340026200,127.14999,127.34,126.25999,127.08,6698324
2012-06-19,1340112600,126.27499,126.37,125.3282,125.42,8233199
2012-06-20,1340199000,124.575,126.50999,124.09,126.03999,13721109
2012-06-21,1340285400,125.95,127.25,125.89,126.71001,9777395
2012-06-22,1340371800,125.89999,126.22,125.00999,125.02,7830551
2012-06-25,1340631000,126.36,127.02,126.27,126.84,6114754
2012-06-26,1340717400,126.11,126.95,125.94,126.34,5359664
2012-06-27,1340803800,126.56,126.78799,126.032,126.53999,5860922
2012-06-28,1340890200,127.3,127.48,126.78999,126.85001,5257891
2012-06-29,1340976600,125.03,125.63,124.63,125.2,8882176
2012-07-02,1341235800,125.45,127.21001,125.3701,126.22,7818430
2012-07-03,1341322200,125.95,126,125.21001,125.25,5773777
2012-07-05,1341495000,125.35001,126.32001,125.25,125.89,5977152
2012-07-06,1341581400,126.67,127.205,126.61,127.06,5819078
2012-07-09,1341840600,127.38,128.25999,127.11,128.17999,5646969
2012-07-10,1341927000,127.86,128.74001,127.72,128.44,4288086
2012-07-11,1342013400,128.59,129.47,128.25999,128.60001,5960871
2012-07-12,1342099800,129.05,129.56,128.89999,129.50999,6421875
2012-07-13,1342186200,129.23,129.24001,128.60001,129.17,4175473
2012-07-16,1342445400,130.3,130.61,129.61,129.77,5283449
2012-07-17,1342531800,129.25999,129.82001,128.64,128.75,5591918
2012-07-18,1342618200,129.25999,129.33701,128.78999,128.82001,4012171
2012-07-19,1342704600,128.46001,129.10001,128.11,128.49001,5246270
2012-07-20,1342791000,129.60001,130.3,129.42,130.06,6366359
2012-07-23,1343050200,131.31,131.44,130.50999,130.78999,6141344
2012-07-24,1343136600,130.35001,132.03999,130.28,131.82001,6749387
2012-07-25,1343223000,131.63,132.215,131.48,132.16,5327969
2012-07-26,1343309400,131.53,131.78,130.89999,130.95,6606219
2012-07-27,1343395800,129.89,130.00999,126.96001,128.48,14685590
2012-07-30,1343655000,128.39,129.48,128.25,129.44,6025441
2012-07-31,1343741400,129.81,129.88,128.58,129.7,7448594
2012-08-01,1343827800,128.53,129.74001,128.14999,128.78,7972051
2012-08-02,1343914200,129.59,130.69,129.13,129.50999,7971930
2012-08-03,1344000600,127.84,128.03,126.77,127.42,9084770
2012-08-06,1344259800,127.67,128.14,127.37,127.47,3673529
2012-08-07,1344346200,125.96001,126.13,125.42999,125.83,6613816
2012-08-08,1344432600,126.16,126.39,125.03999,125.16,7251609
2012-08-09,1344519000,124.77,125.3,123.75,125.07001,7557270
2012-08-10,1344605400,126.2,126.32001,125.60001,125.7,4672305
2012-08-13,1344864600,126.11,126.38,125.49001,125.49001,3547652
2012-08-14,1344951000,123.96001,124.41,123.75,123.78999,7994035
2012-08-15,1345037400,123.02,123.2,121.89999,122.05,11191512
2012-08-16,1345123800,122.21001,122.5,120.52,121.00999,13239988
2012-08-17,1345210200,121.39999,122.12,121.32001,121.60001,6341051
2012-08-20,1345469400,121.55,122.19,121.5,121.85001,4427121
2012-08-21,1345555800,121.47,122.45,120.66,122.39,9532672
2012-08-22,1345642200,123.52,124.50999,123.21001,124.41,11384320
2012-08-23,1345728600,124.74001,125.14,124.64999,124.92999,7139012
2012-08-24,1345815000,125.47,125.56,124.67,124.81,5001656
2012-08-27,1346074200,125.34,125.8,125.27,125.53999,3906691
2012-08-28,1346160600,125.75,126.36,125.59,125.84,3412537
2012-08-29,1346247000,125.61,125.63,124.95,125.28999,3762842
2012-08-30,1346333400,126.27,126.44,125.73,125.94,3886374
2012-08-31,1346419800,125.78,127.72,125.73,127.72,9192609
2012-09-04,1346765400,126.92,127.63,126.75999,127.32001,6009262
2012-09-05,1346851800,126.82001,127.19,126.55,126.72,3466654
2012-09-06,1346938200,125.53,125.53,124.55,124.61,6505164
2012-09-07,1347024600,126.14,126.17999,123.92,124.03,7335293
2012-09-10,1347283800,123.69,124.33,123.50999,124.33,4912086
2012-09-11,1347370200,124.02,124.10001,123.28999,123.55,3523500
2012-09-12,1347456600,122.22,122.41,121.67999,122.00999,7040902
2012-09-13,1347543000,122.39,123.09,120.27,121.53,12280180
2012-09-14,1347629400,119.75999,119.85001,118.05,118.3,16871536
2012-09-17,1347888600,118.87,119.89999,118.8,119.72,5573250
2012-09-18,1347975000,120.71001,120.89999,119.96001,120.32001,5366695
2012-09-19,1348061400,121.34,121.38,120.61,121.11,5903699
2012-09-20,1348147800,122.14,122.32001,120.98,121.41,4604258
2012-09-21,1348234200,120.75,121.64,120.67,121.55,4144262
2012-09-24,1348493400,122.25,122.7,122.17999,122.5,3627471
2012-09-25,1348579800,122.8,123.74001,122.13,123.71001,5894555
2012-09-26,1348666200,124.56,125.09,124.45,125.03999,7193305
2012-09-27,1348752600,124.55,124.8,123.77,124.14999,5147680
2012-09-28,1348839000,124.75,125.2354,123.80499,124.22,7173352
2012-10-01,1349098200,123.97,124.47,123.38,124.42,4842566
2012-10-02,1349184600,123.91,124.51801,123.81,124.25,3540098
2012-10-03,1349271000,123.86,124.3,123.62,124.28999,3800831
2012-10-04,1349357400,123.46001,123.8,122.57001,122.74001,6214730
2012-10-05,1349443800,121.57001,121.67999,120.92,121.14999,8341109
2012-10-08,1349703000,121.98,122.27,121.686,122.17,1568391
2012-10-09,1349789400,121.47,122.185,121.38,121.95,4753102
2012-10-10,1349875800,121.46001,122.96001,121.25999,122.81,5430203
2012-10-11,1349962200,121.96001,123.66,121.89,123.66,5194434
2012-10-12,1350048600,124.07001,124.78,123.78,123.97,4934840
2012-10-15,1350307800,123.78,124.14,123.42999,123.69,3036046
2012-10-16,1350394200,122.89999,122.94,121.94,121.9803,5398645
2012-10-17,1350480600,121.17,121.25999,120.57001,120.85001,6932539
2012-10-18,1350567000,121.12,121.53,119.87,120.11,8558559
2012-10-19,1350653400,120.34,121.81,120.28,121.74001,7618211
2012-10-22,1350912600,121.42999,121.84,120.94,120.96001,6910527
2012-10-23,1350999000,122.10001,122.73,122.0217,122.69,5760797
2012-10-24,1351085400,121.86,122.2883,121.48,121.48,6824488
2012-10-25,1351171800,120.56,121.53999,120.33,120.86,5292473
2012-10-26,1351258200,121.44,122.64999,121.27,122.64,5889484
2012-10-31,1351690200,122.67999,123.70399,122.63,123.36,5025520
2012-11-01,1351776600,122.77,122.88,122.08,122.35001,3659628
2012-11-02,1351863000,121.28,122.31,121.24001,122.25999,3527781
2012-11-05,1352125800,122.82001,123.25,122.78999,122.95,2935974
2012-11-06,1352212200,122.55,122.86,121.78,121.78999,4484594
2012-11-07,1352298600,123.95,124.53101,123.75999,124,10070914
2012-11-08,1352385000,123.78999,125.86,123.42999,125.84,8580375
2012-11-09,1352471400,125.63,125.98,125.17999,125.98,5036871
2012-11-12,1352730600,125.84,126.38,125.78999,126.19,2072128
2012-11-13,1352817000,126.8,126.82001,125.99001,126.61,2863861
2012-11-14,1352903400,125.72,126.78999,125.60001,126.73,4694691
2012-11-15,1352989800,126.10001,127.02,126,126.48441,5550930
2012-11-16,1353076200,126.36,127.19,126.28,126.37,4592414
2012-11-19,1353335400,125.46001,125.81,125.3,125.66,3623180
2012-11-20,1353421800,125.48,125.67,124.38,124.39999,4659215
2012-11-21,1353508200,124.19,124.42,124.02,124.33,2424159
2012-11-23,1353681000,124.3,124.45,124.11,124.21001,987173
2012-11-26,1353940200,125.16,125.52,124.75,124.8,2799647
2012-11-27,1354026600,124.94,125.39,124.7,125.28999,2544314
2012-11-28,1354113000,125.97,126.2,125.09,125.11,3570175
2012-11-29,1354199400,124.86,125.44,124.66,125.13,2760924
2012-11-30,1354285800,125.48,125.53999,124.71001,124.78999,3702398
2012-12-03,1354545000,123.72,124.78999,123.62,124.66,5427902
2012-12-04,1354631400,125.02,125.41,124.84,125.38,2586243
2012-12-05,1354717800,125.39999,125.81,125.17,125.32001,1978111
2012-12-06,1354804200,125.86,126.08,125.50999,125.59,2301120
2012-12-07,1354890600,124.5,124.96001,124.34,124.42999,4020831
2012-12-10,1355149800,124.96001,125.08009,124.53999,124.98,2134231
2012-12-11,1355236200,124.25999,124.31,123.83,124.0303,3777883
2012-12-12,1355322600,123.83,124.34,122.57001,122.59,7119691
2012-12-13,1355409000,122.28999,123.17999,122.13,122.67999,6381445
2012-12-14,1355495400,123.19,123.71001,123.08099,123.60001,3833049
2012-12-17,1355754600,123.5,123.52,121.71001,121.75,6869984
2012-12-18,1355841000,121.39999,121.78,119.89999,120.50999,12024121
2012-12-19,1355927400,120.97,121.64999,120.72,120.91,4880496
2012-12-20,1356013800,121.28999,121.64,120.62,120.92999,4567813
2012-12-21,1356100200,122.31,122.42999,121.95,122.25,6087602
2012-12-24,1356359400,122,122.08,121.87,122.03,1071090
2012-12-26,1356532200,121.95,122.21001,121.81,122.2,2247827
2012-12-27,1356618600,121.88,123.28999,121.83,122.61,4262617
2012-12-28,1356705000,123.14,123.34,122.78,123.31,3928559
2012-12-31,1356964200,122.87,122.97,120.911,121.17999,6422918
2013-01-02,1357137000,119.75999,119.89999,119.41,119.56,7473684
2013-01-03,1357223400,119.38,119.49001,117.89999,117.94,10005684
2013-01-04,1357309800,117.66,118.44,117.36,118.39999,9574605
2013-01-07,1357569000,118.37,118.73,118,118.44991,4196168
2013-01-08,1357655400,119.03999,119.28999,118.82001,119.23,4380805
2013-01-09,1357741800,119.25,119.53999,118.87,119.12,3870220
2013-01-10,1357828200,118.63,119.3,118.36,118.78999,5603078
2013-01-11,1357914600,118.52,119.86,118.35001,119.85001,4773148
2013-01-14,1358173800,120.03999,120.28,119.37,119.52,3067158
2013-01-15,1358260200,120.61,120.7,119.97,120.07001,5358531
2013-01-16,1358346600,120.63,120.68401,120.00999,120.32001,4286086
2013-01-17,1358433000,119.33,119.55,118.75,119.12,7019199
2013-01-18,1358519400,119.57001,120.21001,119.4601,120.03999,4659906
2013-01-22,1358865000,119.55,120.3,119.38,120.27,3874061
2013-01-23,1358951400,120.34,120.58,119.95,120.09,2849315
2013-01-24,1359037800,119.87,119.97,119.25999,119.67,4178883
2013-01-25,1359124200,118.42,118.60001,117.77,118.03,8750605
2013-01-28,1359383400,117.02,117.72,117,117.60001,6060020
2013-01-29,1359469800,117.62,118.08009,116.87,116.95,5553867
2013-01-30,1359556200,116.67,116.96001,116.16,116.75,9587367
2013-01-31,1359642600,117.03,117.34,116.552,117.32001,6789172
2013-02-01,1359729000,117.73,117.85001,115.50999,115.53999,10931086
2013-02-04,1359988200,116.59,117.28,116.42,117.02,9292145
2013-02-05,1360074600,116.27,116.42999,115.86501,115.98,6676434
2013-02-06,1360161000,116.52,116.97,116.05,116.92999,5891949
2013-02-07,1360247400,116.77,117.59,116.62,116.67,5951707
2013-02-08,1360333800,116.8,117.16,116.23,117.12,5603352
2013-02-11,1360593000,117.05,117.38,116.924,117.03,3679862
2013-02-12,1360679400,116.69,117.02,116.46001,116.74001,4513645
2013-02-13,1360765800,115.8,116.27,115.55,115.78999,6586316
2013-02-14,1360852200,116.28999,117.03999,115.99001,116.84,7095961
2013-02-15,1360938600,116.66,116.74001,116.07001,116.5,5861727
2013-02-19,1361284200,116.86,116.89999,115.84,115.92,7383516
2013-02-20,1361370600,115.69,116.37,115.57001,116.27,9603844
2013-02-21,1361457000,116.89999,117.31,116.74001,116.95,8297363
2013-02-22,1361543400,116.98,117.34,116.88,117.03,5316977
2013-02-25,1361802600,116.35001,119.35001,116.28999,119.33,15950543
2013-02-26,1361889000,118.73,119.67,118.59,118.64,9822074
2013-02-27,1361975400,119.49001,119.53999,118,118.28999,7459781
2013-02-28,1362061800,118.42999,118.66,117.98,118.50999,6023418
2013-03-01,1362148200,118.84,119.21001,118.53999,118.89999,7786707
2013-03-04,1362407400,118.78999,118.97,118.25999,118.27,4511508
2013-03-05,1362493800,118.07001,118.2,117.67999,117.92999,6539512
2013-03-06,1362580200,117.11,117.5,116.85001,116.86,6516383
2013-03-07,1362666600,116.41,116.50999,115.91,115.96001,8529824
2013-03-08,1362753000,114.87,115.36099,114.6201,114.75,15423563
2013-03-11,1363008600,115.12,115.228,114.74001,114.86,5816047
2013-03-12,1363095000,115.25,115.78999,115.23,115.69,9264266
2013-03-13,1363181400,115.24001,115.74001,115.03,115.57001,7371422
2013-03-14,1363267800,115.09,115.64,114.98,115.22,9353090
2013-03-15,1363354200,115.33,115.88,115.3,115.75999,9673395
2013-03-18,1363613400,116.83,116.88,116.14999,116.64,9152176
2013-03-19,1363699800,116.78,117.89,116.7,117.42999,11987176
2013-03-20,1363786200,116.71001,116.9901,116.08,116.12,8544031
2013-03-21,1363872600,116.86,117.25,116.53,117.24001,6119488
2013-03-22,1363959000,117.3,117.5,116.77,117.33,6323723
2013-03-25,1364218200,116.77,117.78,116.67,117.22,5839793
2013-03-26,1364304600,116.87,117.91,116.78,117.36,5093191
2013-03-27,1364391000,118.3,118.77,118.17999,118.36,7742887
2013-03-28,1364477400,118.12,118.45,117.67999,117.75999,5826336
2013-04-01,1364823000,117.52,118.42101,117.49001,118.39,6113746
2013-04-02,1364909400,118.07001,118.14,117.75,117.91,5437906
2013-04-03,1364995800,118.31,119.29201,118.25,118.96899,9527383
2013-04-04,1365082200,119.59,120.41,119.47,120.39,9367035
2013-04-05,1365168600,122.88,123.42999,122.63,122.82001,18628192
2013-04-08,1365427800,122.67,122.8701,121.78,121.88,8020246
2013-04-09,1365514200,122.03,122.24001,121.3799,121.58,7176656
2013-04-10,1365600600,120.59,120.66,119.89999,119.91,10765547
2013-04-11,1365687000,120.17,120.49001,119.88499,120.14,7502145
2013-04-12,1365773400,121.33,121.94,120.89751,121.92999,9254727
2013-04-15,1366032600,122.13,123.03,121.87,122.99001,12948301
2013-04-16,1366119000,121.92,122.52,121.88341,121.98,6554363
2013-04-17,1366205400,122.3,123.52499,122.3,122.78999,9020828
2013-04-18,1366291800,122.81,123.22,122.60001,123.09,7010055
2013-04-19,1366378200,122.94,122.98,122.63,122.83,5474711
2013-04-22,1366637400,122.84,123.28999,122.67,122.92,4519328
2013-04-23,1366723800,123.25999,123.78999,122.38,122.49001,8043281
2013-04-24,1366810200,122.47,122.82001,122.3,122.8,3673536
2013-04-25,1366896600,122.2496,122.37,122.10001,122.27,4297746
2013-04-26,1366983000,123.2,123.50999,123.00999,123.39,4899035
2013-04-29,1367242200,123.58,123.7301,122.75999,122.94,4915922
2013-04-30,1367328600,123.25999,123.69,122.67,123.00999,4477344
2013-05-01,1367415000,123.46001,124.25999,123.42999,124.0099,10724566
2013-05-02,1367501400,123.59,123.97,123.50999,123.85001,4171750
2013-05-03,1367587800,122.16,122.19,120.83,120.92999,11283680
2013-05-06,1367847000,121.14999,121.255,120.32001,120.63,5121953
2013-05-07,1367933400,120.19,120.5,120.05,120.16,5050719
2013-05-08,1368019800,120.27,120.83,120.17,120.35001,5732883
2013-05-09,1368106200,120.50999,121.32001,119.98,120.03999,7526914
2013-05-10,1368192600,119.75999,119.785,117.85001,118.75,11690508
2013-05-13,1368451800,117.8799,118.19,117.63,117.84,8051125
2013-05-14,1368538200,118.35001,118.44,116.53999,116.56,9236242
2013-05-15,1368624600,117.53,117.72,116.42101,117.341,14608535
2013-05-16,1368711000,117.97,118.94,117.935,118.56,8460574
2013-05-17,1368797400,117.95,118.14999,116.98,117.06,7435805
2013-05-20,1369056600,117.63,117.67,116.78999,116.922,5839703
2013-05-21,1369143000,116.92999,117.87,116.42,117.84,7782074
2013-05-22,1369229400,118.02,118.55,115.8,116.09,18361840
2013-05-23,1369315800,117.14999,117.24001,115.77,116.64,9207043
2013-05-24,1369402200,116.98,117.42,116.7149,116.8,5357594
2013-05-28,1369747800,116.09,116.27,113.82001,113.838,13567727
2013-05-29,1369834200,114.62,115.185,114.46001,115.118,11298926
2013-05-30,1369920600,115.25,115.37,114.52991,114.84,10011762
2013-05-31,1370007000,114.97,115.02,113.17,114.45,18158704
2013-06-03,1370266200,113.78,115.49001,113.7,114.78,15564441
2013-06-04,1370352600,113.96001,114.49001,113.66,113.72,7504246
2013-06-05,1370439000,114.28999,115.32001,114.13,115.28999,8056965
2013-06-06,1370525400,114.88,116.785,114.41,115.22,8925980
2013-06-07,1370611800,114.22,114.8299,113.16,113.16,10459371
2013-06-10,1370871000,112.7,113.12,112.38,112.62,7892555
2013-06-11,1370957400,112.27,113.96001,112.12,113.96001,12846676
2013-06-12,1371043800,113,113.83,112.27,112.33,10193695
2013-06-13,1371130200,113.07001,114.17,112.89,114.09,12509285
2013-06-14,1371216600,114.10001,114.66,113.82001,113.82001,6679559
2013-06-17,1371475800,114.02,114.08,113,113.22,5982074
2013-06-18,1371562200,112.85001,113.685,112.72,113.28,5192645
2013-06-19,1371648600,113.74001,113.78999,111.62,112.11,17141072
2013-06-20,1371735000,110.75,111.209,109.28,110.27,27901248
2013-06-21,1371821400,110.14999,110.41,108.37,108.40199,19783696
2013-06-24,1372080600,107.83,109.38499,107.75999,108.85001,24588944
2013-06-25,1372167000,108.89999,109.02,107.86,107.88,11082695
2013-06-26,1372253400,109,109.05,108.03999,108.58,13582105
2013-06-27,1372339800,109.53999,109.97,108.95,109.69,12026602
2013-06-28,1372426200,109.00999,110.48,108.71989,110.44,12017000
2013-07-01,1372685400,109.73,110.5,109.42999,110.41,5500730
2013-07-02,1372771800,110.5,110.8,110.24001,110.34,5333891
2013-07-03,1372858200,110.31,110.64999,110.00999,110.00999,3842216
2013-07-05,1373031000,107.28,107.5,106.17,106.25999,14513512
2013-07-08,1373290200,107.07001,107.56,106.95,107.28999,8044168
2013-07-09,1373376600,107.49001,107.62,107.07001,107.39999,4700762
2013-07-10,1373463000,107.39,107.39,106.30299,106.55499,10792105
2013-07-11,1373549400,107.45,107.87,106.94,107.81,10035449
2013-07-12,1373635800,108.34,108.47,107.34,107.72,4730805
2013-07-15,1373895000,107.8,108.32001,107.7,108.28999,4574777
2013-07-16,1373981400,108.42999,108.75999,108.27,108.66,3650166
2013-07-17,1374067800,109.19,109.36,108.66,108.86,5931914
2013-07-18,1374154200,108.61,108.67,107.48,107.5,9066875
2013-07-19,1374240600,108.31,109.21001,108.255,109.2,8523727
2013-07-22,1374499800,109.36,109.6884,109.1299,109.36,3972518
2013-07-23,1374586200,108.67,109,108.32001,108.89999,5015438
2013-07-24,1374672600,107.64999,107.89,106.78999,107.52,8853023
2013-07-25,1374759000,106.97,107.60001,106.81,107.48,6443387
2013-07-26,1374845400,108.03999,108.28,107.64,108.14,6795438
2013-07-29,1375104600,107.64999,107.82001,107.07001,107.35001,6397789
2013-07-30,1375191000,107.71001,107.75999,107.05,107.31,3635903
2013-07-31,1375277400,106.06,107.92,105.85001,107.7,10483289
2013-08-01,1375363800,106.49001,106.49001,105,105.36011,13568578
2013-08-02,1375450200,106.00999,106.61011,105.98,106.52,9570793
2013-08-05,1375709400,106.19,106.24741,105.53999,105.7,6611758
2013-08-06,1375795800,105.53,106.00999,105.34,106.00999,4590637
2013-08-07,1375882200,106.17,106.94,106.17,106.8,7183383
2013-08-08,1375968600,106.98,107.60001,106.78999,107.09,5510945
2013-08-09,1376055000,106.60001,107.265,106.48,107.25999,3623454
2013-08-12,1376314200,107.61,107.6299,106.47,106.53,7562770
2013-08-13,1376400600,105.33,105.36,104.8,104.99001,11485789
2013-08-14,1376487000,104.94,105.36,104.87,105.14999,6433480
2013-08-15,1376573400,104.10001,104.63,103.69,103.73,11847508
2013-08-16,1376659800,103.96001,103.97009,102.67,103.37,10176453
2013-08-19,1376919000,102.92999,103.00999,102.21001,102.47,9022473
2013-08-20,1377005400,102.89,103.36,102.85001,103.25999,10050090
2013-08-21,1377091800,102.77,103.2,102.11,102.13,13250258
2013-08-22,1377178200,102.46001,103.23,102.24001,103.17,8751941
2013-08-23,1377264600,103.00999,104.39,102.74001,104.28999,17441184
2013-08-26,1377523800,104.56,104.89,104.33,104.81,5886441
2013-08-27,1377610200,105.28999,106.25,105.03999,106.13,11573242
2013-08-28,1377696600,105.41,105.57001,104.94,105.27,7498070
2013-08-29,1377783000,104.88,106.30901,104.78999,106.11,6672434
2013-08-30,1377869400,106.02,106.67999,105.74001,105.99001,8988000
2013-09-03,1378215000,104.59,104.67,103.50999,104.22,12084367
2013-09-04,1378301400,104.45,104.64999,103.95,103.99001,4579633
2013-09-05,1378387800,103.47,103.60001,102.53,102.53999,12290992
2013-09-06,1378474200,103.25,103.82001,102.81,103.05,9478828
2013-09-09,1378733400,103.8,103.8101,103.08,103.10001,6875105
2013-09-10,1378819800,102.73,103.34,102.36501,102.38,8071191
2013-09-11,1378906200,102.92,103.31,102.19,103.28999,8963539
2013-09-12,1378992600,103.85001,104,103.06,103.14999,6254695
2013-09-13,1379079000,103.50999,103.83,103.23,103.55,6107613
2013-09-16,1379338200,104.33,104.41,102.85001,102.86,8737469
2013-09-17,1379424600,103.37,103.74001,102.97,103.71001,8795570
2013-09-18,1379511000,103.63,105.55,102.98,104.99001,19749120
2013-09-19,1379597400,105.05,105.09,104.16,104.37,11627750
2013-09-20,1379683800,104.69,105.17999,104.45,104.925,8423125
2013-09-23,1379943000,105.21001,105.73,105.11,105.69,10242012
2013-09-24,1380029400,105.99001,106.84,105.845,106.83,11447617
2013-09-25,1380115800,106.53999,107.27901,106.39,107.05,8130879
2013-09-26,1380202200,106.48,106.62,106.19,106.3,5117070
2013-09-27,1380288600,106.28999,106.82001,106.24899,106.56,6461746
2013-09-30,1380547800,106.66,106.89999,106.1799,106.39999,8439805
2013-10-01,1380634200,105.89999,106.03,105.53,105.8,7593191
2013-10-02,1380720600,105.92999,106.48,105.75999,105.96001,5967422
2013-10-03,1380807000,105.75,106.41,105.7,105.78999,6649297
2013-10-04,1380893400,105.67,105.78,105.35001,105.71001,5547172
2013-10-07,1381152600,106.2,106.36,105.98,106.14,5761234
2013-10-08,1381239000,105.9799,106.5099,105.828,106.17,5904711
2013-10-09,1381325400,105.87,105.94,105.295,105.32001,8439195
2013-10-10,1381411800,104.8,105.53,104.50999,105.49001,9946473
2013-10-11,1381498200,106.16,106.23,105.41,105.455,6501164
2013-10-14,1381757400,105.39,105.64,104.33,104.61,4205715
2013-10-15,1381843800,105.14999,105.3,104.53,104.53999,8291477
2013-10-16,1381930200,104.47,105.86,104.27,105.85001,14461016
2013-10-17,1382016600,106.52,107.12,106.28999,106.81,11306168
2013-10-18,1382103000,107.11,107.48,106.98,107.03999,9487801
2013-10-21,1382362200,106.91,106.92,106.459,106.7,6162621
2013-10-22,1382448600,107.5999,108.12,107.56,107.89,9708543
2013-10-23,1382535000,108.07001,108.73,108.035,108.31,9165578
2013-10-24,1382621400,108.61,108.67,107.87,107.89,7631371
2013-10-25,1382707800,108.13,108.45,108.08,108.28999,4429547
2013-10-28,1382967000,108.01,108.3801,107.91,107.92,6469344
2013-10-29,1383053400,107.62,108.07,107.51,108.06,5270646
2013-10-30,1383139800,107.93,108.21,107.21,107.41,10200010
2013-10-31,1383226200,107.91,108.01,107.1401,107.64,11452117
2013-11-01,1383312600,106.97,107,106.14,106.19,11349769
2013-11-04,1383575400,106.47,106.67,106.22,106.29,4733187
2013-11-05,1383661800,105.79,105.83,104.99,105.02,8754722
2013-11-06,1383748200,104.94,105.14,104.69,105.07,5643041
2013-11-07,1383834600,105.05,106.05,104.9701,105.96,7893771
2013-11-08,1383921000,103.97,104.11,103.39,103.41,16889902
2013-11-11,1384180200,103.53,103.58,102.96,103.02,4927178
2013-11-12,1384266600,103.21,103.59,103.18,103.5,4840369
2013-11-13,1384353000,103.87,104.04,103.74,103.88,5783944
2013-11-14,1384439400,104.31,105.12,104.15,104.52,8895490
2013-11-15,1384525800,104.66,104.74,104.312,104.73,6344845
2013-11-18,1384785000,104.65,105.41,104.65,105.36,5451405
2013-11-19,1384871400,104.95,105.14,104.41,104.56,7251137
2013-11-20,1384957800,104.42,104.84,102.648,102.78,14191987
2013-11-21,1385044200,102.51,103.19,102.16,102.95,8903032
2013-11-22,1385130600,103.49,104.1301,103.48,103.91,7950686
2013-11-25,1385389800,103.84,104.42,103.84,104.21,3756285
2013-11-26,1385476200,104.49,104.93,104.48,104.6,6659203
2013-11-27,1385562600,104.68,104.7,103.96,104.42,6063360
2013-11-29,1385735400,104.08,104.6,103.95,104.45,5084399
2013-12-02,1385994600,103.8,103.91,103.22,103.33,7527817
2013-12-03,1386081000,103.7,103.96,103.46,103.71,5076896
2013-12-04,1386167400,102.75,103.05,102.38,102.72,8502926
2013-12-05,1386253800,102.48,102.85,102.22,102.43,7446004
2013-12-06,1386340200,102.56,102.99,102.36,102.92,7351950
2013-12-09,1386599400,102.9,103.23,102.83,103.16,5679779
2013-12-10,1386685800,103.84,103.95,103.45,103.9,7040362
2013-12-11,1386772200,103.55,103.77,103.02,103.1,8190914
2013-12-12,1386858600,103.03,103.16,102.625,102.71,6208704
2013-12-13,1386945000,103.14,103.3,102.79,103.21,6471352
2013-12-16,1387204200,103.58,103.69,102.73,102.83,6376381
2013-12-17,1387290600,102.61,103.4,102.59,103.29,6015838
2013-12-18,1387377000,102.83,103.72,102.46,102.77,12974216
2013-12-19,1387463400,102.86,103.01,102.45,102.67,6708383
2013-12-20,1387549800,103.72,104.29,103.3,104.25,12425975
2013-12-23,1387809000,104.05,104.41,103.66,103.66,6378597
2013-12-24,1387895400,103.23,103.35,102.8,102.83,4897009
2013-12-26,1388068200,102.35,102.36,102.01,102.1,4645323
2013-12-27,1388154600,102.07,102.31,101.69,101.81,4755262
2013-12-30,1388413800,102.15,102.58,102.08,102.51,4491711
2013-12-31,1388500200,102.29,102.55,101.17,101.86,7219195
2014-01-02,1388673000,101.72,102.39,101.69,102.17,8580808
2014-01-03,1388759400,101.81,102.45,101.76,102.17,4083831
2014-01-06,1389018600,102.38,103,102.37,102.6,7796228
2014-01-07,1389105000,102.82,102.99,102.56,102.86,4428082
2014-01-08,1389191400,102.45,102.69,102.1,102.58,8512987
2014-01-09,1389277800,102.97,103.205,102.51,103.18,6991080
2014-01-10,1389364200,103.77,104.5425,103.69,104.41,13197803
2014-01-13,1389623400,104.51,105.14,104.465,104.93,9671509
2014-01-14,1389709800,104.65,104.83,104.39,104.45,10343500
2014-01-15,1389796200,104.04,104.51,103.93,104.34,7507464
2014-01-16,1389882600,104.85,105.07,104.72,105.04,7137813
2014-01-17,1389969000,104.86,105.52,104.79,105.48,7590772
2014-01-21,1390314600,105.45,105.7399,105.4,105.56,6435954
2014-01-22,1390401000,105.37,105.75,105.24,105.3,4646691
2014-01-23,1390487400,105.88,107.09,105.88,106.79,12960976
2014-01-24,1390573800,107.19,107.49,106.9897,107.48,11514538
2014-01-27,1390833000,107.22,107.6,106.7,106.73,9222620
2014-01-28,1390919400,106.91,106.99,106.55,106.99,5666819
2014-01-29,1391005800,107.37,108.15,106.99,107.87,11718542
2014-01-30,1391092200,107.47,107.665,107.11,107.56,5956881
2014-01-31,1391178600,108.2,108.41,107.85,108.28,14691208
2014-02-03,1391437800,107.7899,109.34,107.61,109.32,20781789
2014-02-04,1391524200,108.52,108.67,107.97,108.16,9573468
2014-02-05,1391610600,107.69,107.78,107.01,107.16,10312498
2014-02-06,1391697000,106.97,107.02,106.52,106.7,5708710
2014-02-07,1391783400,106.46,107.22,106.44,106.79,7092838
2014-02-10,1392042600,106.61,107.12,106.57,107.09,4370474
2014-02-11,1392129000,106.61,106.69,106.16,106.47,5904855
2014-02-12,1392215400,106.17,106.2099,105.62,105.92,6723271
2014-02-13,1392301800,106.59,106.73,106.2954,106.52,6874873
2014-02-14,1392388200,106.57,106.64,106.27,106.58,4999982
2014-02-18,1392733800,106.66,107.2,106.62,106.82,4855814
2014-02-19,1392820200,107.18,107.18,106.3,106.37,5522754
2014-02-20,1392906600,106.32,106.63,105.69,106.11,5103383
2014-02-21,1392993000,105.95,106.68,105.95,106.67,5250670
2014-02-24,1393252200,106.7,106.74,106.165,106.4,3816733
2014-02-25,1393338600,106.91,107.36,106.89,107.35,6225905
2014-02-26,1393425000,107.31,107.92,107.24,107.92,7226557
2014-02-27,1393511400,108.28,108.56,108.1,108.51,5394718
2014-02-28,1393597800,108.28,108.74,107.78,108.57,8463065
2014-03-03,1393857000,108.88,109.18,108.64,109.03,11099175
2014-03-04,1393943400,108.35,108.35,107.36,107.39,8068066
2014-03-05,1394029800,107.34,107.78,107.2,107.62,4798744
2014-03-06,1394116200,106.76,106.969,106.52,106.56,7418274
2014-03-07,1394202600,105.64,106.17,105.6,105.89,8270425
2014-03-10,1394458200,105.94,106.105,105.775,106.04,3744495
2014-03-11,1394544600,105.98,106.34,105.7799,106.32,3815873
2014-03-12,1394631000,106.92,107.26,106.78,107.06,6430504
2014-03-13,1394717400,106.7,108.53,106.65,108.5,11815519
2014-03-14,1394803800,108.97,108.98,108.32,108.52,9238004
2014-03-17,1395063000,108.18,108.3,107.67,107.71,7382327
2014-03-18,1395149400,107.68,108.1499,107.6,108.1,4819536
2014-03-19,1395235800,107.92,107.98,106.81,107.26,11557635
2014-03-20,1395322200,107.09,107.63,106.99,107.07,5224411
2014-03-21,1395408600,107.41,108.32,107.37,108.23,8986860
2014-03-24,1395667800,108.05,109.09,107.95,109,7537423
2014-03-25,1395754200,108.41,108.82,108.17,108.59,5032172
2014-03-26,1395840600,108.55,109.475,108.48,109.44,7147736
2014-03-27,1395927000,109.64,110.39,109.42,109.99,9773185
2014-03-28,1396013400,109.86,109.892,109.02,109.37,6027026
2014-03-31,1396272600,108.74,111.07,108.34,109.1,7488392
2014-04-01,1396359000,108.26,108.36,107.84,107.89,9067266
2014-04-02,1396445400,107.39,107.55,107.17,107.27,6887212
2014-04-03,1396531800,107.52,107.935,107.44,107.74,4937393
2014-04-04,1396618200,107.87,108.69,107.8499,108.46,8977484
2014-04-07,1396877400,108.62,109.29,108.6,109.11,7562895
2014-04-08,1396963800,109.03,109.47,108.72,109.37,4213806
2014-04-09,1397050200,108.88,109.35,108.64,108.83,5771491
2014-04-10,1397136600,108.92,110.22,108.9,109.84,12706388
2014-04-11,1397223000,110.54,110.79,110.13,110.73,10267141
2014-04-14,1397482200,110.48,110.7,110.3,110.44,4142596
2014-04-15,1397568600,110.61,111.51,110.35,111.13,7752014
2014-04-16,1397655000,110.43,111.27,110.384,111.27,5523220
2014-04-17,1397741400,111.37,111.45,109.7,110.05,8622740
2014-04-21,1398087000,110.37,110.62,109.84,109.96,4316275
2014-04-22,1398173400,109.66,110.49,109.61,110.33,5748723
2014-04-23,1398259800,110.6,111.05,110.53,110.96,5748971
2014-04-24,1398346200,110.45,111.21,110.45,111.17,6337810
2014-04-25,1398432600,111.49,111.99,111.32,111.33,5976534
2014-04-28,1398691800,111.11,111.28,110.55,110.79,7606297
2014-04-29,1398778200,110.17,110.73,110.04,110.64,5235169
2014-04-30,1398864600,110.72,111.26,110.38,111.1,7721499
2014-05-01,1398951000,110.88,112.08,110.84,112.02,11558661
2014-05-02,1399037400,111.54,113.1,111.3,112.71,12702096
2014-05-05,1399296600,112.76,112.81,111.89,112.03,8042997
2014-05-06,1399383000,112.11,112.7,112.04,112.48,6522638
2014-05-07,1399469400,112.31,112.57,111.94,112.08,8199164
2014-05-08,1399555800,112.34,112.76,111.46,111.6,10878828
2014-05-09,1399642200,111.53,111.81,110.98,111.24,6000569
2014-05-12,1399901400,111.01,111.13,110.54,110.79,4564276
2014-05-13,1399987800,111.44,111.75,111.33,111.75,5501018
2014-05-14,1400074200,112.63,113.23,112.56,112.96,8853212
2014-05-15,1400160600,113.78,114.41,113.6,113.86,12627912
2014-05-16,1400247000,113.61,114,113.42,113.54,5019196
2014-05-19,1400506200,113.93,113.96,112.62,112.7,7403492
2014-05-20,1400592600,112.6,113.48,112.59,112.95,6549776
2014-05-21,1400679000,112.22,112.4,111.87,112.26,8225046
2014-05-22,1400765400,112.26,112.4,111.79,112.1,6495711
2014-05-23,1400851800,112.52,112.91,112.45,112.7,3835231
2014-05-27,1401197400,112.85,113.4,112.4,113.36,6659270
2014-05-28,1401283800,114.1,114.84,114.09,114.76,10360973
2014-05-29,1401370200,114.87,115.19,114.13,114.15,10692041
2014-05-30,1401456600,113.96,114.4,113.8095,114.1,6519281
2014-06-02,1401715800,113.04,113.68,112.55,112.96,11728400
2014-06-03,1401802200,112.41,112.54,111.51,111.57,12694684
2014-06-04,1401888600,111.76,111.82,111.27,111.54,7884222
2014-06-05,1401975000,111.13,111.97,111.015,111.59,6915766
2014-06-06,1402061400,112.13,112.41,111.49,111.59,7832984
2014-06-09,1402320600,111.45,111.64,111.2,111.43,5167639
2014-06-10,1402407000,111.04,111.27,110.83,111.02,5990158
2014-06-11,1402493400,111.26,111.54,110.85,111.22,5575789
2014-06-12,1402579800,111.3,112.35,111,112.21,9775925
2014-06-13,1402666200,111.57,112.62,111.53,112.15,5413846
2014-06-16,1402925400,112.21,112.63,112.1,112.43,5184901
2014-06-17,1403011800,112.07,112.09,111.48,111.54,6669215
2014-06-18,1403098200,111.8,112.76,111.56,112.4,11256460
2014-06-19,1403184600,112.51,112.56,110.74,110.96,14217289
2014-06-20,1403271000,110.97,111.8,110.9,111.8,7319071
2014-06-23,1403530200,112.08,112.18,111.41,111.45,5822220
2014-06-24,1403616600,112.15,112.65,111.815,112.58,9698714
2014-06-25,1403703000,113.1,113.36,112.685,112.87,5699273
2014-06-26,1403789400,113.21,113.8,113.21,113.41,6628920
2014-06-27,1403875800,113.68,113.82,113.17,113.24,7216735
2014-06-30,1404135000,113.56,113.8,113.09,113.52,5593063
2014-07-01,1404221400,112.5,112.74,112.2,112.28,8019205
2014-07-02,1404307800,111.63,111.67,110.97,111.08,9383047
2014-07-03,1404394200,110.38,110.86,110.34,110.68,6173946
2014-07-07,1404739800,111.27,111.81,111.23,111.49,5928870
2014-07-08,1404826200,112.24,112.86,112.24,112.74,6353288
2014-07-09,1404912600,112.66,113.14,112.38,112.83,6395169
2014-07-10,1404999000,113.54,113.66,112.82,112.86,7196938
2014-07-11,1405085400,113.35,113.68,113.28,113.58,4676510
2014-07-14,1405344600,113.28,113.41,112.93,113.09,4743333
2014-07-15,1405431000,112.83,113.47,112.5034,112.86,7720027
2014-07-16,1405517400,113,113.58,112.94,113.46,4615817
2014-07-17,1405603800,114.23,115.05,113.94,114.89,10906396
2014-07-18,1405690200,114.88,114.96,114.11,114.52,6678134
2014-07-21,1405949400,115.01,115.63,115.01,115.09,5726280
2014-07-22,1406035800,115.09,115.46,114.6501,115.33,5753405
2014-07-23,1406122200,115.51,115.63,115.17,115.18,3490746
2014-07-24,1406208600,114.52,114.58,114.25,114.32,6608996
2014-07-25,1406295000,115.34,115.68,115.16,115.67,7043382
2014-07-28,1406554200,115.59,115.9,115.12,115.51,5138315
2014-07-29,1406640600,115.87,116.07,115.42,115.93,6579517
2014-07-30,1406727000,115.15,115.38,114.17,114.32,12260525
2014-07-31,1406813400,113.53,114.58,113.47,113.98,18254147
2014-08-01,1406899800,113.58,114.87,113.05,114.56,14951150
2014-08-04,1407159000,114.53,114.81,114.26,114.26,5183753
2014-08-05,1407245400,114.07,114.8,113.68,114.63,8037302
2014-08-06,1407331800,115.47,115.47,114.6,114.7,7289215
2014-08-07,1407418200,114.84,115.77,114.57,115.77,9750472
2014-08-08,1407504600,115.93,116.42,115.38,115.52,9536664
2014-08-11,1407763800,115.65,115.82,115.29,115.51,6669325
2014-08-12,1407850200,115.41,115.44,114.73,114.76,8125463
2014-08-13,1407936600,114.87,115.52,114.78,115.51,8210642
2014-08-14,1408023000,115.93,116.5,115.39,116.44,9028616
2014-08-15,1408109400,116.71,118.36,116.69,117.71,17606660
2014-08-18,1408368600,117.21,117.3,116.39,116.54,7595663
2014-08-19,1408455000,117.08,117.15,115.98,116.18,5936871
2014-08-20,1408541400,116.04,116.11,115.5701,115.99,7277519
2014-08-21,1408627800,116.07,116.76,116.02,116.64,6791654
2014-08-22,1408714200,116.74,117.43,116.21,117.29,10149859
2014-08-25,1408973400,117.45,117.78,117.2099,117.73,5764713
2014-08-26,1409059800,117.94,117.99,117.21,117.35,5487657
2014-08-27,1409146200,117.7,118.409,117.4,118.35,7266000
2014-08-28,1409232600,119.13,119.37,118.67,118.97,9463642
2014-08-29,1409319000,118.92,119.43,118.75,119.05,8513461
2014-09-02,1409664600,117.28,117.3799,116.7,116.73,10506576
2014-09-03,1409751000,116.4,117.38,116.31,117.38,6554847
2014-09-04,1409837400,116.62,116.88,115.93,115.95,12534367
2014-09-05,1409923800,116.44,116.6,115.44,115.73,6886317
2014-09-08,1410183000,116.41,116.63,115.45,115.78,9331233
2014-09-09,1410269400,115.49,115.89,115.45,115.69,5355366
2014-09-10,1410355800,114.97,115.12,114.79,114.96,8729422
2014-09-11,1410442200,115.26,115.54,114.57,114.58,9274904
2014-09-12,1410528600,113.69,113.92,113.22,113.38,11115097
2014-09-15,1410787800,113.85,114.07,113.36,113.55,5513040
2014-09-16,1410874200,113.61,113.86,113.08,113.09,9305931
2014-09-17,1410960600,113.53,113.83,112.73,112.8,12917553
2014-09-18,1411047000,113.18,113.48,112.85,113.16,7031549
2014-09-19,1411133400,113.58,114.68,113.2,114.6,13237138
2014-09-22,1411392600,114.66,115.04,114.441,114.74,6617434
2014-09-23,1411479000,114.91,115.47,114.77,115.45,6365250
2014-09-24,1411565400,115.29,115.55,114.64,114.81,5223623
2014-09-25,1411651800,115.31,116.18,115.31,116.17,8949883
2014-09-26,1411738200,116.02,116.285,115.62,116,7800462
2014-09-29,1411997400,117,117.165,116.66,116.93,6791793
2014-09-30,1412083800,116.66,117.04,116.13,116.27,7277543
2014-10-01,1412170200,116.89,118.26,116.83,118.23,17194898
2014-10-02,1412256600,117.83,118.2,117.14,117.2,8253062
2014-10-03,1412343000,117,117.77,116.825,117.7,8561520
2014-10-06,1412602200,117.62,118.19,117.36,117.77,4486451
2014-10-07,1412688600,118.31,119.43,118.18,119.36,8841306
2014-10-08,1412775000,119.45,119.52,118.5126,119.39,9391292
2014-10-09,1412861400,119.27,119.67,118.78,118.87,10293812
2014-10-10,1412947800,119.52,120.08,119.31,120.05,8778325
2014-10-13,1413207000,120.16,121.17,120.05,120.78,6452384
2014-10-14,1413293400,121.31,121.78,120.68,121.57,11285617
2014-10-15,1413379800,124.58,127.68,121.84,122.53,37408948
2014-10-16,1413466200,124.12,124.13,121.44,121.75,18098188
2014-10-17,1413552600,121.19,121.71,120.48,121.07,8524257
2014-10-20,1413811800,121.78,121.845,120.94,121.51,7742600
2014-10-21,1413898200,120.84,121.24,120.53,120.54,9758010
2014-10-22,1413984600,120.47,120.85,120.22,120.67,9262018
2014-10-23,1414071000,120.04,120.18,119.06,119.6,10936825
2014-10-24,1414157400,119.93,120.41,119.47,119.72,5704911
2014-10-27,1414416600,119.89,120.265,119.66,119.94,3392161
2014-10-28,1414503000,119.48,119.65,119.08,119.19,5141976
2014-10-29,1414589400,118.96,119.82,118.42,119.46,9106612
2014-10-30,1414675800,120.32,120.46,119.51,119.56,7024366
2014-10-31,1414762200,119.34,119.71,118.83,119.25,6664380
2014-11-03,1415025000,118.9,119.16,118.211,118.96,9726839
2014-11-04,1415111400,119.42,119.91,119.08,119.33,3664808
2014-11-05,1415197800,118.91,119.3699,118.82,119.16,4799628
2014-11-06,1415284200,118.6,118.9299,118.305,118.39,5901871
2014-11-07,1415370600,118.72,119.75,118.68,119.75,8550548
2014-11-10,1415629800,119.58,119.58,118.56,118.65,4787298
2014-11-11,1415716200,118.48,118.81,118.34,118.73,2416470
2014-11-12,1415802600,119.2,119.53,118.445,118.63,4040793
2014-11-13,1415889000,118.7,119.18,118.435,118.91,4475902
2014-11-14,1415975400,118.84,119.59,118.68,119.49,5191200
2014-11-17,1416234600,119.78,119.79,118.88,119.19,4726190
2014-11-18,1416321000,119.32,119.58,119.16,119.52,4471230
2014-11-19,1416407400,118.88,119.58,118.76,118.76,5792474
2014-11-20,1416493800,119.9,119.95,119.06,119.38,5683570
2014-11-21,1416580200,119.57,120.16,119.52,120.1,3640144
2014-11-24,1416839400,119.67,120.27,119.55,120.2,4033915
2014-11-25,1416925800,120.37,121.27,120.31,121.2,6770006
2014-11-26,1417012200,121.64,121.8666,121.47,121.53,4339146
2014-11-28,1417185000,122.13,122.67,122.13,122.49,4562187
2014-12-01,1417444200,122.68,122.81,121.46,121.5,7728556
2014-12-02,1417530600,120.84,120.85,120.29,120.32,5757162
2014-12-03,1417617000,120.3,120.8,120.13,120.79,4868551
2014-12-04,1417703400,120.75,121.8,120.62,121.8,4250485
2014-12-05,1417789800,121.57,121.6,120.52,121.09,8030737
2014-12-08,1418049000,121.42,122.835,121.1382,122.57,6021774
2014-12-09,1418135400,123.6,123.97,122.96,123.2,6639727
2014-12-10,1418221800,123.18,124.4,123.08,124.1,6439191
2014-12-11,1418308200,123.74,124.61,123.29,124.61,7863455
2014-12-12,1418394600,125.45,126.35,125.02,126.3,9317388
2014-12-15,1418653800,125.64,126.7,125.43,126.04,9387414
2014-12-16,1418740200,127.36,127.72,126.36,127.6,7426434
2014-12-17,1418826600,126.91,127.19,125.7,126.4499,11558786
2014-12-18,1418913000,124.93,125.1,124.2,124.2,12758214
2014-12-19,1418999400,124.58,125.95,124.44,125.87,7894461
2014-12-22,1419258600,125.45,126.19,125.32,126.04,4118783
2014-12-23,1419345000,125.45,125.6,123.49,123.54,7406146
2014-12-24,1419431400,123.06,124.06,122.93,123.95,4871374
2014-12-26,1419604200,124.55,124.59,124.02,124.41,2921323
2014-12-29,1419863400,124.91,125.66,124.81,125.34,4070721
2014-12-30,1419949800,125.98,126.2101,125.53,125.68,4372557
2014-12-31,1420036200,125.7,126.165,125.65,125.92,4993301
2015-01-02,1420209000,126.29,127.66,126.15,127.32,9431997
2015-01-05,1420468200,128.01,129.63,127.96,129.32,9789519
2015-01-06,1420554600,130.7,132.49,130.19,131.65,18331287
2015-01-07,1420641000,130.7,131.97,130.17,131.39,9762919
2015-01-08,1420727400,130.36,130.37,129.42,129.65,8055253
2015-01-09,1420813800,129.2,131.11,129.04,131.07,9398821
2015-01-12,1421073000,131,132.3099,130.92,131.82,6658148
2015-01-13,1421159400,131.39,132.61,131.14,131.82,8260840
2015-01-14,1421245800,133.72,134.12,132.7,132.82,12324546
2015-01-15,1421332200,132.85,135.03,132.68,134.91,11454237
2015-01-16,1421418600,134.33,134.68,133.03,133.19,9390473
2015-01-20,1421764200,134.13,135.11,134.07,134.96,7758724
2015-01-21,1421850600,135.2,135.585,132.955,133.4,9803896
2015-01-22,1421937000,134,134.18,132.28,132.92,10200015
2015-01-23,1422023400,134.3,135.12,134.15,134.77,7334591
2015-01-26,1422282600,134.84,135.19,134.05,134.36,5966478
2015-01-27,1422369000,135.73,136.13,134.15,134.57,8079582
2015-01-28,1422455400,134.75,137.41,134.7,136.77,12230298
2015-01-29,1422541800,136.12,136.67,135.4601,135.87,8881399
2015-01-30,1422628200,137.71,138.5,137.18,138.28,14871221
2015-02-02,1422887400,136.7,137.92,136.66,137.48,13689942
2015-02-03,1422973800,135.65,135.7851,134.37,134.57,14008703
2015-02-04,1423060200,133.49,134.99,133.1201,134.8,11360416
2015-02-05,1423146600,134,134.23,133.11,133.32,8334585
2015-02-06,1423233000,132.05,132.35,130.59,130.96,13685553
2015-02-09,1423492200,131.97,131.98,130.75,130.75,8025546
2015-02-10,1423578600,130.14,130.47,129.44,129.71,8290732
2015-02-11,1423665000,129.7,130.27,128.964,129.95,6506362
2015-02-12,1423751400,129.66,130.541,129.45,129.52,12548329
2015-02-13,1423837800,129.51,129.53,128.09,128.19,8325223
2015-02-17,1424183400,127.8,127.93,125.92,126.26,14968830
2015-02-18,1424269800,126.82,127.74,126.47,127.01,14009187
2015-02-19,1424356200,126.78,127.445,126.17,126.17,8584765
2015-02-20,1424442600,127.05,128.01,126,126.54,12502546
2015-02-23,1424701800,127.19,128.17,127.16,127.99,7500542
2015-02-24,1424788200,127.65,129.79,127.18,129.67,11958343
2015-02-25,1424874600,129.46,130.385,129.08,130.23,8019820
2015-02-26,1424961000,129.7,130.2999,128.4,128.45,11020500
2015-02-27,1425047400,129.02,129.62,128.27,129.53,9225087
2015-03-02,1425306600,129,129.07,126.77,126.87,11323970
2015-03-03,1425393000,126.89,127.37,126.38,126.41,8599004
2015-03-04,1425479400,126.94,127.04,126.16,126.45,6478887
2015-03-05,1425565800,126.53,126.88,125.9,126.29,6044998
2015-03-06,1425652200,124.67,124.83,122.97,123.5,20022904
2015-03-09,1425907800,124.68,124.87,124.13,124.64,8889065
2015-03-10,1425994200,125.97,126.44,125.76,126.28,9277945
2015-03-11,1426080600,126.26,127.46,126.12,127.2,6663085
2015-03-12,1426167000,128.2,128.2,126.72,127.11,10295863
2015-03-13,1426253400,126.76,127.59,126.49,126.72,7247189
2015-03-16,1426512600,127.94,128.15,127.27,127.94,6374608
2015-03-17,1426599000,128.55,129.1099,128.28,129,6313964
2015-03-18,1426685400,129.91,131.53,128.6101,131.49,13981903
2015-03-19,1426771800,131.2,131.62,130.27,130.82,9543795
2015-03-20,1426858200,131.22,131.7,131.14,131.51,5953751
2015-03-23,1427117400,131.7,131.75,130.99,131.35,5555506
2015-03-24,1427203800,131.83,132.64,131.48,132.62,6713032
2015-03-25,1427290200,132.72,132.76,131.46,131.5,5635768
2015-03-26,1427376600,131.05,131.14,129.181,129.45,9536292
2015-03-27,1427463000,130.03,131.13,129.98,131.06,7907909
2015-03-30,1427722200,130.9,131,130.09,130.41,7010587
2015-03-31,1427808600,130.24,130.96,129.91,130.69,6844288
2015-04-01,1427895000,131.33,132.48,131.3,132.13,9273941
2015-04-02,1427981400,131.93,131.97,130.61,130.73,6663396
2015-04-06,1428327000,131.43,131.48,129.72,130,5923761
2015-04-07,1428413400,130.23,131.22,129.85,131.09,4764948
2015-04-08,1428499800,131.02,131.36,130.0225,131.13,5378896
2015-04-09,1428586200,130.87,130.92,129.1301,129.43,6484206
2015-04-10,1428672600,130.32,130.45,129.55,129.62,4842983
2015-04-13,1428931800,129.53,129.98,129.39,129.8,4010619
2015-04-14,1429018200,131.31,131.86,130.48,130.72,6075465
2015-04-15,1429104600,131.05,131.27,130.32,130.61,4425222
2015-04-16,1429191000,130.83,130.86,129.41,129.96,7085505
2015-04-17,1429277400,129.77,131.7,129.7,131.45,7268774
2015-04-20,1429536600,130.94,131.01,129.93,130.29,4949441
2015-04-21,1429623000,130.23,130.45,129.56,129.7,4563763
2015-04-22,1429709400,129.5,129.55,127.54,127.72,9707563
2015-04-23,1429795800,127.8,128.85,127.61,128.27,6843409
2015-04-24,1429882200,128.64,129.43,128.59,129.07,4773030
2015-04-27,1430141400,129.07,129.5,128.37,129.07,4334926
2015-04-28,1430227800,128.17,128.74,127.26,127.29,7464325
2015-04-29,1430314200,125.81,126.44,125.28,125.73,11554821
2015-04-30,1430400600,125.04,126.17,124.51,125.95,12875959
2015-05-01,1430487000,124.73,125.04,123.69,124,12378465
2015-05-04,1430746200,124.3,124.53,122.72,122.83,9144659
2015-05-05,1430832600,122.86,123.03,121.69,122.66,13935494
2015-05-06,1430919000,121.99,122.06,120.37,120.56,14355025
2015-05-07,1431005400,121.43,122.57,121.35,122.18,11933674
2015-05-08,1431091800,123.38,123.55,122.31,122.51,11716437
2015-05-11,1431351000,121.62,121.651,119.5,119.53,13738591
2015-05-12,1431437400,119.14,120.63,118.82,119.84,15861707
2015-05-13,1431523800,120.65,120.72,118.64,118.88,15759976
2015-05-14,1431610200,118.92,119.83,118.69,119.2,9128441
2015-05-15,1431696600,120.38,121.91,120.29,121.59,12630621
2015-05-18,1431955800,120.32,120.43,119.4732,119.55,10208341
2015-05-19,1432042200,118.27,119.84,118.13,118.49,8435326
2015-05-20,1432128600,118.77,119.45,118.18,118.69,7789665
2015-05-21,1432215000,119.58,120.61,119.45,120.35,11760652
2015-05-22,1432301400,120.65,120.75,119.8,120.4,5417933
2015-05-26,1432647000,120.84,122.5501,120.74,122.46,10469658
2015-05-27,1432733400,122.18,122.86,121.6052,122.74,6490255
2015-05-28,1432819800,122.5,123.03,122.22,122.44,6237616
2015-05-29,1432906200,123.23,123.57,122.51,122.71,7911982
2015-06-01,1433165400,122.11,122.38,120.69,121.13,13108065
2015-06-02,1433251800,120.17,120.26,119.11,119.44,10076179
2015-06-03,1433338200,118.39,118.6,117.195,117.52,14810887
2015-06-04,1433424600,118.26,119.29,118.14,119.05,10859277
2015-06-05,1433511000,117.84,118.57,117.38,117.6,11200153
2015-06-08,1433770200,117.96,118.16,117.37,117.47,5333972
2015-06-09,1433856600,117.06,117.13,116.11,116.54,12393893
2015-06-10,1433943000,115.92,116.13,115.259,115.52,12183562
2015-06-11,1434029400,116.56,117.97,116.24,117.95,13849269
2015-06-12,1434115800,117.59,119.07,117.55,117.95,7863117
2015-06-15,1434375000,118.89,119.06,117.74,118.14,8194180
2015-06-16,1434461400,118.61,119.08,117.94,119.07,7046378
2015-06-17,1434547800,118.5,118.63,117.25,118.15,13626103
2015-06-18,1434634200,117.37,117.74,116.75,117.57,10123276
2015-06-19,1434720600,118.51,119.185,118.49,119.08,10439248
2015-06-22,1434979800,117.84,118.14,116.59,116.65,9768973
2015-06-23,1435066200,115.73,116.96,115.69,115.95,8945108
2015-06-24,1435152600,116.51,117.17,116.16,116.95,8600392
2015-06-25,1435239000,116.59,117.08,116.19,116.54,8287821
2015-06-26,1435325400,115.67,115.87,114.88,115.23,11672979
2015-06-29,1435584600,116.96,118.67,116.46,118.28,17132910
2015-06-30,1435671000,117.4,118.7,117.33,117.46,13469011
2015-07-01,1435757400,115.82,116.36,115.43,115.62,12451476
2015-07-02,1435843800,116.32,116.66,115.88,116,6682132
2015-07-06,1436189400,118.05,118.65,117.06,118.15,10605806
2015-07-07,1436275800,119.66,120.49,118.95,119.26,16160105
2015-07-08,1436362200,120.02,120.565,119.5,120.29,9951815
2015-07-09,1436448600,118.7,119.12,117.8456,117.92,11108879
2015-07-10,1436535000,116.04,116.72,115.76,116.05,13636624
2015-07-13,1436794200,115.39,116.46,115.39,115.69,8006723
2015-07-14,1436880600,116.02,116.27,115.66,116.07,4227782
2015-07-15,1436967000,116.11,117.55,116.04,117.3,8720406
2015-07-16,1437053400,116.89,118.16,116.87,118.11,7306517
2015-07-17,1437139800,118.37,118.89,118.36,118.72,7404940
2015-07-20,1437399000,118.29,118.645,117.9,118.22,5940984
2015-07-21,1437485400,117.68,118.93,117.66,118.86,5627455
2015-07-22,1437571800,119.01,119.9,118.95,119.6,6228919
2015-07-23,1437658200,119.6,121.1999,119.45,121.09,9087712
2015-07-24,1437744600,121.5,121.55,120.92,121.39,7307882
2015-07-27,1438003800,122.19,122.285,121.48,122.04,8171957
2015-07-28,1438090200,121.16,121.565,120.9,121.15,9128181
2015-07-29,1438176600,121.02,121.17,120.4159,120.7,6706432
2015-07-30,1438263000,121.21,121.935,121.15,121.63,6146626
2015-07-31,1438349400,122.44,122.9,122.06,122.53,9178422
2015-08-03,1438608600,122.32,123.75,122.32,123.55,11753736
2015-08-04,1438695000,123.16,123.315,122.46,122.57,6448757
2015-08-05,1438781400,121.77,121.91,121.19,121.65,7574389
2015-08-06,1438867800,122,122.87,122,122.73,6118061
2015-08-07,1438954200,123.3,124.4993,123.24,124.34,8316980
2015-08-10,1439213400,123.41,123.57,122.52,122.8,7461656
2015-08-11,1439299800,124.3,125.13,124.16,124.75,11145702
2015-08-12,1439386200,124.93,125.71,124,124.07,8455249
2015-08-13,1439472600,123.83,124.42,123.22,123.67,7691434
2015-08-14,1439559000,123.47,124.37,123.2,123.96,4324742
2015-08-17,1439818200,124.71,125.1,124.39,124.52,7880324
2015-08-18,1439904600,123.8,124.29,123.38,123.54,5024294
2015-08-19,1439991000,123.06,124.93,122.99,124.76,10735974
2015-08-20,1440077400,125.37,126.1,125.18,126.02,9078313
2015-08-21,1440163800,126.16,126.74,125.59,126.4,10718318
2015-08-24,1440423000,128.31,128.92,125.82,126.36,16663414
2015-08-25,1440509400,124.55,124.79,123.56,124.33,15354785
2015-08-26,1440595800,123,123.51,121.36,121.93,16429934
2015-08-27,1440682200,121.82,122.87,121.65,122,9126952
2015-08-28,1440768600,123.15,123.47,122.23,122.36,9946158
2015-08-31,1441027800,123.36,123.47,121.34,121.42,8617562
2015-09-01,1441114200,121.64,122.09,120.98,122.03,15298248
2015-09-02,1441200600,121.42,121.98,120.86,120.98,9515229
2015-09-03,1441287000,121.38,121.67,120.71,121.57,7042492
2015-09-04,1441373400,122.45,122.925,121.82,122.68,7951303
2015-09-08,1441719000,121.38,121.56,120.76,120.87,7049499
2015-09-09,1441805400,119.63,121.705,119.56,121.45,7441863
2015-09-10,1441891800,121.02,121.19,120.45,120.63,6789671
2015-09-11,1441978200,121.47,122.08,121.33,121.39,5890921
2015-09-14,1442237400,121.95,122.145,121.28,121.58,4221733
2015-09-15,1442323800,120.89,121.0499,119.12,119.25,11894974
2015-09-16,1442410200,118.96,119.44,118.55,118.8,6949781
2015-09-17,1442496600,118.88,120.37,118.73,120.25,19843582
2015-09-18,1442583000,121.21,122.2,121.13,122.1,14963338
2015-09-21,1442842200,121.01,121.11,119.78,120.11,10085551
2015-09-22,1442928600,121.44,122.39,121.14,121.78,9968204
2015-09-23,1443015000,121.62,122.07,120.99,121.77,6769859
2015-09-24,1443101400,123.17,123.68,122.49,122.6,9605760
2015-09-25,1443187800,121.65,121.93,121.2699,121.54,8383733
2015-09-28,1443447000,122.2,123.77,122.199,123.62,9833354
2015-09-29,1443533400,123.54,124.29,123.25,123.97,9006123
2015-09-30,1443619800,123.41,123.8,123.12,123.54,9832571
2015-10-01,1443706200,124.08,124.52,123.66,123.81,9069447
2015-10-02,1443792600,125.59,126.21,124.18,124.56,13000403
2015-10-05,1444051800,123.72,123.83,122.78,122.87,11362675
2015-10-06,1444138200,122.55,123.6,122.4101,123.4,5687786
2015-10-07,1444224600,122.81,123.33,122.51,122.99,6712790
2015-10-08,1444311000,123.29,123.37,121.66,121.96,12882333
2015-10-09,1444397400,121.97,122.64,121.9,122.28,9038104
2015-10-12,1444656600,123.03,123.425,122.911,123.21,4241027
2015-10-13,1444743000,123.53,123.6,122.8,123.42,6147248
2015-10-14,1444829400,123.7,124.545,123.3,124.5,9738108
2015-10-15,1444915800,124.31,124.46,123.78,123.89,6924268
2015-10-16,1445002200,124.25,124.47,123.8699,123.93,8048318
2015-10-19,1445261400,123.79,123.97,122.91,123.59,6238361
2015-10-20,1445347800,122.8,122.97,122.55,122.83,6431302
2015-10-21,1445434200,123.61,124.22,123.47,124.05,6603844
2015-10-22,1445520600,124.1,124.78,123.51,124.26,6934112
2015-10-23,1445607000,123.1,123.455,122.85,123.2,7058213
2015-10-26,1445866200,123.87,124.2,123.81,124.02,5859785
2015-10-27,1445952600,124.51,124.9001,124.16,124.33,7156769
2015-10-28,1446039000,124.27,124.34,123.3,123.83,8468672
2015-10-29,1446125400,123.18,123.22,121.7,121.86,12107974
2015-10-30,1446211800,122.24,122.81,122.02,122.78,11861389
2015-11-02,1446474600,121.78,122.1799,121.68,121.95,8751010
2015-11-03,1446561000,121.65,121.74,120.79,120.95,8921581
2015-11-04,1446647400,121.1,121.54,120.7,121.09,5980819
2015-11-05,1446733800,121.05,121.06,120.3,120.77,7268407
2015-11-06,1446820200,119.49,119.525,118.735,119,10604737
2015-11-09,1447079400,118.1,118.9,118,118.33,9159480
2015-11-10,1447165800,118.5,119.21,118.38,118.68,6712535
2015-11-11,1447252200,118.35,118.58,118.27,118.43,2857898
2015-11-12,1447338600,118.75,119.44,118.7,119,6805727
2015-11-13,1447425000,119.32,119.8978,119.22,119.68,7906585
2015-11-16,1447684200,119.79,120,119.13,119.57,5485337
2015-11-17,1447770600,119,120.13,118.66,119.77,5122919
2015-11-18,1447857000,119.58,120.189,119.36,120.02,5233883
2015-11-19,1447943400,120.88,121.15,120.675,120.82,6643031
2015-11-20,1448029800,120.93,121.04,120.28,120.45,5971025
2015-11-23,1448289000,120.53,121.12,120.32,120.82,5436264
2015-11-24,1448375400,120.9,121.2,120.58,120.81,3371479
2015-11-25,1448461800,121.17,121.42,120.945,121.09,3280898
2015-11-27,1448634600,121.25,121.32,120.96,120.97,2570644
2015-11-30,1448893800,121.1,121.53,121.06,121.45,5179764
2015-12-01,1448980200,121.26,122.85,121.26,122.83,12766590
2015-12-02,1449066600,122.66,123.04,122.19,122.87,7345805
2015-12-03,1449153000,121.36,121.4,118.99,119.53,16612180
2015-12-04,1449239400,119.53,120.93,119.47,120.58,11843829
2015-12-07,1449498600,120.81,122.46,120.8,121.75,9016691
2015-12-08,1449585000,122.28,122.43,121.45,121.81,7257521
2015-12-09,1449671400,121.35,122.145,120.51,121.68,8993896
2015-12-10,1449757800,121.79,122.03,121.49,121.84,5606896
2015-12-11,1449844200,123.03,124.1,122.87,123.76,12300038
2015-12-14,1450103400,123.08,123.15,121.75,122.16,10661052
2015-12-15,1450189800,121.02,121.6,120.83,121.44,8795455
2015-12-16,1450276200,121.07,122.17,120.5,121.18,10988572
2015-12-17,1450362600,121.78,122.78,121.64,122.55,9922991
2015-12-18,1450449000,123.08,123.52,122.82,123.23,10171700
2015-12-21,1450708200,123.43,123.78,122.92,123.2,7494943
2015-12-22,1450794600,122.65,122.8,121.991,122.31,5445763
2015-12-23,1450881000,121.23,121.61,120.87,121.39,7287134
2015-12-24,1450967400,121.47,121.87,121.4,121.83,3364567
2015-12-28,1451313000,121.99,122.67,121.85,122.19,7586564
2015-12-29,1451399400,121.69,121.74,120.01,120.16,7787496
2015-12-30,1451485800,119.92,120.54,119.67,120.04,5508875
2015-12-31,1451572200,120.57,120.8607,120.25,120.58,7897690
2016-01-04,1451917800,121.93,122.45,121.32,121.45,10591941
2016-01-05,1452004200,120.88,121.5,120.66,120.96,6242567
2016-01-06,1452090600,122.3,122.62,122.05,122.59,8916942
2016-01-07,1452177000,122.68,122.93,121.785,122.81,10202158
2016-01-08,1452263400,122.43,123.465,122.2305,123.36,9577237
2016-01-11,1452522600,122.04,122.79,121.8601,122.01,10040254
2016-01-12,1452609000,122.34,124.32,122.15,123.77,12897720
2016-01-13,1452695400,123.53,125.495,123.27,124.99,15577552
2016-01-14,1452781800,124.47,124.965,123.34,123.82,12873776
2016-01-15,1452868200,125.4,125.96,125.08,125.752,13976332
2016-01-19,1453213800,125.13,126.07,124.95,125.36,8926594
2016-01-20,1453300200,126.98,127.92,126.42,126.68,17283292
2016-01-21,1453386600,126.94,127.288,125.67,125.82,11001621
2016-01-22,1453473000,124.91,125.53,124.52,125.34,10164328
2016-01-25,1453732200,125.95,126.27,125.65,126.02,5738192
2016-01-26,1453818600,125.99,126.46,125.75,126.08,5692621
2016-01-27,1453905000,125.75,126.29,125.19,126.05,7957753
2016-01-28,1453991400,125.54,126.41,125.46,126.23,10575351
2016-01-29,1454077800,127.41,127.86,126.915,127.3,13170724
2016-02-01,1454337000,126.79,127.07,126.29,126.67,9948356
2016-02-02,1454423400,128.1,129.04,128,129.02,10399965
2016-02-03,1454509800,128.28,129.94,127.92,127.95,13308995
2016-02-04,1454596200,128.22,128.59,127.51,128.57,9953521
2016-02-05,1454682600,127.89,129,127.59,128.72,9200847
2016-02-08,1454941800,129.72,131.629,129.68,131.49,14452163
2016-02-09,1455028200,132.04,132.06,130.96,131.63,15232056
2016-02-10,1455114600,131.7,132.84,131.11,132.79,12797068
2016-02-11,1455201000,134.44,135.25,133.01,133.72,21620249
2016-02-12,1455287400,132.64,133.13,130.93,131.5,13888427
2016-02-16,1455633000,130.72,130.75,129.805,130.11,11766006
2016-02-17,1455719400,129.64,129.83,128.71,129.31,13157299
2016-02-18,1455805800,129.41,131,129.36,130.9,10196700
2016-02-19,1455892200,130.94,131.82,130.73,131.005,8188740
2016-02-22,1456151400,131.1,131.11,130.7,130.94,5054326
2016-02-23,1456237800,129.88,131.74,129.78,131.47,8320727
2016-02-24,1456324200,132.4,133.39,130.95,131.21,9091189
2016-02-25,1456410600,131.48,132.555,131.32,131.68,6097222
2016-02-26,1456497000,130.31,130.81,130.04,130.41,9244954
2016-02-29,1456756200,130.47,131.17,130.42,130.98,8016109
2016-03-01,1456842600,130.82,130.85,128.32,128.43,13729116
2016-03-02,1456929000,128.32,128.97,128.21,128.96,7047705
2016-03-03,1457015400,129.07,129.94,128.77,129.43,6395336
2016-03-04,1457101800,128.75,129.13,127.76,128.6,8687010
2016-03-07,1457361000,128.45,128.67,128.05,128.56,5493336
2016-03-08,1457447400,130.35,130.99,129.95,129.98,7175371
2016-03-09,1457533800,129.08,129.69,128.81,129.19,7194693
2016-03-10,1457620200,129.5,129.84,127.92,128.66,10092026
2016-03-11,1457706600,128.82,128.875,127.21,127.36,8927006
2016-03-14,1457962200,127.82,128.39,127.66,127.76,5176989
2016-03-15,1458048600,128.5,128.66,127.61,127.88,6413224
2016-03-16,1458135000,127.75,128.52,127.37,128.26,9728881
2016-03-17,1458221400,128.51,129.34,128.49,128.79,7805464
2016-03-18,1458307800,129.04,129.51,128.7,129.06,8198622
2016-03-21,1458567000,128.25,128.62,127.745,128.07,5514849
2016-03-22,1458653400,128.83,129.02,127.921,128.04,4997933
2016-03-23,1458739800,128.41,129.82,128.285,129.49,10628207
2016-03-24,1458826200,130.58,130.6425,129,129.54,6343287
2016-03-28,1459171800,129.38,130.16,129.2801,129.71,5058676
2016-03-29,1459258200,130.38,131.09,130.02,131.07,9396659
2016-03-30,1459344600,130.03,130.0701,128.9784,129.69,8478718
2016-03-31,1459431000,129.98,130.805,129.79,130.61,7832575
2016-04-01,1459517400,130.98,131.13,129.9,130.68,9341350
2016-04-04,1459776600,130.79,130.97,130.27,130.76,5145057
2016-04-05,1459863000,132.01,132.36,131.78,132.19,6482810
2016-04-06,1459949400,131.53,131.67,130.74,131.23,6393875
2016-04-07,1460035800,132.19,132.99,132.015,132.85,5963282
2016-04-08,1460122200,132.17,132.4,131.635,132.01,5585183
2016-04-11,1460381400,131.32,132.18,131.11,131.84,4805494
2016-04-12,1460467800,131.08,131.55,130.525,130.93,4276037
2016-04-13,1460554200,130.69,131.58,130.52,131.39,5207859
2016-04-14,1460640600,130.91,131.31,130.4901,130.76,6966979
2016-04-15,1460727000,131.29,132.16,131.25,131.88,5831142
2016-04-18,1460986200,131.33,131.44,130.66,131.31,4486643
2016-04-19,1461072600,131.08,131.305,130.29,130.9,5212335
2016-04-20,1461159000,131.16,131.65,129.27,129.46,10920713
2016-04-21,1461245400,128.44,129.07,128.29,128.69,11154216
2016-04-22,1461331800,128.85,128.91,128.24,128.36,5826383
2016-04-25,1461591000,128.06,128.52,127.83,127.83,5539464
2016-04-26,1461677400,127.76,127.76,127.12,127.25,7839962
2016-04-27,1461763800,127.92,128.82,127.62,128.52,8380065
2016-04-28,1461850200,128.21,129.14,128.04,129.05,7974606
2016-04-29,1461936600,128.45,129.71,128.195,129.38,7416314
2016-05-02,1462195800,128.66,128.895,127.8,127.82,11035175
2016-05-03,1462282200,129.55,130.02,129.35,129.43,10736651
2016-05-04,1462368600,129.68,130.17,129.19,130.14,7211166
2016-05-05,1462455000,130.06,131.07,129.7,131.01,7870447
2016-05-06,1462541400,130.85,130.86,130.295,130.45,7232476
2016-05-09,1462800600,130.46,130.89,130.32,130.86,4950805
2016-05-10,1462887000,130.85,131.12,130.65,130.87,4331861
2016-05-11,1462973400,130.83,132,130.66,131.61,9256048
2016-05-12,1463059800,130.66,131.17,130.59,131.01,6087364
2016-05-13,1463146200,131.48,132.32,131.23,132.28,8707286
2016-05-16,1463405400,131.64,131.66,130.98,131.14,5137039
2016-05-17,1463491800,131.21,131.83,131.21,131.36,4449130
2016-05-18,1463578200,130.81,130.85,128.91,129.49,12680973
2016-05-19,1463664600,129.68,130.33,129.65,130.05,6209379
2016-05-20,1463751000,129.65,130.4,129.55,130.15,5348879
2016-05-23,1464010200,130.36,130.73,129.92,130.44,6979730
2016-05-24,1464096600,129.97,130.19,129.24,129.86,5968275
2016-05-25,1464183000,129.83,130.245,129.31,129.37,6367396
2016-05-26,1464269400,129.81,130.45,129.8,130.04,5419303
2016-05-27,1464355800,130.07,130.26,129.7,129.85,5267595
2016-05-31,1464701400,129.02,130.44,128.98,130.16,8344257
2016-06-01,1464787800,130.63,131.27,130.11,130.42,9874878
2016-06-02,1464874200,130.9,131.69,130.87,131.36,5835531
2016-06-03,1464960600,132.86,133.23,132.6,133.23,11077213
2016-06-06,1465219800,132.78,132.89,132.105,132.24,7573732
2016-06-07,1465306200,132.64,132.98,132.54,132.56,4680203
2016-06-08,1465392600,132.87,133.43,132.71,133.27,5313151
2016-06-09,1465479000,134.32,134.54,133.93,134.13,6820290
2016-06-10,1465565400,134.79,135.33,134.2643,134.78,6984577
2016-06-13,1465824600,135.09,135.39,134.77,135.38,7688936
2016-06-14,1465911000,136.19,136.22,135.22,135.28,9012488
2016-06-15,1465997400,135.52,136.23,135.31,135.8,7953205
2016-06-16,1466083800,136.74,137.56,136.18,136.46,10372653
2016-06-17,1466170200,136.2,136.2699,135.26,135.61,8489852
2016-06-20,1466429400,134.24,134.55,134.01,134.16,7365885
2016-06-21,1466515800,134.29,134.58,133.46,133.54,6005848
2016-06-22,1466602200,133.5,133.99,133.2539,133.76,5773676
2016-06-23,1466688600,132.61,133.32,132.08,132.23,9029115
2016-06-24,1466775000,136.61,136.61,135.3,135.78,17155023
2016-06-27,1467034200,138.44,139.59,138.4,139.17,17573865
2016-06-28,1467120600,139.44,139.895,138.88,139.46,14006412
2016-06-29,1467207000,139.68,140.13,138.2601,138.39,12999793
2016-06-30,1467293400,138.81,139.94,138.085,138.9,14698513
2016-07-01,1467379800,140.81,140.82,139.19,140.57,15430178
2016-07-05,1467725400,141.85,142.91,141.7,142.33,8840774
2016-07-06,1467811800,142.79,143,141.96,142.56,14352847
2016-07-07,1467898200,142.09,143.19,141.78,142.55,9676415
2016-07-08,1467984600,142.92,143.62,142.36,143.6,10355253
2016-07-11,1468243800,143.05,143.465,142.24,142.34,8099048
2016-07-12,1468330200,140.42,140.86,139.64,140,15810639
2016-07-13,1468416600,141.37,141.77,140.95,141.65,8181672
2016-07-14,1468503000,139.28,139.84,139.09,139.59,10817019
2016-07-15,1468589400,138.89,139.11,138.18,138.39,9958624
2016-07-18,1468848600,139.07,139.26,137.73,138.26,5955878
2016-07-19,1468935000,138.94,139.31,138.4,139.04,8073906
2016-07-20,1469021400,138.23,138.51,137.91,138.28,6942471
2016-07-21,1469107800,137.04,138.62,136.985,138.56,10398437
2016-07-22,1469194200,137.93,139.24,137.87,138.8,5811415
2016-07-25,1469453400,138.94,139.26,138.5867,138.7,4243800
2016-07-26,1469539800,139.52,139.52,138.46,138.92,5243406
2016-07-27,1469626200,139.55,140.65,139.4,140.65,8508125
2016-07-28,1469712600,139.8,140.835,139.71,140.39,7336072
2016-07-29,1469799000,140.45,141.68,140.22,141.56,8766743
2016-08-01,1470058200,139.78,140.5,139.61,139.77,9809348
2016-08-02,1470144600,137.83,139.26,137.5,138.33,10051207
2016-08-03,1470231000,138.6,138.78,137.91,138.41,4930593
2016-08-04,1470317400,139.46,140.16,139.2711,139.45,5645951
2016-08-05,1470403800,139.05,139.18,137.825,138,7778635
2016-08-08,1470663000,137.6,138.54,137.32,138.26,5185234
2016-08-09,1470749400,138.71,139.72,138.62,139.62,5503166
2016-08-10,1470835800,139.9,140.51,139.47,140.16,5843487
2016-08-11,1470922200,140.06,140.08,138.54,138.91,7624622
2016-08-12,1471008600,140.41,140.86,139.87,140.08,7989640
2016-08-15,1471267800,139.34,139.63,138.75,138.76,5108563
2016-08-16,1471354200,138.98,139.15,138.23,138.39,6182739
2016-08-17,1471440600,138.63,139.44,138.5,139.22,5001992
2016-08-18,1471527000,139.2,139.765,138.79,139.44,3805233
2016-08-19,1471613400,138.64,139.05,138.1,138.71,5516269
2016-08-22,1471872600,139.65,140.14,139.3689,139.88,5549684
2016-08-23,1471959000,140.27,140.59,139.67,140.03,6841393
2016-08-24,1472045400,140.1,140.19,139.39,139.7,6027834
2016-08-25,1472131800,139.26,139.78,138.96,139.17,5855464
2016-08-26,1472218200,139.73,140.69,138.22,138.36,12962524
2016-08-29,1472477400,139.38,140.35,139.21,140.21,7310409
2016-08-30,1472563800,140.17,140.26,139.67,139.67,5161769
2016-08-31,1472650200,139.66,140.17,139.34,139.87,7349658
2016-09-01,1472736600,138.62,140.1,138.57,139.77,9149133
2016-09-02,1472823000,138.96,139.0511,138.17,138.63,8396973
2016-09-06,1473168600,138.71,140.08,138.51,139.64,8542625
2016-09-07,1473255000,140.37,140.42,139.54,139.54,5421827
2016-09-08,1473341400,138.86,139.27,137.26,137.79,14301465
2016-09-09,1473427800,136.07,136.12,135.41,135.52,13347664
2016-09-12,1473687000,135.32,135.83,135.16,135.59,9096573
2016-09-13,1473773400,135.87,136,133.36,134.05,15645423
2016-09-14,1473859800,134.05,134.91,134.05,134.25,7037670
2016-09-15,1473946200,133.61,134.05,133.03,133.67,10234190
2016-09-16,1474032600,134.58,134.81,134.22,134.75,7507901
2016-09-19,1474291800,134.52,134.87,134.25,134.31,7105887
2016-09-20,1474378200,135.15,135.58,134.67,134.78,6054765
2016-09-21,1474464600,134.6,135.89,134.18,135.87,10698125
2016-09-22,1474551000,136.67,137.29,136.5,136.95,12426243
2016-09-23,1474637400,137.03,137.34,136.71,136.82,5928833
2016-09-26,1474896600,137.07,137.8336,137.02,137.69,8661318
2016-09-27,1474983000,138.59,138.8,137.95,138.7,9450445
2016-09-28,1475069400,138.5,139.15,138.22,138.4,7958732
2016-09-29,1475155800,137.56,139.07,137.45,138.75,8319793
2016-09-30,1475242200,138.55,138.64,136.87,137.51,11747119
2016-10-03,1475501400,137.68,137.77,136.76,136.81,7588816
2016-10-04,1475587800,136.62,136.84,135.16,135.21,12048727
2016-10-05,1475674200,135.02,135.08,134.12,134.58,8917655
2016-10-06,1475760600,133.97,134.69,133.68,133.83,7839909
2016-10-07,1475847000,133.93,134.285,133.09,133.92,9953220
2016-10-10,1476106200,132.85,133.16,132.51,133.13,6089117
2016-10-11,1476192600,132.86,133.55,132.57,132.83,9670399
2016-10-12,1476279000,132.67,133.02,132.24,132.96,7582449
2016-10-13,1476365400,133.64,133.93,133.37,133.46,7080582
2016-10-14,1476451800,132.27,132.95,131.53,131.59,11415109
2016-10-17,1476711000,132.1,132.74,132.09,132.43,10595886
2016-10-18,1476797400,131.86,132.89,131.83,132.86,7151001
2016-10-19,1476883800,132.37,133.27,132.32,132.97,6941279
2016-10-20,1476970200,133.64,133.7526,132.9,133.11,6082274
2016-10-21,1477056600,133.52,133.72,132.87,133.31,9222747
2016-10-24,1477315800,133.41,133.45,132.29,132.73,6507489
2016-10-25,1477402200,132.53,133.555,132.49,133.08,5134728
2016-10-26,1477488600,132.46,132.8,131.99,132.18,5842548
2016-10-27,1477575000,131.07,131.07,130.0649,130.74,10044665
2016-10-28,1477661400,130.39,130.93,130.33,130.45,7540950
2016-10-31,1477920600,130.89,131.29,130.71,131.25,7047470
2016-11-01,1478007000,130.16,131.6,129.88,131.01,12622367
2016-11-02,1478093400,131.3,132.11,131.03,131.58,8666228
2016-11-03,1478179800,130.75,131.05,130.44,130.57,6085408
2016-11-04,1478266200,131.27,131.79,131.13,131.74,7622582
2016-11-07,1478529000,130.75,131,130.44,130.62,5386725
2016-11-08,1478615400,131.02,131.21,129.71,130.09,7576518
2016-11-09,1478701800,127.22,127.37,124.22,124.57,31233486
2016-11-10,1478788200,123.97,124.96,122.72,122.73,22961169
2016-11-11,1478874600,122.96,123.05,121.65,122.04,10040165
2016-11-14,1479133800,121.28,122.66,120.73,121.31,21174373
2016-11-15,1479220200,122.22,122.81,121.78,121.91,11963704
2016-11-16,1479306600,122.3,123.14,122.17,123.01,9149498
2016-11-17,1479393000,121.95,122.11,120.99,121.2,11221604
2016-11-18,1479479400,121.63,121.97,120.34,120.85,13577732
2016-11-21,1479738600,121.21,121.475,120.89,121.15,6488066
2016-11-22,1479825000,121.66,121.76,120.88,121.11,9989917
2016-11-23,1479911400,119.99,120.91,119.25,120.64,13563514
2016-11-25,1480084200,121.19,121.29,120.4,120.82,3126273
2016-11-28,1480343400,121.41,121.73,121.09,121.71,8554998
2016-11-29,1480429800,121.44,122.4,121.21,122.22,8363000
2016-11-30,1480516200,119.97,121.01,119.48,120.24,21163537
2016-12-01,1480602600,118.51,118.99,117.64,118.73,21715714
2016-12-02,1480689000,119.17,120.21,119.14,119.6,12487458
2016-12-05,1480948200,118.93,120.3975,118.45,119.47,12100125
2016-12-06,1481034600,119.7,119.94,119.12,119.38,11526642
2016-12-07,1481121000,119.82,120.62,119.82,120.4,10392180
2016-12-08,1481207400,119.15,119.31,118.78,118.98,12041139
2016-12-09,1481293800,118.64,118.86,117.28,117.5,14646449
2016-12-12,1481553000,117.27,117.8,116.88,117.72,9496347
2016-12-13,1481639400,118.4,118.49,117.44,118.14,12189195
2016-12-14,1481725800,119.08,119.21,116.8,116.82,16618386
2016-12-15,1481812200,117.56,118.29,117.03,117.41,12400456
2016-12-16,1481898600,117.61,117.915,116.8,117.14,14924640
2016-12-19,1482157800,117.98,118.58,117.74,118.4,10868274
2016-12-20,1482244200,117.63,117.9,117.38,117.81,7030613
2016-12-21,1482330600,117.92,118.4,117.7338,118.33,4624709
2016-12-22,1482417000,117.53,118,117.5,117.81,5177794
2016-12-23,1482503400,118.24,118.39,117.95,118.05,4461570
2016-12-27,1482849000,117.42,117.7,117.23,117.67,5276560
2016-12-28,1482935400,117.86,118.88,117.7,118.53,7578597
2016-12-29,1483021800,118.8,119.2747,118.66,118.95,8581375
2016-12-30,1483108200,118.78,119.65,118.72,119.13,10613914
2017-01-03,1483453800,118.41,119.99,118.18,119.64,13217317
2017-01-04,1483540200,119.76,120.24,119.45,120.1,6699562
2017-01-05,1483626600,120.45,122.03,120.17,121.98,13265820
2017-01-06,1483713000,121.13,121.5414,120.75,120.86,8369334
2017-01-09,1483972200,121.88,122,121.46,121.83,8839108
2017-01-10,1484058600,121.55,121.91,121.28,121.75,8417941
2017-01-11,1484145000,121.94,122.69,121.41,122.16,9402523
2017-01-12,1484231400,122.8,123.14,121.83,121.89,9977612
2017-01-13,1484317800,121.33,121.75,120.62,121.31,9820003
2017-01-17,1484663400,122.81,122.94,121.99,122.58,7853301
2017-01-18,1484749800,121.77,121.96,120.91,121.01,9064689
2017-01-19,1484836200,120.49,120.58,119.55,120.18,11795591
2017-01-20,1484922600,119.84,120.31,119.29,119.94,16953217
2017-01-23,1485181800,120.34,121.87,120.02,121.14,13118414
2017-01-24,1485268200,120.77,121.1263,119.8,120.31,8394978
2017-01-25,1485354600,119.28,119.6,118.56,118.8,11115069
2017-01-26,1485441000,118.91,119.255,118.325,119.2,7827932
2017-01-27,1485527400,119.4,119.83,119.25,119.63,7197762
2017-01-30,1485786600,119.44,119.875,119.2,119.27,6569509
2017-01-31,1485873000,119.33,120.4,119.25,120.1,13298521
2017-02-01,1485959400,119.1,119.53,118.58,119.1,10975521
2017-02-02,1486045800,119.93,120.135,119,119.05,6978567
2017-02-03,1486132200,119.44,119.87,118.4743,119,10275574
2017-02-06,1486391400,119.76,120.13,119.12,119.72,8433772
2017-02-07,1486477800,119.78,121.01,119.47,120.6,8418420
2017-02-08,1486564200,121.42,122.27,121.41,122.24,15734201
2017-02-09,1486650600,121.41,121.59,120.66,120.83,16890586
2017-02-10,1486737000,120.11,120.95,120.11,120.76,7978462
2017-02-13,1486996200,120.25,120.41,119.88,120.38,11536780
2017-02-14,1487082600,120.24,120.3,118.83,119.51,13210451
2017-02-15,1487169000,118.76,119.22,118.65,118.96,8481015
2017-02-16,1487255400,119.22,120.21,119.12,119.61,10005829
2017-02-17,1487341800,120.61,120.7,120.13,120.32,7886448
2017-02-21,1487687400,119.68,120.61,119.6,120.11,8703755
2017-02-22,1487773800,120.8,120.82,119.59,120.31,8101522
2017-02-23,1487860200,120.57,120.74,120.33,120.67,5330784
2017-02-24,1487946600,121.35,122.14,121.26,122.01,11335989
2017-02-27,1488205800,121.81,121.9,121.225,121.29,11039831
2017-02-28,1488292200,121.5,122.075,121.32,121.74,8410508
2017-03-01,1488378600,119.44,119.55,118.95,119.47,10717113
2017-03-02,1488465000,119.01,119.21,118.615,119.04,8201247
2017-03-03,1488551400,119.23,119.35,118.5511,119.35,9515219
2017-03-06,1488810600,119.12,119.12,118.52,118.78,4489229
2017-03-07,1488897000,118.48,118.68,118.25,118.42,7080088
2017-03-08,1488983400,117.31,117.95,117.23,117.78,11336336
2017-03-09,1489069800,117.34,117.48,116.77,116.84,10575439
2017-03-10,1489156200,117.14,117.32,116.68,117.25,9218505
2017-03-13,1489411800,116.83,117.09,116.49,116.51,6993071
2017-03-14,1489498200,116.77,117.35,116.71,117.07,9869230
2017-03-15,1489584600,117.56,118.83,117.43,118.5,14600488
2017-03-16,1489671000,117.99,118.15,117.63,117.9,8018165
2017-03-17,1489757400,118.11,118.75,118.0301,118.64,7266766
2017-03-20,1490016600,118.55,119.23,118.5,119.15,5497756
2017-03-21,1490103000,119.05,120.3,119.02,120.14,12540662
2017-03-22,1490189400,120.72,121.17,120.43,120.62,11661374
2017-03-23,1490275800,120.83,121.02,120.06,120.45,6746461
2017-03-24,1490362200,120.53,121.1,120.4,120.88,5819630
2017-03-27,1490621400,121.83,121.97,121.19,121.43,6878473
2017-03-28,1490707800,121.79,121.82,120.4947,120.62,6811244
2017-03-29,1490794200,120.94,121.3792,120.88,121.34,6289498
2017-03-30,1490880600,121.07,121.09,120.32,120.36,7042448
2017-03-31,1490967000,120.28,120.81,120.21,120.71,5144760
2017-04-03,1491226200,120.45,121.87,120.4,121.67,12996495
2017-04-04,1491312600,121.37,121.59,120.95,121.01,6976660
2017-04-05,1491399000,120.56,121.52,120.36,121.38,8555235
2017-04-06,1491485400,121.24,121.41,120.52,121.2,6496995
2017-04-07,1491571800,121.84,122.25,120.69,120.71,10270017
2017-04-10,1491831000,121.14,121.62,121.0001,121.27,5314493
2017-04-11,1491917400,121.8,122.65,121.72,122.42,11297362
2017-04-12,1492003800,122.51,123.185,122.29,123.09,11532463
2017-04-13,1492090200,123.45,123.74,122.91,123.47,8396661
2017-04-17,1492435800,123.46,123.55,122.86,123.09,8015015
2017-04-18,1492522200,123.86,124.98,123.55,124.7,11529704
2017-04-19,1492608600,124.1,124.169,123.7,124.02,7343991
2017-04-20,1492695000,123.73,123.92,123.135,123.54,7932918
2017-04-21,1492781400,123.82,124.24,123.49,123.54,9798520
2017-04-24,1493040600,122.55,123.16,122.46,122.93,8066371
2017-04-25,1493127000,122.21,122.46,121.38,121.45,8099729
2017-04-26,1493213400,121.52,122.14,121.43,122.12,5766213
2017-04-27,1493299800,121.75,122.35,121.58,122.08,4978328
2017-04-28,1493386200,121.6,122.435,121.55,122.35,8166295
2017-05-01,1493645400,121.69,122.14,120.71,121.08,8795929
2017-05-02,1493731800,120.97,121.78,120.94,121.7,6727813
2017-05-03,1493818200,122.22,122.39,121.55,121.78,8932912
2017-05-04,1493904600,121.01,121.22,120.665,121.18,9707211
2017-05-05,1493991000,121.38,121.47,120.89,121.29,5605412
2017-05-08,1494250200,121.11,121.14,120.53,120.63,8057780
2017-05-09,1494336600,120.38,120.63,120.14,120.62,5536746
2017-05-10,1494423000,120.91,121.06,120.16,120.48,6517131
2017-05-11,1494509400,120,120.57,119.91,120.48,7479834
2017-05-12,1494595800,121.01,121.49,120.98,121.39,7464184
2017-05-15,1494855000,121.06,121.21,120.75,121.06,5173188
2017-05-16,1494941400,121.11,121.89,121.105,121.51,6722728
2017-05-17,1495027800,122.63,123.54,122.385,123.28,11236435
2017-05-18,1495114200,123.75,123.94,123.19,123.42,8350484
2017-05-19,1495200600,123.36,123.775,123.01,123.71,11277436
2017-05-22,1495459800,123.41,123.56,123.26,123.37,4063071
2017-05-23,1495546200,123.51,123.62,122.48,122.54,7901311
2017-05-24,1495632600,122.8,123.26,122.54,123.23,7468346
2017-05-25,1495719000,123.02,123.28,122.76,123.27,6464812
2017-05-26,1495805400,123.55,123.74,123.25,123.48,2963919
2017-05-30,1496151000,124.03,124.14,123.74,124.09,4819358
2017-05-31,1496237400,124.05,124.645,124.03,124.4,8000164
2017-06-01,1496323800,123.7,124.19,123.66,124.15,9037271
2017-06-02,1496410200,125.22,125.7675,125.05,125.62,13245037
2017-06-05,1496669400,124.9,125.16,124.78,124.84,6775466
2017-06-06,1496755800,125.69,125.87,125.4,125.52,12841474
2017-06-07,1496842200,125.24,125.52,124.79,124.92,12852353
2017-06-08,1496928600,124.88,124.88,124.3,124.59,8758621
2017-06-09,1497015000,124.08,124.64,123.98,124.4,5130548
2017-06-12,1497274200,124.21,124.99,124.139,124.36,4335780
2017-06-13,1497360600,124.01,124.52,123.99,124.38,4742571
2017-06-14,1497447000,125.92,126.71,125.73,126.3,20212287
2017-06-15,1497533400,126.09,126.33,125.83,126.1,5863708
2017-06-16,1497619800,126.08,126.44,126.01,126.35,6672543
2017-06-19,1497879000,126.32,126.475,126.03,126.17,5641338
2017-06-20,1497965400,126.79,127.4,126.79,127.3,8405680
2017-06-21,1498051800,127.11,127.645,126.9,127.56,5914825
2017-06-22,1498138200,127.71,127.87,127.31,127.84,6608055
2017-06-23,1498224600,127.47,127.9,127.4,127.78,4329910
2017-06-26,1498483800,128.27,128.57,128.16,128.26,5541628
2017-06-27,1498570200,127.43,127.49,126.62,126.89,8354227
2017-06-28,1498656600,126.67,126.71,125.98,126.47,7357931
2017-06-29,1498743000,125.01,125.72,124.9,125.41,9116011
2017-06-30,1498829400,125.19,125.39,124.85,125.12,10189811
2017-07-03,1499088600,125,125.04,124.02,124.46,11021117
2017-07-05,1499261400,124.2,124.65,124.115,124.49,11394539
2017-07-06,1499347800,123.52,123.64,122.93,123.46,10853050
2017-07-07,1499434200,122.84,123.03,122.585,122.72,9401813
2017-07-10,1499693400,122.87,123.1,122.68,122.9,3859189
2017-07-11,1499779800,122.86,123.33,122.71,123.11,4425579
2017-07-12,1499866200,123.89,124.04,123.49,123.96,7839923
2017-07-13,1499952600,123.6,123.65,122.81,123.18,7449253
2017-07-14,1500039000,124.1,124.16,123.12,123.33,6566826
2017-07-17,1500298200,123.33,123.99,123.27,123.67,4737647
2017-07-18,1500384600,124.43,124.77,124.23,124.75,9163037
2017-07-19,1500471000,124.78,125.01,124.59,124.8,5140862
2017-07-20,1500557400,125.49,125.73,124.9743,125.16,12239091
2017-07-21,1500643800,125.73,126.03,125.57,125.69,6201481
2017-07-24,1500903000,125.45,125.66,125.16,125.2,5378534
2017-07-25,1500989400,124.14,124.19,123.47,123.57,9743266
2017-07-26,1501075800,123.27,124.09,123.08,123.77,8459547
2017-07-27,1501162200,123.11,123.38,122.82,123.16,6390798
2017-07-28,1501248600,123.27,123.99,123.26,123.89,5491761
2017-07-31,1501507800,123.46,124.05,123.4,124.04,5464596
2017-08-01,1501594200,123.18,124.71,123.16,124.64,9676842
2017-08-02,1501680600,124.77,125.17,124.68,124.71,5745622
2017-08-03,1501767000,125.29,126.02,125.26,126,10324510
2017-08-04,1501853400,125.15,125.18,124.44,124.93,8485492
2017-08-07,1502112600,124.84,125.1,124.607,125.07,4684576
2017-08-08,1502199000,124.87,124.98,124.15,124.62,6197386
2017-08-09,1502285400,125.925,125.95,125.2,125.3,9221830
2017-08-10,1502371800,125.62,126.44,125.52,126.37,10378215
2017-08-11,1502458200,125.77,126.46,125.55,126.43,5717807
2017-08-14,1502717400,125.99,126.275,125.73,125.78,5111040
2017-08-15,1502803800,124.73,125.535,124.71,125.25,7473231
2017-08-16,1502890200,124.83,126.02,124.805,125.71,5283779
2017-08-17,1502976600,125.7,126.675,125.51,126.65,9364681
2017-08-18,1503063000,126.98,127.15,126.26,126.62,8382502
2017-08-21,1503322200,126.77,127.02,126.5,126.93,7669826
2017-08-22,1503408600,126.79,126.805,126.27,126.44,6140708
2017-08-23,1503495000,127.04,127.31,126.76,127.3,7446363
2017-08-24,1503581400,126.88,127.31,126.72,126.83,5569401
2017-08-25,1503667800,127.02,127.45,126.87,127.32,7303300
2017-08-28,1503927000,126.92,127.39,126.73,127.24,4448548
2017-08-29,1504013400,128.46,128.5225,127.31,127.65,7659555
2017-08-30,1504099800,127.46,127.74,127.34,127.61,4735194
2017-08-31,1504186200,127.64,128.03,127.57,127.99,7978406
2017-09-01,1504272600,127.31,127.34,126.43,126.75,14128576
2017-09-05,1504618200,127.69,128.8,127.69,128.76,15220687
2017-09-06,1504704600,128.72,129,127.74,127.97,9066915
2017-09-07,1504791000,128.33,129.565,128.33,129.28,13618862
2017-09-08,1504877400,129.11,129.16,128.57,129,9808531
2017-09-11,1505136600,127.87,128.05,127.26,127.46,17856690
2017-09-12,1505223000,127.045,127.089,126.53,126.79,7557437
2017-09-13,1505309400,126.91,126.92,126.28,126.29,6740040
2017-09-14,1505395800,126.37,126.83,126.33,126.81,6674530
2017-09-15,1505482200,127,127.01,126.54,126.86,9769178
2017-09-18,1505741400,126.5,126.57,125.84,126.13,6862991
2017-09-19,1505827800,126.28,126.31,125.73,125.82,5554948
2017-09-20,1505914200,125.97,126.05,125.33,125.91,8036991
2017-09-21,1506000600,126.16,126.555,125.82,125.84,6147895
2017-09-22,1506087000,126.5,126.73,126.06,126.2,5660664
2017-09-25,1506346200,126.32,127.27,126.2,126.99,9679004
2017-09-26,1506432600,126.77,126.885,126.43,126.76,7251877
2017-09-27,1506519000,124.87,125.3,124.61,124.85,12145700
2017-09-28,1506605400,124.21,124.65,123.97,124.48,8883733
2017-09-29,1506691800,124.76,125.03,124.27,124.76,11285465
2017-10-02,1506951000,124.81,125,124.24,124.28,7860723
2017-10-03,1507037400,123.92,124.51,123.915,124.4,6219818
2017-10-04,1507123800,124.53,124.59,123.88,124.41,7446965
2017-10-05,1507210200,124.27,124.3,123.69,123.94,8180271
2017-10-06,1507296600,123.29,124.1,123.03,123.59,10375026
2017-10-09,1507555800,123.78,124.06,123.64,123.98,3590926
2017-10-10,1507642200,124.14,124.87,124.02,124.18,6666768
2017-10-11,1507728600,124.57,124.66,124.26,124.42,4385859
2017-10-12,1507815000,124.55,124.98,124.24,124.95,7141586
2017-10-13,1507901400,125.58,125.94,125.165,125.85,7747000
2017-10-16,1508160600,125.53,125.9,125.38,125.76,5737322
2017-10-17,1508247000,125.39,126.09,125.39,125.92,4969626
2017-10-18,1508333400,125.05,125.18,124.68,125.09,5943823
2017-10-19,1508419800,125.74,126.01,125.27,125.31,8966467
2017-10-20,1508506200,124,124.28,123.64,123.98,12326907
2017-10-23,1508765400,124.16,124.49,124.02,124.2,6871125
2017-10-24,1508851800,123.37,123.69,123.15,123.43,6842843
2017-10-25,1508938200,122.53,122.98,122.42,122.84,9961406
2017-10-26,1509024600,123.06,123.06,122.43,122.43,8179440
2017-10-27,1509111000,122.94,123.325,122.75,123.24,10480857
2017-10-30,1509370200,123.86,124.46,123.56,124.42,9051612
2017-10-31,1509456600,124.53,124.6589,124.4,124.46,4424322
2017-11-01,1509543000,124.35,125.14,124.3,124.75,8940443
2017-11-02,1509629400,125,125.52,124.92,125.3,7222693
2017-11-03,1509715800,125.47,125.7,125.14,125.64,10984056
2017-11-06,1509978600,125.93,126.22,125.7192,126.11,6246719
2017-11-07,1510065000,126.23,126.78,126.13,126.64,6422666
2017-11-08,1510151400,126.59,126.8,126.21,126.36,3356399
2017-11-09,1510237800,125.87,126.24,125.55,126,6280364
2017-11-10,1510324200,124.71,124.84,123.96,124.1,11980950
2017-11-13,1510583400,124.8,124.81,124.31,124.36,5880784
2017-11-14,1510669800,124.77,125.24,124.77,125.2,6195891
2017-11-15,1510756200,126.06,126.665,125.64,126.56,9568163
2017-11-16,1510842600,126.01,126.33,125.445,125.46,5894944
2017-11-17,1510929000,126.07,126.44,125.96,126.39,6938792
2017-11-20,1511188200,125.91,126.38,125.91,126.34,4232349
2017-11-21,1511274600,127.09,127.29,126.31,126.74,5818422
2017-11-22,1511361000,126.62,127.2048,126.51,127.15,4140708
2017-11-24,1511533800,126.93,127.03,126.69,126.8,3141288
2017-11-27,1511793000,126.86,127.05,126.42,126.62,6079853
2017-11-28,1511879400,126.77,127.18,126.47,126.79,5983021
2017-11-29,1511965800,125.56,125.68,125.1031,125.54,14547146
2017-11-30,1512052200,125.31,125.52,124.4399,125.12,9630008
2017-12-01,1512138600,125.87,127.69,125.1,126.55,24583127
2017-12-04,1512397800,125.92,126.67,125.81,126.61,9609316
2017-12-05,1512484200,126.47,127.5,126.45,127.24,10958930
2017-12-06,1512570600,127.87,128.23,127.655,127.68,11834449
2017-12-07,1512657000,127.93,128.1,126.3,126.68,13056807
2017-12-08,1512743400,126.59,126.74,126.235,126.69,4786306
2017-12-11,1513002600,126.86,127.085,126.41,126.43,3863802
2017-12-12,1513089000,126.17,126.41,125.67,126.38,7502439
2017-12-13,1513175400,126.81,127.39,126.59,127.33,8532859
2017-12-14,1513261800,127.05,127.98,126.7866,127.87,6884986
2017-12-15,1513348200,127.81,128.585,127.56,128.35,7239398
2017-12-18,1513607400,127.97,128,126.91,127.18,7239706
2017-12-19,1513693800,126.32,126.38,125.07,125.53,11045782
2017-12-20,1513780200,124.31,124.71,123.95,124.14,10005783
2017-12-21,1513866600,124.03,124.86,124,124.6,7026878
2017-12-22,1513953000,124.7,124.84,124.53,124.77,3974571
2017-12-26,1514298600,124.98,125.53,124.97,125.14,3168442
2017-12-27,1514385000,125.71,126.9805,125.7,126.77,9059659
2017-12-28,1514471400,126.53,126.83,126.37,126.66,5297264
2017-12-29,1514557800,126.5,127.12,126.475,126.86,7580515
2018-01-02,1514903400,126.49,126.51,125.07,125.49,16238206
2018-01-03,1514989800,126,126.2,125.49,126.09,8605121
2018-01-04,1515076200,125.65,126.16,125.37,126.07,9217876
2018-01-05,1515162600,125.87,126.18,125.36,125.71,10915437
2018-01-08,1515421800,125.99,126.03,125.17,125.63,8850576
2018-01-09,1515508200,124.81,124.83,123.81,123.95,16226402
2018-01-10,1515594600,122.81,123.93,122.66,123.8,14302604
2018-01-11,1515681000,123.51,124.59,123.31,124.31,12511001
2018-01-12,1515767400,124.1,124.79,123.91,124.52,9987129
2018-01-16,1516113000,125.17,125.28,124.56,125.04,9125890
2018-01-17,1516199400,125.08,125.64,124.595,124.87,8326973
2018-01-18,1516285800,123.93,124.27,123.535,123.71,10843892
2018-01-19,1516372200,123.4,123.56,122.98,123.06,11374309
2018-01-22,1516631400,123.45,123.71,122.99,123.18,8985125
2018-01-23,1516717800,123.81,124.2,123.24,123.71,12325687
2018-01-24,1516804200,122.85,123.13,122.535,123.04,9038909
2018-01-25,1516890600,123.16,124.15,122.8,124.05,12173297
2018-01-26,1516977000,123.88,123.91,123.1,123.59,6462945
2018-01-29,1517236200,122.97,122.97,122.3,122.73,12223038
2018-01-30,1517322600,122.28,122.37,121.7,122.01,12064454
2018-01-31,1517409000,122.87,122.93,121.94,122.73,18045079
2018-02-01,1517495400,122.48,122.53,120.625,120.7,18632780
2018-02-02,1517581800,120.15,120.26,119.24,119.58,23944423
2018-02-05,1517841000,119.17,121.82,118.64,120.71,28606241
2018-02-06,1517927400,120.42,120.87,119.72,119.96,10935439
2018-02-07,1518013800,120.13,120.33,118.56,118.82,16271063
2018-02-08,1518100200,118.01,119.18,117.85,118.69,15155094
2018-02-09,1518186600,118.11,119.09,117.7901,117.94,15661576
2018-02-12,1518445800,118.56,119.3,118.19,118.46,10944598
2018-02-13,1518532200,118.61,119.0101,118.39,118.99,8157569
2018-02-14,1518618600,118.46,118.54,117.47,117.67,12043313
2018-02-15,1518705000,118.19,118.7964,117.99,118.07,8222416
2018-02-16,1518791400,119.04,119.21,118.34,118.71,8454089
2018-02-20,1519137000,118.28,118.51,117.78,118.19,8268822
2018-02-21,1519223400,118.24,118.29,116.51,116.74,12054315
2018-02-22,1519309800,117.24,117.66,117,117.09,9317852
2018-02-23,1519396200,117.88,118.31,117.72,118.13,9072850
2018-02-26,1519655400,118.68,118.91,118.04,118.17,8771646
2018-02-27,1519741800,118.52,118.66,117.26,118,12525659
2018-02-28,1519828200,118.47,118.8301,118.25,118.75,9311606
2018-03-01,1519914600,118.43,119.62,118.15,119.32,12287700
2018-03-02,1520001000,118.85,118.93,118.121,118.35,10064302
2018-03-05,1520260200,118.75,118.8,117.63,118.03,5658174
2018-03-06,1520346600,118.36,118.68,118.12,118.14,5452045
2018-03-07,1520433000,118.57,118.68,117.955,118.01,4461757
2018-03-08,1520519400,118.31,118.99,118.26,118.69,7086716
2018-03-09,1520605800,117.99,118.269,117.59,117.91,6570366
2018-03-12,1520861400,118.31,118.66,118.19,118.59,5801739
2018-03-13,1520947800,118.98,119.3678,118.5,119.19,7455302
2018-03-14,1521034200,119.4,120.4,119.37,120.24,10175049
2018-03-15,1521120600,120.17,120.49,119.93,120.24,6757935
2018-03-16,1521207000,119.8,120.01,119.55,119.81,6084329
2018-03-19,1521466200,119.21,119.97,119.2,119.43,8491173
2018-03-20,1521552600,118.91,119.22,118.83,118.95,5445971
2018-03-21,1521639000,118.66,119.42,118.11,119.08,9742409
2018-03-22,1521725400,120.31,120.82,119.67,120.26,12136574
2018-03-23,1521811800,119.68,120.31,119.62,120.17,7250408
2018-03-26,1522071000,120,120.45,119.67,119.71,8237947
2018-03-27,1522157400,119.83,121.12,119.81,120.99,9168508
2018-03-28,1522243800,121.45,121.64,120.945,121.31,7412538
2018-03-29,1522330200,121.54,122.29,121.51,121.9,9694323
2018-04-02,1522675800,121.35,122.3573,121.16,121.88,12036489
2018-04-03,1522762200,121.36,121.475,120.83,120.94,9855032
2018-04-04,1522848600,121.35,121.46,120.6,120.69,6654312
2018-04-05,1522935000,120.1,120.27,119.77,119.79,7603733
2018-04-06,1523021400,120.66,121.15,120.2199,121.1,8831225
2018-04-09,1523280600,120.64,121.3,120.35,121.3,6307525
2018-04-10,1523367000,121.2,121.38,120.78,121.08,6048601
2018-04-11,1523453400,121.85,121.89,121.27,121.51,5901296
2018-04-12,1523539800,121.04,121.07,120.41,120.62,6622829
2018-04-13,1523626200,120.52,121.13,120.5,120.9,4963954
2018-04-16,1523885400,120.23,120.97,120.18,120.94,4491254
2018-04-17,1523971800,120.92,121.58,120.82,121.27,5590360
2018-04-18,1524058200,121.29,121.34,120.28,120.3,8138401
2018-04-19,1524144600,119.42,119.53,118.81,119.32,9875870
2018-04-20,1524231000,118.89,119.13,118.4314,118.46,7579370
2018-04-23,1524490200,118.33,118.62,118.08,118.49,7073216
2018-04-24,1524576600,118.21,118.45,117.7608,117.95,8190786
2018-04-25,1524663000,117.41,117.65,116.94,117.16,6603780
2018-04-26,1524749400,117.73,118.13,117.59,117.98,6528572
2018-04-27,1524835800,118.47,118.95,118.44,118.89,5402102
2018-04-30,1525095000,119.08,119.56,118.94,119.1,8321071
2018-05-01,1525181400,118.77,118.84,118.23,118.41,7979321
2018-05-02,1525267800,118.64,118.8692,118.2599,118.28,4644051
2018-05-03,1525354200,118.84,119.31,118.68,118.81,6345335
2018-05-04,1525440600,119.23,119.23,118.49,118.99,4283487
2018-05-07,1525699800,118.97,119.0152,118.735,118.8,3647906
2018-05-08,1525786200,118.55,119,118.3,118.69,6091243
2018-05-09,1525872600,118.12,118.42,117.98,117.98,7832538
2018-05-10,1525959000,118.55,118.98,118.35,118.93,7101525
2018-05-11,1526045400,119.32,119.36,118.82,119.23,4273364
2018-05-14,1526304600,118.8,118.99,118.59,118.6,4996183
2018-05-15,1526391000,117.56,117.58,116.7,117.25,12901003
2018-05-16,1526477400,117.42,117.53,116.79,116.8,6518040
2018-05-17,1526563800,116.63,116.82,116.09,116.21,7330707
2018-05-18,1526650200,116.51,117.29,116.51,117.21,9606468
2018-05-21,1526909400,117.13,117.38,116.95,117.27,4448525
2018-05-22,1526995800,117.29,117.345,116.851,117.09,4700736
2018-05-23,1527082200,117.75,118.11,117.6552,117.94,9633993
2018-05-24,1527168600,118.69,119.055,118.6408,118.88,8204131
2018-05-25,1527255000,119.56,119.84,119.465,119.62,8482823
2018-05-29,1527600600,120.79,122.52,120.4261,122.24,21668143
2018-05-30,1527687000,121,121.4799,120.74,121.42,11616340
2018-05-31,1527773400,121.56,121.98,120.95,121.22,10769941
2018-06-01,1527859800,120.17,120.705,119.85,120.3,8718753
2018-06-04,1528119000,120.11,120.14,119.37,119.43,7156542
2018-06-05,1528205400,119.96,120.16,119.62,119.71,5635865
2018-06-06,1528291800,119.08,119.1,118.42,118.74,7813347
2018-06-07,1528378200,118.69,120.49,118.68,119.89,13238306
2018-06-08,1528464600,119.56,119.85,119.44,119.53,6790574
2018-06-11,1528723800,119.07,119.391,118.94,119.31,6844224
2018-06-12,1528810200,118.93,119.46,118.89,119.34,6048154
2018-06-13,1528896600,119.45,119.64,118.63,119.28,8834656
2018-06-14,1528983000,119.78,120.3,119.48,120.27,10078771
2018-06-15,1529069400,120.83,121.09,120.3,120.38,7992758
2018-06-18,1529328600,120.48,120.56,120.04,120.27,4893710
2018-06-19,1529415000,120.97,121.23,120.7,120.97,6133301
2018-06-20,1529501400,120.77,120.788,119.9,119.91,6879114
2018-06-21,1529587800,120.36,120.75,120.22,120.54,7235850
2018-06-22,1529674200,120.09,120.62,120.06,120.53,4082473
2018-06-25,1529933400,120.66,121.11,120.64,120.8,8363674
2018-06-26,1530019800,120.77,121.0299,120.66,120.97,5450031
2018-06-27,1530106200,121.75,122.18,121.55,122.11,8173837
2018-06-28,1530192600,122.13,122.2452,121.83,122.14,7109543
2018-06-29,1530279000,122.17,122.5,121.65,121.72,11164777
2018-07-02,1530538200,121.74,121.75,121.2901,121.35,9661972
2018-07-03,1530624600,121.53,122.03,121.53,122,3808806
2018-07-05,1530797400,122.06,122.53,122.01,122.35,3860359
2018-07-06,1530883800,122.75,122.92,122.48,122.75,4679906
2018-07-09,1531143000,122.07,122.21,121.9,121.96,5952743
2018-07-10,1531229400,121.87,122.13,121.81,121.95,5759682
2018-07-11,1531315800,122.45,122.55,122.09,122.42,6869150
2018-07-12,1531402200,122.17,122.47,122.14,122.41,4824734
2018-07-13,1531488600,122.61,122.87,122.47,122.72,4078970
2018-07-16,1531747800,122.21,122.285,121.639,122.21,5517099
2018-07-17,1531834200,122.29,122.39,121.9,121.98,3764341
2018-07-18,1531920600,122.02,122.04,121.39,121.49,6329961
2018-07-19,1532007000,121.8,122.45,121.77,122.26,6166739
2018-07-20,1532093400,121.58,121.59,120.7,120.76,10469693
2018-07-23,1532352600,120.38,120.38,119.18,119.27,11571846
2018-07-24,1532439000,119.28,119.815,119.14,119.68,9053492
2018-07-25,1532525400,120.02,120.26,119.26,119.49,7357068
2018-07-26,1532611800,119.71,119.88,119.16,119.26,6821057
2018-07-27,1532698200,119.85,119.87,119.4,119.46,4542059
2018-07-30,1532957400,118.99,119.405,118.97,119.05,7111165
2018-07-31,1533043800,119.79,119.86,119.555,119.7,6797432
2018-08-01,1533130200,118.285,118.835,118.07,118.46,13312687
2018-08-02,1533216600,118.62,118.74,118.3,118.63,4451078
2018-08-03,1533303000,118.83,119.29,118.81,119.22,6162443
2018-08-06,1533562200,119.54,119.84,119.27,119.29,4200296
2018-08-07,1533648600,119.03,119.1,118.57,118.67,5346872
2018-08-08,1533735000,118.66,119.025,118.61,118.79,5641629
2018-08-09,1533821400,119.23,119.83,119.12,119.79,7144257
2018-08-10,1533907800,120.37,121.05,120.28,120.66,8457940
2018-08-13,1534167000,120.25,120.7,120.21,120.41,7923199
2018-08-14,1534253400,120.54,120.56,120.03,120.14,4251313
2018-08-15,1534339800,120.66,121.13,120.57,120.84,7649988
2018-08-16,1534426200,120.81,120.93,120.28,120.83,5400385
2018-08-17,1534512600,121.09,121.3858,120.75,120.98,3537626
2018-08-20,1534771800,121.64,121.91,121.535,121.79,5604121
2018-08-21,1534858200,121.37,121.53,121.065,121.38,4695004
2018-08-22,1534944600,122,122.0535,121.58,121.86,5309599
2018-08-23,1535031000,122,122.13,121.78,122.05,5329024
2018-08-24,1535117400,121.62,122.33,121.49,122.29,6092150
2018-08-27,1535376600,121.78,121.87,121.52,121.59,6407403
2018-08-28,1535463000,121,121.09,120.6812,120.86,4929337
2018-08-29,1535549400,120.94,121.145,120.615,121.02,5613329
2018-08-30,1535635800,121.31,121.46,121.08,121.28,5302865
2018-08-31,1535722200,121.89,121.92,120.89,120.995,9677540
2018-09-04,1536067800,119.96,120.095,119.75,120.03,18343553
2018-09-05,1536154200,119.76,119.9,119.5464,119.71,9422630
2018-09-06,1536240600,119.76,120.4,119.6947,120.15,9566047
2018-09-07,1536327000,119.33,119.4,118.99,119.13,11212607
2018-09-10,1536586200,119.17,119.6,119.17,119.57,6386352
2018-09-11,1536672600,119.08,119.17,118.6,118.66,5440021
2018-09-12,1536759000,119.05,119.17,118.9,118.94,3347210
2018-09-13,1536845400,119.34,119.57,118.98,119.12,4833033
2018-09-14,1536931800,118.41,118.91,118.2999,118.55,5579455
2018-09-17,1537191000,118.18,118.82,118.12,118.55,5432961
2018-09-18,1537277400,118.06,118.065,117.16,117.31,10182303
2018-09-19,1537363800,117.105,117.11,116.19,116.61,13379645
2018-09-20,1537450200,116.58,117.3,116.47,117.15,8657325
2018-09-21,1537536600,116.87,117.275,116.84,117.1,6173846
2018-09-24,1537795800,116.74,117.27,116.72,116.8,5505769
2018-09-25,1537882200,116.48,116.74,116.4,116.68,6650853
2018-09-26,1537968600,116.93,117.58,116.66,117.5,9512864
2018-09-27,1538055000,117.24,117.65,117.1,117.58,5758577
2018-09-28,1538141400,117.85,117.91,117.22,117.27,12807703
2018-10-01,1538400600,116.66,116.83,116.12,116.15,22442374
2018-10-02,1538487000,116.67,117.13,116.6,116.86,8266949
2018-10-03,1538573400,116.27,116.36,114.24,114.83,20829180
2018-10-04,1538659800,114.13,114.39,113.71,114.02,16207617
2018-10-05,1538746200,113.39,113.72,112.62,113.04,18096505
2018-10-08,1539005400,112.99,113.11,112.64,112.66,5855890
2018-10-09,1539091800,113.14,113.85,113.07,113.8,11530860
2018-10-10,1539178200,113.14,113.575,112.785,113.49,15290066
2018-10-11,1539264600,114,115.15,113.79,114.87,16087021
2018-10-12,1539351000,114.39,115.01,114.28,114.47,6794138
2018-10-15,1539610200,114.66,114.8168,114.29,114.42,7146281
2018-10-16,1539696600,114.39,114.72,114.16,114.68,4762322
2018-10-17,1539783000,114.66,114.785,113.98,114,5880696
2018-10-18,1539869400,113.62,114.39,113.55,113.96,5728828
2018-10-19,1539955800,113.85,113.95,113.4103,113.71,10892437
2018-10-22,1540215000,113.95,114.08,113.53,113.56,3244179
2018-10-23,1540301400,114.76,115.02,113.84,113.92,10330735
2018-10-24,1540387800,114.36,114.82,114.24,114.78,16008012
2018-10-25,1540474200,114.54,114.74,114.23,114.3,12613470
2018-10-26,1540560600,114.93,115.32,114.79,114.99,18582470
2018-10-29,1540819800,114.84,115.02,114.26,114.73,7679887
2018-10-30,1540906200,114.26,114.54,114.02,114.16,9939616
2018-10-31,1540992600,113.74,113.96,113.21,113.58,8706583
2018-11-01,1541079000,112.85,113.56,112.8399,113.41,6100276
2018-11-02,1541165400,113.17,113.26,111.9,112,11315059
2018-11-05,1541428200,112.48,112.71,112.35,112.44,4760223
2018-11-06,1541514600,112.6,112.73,112.3333,112.37,3159875
2018-11-07,1541601000,113.19,113.4,112.409,112.52,9313311
2018-11-08,1541687400,112.96,112.97,112.41,112.51,6905193
2018-11-09,1541773800,112.75,113.4967,112.72,113.35,6465323
2018-11-12,1542033000,113.95,114.31,113.91,114.09,6840265
2018-11-13,1542119400,113.71,114.02,113.4845,114.02,6525830
2018-11-14,1542205800,113.48,114.52,113.3,114.09,8690822
2018-11-15,1542292200,114.44,114.54,113.68,114.04,7879799
2018-11-16,1542378600,114.2,114.81,113.92,114.7,9236764
2018-11-19,1542637800,114.41,115.02,114.41,115.02,7027204
2018-11-20,1542724200,115.24,115.46,114.93,115.06,6332804
2018-11-21,1542810600,114.89,115.09,114.54,115.02,4951058
2018-11-23,1542983400,115.67,115.76,115.09,115.14,3027861
2018-11-26,1543242600,114.86,115.06,114.78,114.88,6599041
2018-11-27,1543329000,114.81,115.25,114.76,115.01,5967245
2018-11-28,1543415400,114.85,115.02,114.36,114.45,7814288
2018-11-29,1543501800,114.92,115.25,114.59,114.9,7295627
2018-11-30,1543588200,115.31,115.42,114.98,115.33,9126693
2018-12-03,1543847400,114.68,115.88,114.66,115.88,9763851
2018-12-04,1543933800,116.81,118.67,116.625,117.82,18100549
2018-12-06,1544106600,118.54,119.2,118.13,118.19,15319440
2018-12-07,1544193000,117.81,118.53,117.52,118.41,8608467
2018-12-10,1544452200,118.87,119.28,118.44,118.9,8777672
2018-12-11,1544538600,118.97,119.38,118.61,118.88,8071952
2018-12-12,1544625000,118.58,118.72,118.24,118.35,6182206
2018-12-13,1544711400,118.46,118.58,117.98,118.07,5564328
2018-12-14,1544797800,118.55,118.77,118.22,118.48,8169221
2018-12-17,1545057000,118.59,119.3,118.58,119.17,9726781
2018-12-18,1545143400,119.07,119.785,118.94,119.6,10019103
2018-12-19,1545229800,120.11,121.66,119.92,121.18,23046272
2018-12-20,1545316200,122.01,122.03,120.67,120.74,18543731
2018-12-21,1545402600,121.14,121.21,120.39,120.72,9945103
2018-12-24,1545661800,121.13,121.42,120.91,121.32,8377482
2018-12-26,1545834600,120.99,121.39,119.97,120.02,11700412
2018-12-27,1545921000,121.26,121.38,119.98,120.04,12146772
2018-12-28,1546007400,120.4,121.05,120.29,121.05,9879116
2018-12-31,1546266600,120.65,121.56,120.46,121.51,17408971
2019-01-02,1546439400,121.66,122.16,121.3401,122.15,19841527
2019-01-03,1546525800,122.29,123.86,122.2267,123.54,21187045
2019-01-04,1546612200,122.34,122.56,121.65,122.11,12970226
2019-01-07,1546871400,122.62,122.65,121.62,121.75,8498104
2019-01-08,1546957800,121.69,121.94,121.39,121.43,7737103
2019-01-09,1547044200,121.26,121.43,120.795,121.24,9349245
2019-01-10,1547130600,121.28,121.41,120.34,120.46,8222860
2019-01-11,1547217000,120.83,121.27,120.68,120.93,5786934
2019-01-14,1547476200,120.9,121.01,120.2416,120.48,6730681
2019-01-15,1547562600,120.56,120.57,119.95,120.04,8997352
2019-01-16,1547649000,119.59,120.39,119.51,120.16,6048446
2019-01-17,1547735400,120.22,120.53,119.89,120.19,8153350
2019-01-18,1547821800,119.84,120.12,119.385,119.56,14106447
2019-01-22,1548167400,120.31,120.72,120.07,120.37,8881133
2019-01-23,1548253800,119.88,120.62,119.83,120.32,5776907
2019-01-24,1548340200,120.91,121.26,120.71,121.11,7121480
2019-01-25,1548426600,120.59,120.75,120.32,120.53,6460820
2019-01-28,1548685800,120.54,120.94,120.41,120.41,6435820
2019-01-29,1548772200,120.53,121.04,120.39,121.02,5750177
2019-01-30,1548858600,120.84,120.98,120.33,120.93,10571325
2019-01-31,1548945000,121.55,122.18,121.5,121.97,11843413
2019-02-01,1549031400,121.48,121.57,120.8446,120.96,12024576
2019-02-04,1549290600,120.44,120.55,120.02,120.42,8966375
2019-02-05,1549377000,120.73,121.23,120.66,120.97,6983255
2019-02-06,1549463400,121.36,121.41,120.73,121.03,5184018
2019-02-07,1549549800,121.46,121.91,121.23,121.83,8781040
2019-02-08,1549636200,122.26,122.47,122.07,122.35,5885427
2019-02-11,1549895400,121.86,122.18,121.75,121.87,4353004
2019-02-12,1549981800,121.66,121.75,121.2,121.555,7939591
2019-02-13,1550068200,121.15,121.39,120.91,121.1,4757681
2019-02-14,1550154600,122.14,122.2,121.58,121.79,5868918
2019-02-15,1550241000,121.56,122.02,121.54,121.98,5527244
2019-02-19,1550586600,122.42,122.54,121.95,122.29,5872819
2019-02-20,1550673000,121.95,122.08,121.59,121.94,4455832
2019-02-21,1550759400,121.07,121.16,120.7,120.85,7382942
2019-02-22,1550845800,121.47,121.945,121.42,121.57,6374560
2019-02-25,1551105000,121.17,121.3,120.92,121.21,6293534
2019-02-26,1551191400,121.73,121.82,121.36,121.81,6028892
2019-02-27,1551277800,121.12,121.13,120.2799,120.43,7737411
2019-02-28,1551364200,120.56,120.62,119.71,120.02,9533457
2019-03-01,1551450600,119.33,119.53,118.64,118.66,13541090
2019-03-04,1551709800,119.29,119.77,119.06,119.59,9808468
2019-03-05,1551796200,119.28,119.87,119.27,119.84,5595345
2019-03-06,1551882600,119.92,120.52,119.89,120.28,7766707
2019-03-07,1551969000,120.64,121.26,120.61,121.06,8187227
2019-03-08,1552055400,121.12,121.69,120.845,121.57,7517600
2019-03-11,1552311000,121.4,121.42,120.98,121.21,5158011
2019-03-12,1552397400,121.3,122.23,121.255,122.06,6422386
2019-03-13,1552483800,121.66,121.96,121.62,121.83,4386732
2019-03-14,1552570200,121.69,121.76,120.92,120.95,8188564
2019-03-15,1552656600,121.74,121.95,121.4,121.75,4302045
2019-03-18,1552915800,121.57,121.87,121.5169,121.68,3893364
2019-03-19,1553002200,121.09,121.615,120.89,121.41,5220325
2019-03-20,1553088600,121.74,122.85,121.73,122.68,10123663
2019-03-21,1553175000,122.96,123.09,122.74,122.95,7182572
2019-03-22,1553261400,124.21,125.28,124.06,124.86,13077043
2019-03-25,1553520600,124.81,125.94,124.5099,125.06,9736593
2019-03-26,1553607000,124.7,125.29,124.62,124.97,7502260
2019-03-27,1553693400,125.42,126.34,125.31,126.12,14207179
2019-03-28,1553779800,126.25,126.69,126.01,126.56,9143238
2019-03-29,1553866200,125.68,126.47,125.64,126.44,10841631
2019-04-01,1554125400,125.29,125.3565,124.19,124.37,16501475
2019-04-02,1554211800,124.48,124.7369,124.245,124.6,9725032
2019-04-03,1554298200,123.61,123.87,123.37,123.52,10407417
2019-04-04,1554384600,123.6,123.89,123.44,123.87,7503361
2019-04-05,1554471000,123.62,124.17,123.58,124.03,6322026
2019-04-08,1554730200,123.83,123.95,123.52,123.59,4446429
2019-04-09,1554816600,124.22,124.335,123.77,123.98,7020320
2019-04-10,1554903000,124.27,124.52,124.1,124.28,7519916
2019-04-11,1554989400,123.93,124.02,123.41,123.55,8679319
2019-04-12,1555075800,122.89,123.06,122.63,122.67,7005541
2019-04-15,1555335000,122.775,122.99,122.72,122.98,3070036
2019-04-16,1555421400,122.51,122.63,122.14,122.21,8927558
2019-04-17,1555507800,122.13,122.5701,122.11,122.26,6118702
2019-04-18,1555594200,122.81,123.1,122.78,122.9,27589692
2019-04-22,1555939800,122.47,122.57,122.235,122.31,6241353
2019-04-23,1556026200,122.61,122.7,122.39,122.57,6239726
2019-04-24,1556112600,123.11,123.59,123.09,123.57,7302206
2019-04-25,1556199000,123.49,123.62,123.1,123.39,5380867
2019-04-26,1556285400,123.98,124.02,123.64,123.81,5950651
2019-04-29,1556544600,123.23,123.35,122.85,123.02,10246172
2019-04-30,1556631000,122.95,123.74,122.93,123.65,7957662
2019-05-01,1556717400,123.69,124.45,123.6,123.9,14372113
2019-05-02,1556803800,123.68,123.81,123.04,123.31,6613062
2019-05-03,1556890200,123.66,123.875,123.37,123.66,6191750
2019-05-06,1557149400,124.31,124.38,123.925,124,4482690
2019-05-07,1557235800,124.53,125.14,124.39,124.95,8984929
2019-05-08,1557322200,125.15,125.2999,124.3,124.41,6907690
2019-05-09,1557408600,125.11,125.3,124.31,124.92,9412288
2019-05-10,1557495000,124.89,125.45,124.59,124.75,6037925
2019-05-13,1557754200,125.4,125.93,125.25,125.73,10501611
2019-05-14,1557840600,125.51,125.65,125.2,125.36,5690447
2019-05-15,1557927000,126.21,126.27,125.77,126.13,9566544
2019-05-16,1558013400,125.81,125.83,125.53,125.71,7666369
2019-05-17,1558099800,126.28,126.3,125.69,125.99,4747076
2019-05-20,1558359000,126.12,126.38,125.65,125.73,6043112
2019-05-21,1558445400,125.6,125.72,125.3,125.53,4022162
2019-05-22,1558531800,125.77,126.33,125.72,126.25,5675312
2019-05-23,1558618200,126.89,128.09,126.88,127.67,9743687
2019-05-24,1558704600,127.56,127.78,127.39,127.78,4981893
2019-05-28,1559050200,128.27,128.9,128.085,128.79,8098871
2019-05-29,1559136600,129.67,129.9,129,129.09,13260571
2019-05-30,1559223000,129.33,130.23,128.8852,130.2,13024761
2019-05-31,1559309400,130.9,131.9,130.81,131.83,18933634
2019-06-03,1559568600,131.91,132.58,131.55,132.44,17822448
2019-06-04,1559655000,131.39,131.76,130.55,130.93,14250018
2019-06-05,1559741400,130.52,130.95,130.12,130.19,8815195
2019-06-06,1559827800,130.97,131.59,130.32,130.61,9621094
2019-06-07,1559914200,131.79,132.07,131.438,131.74,11378665
2019-06-10,1560173400,130.68,130.704,130.32,130.5,8289092
2019-06-11,1560259800,130.42,130.76,130.32,130.58,5115128
2019-06-12,1560346200,130.39,130.75,130.3,130.68,5278799
2019-06-13,1560432600,130.8,131.25,130.79,131.13,5560844
2019-06-14,1560519000,131.1,131.71,131.09,131.46,5838794
2019-06-17,1560778200,131.39,131.76,131.13,131.69,6046416
2019-06-18,1560864600,132.74,132.86,131.945,132.35,10320696
2019-06-19,1560951000,131.86,132.72,131.58,132.54,11962501
2019-06-20,1561037400,132.91,133.505,132.59,132.89,10721526
2019-06-21,1561123800,132.51,132.53,131.375,131.43,14495149
2019-06-24,1561383000,132.16,132.53,132.079,132.41,6378869
2019-06-25,1561469400,132.79,133.09,132.72,132.82,9604623
2019-06-26,1561555800,132.68,132.7,131.88,131.97,12766810
2019-06-27,1561642200,132.31,133.09,131.99,132.9,9724166
2019-06-28,1561728600,132.58,133.08,132.4458,132.81,8149205
2019-07-01,1561987800,132.57,132.75,131.591,132.24,14141551
2019-07-02,1562074200,132.57,133.39,132.46,133.26,10495462
2019-07-03,1562160600,133.52,134.29,133.51,134.21,5380269
2019-07-05,1562333400,132.54,132.55,131.67,132.43,12180126
2019-07-08,1562592600,133.05,133.22,132.61,132.61,6489997
2019-07-09,1562679000,132.68,132.71,132.16,132.56,6216115
2019-07-10,1562765400,132.35,132.435,131.51,131.83,9470193
2019-07-11,1562851800,131.31,131.41,129.76,130.07,14126804
2019-07-12,1562938200,129.92,130.45,129.68,130.22,6992095
2019-07-15,1563197400,130.45,131.05,130.45,130.97,6055917
2019-07-16,1563283800,130.17,130.6,129.955,130.58,6172721
2019-07-17,1563370200,131.06,132.0184,131.05,131.99,9662156
2019-07-18,1563456600,131.47,132.32,131.24,132,5725713
2019-07-19,1563543000,131.59,131.93,131.505,131.69,5804843
2019-07-22,1563802200,132.47,132.49,131.7439,131.94,5204504
2019-07-23,1563888600,131.6,131.74,130.965,131.22,8108940
2019-07-24,1563975000,131.6,131.897,131.465,131.79,6389664
2019-07-25,1564061400,131.25,131.41,130.51,131.16,8893057
2019-07-26,1564147800,131.7,131.78,131.25,131.47,6188692
2019-07-29,1564407000,131.82,131.9499,131.395,131.51,6231836
2019-07-30,1564493400,132,132.1,131.43,131.83,5678475
2019-07-31,1564579800,131.7,133.33,131.66,132.89,15798745
2019-08-01,1564666200,133.39,135.39,133.26,135.26,26665016
2019-08-02,1564752600,135.66,136.51,135.4,136.51,15143050
2019-08-05,1565011800,138.14,138.89,137.66,138.87,18542993
2019-08-06,1565098200,138.2,139.98,138.085,139.98,12747356
2019-08-07,1565184600,142.4,143.06,139.78,140.03,32582045
2019-08-08,1565271000,139.14,140.43,137.98,140.33,14745985
2019-08-09,1565357400,140.67,141.55,139.87,140.05,10625972
2019-08-12,1565616600,141.72,143.43,141.5115,142.97,14094307
2019-08-13,1565703000,143.81,143.9116,141.95,142.48,16099485
2019-08-14,1565789400,145.16,145.7261,144.71,145.69,15068949
2019-08-15,1565875800,145.95,148.6,145.58,147.31,23732522
2019-08-16,1565962200,146.06,146.51,144.84,146.13,17649776
2019-08-19,1566221400,143.57,144.66,143.515,144.04,13615286
2019-08-20,1566307800,145.28,145.6225,144.84,145.53,7451608
2019-08-21,1566394200,144.72,145.79,144.285,144.56,9372115
2019-08-22,1566480600,144,144.7,143.48,143.6,13880305
2019-08-23,1566567000,143.52,146.27,143.43,145.96,16194116
2019-08-26,1566826200,145.87,146.29,145.29,145.37,12174799
2019-08-27,1566912600,146.63,147.72,146.48,147.61,11332754
2019-08-28,1566999000,148.78,148.9,147.66,147.8,10097776
2019-08-29,1567085400,147.25,147.34,146.13,147.24,8884955
2019-08-30,1567171800,146.61,147.48,146.36,147.28,13550909
2019-09-03,1567517400,147.09,148.67,146.57,147.21,15662954
2019-09-04,1567603800,146.53,147.62,146.48,147.43,7962232
2019-09-05,1567690200,145.66,145.8,143.89,144.76,19386357
2019-09-06,1567776600,145.26,146.03,145.08,145.79,9466371
2019-09-09,1568035800,143.83,144,143.19,143.2,15862660
2019-09-10,1568122200,142.84,143.29,140.66,140.69,13851422
2019-09-11,1568208600,140.4,141.15,140.39,140.44,10941748
2019-09-12,1568295000,141.5,141.8,139.0647,139.52,19163308
2019-09-13,1568381400,138.28,138.71,136.54,136.54,18922161
2019-09-16,1568640600,137.88,138.57,137.2544,138.28,10971572
2019-09-17,1568727000,138.36,139.6,138.02,139.03,9287893
2019-09-18,1568813400,139.93,140.66,139.53,139.62,11106841
2019-09-19,1568899800,140.76,140.99,139.97,140.04,13434396
2019-09-20,1568986200,140.77,141.98,140.44,141.89,13377236
2019-09-23,1569245400,142.24,143.155,141.7,141.86,15402596
2019-09-24,1569331800,142.42,143.845,142.41,143.57,12947855
2019-09-25,1569418200,143.26,143.55,141.14,141.47,14520656
2019-09-26,1569504600,142.27,142.99,141.895,142.38,10775214
2019-09-27,1569591000,142.32,142.975,142.14,142.73,10387398
2019-09-30,1569850200,141.88,143.09,141.84,143.08,8410379
2019-10-01,1569936600,141.26,143.91,141.14,143.26,16869140
2019-10-02,1570023000,143.46,144.27,143.24,143.61,12896884
2019-10-03,1570109400,143.98,145.67,143.92,144.92,13526957
2019-10-04,1570195800,145.35,146.03,145.2,145.99,11936986
2019-10-07,1570455000,145.16,145.53,144.71,144.78,11751551
2019-10-08,1570541400,145.82,145.93,144.62,145.17,14540249
2019-10-09,1570627800,144.6,144.61,143.8,144.35,8933140
2019-10-10,1570714200,143.12,143.18,141.73,142.2,15057081
2019-10-11,1570800600,140.98,141.1,139.71,140.44,28513340
2019-10-14,1571059800,141.48,141.505,141.08,141.46,5937726
2019-10-15,1571146200,140.67,140.945,139.55,139.75,12663622
2019-10-16,1571232600,139.64,140.06,139.35,139.92,8645282
2019-10-17,1571319000,139.52,140.38,139.2967,139.58,6558397
2019-10-18,1571405400,139.81,140.23,139.45,139.58,6456407
2019-10-21,1571664600,138.57,138.99,138.225,138.53,8189288
2019-10-22,1571751000,139.38,139.529,138.635,139.34,6690041
2019-10-23,1571837400,140.03,140.3138,139.36,139.48,5999896
2019-10-24,1571923800,139.68,140.24,139.03,139.2,6830080
2019-10-25,1572010200,139.53,139.55,138.31,138.52,5669966
2019-10-28,1572269400,137.58,137.58,136.99,137.26,11402050
2019-10-29,1572355800,137.62,137.74,137.17,137.35,5296576
2019-10-30,1572442200,137.77,139.45,137.77,139.36,10914151
2019-10-31,1572528600,140.48,141.677,140.43,141.24,15835800
2019-11-01,1572615000,140.73,141.27,139.79,140.56,11425486
2019-11-04,1572877800,138.97,139.14,138.53,138.71,11134604
2019-11-05,1572964200,137.22,137.44,136.73,137.15,13496331
2019-11-06,1573050600,138.02,138.41,137.34,137.98,9353012
2019-11-07,1573137000,136.35,136.36,134.45,135.48,19214106
2019-11-08,1573223400,135.15,135.95,134.78,134.91,10227217
2019-11-11,1573482600,135.38,135.39,134.64,135,4578098
2019-11-12,1573569000,135.28,135.9499,134.788,135.62,5773630
2019-11-13,1573655400,136.81,136.96,136.165,136.5,6751842
2019-11-14,1573741800,137.8,138.44,137.67,137.91,10272804
2019-11-15,1573828200,137.48,138.16,137.43,137.76,4657758
2019-11-18,1574087400,138.21,138.61,137.93,138.01,5944030
2019-11-19,1574173800,138.37,139.24,138.37,139.16,7893300
2019-11-20,1574260200,139.91,140.6,139.77,140.6,7909901
2019-11-21,1574346600,139.64,140.08,139.12,139.72,5981899
2019-11-22,1574433000,140.1,140.28,139.68,139.9,4666026
2019-11-25,1574692200,140.3,140.53,140.18,140.31,4157476
2019-11-26,1574778600,141,141.31,140.94,141.13,4281650
2019-11-27,1574865000,140.6,140.91,140.42,140.72,4096955
2019-11-29,1575037800,140.62,140.68,139.78,140.42,6251071
2019-12-02,1575297000,138.14,138.67,137.95,138.31,17705004
2019-12-03,1575383400,140.04,141.77,139.93,141.21,13323804
2019-12-04,1575469800,140.34,140.5,139.21,139.8,8588810
2019-12-05,1575556200,138.66,139.44,138.6,139.12,7274024
2019-12-06,1575642600,138.03,139.12,137.86,138.35,7931904
2019-12-09,1575901800,138.99,139.11,138.57,138.65,4155592
2019-12-10,1575988200,139.18,139.35,138.41,138.66,4947745
2019-12-11,1576074600,139.3,140.14,139.23,139.75,6257375
2019-12-12,1576161000,139.19,139.2846,136.61,137.45,14868125
2019-12-13,1576247400,138.12,139.61,137.23,139.04,11335349
2019-12-16,1576506600,138.4,138.46,137.43,137.79,9160997
2019-12-17,1576593000,138.21,138.34,137.21,137.6,6179893
2019-12-18,1576679400,137.3,137.45,136.28,136.47,6244828
2019-12-19,1576765800,136,136.86,135.7601,136.47,6591083
2019-12-20,1576852200,136.13,136.69,135.93,136.65,5455919
2019-12-23,1577111400,136.81,136.9687,136,136.45,5175177
2019-12-24,1577197800,135.92,137.06,135.89,136.84,4667428
2019-12-26,1577370600,136.91,137.22,136.51,137.17,5290981
2019-12-27,1577457000,137.44,137.63,137.29,137.32,7300695
2019-12-30,1577716200,135.89,136.9,135.66,136.82,7979841
2019-12-31,1577802600,136.21,136.46,135.38,135.48,10707518
2020-01-02,1577975400,136.79,137.53,136.665,137.015,11034459
2020-01-03,1578061800,138.27,139.16,137.88,139.12,12366830
2020-01-06,1578321000,139.69,139.71,138.15,138.33,11370199
2020-01-07,1578407400,138.22,138.47,137.64,137.645,8456431
2020-01-08,1578493800,137.93,138.31,136.32,136.74,10626391
2020-01-09,1578580200,136,137.435,135.905,137.22,7412990
2020-01-10,1578666600,137.67,138.47,137.6299,138.44,8776937
2020-01-13,1578925800,137.88,138.09,137.39,138.02,5967295
2020-01-14,1579012200,138.18,138.82,138.135,138.73,13921031
2020-01-15,1579098600,139.52,139.76,139.02,139.65,6290520
2020-01-16,1579185000,139.26,139.53,138.74,139.21,6798593
2020-01-17,1579271400,137.58,138.14,137.36,138.02,9693280
2020-01-21,1579617000,138.81,139.65,138.77,139.47,6794885
2020-01-22,1579703400,139.72,140.14,139.59,139.96,6317029
2020-01-23,1579789800,140.845,141.38,140.78,140.94,9747418
2020-01-24,1579876200,141.42,142.55,141.3,142.08,8584952
2020-01-27,1580135400,143.95,144.29,143.5004,144.29,10935243
2020-01-28,1580221800,143.925,144.085,142.82,143.16,10612917
2020-01-29,1580308200,143.44,144.7,143.43,144.56,9567654
2020-01-30,1580394600,144.9,145.67,144.29,144.58,14711787
2020-01-31,1580481000,145.17,145.99,145.09,145.9,14538096
2020-02-03,1580740200,144.945,145.755,144.12,145.54,15310744
2020-02-04,1580826600,143.99,144.14,143.06,143.58,11388275
2020-02-05,1580913000,142.3,142.7,141.9,142.01,10782161
2020-02-06,1580999400,142.18,142.88,142,142.65,6683128
2020-02-07,1581085800,144.22,144.74,143.87,144.43,11374834
2020-02-10,1581345000,145.1,145.25,144.68,144.83,6699265
2020-02-11,1581431400,144.59,144.72,143.94,144.1,7784102
2020-02-12,1581517800,143.37,143.55,142.99,143.37,5595525
2020-02-13,1581604200,143.44,144.2,143.27,143.92,7883440
2020-02-14,1581690600,144.76,145.08,144.45,144.55,7137363
2020-02-18,1582036200,145.34,146.05,144.92,145.54,6912053
2020-02-19,1582122600,145.12,145.62,144.98,145.53,5707712
2020-02-20,1582209000,146.08,146.94,145.9985,146.67,9332916
2020-02-21,1582295400,147.8,148.88,147.65,148.04,13861573
2020-02-24,1582554600,150.83,150.96,150,150.25,15929281
2020-02-25,1582641000,150.21,151.7553,150.14,151.05,20802922
2020-02-26,1582727400,149.95,151.72,149.58,150.25,22599515
2020-02-27,1582813800,152.7,153.08,150.83,151.88,30687929
2020-02-28,1582900200,154.45,155.9799,154.16,155.31,45010774
2020-03-02,1583159400,155.3,156.5,153.76,153.94,28152383
2020-03-03,1583245800,153.81,159.7,152.36,156.33,38608024
2020-03-04,1583332200,156.41,157.35,154.19,154.67,23463690
2020-03-05,1583418600,157.13,158.82,156.81,158.52,17786220
2020-03-06,1583505000,167.3,169.33,164.11,166.77,76288337
2020-03-09,1583760600,179.1,179.7,170.34,171.29,41552819
2020-03-10,1583847000,169.635,172.93,162.03,162.51,37728253
2020-03-11,1583933400,165.43,167.03,155.63,156.53,29594066
2020-03-12,1584019800,163.51,166.36,155.66,157.5,24361836
2020-03-13,1584106200,155,158.2,152.19,153.94,19812859
2020-03-16,1584365400,160.38,166.15,157.81,163.91,30496696
2020-03-17,1584451800,163.5,165.63,152.71,152.98,18570872
2020-03-18,1584538200,152.84,154.14,139.0105,144.35,47060975
2020-03-19,1584624600,146.95,153.45,145.25,148.28,21175266
2020-03-20,1584711000,153.3,159.43,152.11,159.43,20863060
2020-03-23,1584970200,157.5,166.69,156.57,166,19971809
2020-03-24,1585056600,161.25,165.45,160.41,162.91,11948557
2020-03-25,1585143000,163.59,166.68,161.62,162.54,10750564
2020-03-26,1585229400,163.995,165.68,162.27,163.34,10576587
2020-03-27,1585315800,165.52,168.25,164.59,167.7,12550007
2020-03-30,1585575000,168.3,170.11,165.94,166.32,13473205
2020-03-31,1585661400,165.7,166.92,164.56,164.97,11464935
2020-04-01,1585747800,168.48,168.96,166.4,167.04,11334698
2020-04-02,1585834200,168.83,169.22,167.26,168.1,5771227
2020-04-03,1585920600,168.55,170.33,168.14,168.5,6570840
2020-04-06,1586179800,167,168.27,166.53,168.06,9434786
2020-04-07,1586266200,164.96,166.42,163.71,166.3,13811848
2020-04-08,1586352600,165.11,166.19,164.13,165.09,10147077
2020-04-09,1586439000,164.28,165.79,163.78,165.39,14260806
2020-04-13,1586784600,164.75,165.71,163.88,163.88,8750297
2020-04-14,1586871000,163.84,164.74,163.48,163.84,9019531
2020-04-15,1586957400,166.8,168.6,166.74,168.18,10027752
2020-04-16,1587043800,169.26,170.315,169.0156,170.09,8265414
2020-04-17,1587130200,169.82,170.84,167.27,167.81,8612119
2020-04-20,1587389400,168.44,169.29,167.96,169.16,6462639
2020-04-21,1587475800,171.93,172.15,170.78,171.29,7850725
2020-04-22,1587562200,169.97,170.39,168.705,169.54,6230495
2020-04-23,1587648600,169.87,170.93,169.605,170.44,5968584
2020-04-24,1587735000,169.61,170.84,169.57,170.84,6211804
2020-04-27,1587994200,169.66,169.75,167.44,167.66,9039484
2020-04-28,1588080600,168.55,169.85,168.45,169.59,9905415
2020-04-29,1588167000,169.53,170.26,167.96,168.71,8619566
2020-04-30,1588253400,168.74,169.23,166.71,166.74,11606074
2020-05-01,1588339800,167.5,168.11,166.44,167.95,10209421
2020-05-04,1588599000,167.56,167.68,166.48,167.16,8300923
2020-05-05,1588685400,165.57,166.27,165.27,166.09,7831916
2020-05-06,1588771800,163.23,163.64,162.05,163.41,14721518
2020-05-07,1588858200,163.56,166.37,163.34,166.14,9165455
2020-05-08,1588944600,164.49,165.4,163.68,163.98,8130474
2020-05-11,1589203800,163.66,164.22,162.095,162.7,8713747
2020-05-12,1589290200,163.16,164.93,163.13,164.37,10057348
2020-05-13,1589376600,165.09,166.29,164.8272,165.52,13305576
2020-05-14,1589463000,167.32,168.15,167.05,167.14,10080361
2020-05-15,1589549400,168.3,168.49,166.33,166.71,7225634
2020-05-18,1589808600,164.93,165.055,162.42,163.05,10073986
2020-05-19,1589895000,162.52,163.7,162.48,163.66,8639263
2020-05-20,1589981400,163.17,164.7,162.88,164.15,10927274
2020-05-21,1590067800,164.86,165.36,164.29,164.56,8920309
2020-05-22,1590154200,164.72,165.68,164.61,165.55,4956814
2020-05-26,1590499800,163.71,163.79,162.975,163.33,8098939
2020-05-27,1590586200,162.785,163.91,162.59,163.03,8047360
2020-05-28,1590672600,161.96,162.57,161.66,162.43,10276172
2020-05-29,1590759000,162.71,164.09,162.355,163.59,14662054
2020-06-01,1591018200,162.1,162.44,161.67,162.28,13353301
2020-06-02,1591104600,161.67,162.093,161.25,161.69,11517053
2020-06-03,1591191000,160.18,160.33,158.94,159.54,12255736
2020-06-04,1591277400,158.92,159.01,157.185,157.23,14038570
2020-06-05,1591363800,154.61,156.16,153.16,156.11,17778549
2020-06-08,1591623000,155.07,156.85,155.05,156.71,10346680
2020-06-09,1591709400,159.05,159.64,158.3,158.49,9095265
2020-06-10,1591795800,159.24,160.9,159.05,160.84,13135518
2020-06-11,1591882200,163.245,164.23,162.63,163.88,17086373
2020-06-12,1591968600,162.41,163.66,162.05,162.3,9716433
2020-06-15,1592227800,163.89,164.22,162.14,162.39,7760836
2020-06-16,1592314200,159.41,161.23,158.7,159.9,13701298
2020-06-17,1592400600,160.27,160.77,159.34,160.56,7113900
2020-06-18,1592487000,162.04,162.48,161.61,162.26,7691375
2020-06-19,1592573400,161,162.5,160.91,162.39,8565778
2020-06-22,1592832600,163.19,163.4184,162.07,162.41,9319961
2020-06-23,1592919000,161.48,162.06,161.12,161.3,9088580
2020-06-24,1593005400,161.53,163.09,161.52,163.03,11436501
2020-06-25,1593091800,164.21,164.35,163.4,163.5,10967984
2020-06-26,1593178200,164.25,165.32,164.18,165.25,12119310
2020-06-29,1593437400,164.85,165.27,164.38,164.73,7274571
2020-06-30,1593523800,165.23,165.29,163.48,163.93,14841678
2020-07-01,1593610200,162.81,163.56,162.15,163.42,13181262
2020-07-02,1593696600,162.7,163.74,162.24,163.59,7599940
2020-07-06,1594042200,162.33,163.02,161.75,162.92,7972668
2020-07-07,1594128600,163.42,165.34,163.2,165.21,12791945
2020-07-08,1594215000,164.32,164.92,163.83,164.55,7253883
2020-07-09,1594301400,164.66,167.45,164.6,167.17,13373095
2020-07-10,1594387800,167.95,168.21,166.16,166.33,8478375
2020-07-13,1594647000,165.5,166.96,165.23,166.88,8054011
2020-07-14,1594733400,167.93,168.14,166.98,167.12,11344635
2020-07-15,1594819800,165.92,166.945,165.8291,166.34,7840586
2020-07-16,1594906200,167.4,167.77,167.04,167.13,9107383
2020-07-17,1594992600,167.27,167.4,166.47,166.78,8550164
2020-07-20,1595251800,167.51,167.62,166.8,167.19,6907518
2020-07-21,1595338200,167.3,167.72,167.075,167.29,8455112
2020-07-22,1595424600,168.26,168.46,167.69,167.79,6592084
2020-07-23,1595511000,168.92,169.88,168.48,169.75,10471802
2020-07-24,1595597400,169.01,169.92,168.8695,169.74,7520837
2020-07-27,1595856600,170.25,170.3,168.99,169.11,6146734
2020-07-28,1595943000,169.54,170.34,169.43,170.28,8520714
2020-07-29,1596029400,170.05,170.39,168.98,169.99,6733733
2020-07-30,1596115800,171.05,171.26,170.75,171.11,9376128
2020-07-31,1596202200,170.15,171.4554,169.94,171,8886264
2020-08-03,1596461400,169.24,169.99,168.97,169.95,9067756
2020-08-04,1596547800,170.83,171.58,170.72,171.57,9878888
2020-08-05,1596634200,170.06,170.56,169.69,170.07,6954183
2020-08-06,1596720600,171.38,172.25,170.62,171.02,9481800
2020-08-07,1596807000,171.28,171.5,169.58,169.88,8176856
2020-08-10,1597066200,170.22,170.25,169.07,169.12,6408461
2020-08-11,1597152600,167.17,167.49,165.875,167.105,19234202
2020-08-12,1597239000,165.7,166.065,164.99,165.59,11745839
2020-08-13,1597325400,165.31,165.58,163.165,163.82,12744712
2020-08-14,1597411800,163.81,164.15,163.16,163.18,6398178
2020-08-17,1597671000,163.97,164.46,163.43,163.59,6901480
2020-08-18,1597757400,164.36,164.87,164.085,164.76,8140643
2020-08-19,1597843800,165.37,165.6101,163.3,163.73,12497748
2020-08-20,1597930200,165.39,165.65,164.93,165.21,10320126
2020-08-21,1598016600,165.77,166.33,165.01,166.2,6836242
2020-08-24,1598275800,166.32,166.97,165.86,165.93,6490666
2020-08-25,1598362200,164.35,165.09,163.83,164.66,10518301
2020-08-26,1598448600,164.05,164.325,163.28,164.03,8276618
2020-08-27,1598535000,164.76,164.82,161.16,161.24,19860113
2020-08-28,1598621400,161.77,162.05,160.64,161.12,8415402
2020-08-31,1598880600,161.6,163.25,161.56,162.19,11388108
2020-09-01,1598967000,161.76,164.07,161.18,163.86,10587634
2020-09-02,1599053400,163.51,165.56,163.49,165.42,15167718
2020-09-03,1599139800,165.75,167.24,165.44,165.89,16416624
2020-09-04,1599226200,164.41,164.6984,162.45,162.74,13780313
2020-09-08,1599571800,164.37,165.26,163.74,163.74,13790421
2020-09-09,1599658200,163.94,164.25,162.7582,163.3,9559005
2020-09-10,1599744600,162.46,164.35,161.95,164.13,8847742
2020-09-11,1599831000,164.31,164.57,164.08,164.48,5458222
2020-09-14,1600090200,164.79,165.08,164.23,164.47,4274947
2020-09-15,1600176600,164.17,164.47,163.79,164.07,6928498
2020-09-16,1600263000,164.78,164.89,162.9804,163.58,8816914
2020-09-17,1600349400,164.9,164.96,163.801,164.08,7813922
2020-09-18,1600435800,164.17,164.24,163.34,163.57,7246282
2020-09-21,1600695000,164.89,165.4,164.135,164.4,11086895
2020-09-22,1600781400,164.44,164.88,163.87,164.27,10524495
2020-09-23,1600867800,164.3,164.53,163.48,164.49,6224763
2020-09-24,1600954200,164.96,165.12,164.62,165.12,8278072
2020-09-25,1601040600,165.11,165.42,164.71,165.12,5140298
2020-09-28,1601299800,164.87,164.9,164.37,164.65,4470504
2020-09-29,1601386200,164.8,165.24,164.56,164.84,10297950
2020-09-30,1601472600,164,164,162.55,163.26,12970989
2020-10-01,1601559000,162.51,163.7401,162.1,163.36,11523874
2020-10-02,1601645400,163.61,163.67,162.18,162.75,8829140
2020-10-05,1601904600,160.95,160.95,159.52,159.57,14726045
2020-10-06,1601991000,159.33,161.405,158.68,160.43,22419358
2020-10-07,1602077400,159.56,160.417,158.86,159.26,9429580
2020-10-08,1602163800,159.97,160.25,159.655,160.12,8431544
2020-10-09,1602250200,159.52,160.27,158.81,160.09,8441506
2020-10-12,1602509400,160.43,160.68,160.11,160.6,3962045
2020-10-13,1602595800,161.21,161.83,161.18,161.75,7914641
2020-10-14,1602682200,162.33,162.75,161.9674,162.12,6956736
2020-10-15,1602768600,163.04,163.19,161.64,161.84,9458911
2020-10-16,1602855000,161.66,162.32,161.1,161.39,8418197
2020-10-19,1603114200,160.5,160.98,160.05,160.78,9286787
2020-10-20,1603200600,159.86,160.01,158.95,159.25,11189208
2020-10-21,1603287000,158.79,159.37,158.37,158.7,10453705
2020-10-22,1603373400,158.29,158.63,156.97,157.05,12665822
2020-10-23,1603459800,156.81,158.21,156.75,158.01,8784136
2020-10-26,1603719000,159.21,160.02,159.01,159.48,7227337
2020-10-27,1603805400,160.23,160.7,159.895,160.55,6062330
2020-10-28,1603891800,161.38,161.46,160.2,160.7,11765784
2020-10-29,1603978200,160.73,160.83,158.47,159.14,11932379
2020-10-30,1604064600,159.03,159.35,157.57,157.57,13095938
2020-11-02,1604327400,158.7,159.19,158.33,158.58,10810494
2020-11-03,1604413800,157.85,157.98,157.04,157.66,16228695
2020-11-04,1604500200,161.64,162.17,160.54,161.08,21570835
2020-11-05,1604586600,161.64,161.74,160.58,161.36,18537530
2020-11-06,1604673000,159.618,159.915,158.94,159.41,12408432
2020-11-09,1604932200,155.97,156.15,154.625,156.06,23245038
2020-11-10,1605018600,154.96,155.81,154.78,155.16,12560977
2020-11-11,1605105000,155.02,155.94,154.97,155.72,5888233
2020-11-12,1605191400,156.94,158.4,156.71,158.37,16001553
2020-11-13,1605277800,158.36,158.5,157.91,158.16,7345549
2020-11-16,1605537000,157.73,158.28,157.61,157.78,6310397
2020-11-17,1605623400,158.77,159.16,158.59,158.81,7444575
2020-11-18,1605709800,159.44,159.57,158.35,159.27,10333345
2020-11-19,1605796200,159.97,160.72,159.84,160.09,10623316
2020-11-20,1605882600,160.525,161.54,160.39,161.51,7247351
2020-11-23,1606141800,160.82,160.99,160.28,160.77,11304789
2020-11-24,1606228200,159.99,160.0218,159.01,159.17,10892973
2020-11-25,1606314600,159.25,159.91,158.62,158.68,9146000
2020-11-27,1606487400,159.61,160.27,159.58,160.22,4708153
2020-11-30,1606746600,160.03,160.53,159.76,160.02,13071557
2020-12-01,1606833000,158.55,158.74,156.68,157.5,13663889
2020-12-02,1606919400,156.88,156.93,155.48,156.25,12114580
2020-12-03,1607005800,156.94,157.82,156.58,157.51,9626457
2020-12-04,1607092200,155.69,155.785,154.77,155.2,12734642
2020-12-07,1607351400,156.35,156.88,156.18,156.6,9316138
2020-12-08,1607437800,157.57,158.07,157.2,157.34,7397240
2020-12-09,1607524200,156.55,157.32,156.015,156.82,7750059
2020-12-10,1607610600,157.24,158.29,156.83,158.21,10025124
2020-12-11,1607697000,158.65,159.39,158.32,158.77,8136090
2020-12-14,1607956200,157.49,158.69,157.11,158.33,7535875
2020-12-15,1608042600,157.78,158.39,157.31,157.8,6847676
2020-12-16,1608129000,156.58,157.89,156.39,157.38,9954190
2020-12-17,1608215400,158.13,158.46,156.43,156.8,9422697
2020-12-18,1608301800,157.12,157.38,156.18,156.33,6505271
2020-12-21,1608561000,157.2,157.34,156.45,156.95,8988176
2020-12-22,1608647400,157.5634,157.83,157.08,157.76,7378508
2020-12-23,1608733800,156.62,156.69,155.46,156.67,9266649
2020-12-24,1608820200,156.9,157.43,156.85,157.29,3117104
2020-12-28,1609165800,156.38,157.45,156.095,157.36,7791093
2020-12-29,1609252200,156.39,157.29,156.36,157.16,9030948
2020-12-30,1609338600,156.82,157.53,156.68,157.5,9097313
2020-12-31,1609425000,157.46,158.08,157.45,157.73,7742413
2021-01-04,1609770600,156.67,158.18,156.535,157.54,13152865
2021-01-05,1609857000,156.95,156.95,155.66,156.37,10458065
2021-01-06,1609943400,153.82,153.85,152.29,153.16,22827290
2021-01-07,1610029800,151.79,152.17,151.26,151.81,14651882
2021-01-08,1610116200,151.48,151.96,150.66,151.32,13622819
2021-01-11,1610375400,151,151.21,150.49,151.07,8380898
2021-01-12,1610461800,150.79,151.16,149.925,150.95,12186305
2021-01-13,1610548200,151.66,153.07,151.57,152.65,12533256
2021-01-14,1610634600,152.58,152.64,150.79,151.22,14835458
2021-01-15,1610721000,152.185,152.36,151.47,151.82,11624672
2021-01-19,1611066600,151.62,152.36,151.505,152.31,9575571
2021-01-20,1611153000,151.985,152.48,151.79,152.46,5368933
2021-01-21,1611239400,151.44,151.75,151.1,151.39,8164729
2021-01-22,1611325800,151.85,152.01,151.42,151.88,9507150
2021-01-25,1611585000,152.76,153.69,152.635,153.67,8712616
2021-01-26,1611671400,153.1,153.6,152.92,153.38,7690318
2021-01-27,1611757800,154.07,154.5,153.53,153.77,7895249
2021-01-28,1611844200,153.4,153.46,152.16,152.92,10667755
2021-01-29,1611930600,151.42,152.49,151.3,152,14966238
2021-02-01,1612189800,151.66,152.36,151.49,152,8165534
2021-02-02,1612276200,150.74,151.085,150.52,151.02,9177457
2021-02-03,1612362600,150.425,150.59,149.58,149.68,9633084
2021-02-04,1612449000,149.16,149.49,148.8,149.28,8262613
2021-02-05,1612535400,149.1,149.57,148.02,148.03,10258935
2021-02-08,1612794600,148.3,149.265,148.035,148.68,11574766
2021-02-09,1612881000,149.22,149.67,148.655,148.79,5218341
2021-02-10,1612967400,149.28,149.78,149.1409,149.78,8079802
2021-02-11,1613053800,149.6791,149.79,148.75,148.96,11962758
2021-02-12,1613140200,147.7,148.08,147.03,147.11,14088379
2021-02-16,1613485800,145.22,145.655,144.6625,144.87,17789087
2021-02-17,1613572200,145.95,146.38,144.98,145.79,11203329
2021-02-18,1613658600,144.61,145.6,144.32,145.2,10755817
2021-02-19,1613745000,144.06,144.32,142.8517,143.27,12741726
2021-02-22,1614004200,143.03,143.74,141.72,142.18,13203873
2021-02-23,1614090600,141.52,142.5,141.14,141.77,12658455
2021-02-24,1614177000,139.352,141.175,139.16,140.84,17363058
2021-02-25,1614263400,139.52,139.92,136.61,138.54,52621705
2021-02-26,1614349800,140.77,143.3,139.68,143.12,45423326
2021-03-01,1614609000,140.66,141.41,140.09,141.06,22050428
2021-03-02,1614695400,140.4,141.13,140.295,141.07,12482218
2021-03-03,1614781800,139.38,140.15,138.76,139.54,19763736
2021-03-04,1614868200,139.632,139.94,137.96,138.64,22366564
2021-03-05,1614954600,138.1687,139.34,137.99,138.91,20598039
2021-03-08,1615213800,138.83,138.9,137.83,137.83,15236619
2021-03-09,1615300200,139.27,139.815,138.97,139.74,14463394
2021-03-10,1615386600,139.8,140.15,139.28,140.02,12387639
2021-03-11,1615473000,139.17,139.38,138.46,139.01,14150742
2021-03-12,1615559400,136.4,136.4591,135.65,136.06,20402701
2021-03-15,1615815000,136.49,137.09,136.41,136.86,11366662
2021-03-16,1615901400,137.02,137.12,135.75,136.31,15567907
2021-03-17,1615987800,135.15,135.525,134.15,135.29,27107490
2021-03-18,1616074200,133.31,134.47,133.19,133.92,21622014
2021-03-19,1616160600,134.08,134.83,133.8,134.75,18684950
2021-03-22,1616419800,135.69,136.41,135.37,136.26,17047525
2021-03-23,1616506200,136.585,137.54,136.15,137.49,16768448
2021-03-24,1616592600,137.06,138.28,136.945,138.23,13862975
2021-03-25,1616679000,138.3862,138.655,137.09,137.14,20781964
2021-03-26,1616765400,136.42,137.2392,136.22,136.66,8433292
2021-03-29,1617024600,136.83,136.8465,134.97,135.5,13968084
2021-03-30,1617111000,135.3,136.515,135.005,136.21,15020777
2021-03-31,1617197400,136.34,136.59,134.98,135.45,19271281
2021-04-01,1617283800,136.55,137.62,136.3,137.51,14885947
2021-04-05,1617629400,136.55,136.97,135.94,136.91,8242978
2021-04-06,1617715800,137.16,137.98,137.01,137.84,9282395
2021-04-07,1617802200,137.45,138.1,136.88,136.88,11052827
2021-04-08,1617888600,137.39,138.07,137.36,138.01,7847918
2021-04-09,1617975000,137.5,138.19,137.09,137.51,8717951
2021-04-12,1618234200,137.46,137.53,137.1,137.45,7658990
2021-04-13,1618320600,137.3,138.51,137.2,138.48,13232786
2021-04-14,1618407000,138.03,138.2351,137.57,138.04,7293169
2021-04-15,1618493400,139.49,140.98,139.455,140.35,23896725
2021-04-16,1618579800,139.1,139.73,138.9308,139.26,15238401
2021-04-19,1618839000,138.74,139.31,138.55,138.86,13886874
2021-04-20,1618925400,138.45,139.76,138.43,139.5,11476489
2021-04-21,1619011800,139.54,139.91,139.07,139.78,11902155
2021-04-22,1619098200,140,140.39,139.2,140.39,14156678
2021-04-23,1619184600,140.38,140.47,139.49,140.06,12302248
2021-04-26,1619443800,140.15,140.51,139.85,139.86,9103549
2021-04-27,1619530200,139.59,139.82,138.525,138.64,14137281
2021-04-28,1619616600,138.65,138.89,137.96,138.73,15263720
2021-04-29,1619703000,137.45,138.36,137.125,138.32,17178229
2021-04-30,1619789400,138.507,138.73,137.98,138.64,15692322
2021-05-03,1620048600,138.7,139.645,138.28,138.52,16447651
2021-05-04,1620135000,139.49,140.16,139.155,139.46,18640004
2021-05-05,1620221400,139.03,139.85,138.92,139.69,11128146
2021-05-06,1620307800,139.25,140.19,139.2003,139.92,21907928
2021-05-07,1620394200,140.1,140.6,138.91,139.23,18346877
2021-05-10,1620653400,138.95,139.25,137.69,137.82,15146246
2021-05-11,1620739800,137.23,137.48,136.77,137.04,15158611
2021-05-12,1620826200,136.67,136.8,135.36,135.6,20859432
2021-05-13,1620912600,135.93,136.37,135.63,135.81,13074735
2021-05-14,1620999000,136.53,137.08,136.22,137.08,17566732
2021-05-17,1621258200,136.83,137.17,136.565,136.79,6113792
2021-05-18,1621344600,136.4,136.57,136.07,136.44,11423065
2021-05-19,1621431000,136.54,137.3,135.62,136.11,14296300
2021-05-20,1621517400,136.76,137.49,136.67,137.23,13310501
2021-05-21,1621603800,137.66,137.7,137.06,137.67,10171561
2021-05-24,1621863000,137.99,138.58,137.89,138.18,6736459
2021-05-25,1621949400,138.63,139.5,138.62,139.46,12346882
2021-05-26,1622035800,139.59,139.91,138.88,139.22,9793707
2021-05-27,1622122200,138.5,138.69,137.99,138.655,10695157
2021-05-28,1622208600,138.582,139.3,138.34,138.44,10258035
2021-06-01,1622554200,137.82,138.26,137.25,138.21,11778666
2021-06-02,1622640600,138.55,138.79,138.32,138.53,7347905
2021-06-03,1622727000,138.51,138.51,137.845,138.01,10994063
2021-06-04,1622813400,138.52,139.9,138.52,139.9,15773737
2021-06-07,1623072600,139.59,139.705,139.325,139.47,7799833
2021-06-08,1623159000,140.655,140.66,140.21,140.45,11231222
2021-06-09,1623245400,141.765,142.15,141.25,141.69,12768309
2021-06-10,1623331800,140.83,142.56,140.68,142.54,19698410
2021-06-11,1623418200,142.305,142.4,141.84,142.31,8646698
2021-06-14,1623677400,142.1,142.1,141.015,141.22,9401341
2021-06-15,1623763800,140.8,141.09,140.48,141.05,18207559
2021-06-16,1623850200,141.4,141.67,140.21,140.93,19676264
2021-06-17,1623936600,141.86,144.925,141.64,143.04,35225794
2021-06-18,1624023000,144.28,146.04,144.12,145.73,26616912
2021-06-21,1624282200,144.39,144.49,143.02,143.29,16485035
2021-06-22,1624368600,142.17,143.68,142.12,143.64,14530318
2021-06-23,1624455000,143.11,143.5,142.71,143.27,12041212
2021-06-24,1624541400,143.42,143.9,143.33,143.5,8788460
2021-06-25,1624627800,143.265,143.4,141.37,142.01,15562491
2021-06-28,1624887000,142.72,143.8,142.7,143.47,11460926
2021-06-29,1624973400,143.1,143.72,143.04,143.71,11218106
2021-06-30,1625059800,144.25,144.93,144.07,144.35,15708857
2021-07-01,1625146200,143.98,144.31,143.53,144.17,10809998
2021-07-02,1625232600,144.23,145.04,144.11,145.04,9650170
2021-07-06,1625578200,145.72,146.99,145.715,146.74,20037177
2021-07-07,1625664600,147.57,148.56,147.22,148.04,20964385
2021-07-08,1625751000,148.88,149.44,148.17,148.62,17487838
2021-07-09,1625837400,146.87,146.99,146.49,146.53,14483634
2021-07-12,1626096600,147.09,147.23,146.17,146.34,10610428
2021-07-13,1626183000,146.82,147.46,144.64,145.22,23340375
2021-07-14,1626269400,146.01,146.92,145.81,146.87,16038556
2021-07-15,1626355800,147.95,148.6,147.03,148.49,18462700
2021-07-16,1626442200,147.34,148.34,147.32,148.21,12787919
2021-07-19,1626701400,150.95,151.95,150.62,151.46,40203891
2021-07-20,1626787800,152.53,152.71,149.76,150,25674791
2021-07-21,1626874200,148.18,148.5,146.67,148.1,19988911
2021-07-22,1626960600,148.11,149.805,148.06,149.5,18136907
2021-07-23,1627047000,147.94,148.655,147.89,148.5,12639262
2021-07-26,1627306200,148.995,149.06,147.88,148.06,10737870
2021-07-27,1627392600,149.33,149.69,148.99,149.64,13036604
2021-07-28,1627479000,148.67,149.67,148.27,149.65,14346869
2021-07-29,1627565400,148.78,149.22,148.53,148.82,11532032
2021-07-30,1627651800,149.13,149.72,149.06,149.52,14342162
2021-08-02,1627911000,149.454,151.23,149.18,150.67,21232706
2021-08-03,1627997400,150.75,151.23,150.39,150.75,13361939
2021-08-04,1628083800,151.5,151.82,149.72,151.06,18267907
2021-08-05,1628170200,150.76,150.92,150,150.29,15345359
2021-08-06,1628256600,148.322,148.76,147.6909,147.78,21144286
2021-08-09,1628515800,148.152,148.56,147.23,147.25,12942623
2021-08-10,1628602200,147.49,147.57,146.56,146.57,13716901
2021-08-11,1628688600,146.412,147.23,145.71,146.48,17227605
2021-08-12,1628775000,146.09,146.44,145.43,146.24,14710931
2021-08-13,1628861400,146.83,148.56,146.81,148.55,18653828
2021-08-16,1629120600,149.19,150.02,148.81,148.91,19171543
2021-08-17,1629207000,148.88,149.47,148.67,148.85,14126883
2021-08-18,1629293400,148.71,149.47,148.45,149.35,13143979
2021-08-19,1629379800,150.31,150.46,149.81,150.45,15474585
2021-08-20,1629466200,150.59,150.81,150.11,150.55,12388424
2021-08-23,1629725400,150.2,150.495,149.92,150.45,10615040
2021-08-24,1629811800,149.76,150.07,149.28,149.28,13835931
2021-08-25,1629898200,149.21,149.37,147.58,148.04,16743814
2021-08-26,1629984600,147.965,148.57,147.51,148.45,16657435
2021-08-27,1630071000,148.57,149.485,148.33,149.46,15384740
2021-08-30,1630330200,148.99,149.9,148.93,149.85,10596306
2021-08-31,1630416600,149.67,150.09,148.5,148.83,15262401
2021-09-01,1630503000,149.27,149.39,148.49,148.89,10807084
2021-09-02,1630589400,149.24,149.55,148.75,149.54,9766003
2021-09-03,1630675800,148.27,148.51,147.94,148.18,12928250
2021-09-07,1631021400,147.262,147.52,146.655,146.93,15548172
2021-09-08,1631107800,147.66,148.19,147.39,147.93,14533699
2021-09-09,1631194200,148.17,149.89,147.85,149.72,20324739
2021-09-10,1631280600,148.9,149.17,148.16,148.4,14894629
2021-09-13,1631539800,149.042,149.49,148.95,149.3,15036064
2021-09-14,1631626200,149.73,151.57,149.58,151.11,19918375
2021-09-15,1631712600,151.21,151.25,149.93,150.58,11940558
2021-09-16,1631799000,149.67,150.45,149.5,149.89,13328978
2021-09-17,1631885400,149.182,149.36,148.7,149.17,13783034
2021-09-20,1632144600,150.57,151.37,150.23,151.02,14660406
2021-09-21,1632231000,150.71,150.96,150.2,150.89,10035770
2021-09-22,1632317400,150.79,151.79,150.44,151.79,22277765
2021-09-23,1632403800,150.42,150.45,148.3401,148.36,23853343
2021-09-24,1632490200,147.84,147.85,146.735,146.91,20203937
2021-09-27,1632749400,146.06,146.87,145.88,146.37,13464252
2021-09-28,1632835800,144.33,145.07,143.64,144.09,26613486
2021-09-29,1632922200,144.8,145.43,143.69,144.34,23569416
2021-09-30,1633008600,144.1,144.515,143.65,144.32,22567556
2021-10-01,1633095000,144.85,145.4,144.2,145.35,26151798
2021-10-04,1633354200,144.67,145.46,144.1,144.98,28027596
2021-10-05,1633440600,144.6,144.7,143.461,143.58,22659503
2021-10-06,1633527000,144.23,144.715,144.025,144.39,18696687
2021-10-07,1633613400,143.185,143.335,142.59,142.88,14856041
2021-10-08,1633699800,142.255,142.35,141.525,141.88,17257754
2021-10-11,1633959000,141.6,141.9,141.45,141.52,7213403
2021-10-12,1634045400,142.63,144.01,142.48,143.94,17968952
2021-10-13,1634131800,144.61,145.53,144.5754,145.34,23584827
2021-10-14,1634218200,145.37,145.96,144.945,145.88,12950609
2021-10-15,1634304600,145,145.14,144.47,145.03,11811540
2021-10-18,1634563800,145,146,144.52,145.71,12115879
2021-10-19,1634650200,144.66,144.73,143.65,143.7,12156566
2021-10-20,1634736600,143.25,143.68,142.51,142.73,12782477
2021-10-21,1634823000,143,143.15,142.23,142.56,13660022
2021-10-22,1634909400,143.45,144.4,143.21,144.13,13740010
2021-10-25,1635168600,143.67,144.3,143.63,143.91,8138047
2021-10-26,1635255000,144.62,145.1,143.74,145.1,13670997
2021-10-27,1635341400,146.4,148.18,145.93,147.74,22092262
2021-10-28,1635427800,147.79,148.33,146.835,147.24,17497586
2021-10-29,1635514200,146.47,148,146.32,147.69,19087338
2021-11-01,1635773400,145.8,146.76,145.7,146.44,18035452
2021-11-02,1635859800,146.5,147.57,146.5,147.09,9836737
2021-11-03,1635946200,147.82,147.98,145.53,145.57,20639350
2021-11-04,1636032600,145.87,147.36,145.85,147.1,15922377
2021-11-05,1636119000,148.52,149.58,148.13,149.3,21513029
2021-11-08,1636381800,148.96,149.28,148.51,149.02,12083905
2021-11-09,1636468200,150.8,151.767,150.64,150.96,23430239
2021-11-10,1636554600,150.83,150.93,147.03,148.2,28170644
2021-11-11,1636641000,148.508,148.655,147.89,147.98,5552818
2021-11-12,1636727400,148,148.51,146.76,147.33,12711972
2021-11-15,1636986600,146.89,146.96,145.22,145.48,15232710
2021-11-16,1637073000,145.69,146.38,144.85,145.11,12998708
2021-11-17,1637159400,144.57,146.29,144.46,146.26,14239864
2021-11-18,1637245800,145.9917,146.9,145.95,146.81,11055620
2021-11-19,1637332200,147.58,148.595,147.58,148.36,14022924
2021-11-22,1637591400,147.4,147.64,146.125,146.62,15267367
2021-11-23,1637677800,145.93,146.11,144.5,144.5,15321246
2021-11-24,1637764200,144.94,146.82,144.79,146.82,13769705
2021-11-26,1637937000,148.83,150.68,148.67,150.53,20064778
2021-11-29,1638196200,148.31,149.635,148.17,149.32,23234231
2021-11-30,1638282600,150.83,152.07,150.25,151.59,31481117
2021-12-01,1638369000,150.485,152.41,149.79,152.34,30838845
2021-12-02,1638455400,152.93,152.99,150.76,152.53,17754176
2021-12-03,1638541800,151.68,155.12,151.35,154.35,34427106
2021-12-06,1638801000,154.05,154.35,151.93,152.23,30924205
2021-12-07,1638887400,151.72,152.525,150.8601,151,22115851
2021-12-08,1638973800,150.472,150.48,148.36,148.39,33633891
2021-12-09,1639060200,149.34,149.84,148.48,149.22,17544892
2021-12-10,1639146600,149.92,150.24,148.81,148.86,14298740
2021-12-13,1639405800,150.39,151.305,150.31,151.06,17860465
2021-12-14,1639492200,150.37,150.93,149.31,150.7,14015451
2021-12-15,1639578600,149.6139,150.79,149.13,149.25,25383933
2021-12-16,1639665000,148.75,149.88,148.73,149.14,18677893
2021-12-17,1639751400,150.34,150.98,150.16,150.83,18094619
2021-12-20,1640010600,150.75,151.02,149.595,149.7,17147276
2021-12-21,1640097000,148.14,149.2,147.62,149.13,16598163
2021-12-22,1640183400,149.73,149.86,149.02,149.82,12253936
2021-12-23,1640269800,149.59,149.6,148.03,148.52,11642576
2021-12-27,1640615400,148.46,149.01,148.32,148.88,7822856
2021-12-28,1640701800,149.6,149.78,148.01,148.29,9176428
2021-12-29,1640788200,146.91,147.309,146.41,146.67,11771223
2021-12-30,1640874600,147.25,147.9699,146.45,147.9,10355046
2021-12-31,1640961000,147.81,149.03,147.43,148.19,13402321
2022-01-03,1641220200,146.41,146.94,144.28,144.3,33860382
2022-01-04,1641306600,143.61,144.13,142.74,143.7,21996350
2022-01-05,1641393000,144.14,144.16,142.71,142.92,20911677
2022-01-06,1641479400,142.59,143.44,142.29,143.29,18996353
2022-01-07,1641565800,143.13,143.236,141.56,142.26,18756845
2022-01-10,1641825000,141.65,142.805,141.36,142.61,13775770
2022-01-11,1641911400,142.88,143.63,142.695,143.56,24388906
2022-01-12,1641997800,143.9,144.01,142.995,143.01,14440646
2022-01-13,1642084200,143.39,144.42,143.03,144.28,15166030
2022-01-14,1642170600,143.42,143.46,141.795,142.1,22997531
2022-01-18,1642516200,140.96,141.31,140.02,140.1,21173750
2022-01-19,1642602600,140.53,141.71,140.31,141.07,17930463
2022-01-20,1642689000,141.37,141.99,141.09,141.94,13958952
2022-01-21,1642775400,143.4,144.1,142.67,143.63,28916580
2022-01-24,1643034600,144.3,144.365,142.43,142.45,25005719
2022-01-25,1643121000,143.11,143.71,141.8,142.22,15598988
2022-01-26,1643207400,142.26,142.57,140.49,140.5,23655546
2022-01-27,1643293800,142.41,143.365,142.33,143.08,21501789
2022-01-28,1643380200,142.09,143.46,141.85,143.13,12826512
2022-01-31,1643639400,142.18,142.95,141.96,142.39,13998392
2022-02-01,1643725800,142.28,142.36,141.055,141.72,20806097
2022-02-02,1643812200,141.95,143.57,141.93,142.2,18404569
2022-02-03,1643898600,140.44,141.48,140.18,141.09,17234053
2022-02-04,1643985000,139.85,140.14,138.78,139.01,23609757
2022-02-07,1644244200,138.91,139.31,138.55,139.1,12962436
2022-02-08,1644330600,138.21,138.58,137.82,138.17,16269187
2022-02-09,1644417000,138.72,139.37,138.19,138.43,14349139
2022-02-10,1644503400,137.66,137.83,135.84,136.23,30896240
2022-02-11,1644589800,136.87,138.51,135.36,138.25,43210273
2022-02-14,1644849000,137.13,137.74,135.97,136.53,23157421
2022-02-15,1644935400,135.6,135.84,134.94,134.98,18200703
2022-02-16,1645021800,135.95,136.07,134.51,135.78,16473677
2022-02-17,1645108200,136.45,137.565,135.9,136.79,24508242
2022-02-18,1645194600,137.52,138.37,137.16,138.23,17522577
2022-02-22,1645540200,137.69,138.67,137.47,138.59,19534043
2022-02-23,1645626600,137.68,137.8499,136.565,136.68,17757840
2022-02-24,1645713000,139.1,139.37,136.25,136.77,28150362
2022-02-25,1645799400,136.86,137.31,136.18,136.87,15025360
2022-02-28,1646058600,138.43,140.045,138.32,139.87,25817704
2022-03-01,1646145000,140.36,142.33,140,141.3,35664355
2022-03-02,1646231400,139.84,140.42,136.41,136.47,30397410
2022-03-03,1646317800,137.49,138.7,137.02,137.86,20649063
2022-03-04,1646404200,140.36,140.825,139.305,140.24,25854808
2022-03-07,1646663400,139.12,140.64,138.77,139.17,23710932
2022-03-08,1646749800,137.51,138.25,137.25,137.77,28331275
2022-03-09,1646836200,137.065,137.3403,136.13,136.42,18819154
2022-03-10,1646922600,134.83,135.17,133.72,134.46,26868881
2022-03-11,1647009000,134.33,135.45,134.21,134.91,15583795
2022-03-14,1647264600,132.7,132.89,131.72,131.76,24384956
2022-03-15,1647351000,132.86,133.15,131.19,131.53,17518754
2022-03-16,1647437400,131.83,133.13,130.32,132.82,25857702
2022-03-17,1647523800,132.82,133.34,131.07,131.83,19330578
2022-03-18,1647610200,132.57,133.535,132.57,133.44,55891681
2022-03-21,1647869400,131.28,131.67,129.75,130.35,26122048
2022-03-22,1647955800,128.96,129.335,128.34,128.68,21830886
2022-03-23,1648042200,129.37,131.6,128.86,131.5,21266117
2022-03-24,1648128600,129.65,131.18,129.6,130.47,17141591
2022-03-25,1648215000,129.5,129.52,127.65,128.66,25689789
2022-03-28,1648474200,129.39,130.56,129.04,129.76,17657777
2022-03-29,1648560600,130.56,131.55,129.74,130.74,19319654
2022-03-30,1648647000,130.07,132.01,129.985,131.76,16310219
2022-03-31,1648733400,131.98,132.67,131.66,132.08,19900953
2022-04-01,1648819800,130.01,132.96,129.71,132.38,23489724
2022-04-04,1649079000,131.93,131.98,130.71,131.46,13609923
2022-04-05,1649165400,130.76,130.775,128.29,128.49,25196929
2022-04-06,1649251800,126.43,128.3,126.4,127.45,22951954
2022-04-07,1649338200,126.11,126.67,125.41,126.49,23458768
2022-04-08,1649424600,125.45,125.83,124.26,125.12,26859158
2022-04-11,1649683800,123.92,124.19,122.56,123.14,30020696
2022-04-12,1649770200,124.05,124.16,122.67,122.97,23124178
2022-04-13,1649856600,123.05,124.3,122.89,123.22,17189500
2022-04-14,1649943000,122.86,122.93,120.38,120.75,34274530
2022-04-18,1650288600,120.87,121.08,119.69,120.15,18784253
2022-04-19,1650375000,119.15,119.72,118.67,119.25,26012315
2022-04-20,1650461400,120.22,121.965,119.92,121.65,31423175
2022-04-21,1650547800,120.83,120.91,119.17,120.75,23323244
2022-04-22,1650634200,120.07,121.44,119.81,119.99,19773405
2022-04-25,1650893400,121.38,122.185,121.125,121.19,25418916
2022-04-26,1650979800,122.44,123.03,121.76,122.41,26931347
2022-04-27,1651066200,122.19,122.32,120.77,120.84,14560521
2022-04-28,1651152600,120.39,121.07,120.01,121.02,16892495
2022-04-29,1651239000,119.31,120.97,119.105,119.45,26153421
2022-05-02,1651498200,117.86,118.27,116.93,117.18,29233885
2022-05-03,1651584600,119.04,119.31,117.89,117.97,21256662
2022-05-04,1651671000,117.97,118.965,117.35,118.62,25575688
2022-05-05,1651757400,116.35,116.47,114.015,115.37,48384528
2022-05-06,1651843800,114.14,115.04,113.31,113.67,32790491
2022-05-09,1652103000,112.86,114.71,112.62,114.67,26773036
2022-05-10,1652189400,115.89,116.96,115.48,115.71,33640756
2022-05-11,1652275800,114.74,117.94,114.44,117.94,34173628
2022-05-12,1652362200,118.02,118.89,117.655,117.72,26405693
2022-05-13,1652448600,116.98,117.15,115.9,115.98,20782747
2022-05-16,1652707800,116.21,116.935,115.85,115.86,11050571
2022-05-17,1652794200,114.71,115.35,114.36,114.46,15040753
2022-05-18,1652880600,114.72,117,114.61,116.9,21337265
2022-05-19,1652967000,118.64,118.72,116.8537,117.18,21937465
2022-05-20,1653053400,117.09,119.02,117.06,118.51,22780940
2022-05-23,1653312600,117.705,118.25,116.54,116.56,15925189
2022-05-24,1653399000,117.9,119.638,117.86,118.86,23388212
2022-05-25,1653485400,119.61,119.62,118.59,119.33,14410842
2022-05-26,1653571800,119.02,119.09,117.8,118.79,14912949
2022-05-27,1653658200,119.36,119.737,118.74,119.08,11190426
2022-05-31,1654003800,117.18,117.23,115.928,116.56,28393674
2022-06-01,1654090200,117.03,117.34,115.69,116.22,15544848
2022-06-02,1654176600,116.63,116.71,115.46,116.28,9832015
2022-06-03,1654263000,115.09,116.06,114.87,116.03,15330410
2022-06-06,1654522200,115.15,115.51,113.81,113.89,20815373
2022-06-07,1654608600,114.61,115.775,114.58,115.12,14278653
2022-06-08,1654695000,114.68,115.13,114.08,114.1,11476139
2022-06-09,1654781400,113.835,114.71,113.68,114.48,15527256
2022-06-10,1654867800,114.36,114.61,112.965,113.77,21917058
2022-06-13,1655127000,111.49,111.67,109.24,110.2,36968312
2022-06-14,1655213400,110.53,110.98,108.59,108.81,21865876
2022-06-15,1655299800,110.085,110.99,109.03,110.84,25202801
2022-06-16,1655386200,108.45,111.72,108.115,111.72,26067258
2022-06-17,1655472600,112.01,112.83,110.96,112.08,21614262
2022-06-21,1655818200,110.09,111.015,109.8128,110.18,17663799
2022-06-22,1655904600,112.69,113.31,112.38,113.21,23703814
2022-06-23,1655991000,113.9,115.165,113.49,114.14,20669222
2022-06-24,1656077400,113.46,114.17,112.5,112.56,18161250
2022-06-27,1656336600,111.22,112.22,111.16,111.6,12053040
2022-06-28,1656423000,111.29,112.18,110.87,112.12,13708196
2022-06-29,1656509400,112.38,113.9,112.17,113.87,12925357
2022-06-30,1656595800,114.859,115.77,114.75,114.87,25802128
2022-07-01,1656682200,115.9,117.59,115.22,115.82,21858829
2022-07-05,1657027800,116.89,117.75,116.17,116.73,16689670
2022-07-06,1657114200,117.39,117.54,114.77,114.77,20205365
2022-07-07,1657200600,115.1,115.17,113.51,113.76,13087988
2022-07-08,1657287000,113.5,113.5,112.05,112.5,15320004
2022-07-11,1657546200,113.79,114.79,113.7,114.44,13639942
2022-07-12,1657632600,115.51,116.23,114.97,115.12,18547318
2022-07-13,1657719000,113.77,116.65,113.45,116.44,20594832
2022-07-14,1657805400,115.08,116.16,114.47,115.49,15664987
2022-07-15,1657891800,115.84,116.82,115.6,116.14,16022586
2022-07-18,1658151000,115.25,115.32,114.18,114.93,15838268
2022-07-19,1658237400,114.91,115.15,113.66,114.31,9276754
2022-07-20,1658323800,115.48,115.55,114.05,114.61,9117311
2022-07-21,1658410200,115.19,116.7195,115.01,116.59,14754886
2022-07-22,1658496600,118.29,119.27,117.97,118.55,17715311
2022-07-25,1658755800,116.71,117.54,116.47,117.39,24868134
2022-07-26,1658842200,118.86,119.24,117.395,117.48,13535963
2022-07-27,1658928600,118.01,118.485,116.71,116.82,15725564
2022-07-28,1659015000,118.045,118.92,117.32,117.75,16637914
2022-07-29,1659101400,117.7,119.305,117.33,117.43,16655870
2022-08-01,1659360600,118.25,120.1,118.08,120.04,17974560
2022-08-02,1659447000,120.15,120.69,117.285,117.5,17896257
2022-08-03,1659533400,117.17,119.49,116.3336,119.35,16731172
2022-08-04,1659619800,118.98,119.55,118.54,119.31,11003006
2022-08-05,1659706200,117.07,117.11,115.89,116.47,19492287
2022-08-08,1659965400,117.64,118.53,117.56,118.35,17477736
2022-08-09,1660051800,117.73,118.359,117.46,117.89,8223201
2022-08-10,1660138200,117.73,118.91,116.73,117.12,14665302
2022-08-11,1660224600,116.87,117.06,114.09,114.39,20663783
2022-08-12,1660311000,115.1,115.57,114.43,115.55,12178401
2022-08-15,1660570200,116.33,116.745,115.45,115.45,9031814
2022-08-16,1660656600,115.25,116.02,114.24,115.93,11065955
2022-08-17,1660743000,115.06,115.1,114.31,114.72,14131281
2022-08-18,1660829400,114.97,115.64,114.585,114.89,10738208
2022-08-19,1660915800,113.23,113.335,112.74,113.04,16330898
2022-08-22,1661175000,112.86,112.96,112.13,112.66,10457236
2022-08-23,1661261400,112.19,113.48,111.735,112.04,17813184
2022-08-24,1661347800,111.485,111.87,110.86,111.22,13971626
2022-08-25,1661434200,111.32,113.09,110.99,112.77,21429692
2022-08-26,1661520600,112.3,113.99,112.01,113.62,18764391
2022-08-29,1661779800,112.94,113.01,112.1324,112.68,14278261
2022-08-30,1661866200,112.62,113.51,112.21,112.96,14346559
2022-08-31,1661952600,112.69,113.34,111.575,111.88,13623548
2022-09-01,1662039000,109.87,110.25,108.94,109.6,22490448
2022-09-02,1662125400,109.68,110.56,109.47,110.22,13024448
2022-09-06,1662471000,108.9,108.97,107.42,107.49,24648520
2022-09-07,1662557400,108.32,109.48,108.21,109.19,17050131
2022-09-08,1662643800,108.84,109.52,108.05,108.07,14671366
2022-09-09,1662730200,108.33,108.795,107.63,108.31,12529797
2022-09-12,1662989400,108.63,108.89,106.92,107.42,14806921
2022-09-13,1663075800,106.56,107.735,106.24,107.67,22158884
2022-09-14,1663162200,107.34,108.21,107.115,108.04,13077844
2022-09-15,1663248600,107.85,108.19,107.58,107.97,10260164
2022-09-16,1663335000,107.03,108.05,106.765,107.07,18903848
2022-09-19,1663594200,106.96,107.82,106.8,107.32,11084426
2022-09-20,1663680600,105.69,106.84,105.4,106.25,20133840
2022-09-21,1663767000,106.7,108.04,105.97,108.03,23132922
2022-09-22,1663853400,105.79,105.96,104.73,105.27,29030571
2022-09-23,1663939800,105.34,106.425,104.56,105.7,23042234
2022-09-26,1664199000,105.36,105.41,103.22,103.68,25104572
2022-09-27,1664285400,102.71,102.98,100.9,100.95,34609453
2022-09-28,1664371800,103.13,104.45,102.48,104.33,39283095
2022-09-29,1664458200,102.9,104.225,102.8,103.79,19127141
2022-09-30,1664544600,104.27,104.86,102.225,102.45,26485690
2022-10-03,1664803800,103.85,104.68,103.15,103.83,27192238
2022-10-04,1664890200,104.15,104.6499,103.3,103.54,13788739
2022-10-05,1664976600,102.73,102.84,101.5802,102.55,20522057
2022-10-06,1665063000,102.59,102.84,101.53,101.98,13965691
2022-10-07,1665149400,100.81,101.62,100.47,100.99,14814780
2022-10-10,1665408600,100.5,100.51,98.795,99.42,15652632
2022-10-11,1665495000,99.74,100.9,98.99,99.86,33246713
2022-10-12,1665581400,99.275,100.535,99.19,100.35,21447565
2022-10-13,1665667800,98.36,100.38,98.34,99.39,30292454
2022-10-14,1665754200,100.19,100.19,98.25,98.57,18732892
2022-10-17,1666013400,99.29,99.66,97.94,98.09,18969871
2022-10-18,1666099800,97.95,98.46,96.87,98.32,16931451
2022-10-19,1666186200,97.19,97.42,96.32,96.53,25431577
2022-10-20,1666272600,95.93,96.33,94.74,94.88,25434934
2022-10-21,1666359000,93.02,93.93,92.26,93.17,46280271
2022-10-24,1666618200,92.82,93.55,91.85,92.4,31332597
2022-10-25,1666704600,94.58,95.225,94.44,95.09,31213113
2022-10-26,1666791000,95.77,96.69,95.765,96.46,24854742
2022-10-27,1666877400,96.98,97.9,96.215,97.47,20270036
2022-10-28,1666963800,96.86,97.625,96.41,96.8,22244089
2022-10-31,1667223000,96.36,96.62,95.03,96.11,23956687
2022-11-01,1667309400,97.38,97.42,96.21,96.77,17585088
2022-11-02,1667395800,96.91,97.63,95.96,96.35,25010515
2022-11-03,1667482200,95.17,96.38,95.09,95.83,29097497
2022-11-04,1667568600,95.1,95.655,94.22,94.22,23561369
2022-11-07,1667831400,94.8,94.86,93.24,93.28,14522820
2022-11-08,1667917800,93.8,94.96,93.7698,94.3,20360550
2022-11-09,1668004200,93.82,95.02,93.69,94.61,15637456
2022-11-10,1668090600,96.725,98.43,96.64,98.25,45380877
2022-11-11,1668177000,97.57,98.37,97.54,97.89,15943114
2022-11-14,1668436200,97.91,97.985,97.09,97.65,13711928
2022-11-15,1668522600,98.25,99.3,98.11,99.23,26608180
2022-11-16,1668609000,100.02,101.45,99.74,101.4,28507673
2022-11-17,1668695400,100.2,100.57,99.78,100.33,24536378
2022-11-18,1668781800,100.6,100.885,99.545,99.64,14941277
2022-11-21,1669041000,100.69,100.815,99.8,100.06,15534009
2022-11-22,1669127400,100.65,101.62,100.5319,101.48,18103116
2022-11-23,1669213800,102.14,103.25,102.08,103.25,23234587
2022-11-25,1669386600,102.61,102.93,102.43,102.9,9486076
2022-11-28,1669645800,103.61,103.805,102.685,103.19,14569219
2022-11-29,1669732200,102.15,102.96,101.91,101.98,16576438
2022-11-30,1669818600,101.615,102.73,101.37,102.73,21581659
2022-12-01,1669905000,103.15,105.81,103.1,105.76,53156786
2022-12-02,1669991400,105.3,107.1,104.605,107.09,24479525
2022-12-05,1670250600,105.84,105.99,104.9,105.59,20159732
2022-12-06,1670337000,106.5,107.39,106.19,106.95,21754513
2022-12-07,1670423400,108.37,109.68,108.2,109.47,30546679
2022-12-08,1670509800,108.7,109.45,108.47,109.17,13377290
2022-12-09,1670596200,107.94,108.17,106.27,106.33,25872173
2022-12-12,1670855400,107.86,108.11,106.26,106.67,16897091
2022-12-13,1670941800,109.04,109.08,107.455,107.7,23854670
2022-12-14,1671028200,107.66,108.32,106.8927,108.16,19517531
2022-12-15,1671114600,108.39,109.12,108.16,108.32,20255470
2022-12-16,1671201000,106.6,107.83,106.31,107.11,20838343
2022-12-19,1671460200,105.83,105.84,104.98,105.31,26126829
2022-12-20,1671546600,103.38,103.81,103.1,103.44,28869030
2022-12-21,1671633000,104.29,104.4,102.96,103.7,15894092
2022-12-22,1671719400,103.67,104.12,103.38,103.68,11322512
2022-12-23,1671805800,102.58,102.81,102.0225,102.16,15408891
2022-12-27,1672151400,100.49,101.07,100.01,100.14,26475730
2022-12-28,1672237800,100.65,100.78,99.35,99.55,17302853
2022-12-29,1672324200,99.86,100.99,99.79,100.68,16592967
2022-12-30,1672410600,99.87,100.55,99.37,99.56,20810209
2023-01-03,1672756200,102.2,102.34,100.84,101.46,25313228
2023-01-04,1672842600,103.22,103.475,102.21,102.85,21678210
2023-01-05,1672929000,101.87,103.288,101.78,103.28,14771117
2023-01-06,1673015400,102.7,105.3,102.64,105.18,27473733
2023-01-09,1673274600,104.41,105.93,104.27,105.74,21472166
2023-01-10,1673361000,104.53,104.82,103.5,103.99,20545215
2023-01-11,1673447400,104.97,105.72,104.7,105.68,18794029
2023-01-12,1673533800,105.82,107.81,104.56,107.76,32029608
2023-01-13,1673620200,107.1,107.8,106.38,106.75,17750775
2023-01-17,1673965800,105.67,106.66,105.65,106.06,13911676
2023-01-18,1674052200,108.46,108.77,107.12,108.63,35497241
2023-01-19,1674138600,108.1,108.37,107.44,107.95,17194653
2023-01-20,1674225000,106.96,107.24,106.11,106.2,22754067
2023-01-23,1674484200,105.57,106.2,105.49,105.7,12961516
2023-01-24,1674570600,106.12,107.45,105.39,107.22,16417220
2023-01-25,1674657000,107.37,107.905,106.64,107.48,11906502
2023-01-26,1674743400,107.14,107.65,106.49,106.98,15549352
2023-01-27,1674829800,106.19,106.96,106.11,106.71,11845473
2023-01-30,1675089000,106.46,107.16,106.19,106.32,11459667
2023-01-31,1675175400,106.98,107.28,105.87,107.17,13705345
2023-02-01,1675261800,107.55,108.59,106.42,108.18,25305791
2023-02-02,1675348200,108.92,109.352,108.085,108.32,19548415
2023-02-03,1675434600,106.77,107.11,106.08,106.7,20619484
2023-02-06,1675693800,105.75,106.305,105.68,105.91,15182444
2023-02-07,1675780200,105.33,106.23,105,105.06,18290306
2023-02-08,1675866600,105.04,105.58,104.39,105.56,13530655
2023-02-09,1675953000,106.47,106.62,104.39,104.56,20469923
2023-02-10,1676039400,104.4,104.44,103.115,103.39,16598349
2023-02-13,1676298600,103.71,104.415,103.58,104.26,13134299
2023-02-14,1676385000,104.2,104.83,103.135,104.02,15440317
2023-02-15,1676471400,103.55,103.95,102.495,103.05,15567607
2023-02-16,1676557800,102.07,102.22,101.33,101.59,19267327
2023-02-17,1676644200,101.1,102.38,100.965,102.38,19560871
2023-02-21,1676989800,101.005,101.2,100.28,100.39,22727975
2023-02-22,1677076200,100.99,101.69,100.95,101.31,15165423
2023-02-23,1677162600,101.54,102.59,101.47,102.3,15829077
2023-02-24,1677249000,101.44,101.795,100.56,100.97,21403577
2023-02-27,1677508200,101.29,101.7,100.91,101.25,14209183
2023-02-28,1677594600,100.57,101.72,100.28,101.71,14955716
2023-03-01,1677681000,100.82,101.03,99.96,100.37,19000033
2023-03-02,1677767400,99.06,99.645,98.88,99.48,23769180
2023-03-03,1677853800,100.93,101.9,100.57,101.89,30877342
2023-03-06,1678113000,102.22,102.34,100.99,101.1,16631871
2023-03-07,1678199400,101.46,102.365,100.88,101.72,23096462
2023-03-08,1678285800,102.4,102.97,101.42,101.82,20252359
2023-03-09,1678372200,101.55,102.52,101.33,102.07,21550356
2023-03-10,1678458600,104.03,105.6939,104,105.59,43921484
2023-03-13,1678714200,108.2,109.1,105.04,105.83,51502460
2023-03-14,1678800600,105.14,105.61,103.75,104.09,38417777
2023-03-15,1678887000,106.78,107.71,105.345,106.1,45164118
2023-03-16,1678973400,107.38,108.03,105.04,105.27,43103531
2023-03-17,1679059800,106.65,107.73,106.46,106.85,38128985
2023-03-20,1679319000,106.88,106.96,105.72,105.91,24242781
2023-03-21,1679405400,105.08,105.42,104.54,105,18934923
2023-03-22,1679491800,104.66,106.45,104.44,106.4,26388481
2023-03-23,1679578200,105.36,106.55,104.82,106.4,25475128
2023-03-24,1679664600,107.09,107.43,106.26,106.85,23657586
2023-03-27,1679923800,105.05,105.76,104.325,104.34,22224508
2023-03-28,1680010200,104.24,104.68,104.02,104.53,17794343
2023-03-29,1680096600,103.7,104.45,103.6,104.32,16804393
2023-03-30,1680183000,104.46,105.05,104.27,104.8,14315802
2023-03-31,1680269400,105.35,106.56,105.075,106.37,25396684
2023-04-03,1680528600,105.88,107.095,105.7,106.6,18234843
2023-04-04,1680615000,105.78,107.8,105.75,107.13,18052419
2023-04-05,1680701400,107.77,108.37,107.41,108.25,23047703
2023-04-06,1680787800,108.42,108.87,108.39,108.53,16447295
2023-04-10,1681133400,107.64,107.7618,106.56,106.78,19134399
2023-04-11,1681219800,107.05,107.09,106.51,107,13971249
2023-04-12,1681306200,107.05,107.165,105.88,106.89,20563001
2023-04-13,1681392600,107.05,107.39,105.88,106.05,22079384
2023-04-14,1681479000,105.39,105.55,104.77,105.08,19801897
2023-04-17,1681738200,104.42,104.59,103.71,103.83,19528811
2023-04-18,1681824600,103.81,104.585,103.8,104.2,15922623
2023-04-19,1681911000,103.91,104.237,103.475,104.1,16093905
2023-04-20,1681997400,104.83,105.28,104.753,104.99,16450090
2023-04-21,1682083800,105.3,105.46,104.27,104.4,15244718
2023-04-24,1682343000,104.96,105.4875,104.84,105.41,17034309
2023-04-25,1682429400,106.33,107.13,106.28,106.96,21899884
2023-04-26,1682515800,106.79,107.24,105.67,105.82,19610403
2023-04-27,1682602200,105.2,105.27,104.61,104.77,20247619
2023-04-28,1682688600,106.21,106.76,105.86,106.46,26954077
2023-05-01,1682947800,105.27,105.42,102.84,103.13,32487293
2023-05-02,1683034200,104,105.7,103.89,105.7,30057756
2023-05-03,1683120600,106,106.6,105.275,106.29,23656168
2023-05-04,1683207000,105.22,106.45,105.15,105.24,25110469
2023-05-05,1683293400,104.35,104.9,104.105,104.89,15096463
2023-05-08,1683552600,103.515,103.87,103.32,103.42,20587042
2023-05-09,1683639000,103.5,103.64,103,103.05,19182506
2023-05-10,1683725400,103.67,104.24,103.64,104.05,22886805
2023-05-11,1683811800,105.295,105.52,104.72,105.15,19147223
2023-05-12,1683898200,105.05,105.25,104.25,104.27,14198538
2023-05-15,1684157400,103.39,103.47,103.12,103.19,20085302
2023-05-16,1684243800,102.4,102.9,102.11,102.88,29251698
2023-05-17,1684330200,103.08,103.16,102.345,102.58,21340887
2023-05-18,1684416600,102.2,102.26,101.75,101.82,25536613
2023-05-19,1684503000,101.26,101.86,100.93,101.1,29038022
2023-05-22,1684762200,101.25,101.71,100.67,100.74,20131107
2023-05-23,1684848600,100.43,101.25,100.275,101.03,21749470
2023-05-24,1684935000,101.28,101.36,100.53,100.53,18473351
2023-05-25,1685021400,100.7,100.8,100.03,100.28,22492819
2023-05-26,1685107800,100.12,101.1733,100,101.09,17030266
2023-05-30,1685453400,101.4,102.24,101.25,102.1,23125160
2023-05-31,1685539800,101.99,103.18,101.87,102.99,23787034
2023-06-01,1685626200,103.28,103.63,102.63,103.12,21040382
2023-06-02,1685712600,103,103.065,101.94,101.99,19136515
2023-06-05,1685971800,101.35,102.4399,101.21,101.8,14433172
2023-06-06,1686058200,101.84,102.47,101.39,102.4,14332121
2023-06-07,1686144600,102.17,102.43,100.78,100.88,25251099
2023-06-08,1686231000,100.87,102.14,100.8,102.06,23848659
2023-06-09,1686317400,101.6,102.265,101.34,101.92,22148561
2023-06-12,1686576600,102.24,102.3,101.12,102.22,19024132
2023-06-13,1686663000,102.11,102.33,100.965,101.21,25910828
2023-06-14,1686749400,101.63,102.29,101.46,102.02,29094244
2023-06-15,1686835800,103.03,103.63,102.6,103,25731994
2023-06-16,1686922200,102.44,102.8269,102.03,102.6,16759084
2023-06-20,1687267800,103.11,103.6581,103.11,103.31,17163972
2023-06-21,1687354200,102.81,103.65,102.34,103.56,19720142
2023-06-22,1687440600,102.8,103.25,102.2,102.31,23633350
2023-06-23,1687527000,103.83,103.95,102.98,103.33,22901918
2023-06-26,1687786200,103.62,103.8,103.16,103.44,12894937
2023-06-27,1687872600,103.59,103.95,102.76,103.17,18105686
2023-06-28,1687959000,103.41,103.84,102.827,103.61,23826807
2023-06-29,1688045400,102.17,102.34,101.45,101.74,41091617
2023-06-30,1688131800,102.06,103.06,101.87,102.94,32024910
2023-07-03,1688391000,102.84,103.255,102.06,102.08,16011810
2023-07-05,1688563800,101.89,102,100.74,101.11,28170286
2023-07-06,1688650200,100.2,100.38,99.47,99.68,41375735
2023-07-07,1688736600,99.18,99.6,98.985,99.08,28996478
2023-07-10,1688995800,98.86,99.53,98.85,99.21,24665198
2023-07-11,1689082200,99.57,99.97,99.29,99.72,20491147
2023-07-12,1689168600,100.1,101.12,99.765,100.83,31927964
2023-07-13,1689255000,101.31,101.97,101.03,101.89,32441493
2023-07-14,1689341400,101.72,101.935,101.235,101.29,18568974
2023-07-17,1689600600,101.23,101.485,100.92,101.34,18828245
2023-07-18,1689687000,101.8,102.065,101.57,101.8,15412764
2023-07-19,1689773400,102,102.98,101.725,102.95,27192463
2023-07-20,1689859800,102.22,102.31,101.28,101.7,56951188
2023-07-21,1689946200,102.16,102.345,101.63,101.73,20657453
2023-07-24,1690205400,101.985,102.15,101.3,101.36,17546711
2023-07-25,1690291800,100.83,101.5,100.8,101.17,17160556
2023-07-26,1690378200,101.68,101.69,100.9256,101.27,19310659
2023-07-27,1690464600,100.71,100.925,98.91,99.3,44794390
2023-07-28,1690551000,99.4,99.86,99.15,99.81,27433966
2023-07-31,1690810200,99.65,100.33,99.62,100.05,28665164
2023-08-01,1690896600,98.84,98.915,97.9,98.14,34985340
2023-08-02,1690983000,97.04,97.235,96.41,97.09,38121255
2023-08-03,1691069400,95.19,95.32,94.535,94.85,59449684
2023-08-04,1691155800,95.15,96.68,95.13,96.53,42071834
2023-08-07,1691415000,96.11,96.2,95.5,95.58,35862880
2023-08-08,1691501400,96.86,97.37,96.44,96.69,24010511
2023-08-09,1691587800,96.88,97.29,96.84,97.19,20151127
2023-08-10,1691674200,97.04,97.355,95.59,95.59,37253246
2023-08-11,1691760600,95.3,95.865,95.2,95.37,26753471
2023-08-14,1692019800,95.21,95.93,94.9,95.16,19071967
2023-08-15,1692106200,94.798,95.195,94.56,94.58,24125027
2023-08-16,1692192600,94.28,94.79,93.72,93.84,23076663
2023-08-17,1692279000,93.5,93.605,93.02,93.44,32244852
2023-08-18,1692365400,93.43,94.19,93.3015,93.77,24181708
2023-08-21,1692624600,92.66,92.76,92.23,92.52,29254118
2023-08-22,1692711000,92.64,93.275,92.46,93.23,21323072
2023-08-23,1692797400,94.3,95.55,94.23,95.54,38294655
2023-08-24,1692883800,95.13,95.55,94.885,94.91,22300818
2023-08-25,1692970200,94.66,95.51,94.51,95.22,23865213
2023-08-28,1693229400,95.65,95.66,94.8897,95.32,16037346
2023-08-29,1693315800,94.97,96.51,94.94,96.31,28478118
2023-08-30,1693402200,96.16,96.4,95.88,96.21,17550106
2023-08-31,1693488600,96.54,97.05,96.425,96.64,26959665
2023-09-01,1693575000,95.8,95.82,94.62,94.85,32469677
2023-09-05,1693920600,94.28,94.285,93.49,93.52,29435888
2023-09-06,1694007000,94.09,94.11,93.46,93.75,23609041
2023-09-07,1694093400,94,94.07,93.68,94.01,18091459
2023-09-08,1694179800,94.38,94.9,94.17,94.37,17054175
2023-09-11,1694439000,93.7,93.98,93.55,93.69,17061472
2023-09-12,1694525400,93.89,94.24,93.5808,94.23,20034330
2023-09-13,1694611800,93.92,94.5301,93.82,94.21,23332277
2023-09-14,1694698200,93.94,94.21,93.4,93.53,27800615
2023-09-15,1694784600,93.46,93.48,92.96,92.96,25642922
2023-09-18,1695043800,92.85,93.53,92.82,93.49,17963376
2023-09-19,1695130200,93.08,93.43,92.8,92.8,24947684
2023-09-20,1695216600,93.29,93.6,93.04,93.09,29451164
2023-09-21,1695303000,91.285,91.365,90.69,90.7,59958747
2023-09-22,1695389400,90.81,91.605,90.67,91.43,29530323
2023-09-25,1695648600,89.66,90.04,89.15,89.18,45587914
2023-09-26,1695735000,89.43,89.62,88.71,88.87,38104127
2023-09-27,1695821400,89.535,89.62,88.09,88.41,47111201
2023-09-28,1695907800,87.62,88.73,87.1,88.68,60238010
2023-09-29,1695994200,89.27,89.49,88.13,88.69,49010145
2023-10-02,1696253400,87.82,87.93,86.71,86.93,44704259
2023-10-03,1696339800,86.31,86.65,84.885,85.06,71362641
2023-10-04,1696426200,85.77,86.31,85.37,86.26,56281598
2023-10-05,1696512600,86.105,86.19,85.635,85.83,35758761
2023-10-06,1696599000,84.2,85.685,84.06,84.79,62787857
2023-10-09,1696858200,85.5,86.8,84.95,86.78,29424888
2023-10-10,1696944600,85.85,87.17,85.52,86.66,54743911
2023-10-11,1697031000,87.85,88.47,87.6,88.47,58517653
2023-10-12,1697117400,88.05,88.1894,85.925,86.07,66986734
2023-10-13,1697203800,87.6,87.83,87.17,87.61,44203089
2023-10-16,1697463000,86.19,86.37,85.9,86.2,38309794
2023-10-17,1697549400,84.89,85.6299,84.5045,85.25,52949096
2023-10-18,1697635800,84.38,84.72,83.85,84.5,63724616
2023-10-19,1697722200,83.88,84.57,82.74,82.77,87696929
2023-10-20,1697808600,82.99,83.54,82.77,83.24,52188750
2023-10-23,1698067800,82.81,84.86,82.42,84.24,70890435
2023-10-24,1698154200,84.44,85.35,84.09,85.35,46267684
2023-10-25,1698240600,84.02,84.13,83.13,83.45,60737170
2023-10-26,1698327000,83.48,84.815,83.4,84.73,49704075
2023-10-27,1698413400,84.19,84.97,83.74,84.37,32362270
2023-10-30,1698672600,83.81,84.5,83.24,83.99,45026920
2023-10-31,1698759000,84.365,84.77,83.55,83.58,37269235
2023-11-01,1698845400,84.04,85.12,84.02,85.1,72308463
2023-11-02,1698931800,86.675,87.31,86.22,87.04,69739356
2023-11-03,1699018200,88.81,89.05,87.575,87.63,77692250
2023-11-06,1699281000,87.07,87.2,86.6,86.78,41341870
2023-11-07,1699367400,87.61,88.5,87.59,88.06,37834193
2023-11-08,1699453800,88.48,89.62,88.45,89.56,53893384
2023-11-09,1699540200,88.94,89.03,86.74,87.5,88975095
2023-11-10,1699626600,88.225,88.425,87.7749,87.99,36594021
2023-11-13,1699885800,87.22,87.94,86.9,87.79,25661516
2023-11-14,1699972200,90,90.15,89.29,89.78,65666823
2023-11-15,1700058600,89.01,89.14,88.31,88.52,56205295
2023-11-16,1700145000,89.3,89.96,89.25,89.62,49473882
2023-11-17,1700231400,90.16,90.425,89.6358,90.04,44100610
2023-11-20,1700490600,89.62,90.655,89.61,90.59,40517570
2023-11-21,1700577000,90.5,90.8,89.885,90.55,27720966
2023-11-22,1700663400,91.12,91.32,90.38,90.87,31215577
2023-11-24,1700836200,90.1,90.26,89.79,89.8,20199626
2023-11-27,1701095400,90.3,91.34,90.205,91.3,39804428
2023-11-28,1701181800,90.91,91.53,90.785,91.48,44989267
2023-11-29,1701268200,92.11,92.695,91.775,92.63,61647846
2023-11-30,1701354600,91.97,92.29,91.155,91.56,60520870
2023-12-01,1701441000,91.31,93.0599,91.1316,92.99,64172227
2023-12-04,1701700200,92.49,92.83,92.09,92.615,33766250
2023-12-05,1701786600,93.63,94.62,93.565,94.61,73588581
2023-12-06,1701873000,95.08,96.05,94.87,95.87,61606082
2023-12-07,1701959400,95.18,96.08,95.06,95.32,47970168
2023-12-08,1702045800,94.42,94.715,93.91,94.54,44809246
2023-12-11,1702305000,94.01,94.44,93.53,94.34,33909733
2023-12-12,1702391400,94.15,94.7,93.9004,94.62,36996909
2023-12-13,1702477800,95.17,96.98,95.02,96.84,70828499
2023-12-14,1702564200,97.66,99.04,97.42,99.04,87798591
2023-12-15,1702650600,98.69,99.35,98.58,99.15,59941256
2023-12-18,1702909800,98.5,98.5,98.02,98.36,34746018
2023-12-19,1702996200,98.855,99.26,98.66,98.89,30018415
2023-12-20,1703082600,99.11,99.69,98.58,99.56,51229377
2023-12-21,1703169000,99.74,99.84,98.75,98.93,65231183
2023-12-22,1703255400,99.38,99.38,98.24,98.475,29244249
2023-12-26,1703601000,98.54,98.87,98.48,98.76,24019749
2023-12-27,1703687400,99.78,100.53,99.5,100.51,45082814
2023-12-28,1703773800,100.09,100.57,99.56,99.78,36212985
2023-12-29,1703860200,99.13,99.815,98.795,98.88,41616185
2024-01-02,1704205800,98.2293,98.65,98,98.31,47797425
2024-01-03,1704292200,97.38,98.85,97.15,98.72,58159496
2024-01-04,1704378600,97.42,97.64,97.065,97.22,52604511
2024-01-05,1704465000,96.5,97.68,96.21,96.29,45894801
2024-01-08,1704724200,96.23,97.38,96.09,97.24,39485848
2024-01-09,1704810600,96.64,97.165,96.585,96.62,34373950
2024-01-10,1704897000,96.92,97.045,96.121,96.17,48227798
2024-01-11,1704983400,96.17,96.83,95.71,96.71,78858911
2024-01-12,1705069800,96.78,97.27,96.27,96.52,38883928
2024-01-16,1705415400,95.62,95.79,94.51,94.82,61716698
2024-01-17,1705501800,94.6,95,94.16,94.67,55506807
2024-01-18,1705588200,94.46,94.58,93.51,93.79,77339062
2024-01-19,1705674600,93.71,94.165,93.26,94.09,47030912
2024-01-22,1705933800,94.82,95.08,94.39,94.65,35756416
2024-01-23,1706020200,93.89,93.99,93.4299,93.9,35786747
2024-01-24,1706106600,94.51,94.54,93.1,93.35,54574914
2024-01-25,1706193000,94,94.216,93.57,93.96,57019409
2024-01-26,1706279400,93.93,94.07,93.485,93.78,29276865
2024-01-29,1706538600,94.31,95.165,94.12,94.86,38243550
2024-01-30,1706625000,95.48,95.84,94.74,95.72,40151415
2024-01-31,1706711400,96.22,96.91,96,96.66,80646722
2024-02-01,1706797800,97.42,98.67,97.19,98.24,84291219
2024-02-02,1706884200,96.27,96.62,95.69,96.07,63823250
2024-02-05,1707143400,94.63,94.85,94.02,94.13,53827357
2024-02-06,1707229800,94.24,95.15,94.211,95.05,33411473
2024-02-07,1707316200,94.57,95.23,94.52,94.59,40120215
2024-02-08,1707402600,94.02,94.3,93.655,94.04,50087687
2024-02-09,1707489000,93.76,94.01,93.6618,93.85,27951308
2024-02-12,1707748200,93.9,94.14,93.5001,93.96,27890272
2024-02-13,1707834600,92.86,93.059,92.33,92.35,49768460
2024-02-14,1707921000,92.3,93.05,92.23,92.82,44191551
2024-02-15,1708007400,93.56,93.72,93,93.3,49598494
2024-02-16,1708093800,92.48,92.845,92.34,92.76,33116772
2024-02-20,1708439400,92.79,93.19,92.72,92.84,24469329
2024-02-21,1708525800,92.83,92.895,92.0063,92.18,36404244
2024-02-22,1708612200,92.33,92.76,92.265,92.63,45190659
2024-02-23,1708698600,92.75,93.999,92.75,93.87,38406710
2024-02-26,1708957800,94,94.03,93.19,93.59,27855044
2024-02-27,1709044200,93.24,93.47,92.845,92.93,30241953
2024-02-28,1709130600,93.08,93.595,92.9,93.52,34574178
2024-02-29,1709217000,93.82,94.3,93.78,94.18,51038614
2024-03-01,1709303400,93.44,94.51,93.01,94.47,45832788
2024-03-04,1709562600,93.7,94.155,93.68,94.09,23864210
2024-03-05,1709649000,95.23,95.68,94.965,95.43,37721853
2024-03-06,1709735400,95.49,96.17,95.41,95.99,40571580
2024-03-07,1709821800,96.36,96.4,95.48,95.9,39075047
2024-03-08,1709908200,95.8,96.045,95.48,95.73,25023234
2024-03-11,1710163800,95.96,96.01,95.37,95.68,17787915
2024-03-12,1710250200,95.04,95.21,94.69,94.88,29566000
2024-03-13,1710336600,94.5,94.74,94.21,94.42,38270057
2024-03-14,1710423000,93.73,93.75,92.86,92.97,58365563
2024-03-15,1710509400,93.06,93.19,92.785,92.94,34997707
2024-03-18,1710768600,92.73,92.99,92.5,92.66,29519539
2024-03-19,1710855000,92.85,93.27,92.69,92.92,26953132
2024-03-20,1710941400,93.1,93.79,92.29,92.89,43460080
2024-03-21,1711027800,93.27,93.43,92.725,93.09,34276643
2024-03-22,1711114200,94.19,94.21,93.78,93.98,30262284
2024-03-25,1711373400,93.707,93.75,93.3,93.51,24011759
2024-03-26,1711459800,93.51,93.87,93.2813,93.77,34422997
2024-03-27,1711546200,93.99,94.7,93.94,94.7,50157816
2024-03-28,1711632600,94.49,95.02,94.32,94.62,34540428
2024-04-01,1711978200,93.29,93.3,92.455,92.55,48945448
2024-04-02,1712064600,91.57,92.2,91.335,92.04,43086304
2024-04-03,1712151000,91.26,92.05,91.05,92.02,45494441
2024-04-04,1712237400,92.63,92.76,92.04,92.68,47957413
2024-04-05,1712323800,91.69,92.18,91.38,91.39,42495899
2024-04-08,1712583000,91.23,91.59,91.13,91.38,37879796
2024-04-09,1712669400,91.869,92.36,91.835,92.23,32537023
2024-04-10,1712755800,91.2001,91.3,90.05,90.22,74368942
2024-04-11,1712842200,90.38,90.44,89.51,89.81,65751184
2024-04-12,1712928600,90.64,90.95,90.28,90.29,47900106
2024-04-15,1713187800,89.22,89.26,88.523,88.89,55993060
2024-04-16,1713274200,88.05,88.58,87.785,88.3,45103244
2024-04-17,1713360600,88.87,89.375,88.46,89.28,57946990
2024-04-18,1713447000,89.24,89.27,88.59,88.83,43839454
2024-04-19,1713533400,89.39,89.39,88.905,89.15,44826771
2024-04-22,1713792600,88.68,89.12,88.645,89,24969046
2024-04-23,1713879000,88.73,89.54,88.55,89.03,27222722
2024-04-24,1713965400,88.56,88.63,87.5,88.4,48986757
2024-04-25,1714051800,87.46,87.9,87.34,87.78,49282640
2024-04-26,1714138200,88.245,88.605,88.05,88.24,31589821
2024-04-29,1714397400,88.66,89.015,88.48,88.98,39228621
2024-04-30,1714483800,88.42,88.73,88.095,88.22,41054666
2024-05-01,1714570200,88.6,89.21,88.24,88.56,59679513
2024-05-02,1714656600,88.21,89.01,88.025,88.94,58925388
2024-05-03,1714743000,89.93,90.12,89.27,89.84,50066075
2024-05-06,1715002200,89.87,90.25,89.67,90.19,23868185
2024-05-07,1715088600,90.9,91.24,90.6141,90.74,30525831
2024-05-08,1715175000,90.31,90.46,90.16,90.19,31171659
2024-05-09,1715261400,89.87,90.77,89.82,90.63,39606723
2024-05-10,1715347800,90.28,90.38,89.96,90.12,21913759
2024-05-13,1715607000,90.55,90.61,90.31,90.35,23157495
2024-05-14,1715693400,90.65,90.9199,90.42,90.86,25746391
2024-05-15,1715779800,91.87,92.255,91.63,92.1,65142886
2024-05-16,1715866200,92.39,92.4205,91.94,92.01,37902425
2024-05-17,1715952600,91.64,91.8,91.34,91.39,24755012
2024-05-20,1716211800,91.08,91.315,91.01,91.12,17922808
2024-05-21,1716298200,91.73,91.77,91.43,91.59,15334425
2024-05-22,1716384600,91.27,91.7799,91.26,91.7,38073722
2024-05-23,1716471000,91.8,91.8,90.82,91.11,51294662
2024-05-24,1716557400,90.97,91.47,90.9,91.38,19164425
2024-05-28,1716903000,91.33,91.36,90.03,90.07,45973742
2024-05-29,1716989400,89.34,89.395,88.68,88.98,45508378
2024-05-30,1717075800,89.6,89.97,89.44,89.84,29571653
2024-05-31,1717162200,90.48,90.66,90.25,90.45,41308832
2024-06-03,1717421400,90.64,91.67,90.61,91.6,42272093
2024-06-04,1717507800,92.2,92.8,91.99,92.67,42581462
2024-06-05,1717594200,93,93.35,92.3887,93.35,43153858
2024-06-06,1717680600,92.92,93.43,92.86,93.21,22891863
2024-06-07,1717767000,91.83,91.83,91.4,91.5,35240475
2024-06-10,1718026200,91,91.06,90.65,90.89,20593244
2024-06-11,1718112600,91.032,91.87,90.9223,91.83,30329207
2024-06-12,1718199000,93.02,93.57,92.485,92.52,42554583
2024-06-13,1718285400,93.22,93.99,92.95,93.88,33093758
2024-06-14,1718371800,94.42,94.84,94.24,94.67,28776710
2024-06-17,1718631000,93.52,93.81,93.28,93.73,31040202
2024-06-18,1718717400,93.89,94.6,93.73,94.59,26881038
2024-06-20,1718890200,93.41,94,93.34,93.96,30246274
2024-06-21,1718976600,94.24,94.479,93.59,93.96,22830882
2024-06-24,1719235800,94.05,94.34,93.735,94.34,56939096
2024-06-25,1719322200,94.07,94.55,94.04,94.5,23160000
2024-06-26,1719408600,93.28,93.465,93.11,93.15,38489135
2024-06-27,1719495000,93.52,93.71,93.42,93.52,23140767
2024-06-28,1719581400,93.73,93.765,91.78,91.78,55119554
2024-07-01,1719840600,90.42,91.08,89.82,89.91,49735376
2024-07-02,1719927000,90.68,90.805,90.08,90.61,34204719
2024-07-03,1720013400,91.17,91.89,91.085,91.8,35563313
2024-07-05,1720186200,92.27,92.725,91.9,92.56,34895512
2024-07-08,1720445400,92.54,92.845,92.2246,92.76,16095651
2024-07-09,1720531800,92.47,92.675,91.87,92.35,30304136
2024-07-10,1720618200,92.45,92.68,92.2603,92.64,23572469
2024-07-11,1720704600,93.68,94.135,93.47,93.54,49761785
2024-07-12,1720791000,93.53,93.94,93.34,93.94,27796476
2024-07-15,1721050200,93,93.3,92.78,92.86,37918854
2024-07-16,1721136600,93.53,94.21,93.39,94.17,36383720
2024-07-17,1721223000,93.92,94.4,93.69,94.19,29036838
2024-07-18,1721309400,93.68,94.14,93.38,93.47,34553075
2024-07-19,1721395800,93.04,93.16,92.82,92.92,32164669
2024-07-22,1721655000,93.4,93.52,92.3,92.65,36160366
2024-07-23,1721741400,92.81,93.03,92.49,92.52,23497988
2024-07-24,1721827800,92.59,92.85,91.47,91.52,50757116
2024-07-25,1721914200,92.025,92.86,91.96,92.27,44999074
2024-07-26,1722000600,92.95,93.15,92.71,92.99,34423772
2024-07-29,1722259800,93.67,93.69,93.22,93.49,25801347
2024-07-30,1722346200,93.75,94.05,93.3,93.85,28169820
2024-07-31,1722432600,94.53,94.84,94.24,94.81,47445288
2024-08-01,1722519000,95.14,95.905,95.12,95.31,77254240
2024-08-02,1722605400,97,98.37,96.8901,98.28,91912942
2024-08-05,1722864600,99.69,99.935,97.9,98.8,90686310
2024-08-06,1722951000,98.15,98.41,96.59,96.59,61316860
2024-08-07,1723037400,95.95,96.45,95.5,95.91,51337133
2024-08-08,1723123800,95.115,95.4,94.84,95.32,37815770
2024-08-09,1723210200,96.51,96.54,96.0906,96.26,32141763
2024-08-12,1723469400,96.03,96.82,95.88,96.61,24261382
2024-08-13,1723555800,97.3,97.36,96.98,97.28,30366938
2024-08-14,1723642200,97.55,98.16,97.5082,97.89,31334061
2024-08-15,1723728600,96.405,97.1,96.21,97.1,38723695
2024-08-16,1723815000,97.44,97.5399,97.01,97.44,28540965
2024-08-19,1724074200,97.42,98.155,97.405,97.89,25322138
2024-08-20,1724160600,98.32,98.855,98.12,98.67,25239303
2024-08-21,1724247000,98.67,99.2,98.21,98.73,29229982
2024-08-22,1724333400,98.23,98.3,97.43,97.75,33453848
2024-08-23,1724419800,98.19,98.67,97.96,98.39,32005083
2024-08-26,1724679000,98.69,98.6975,98.08,98.14,23198710
2024-08-27,1724765400,97.49,98.08,97.41,97.97,21507650
2024-08-28,1724851800,98.01,98.2,97.725,97.85,18501411
2024-08-29,1724938200,97.37,97.64,97.125,97.53,24988243
2024-08-30,1725024600,97.68,97.985,96.47,96.49,42896190
2024-09-03,1725370200,97.56,98.06,97.42,97.75,48947900
2024-09-04,1725456600,97.88,99.03,97.81,99.01,40885163
2024-09-05,1725543000,99.34,99.6787,98.775,99.57,47450878
2024-09-06,1725629400,99.55,100.78,99.1901,99.56,57406404
2024-09-09,1725888600,99.4,100.1,99.16,99.99,26961402
2024-09-10,1725975000,99.87,100.91,99.82,100.69,31703409
2024-09-11,1726061400,100.49,101.235,100.35,100.61,39497052
2024-09-12,1726147800,100.36,100.55,99.69,100.14,41812529
2024-09-13,1726234200,100.46,100.61,100.02,100.41,25722135
2024-09-16,1726493400,100.63,101.37,100.41,101.33,30866261
2024-09-17,1726579800,101.47,101.64,100.74,100.84,31699372
2024-09-18,1726666200,100.24,100.7266,99.54,99.59,48897047
2024-09-19,1726752600,98.92,99.31,98.77,99.26,39979816
2024-09-20,1726839000,98.99,99.245,98.72,98.88,37067571
2024-09-23,1727098200,98.5,99.09,98.02,98.67,35703932
2024-09-24,1727184600,98,98.89,97.85,98.65,31005351
2024-09-25,1727271000,98.26,98.32,97.79,97.83,36738236
2024-09-26,1727357400,98.07,98.245,97.42,98.06,33332315
2024-09-27,1727443800,98.54,98.755,98.21,98.57,28317628
2024-09-30,1727703000,98.64,98.71,97.8839,98.1,34208260
2024-10-01,1727789400,98.8,99.33,98.385,98.49,45254237
2024-10-02,1727875800,97.36,97.73,97.06,97.66,35810763
2024-10-03,1727962200,97.34,97.51,96.74,96.74,39677767
2024-10-04,1728048600,95.44,95.96,95.4,95.55,56970281
2024-10-07,1728307800,94.98,95.2672,94.76,94.83,42606634
2024-10-08,1728394200,94.39,95.03,94.335,94.99,33709587
2024-10-09,1728480600,94.67,94.905,94.23,94.45,35807681
2024-10-10,1728567000,93.88,94.09,93.41,94.08,53667357
2024-10-11,1728653400,93.48,94.0656,93.422,93.7,27406423
2024-10-14,1728912600,93.04,93.78,92.98,93.765,28795344
2024-10-15,1728999000,94.46,95,94.3736,94.91,46429050
2024-10-16,1729085400,95.39,95.62,95.14,95.31,32281486
2024-10-17,1729171800,94.29,94.44,93.6701,93.8,43427214
2024-10-18,1729258200,94.05,94.28,93.86,93.87,25258632
2024-10-21,1729517400,93.02,93.09,92.23,92.23,49504698
2024-10-22,1729603800,92.65,92.76,92.091,92.32,32096893
2024-10-23,1729690200,91.84,92.37,91.6601,92.07,33354245
2024-10-24,1729776600,92.23,93,91.96,92.66,32507395
2024-10-25,1729863000,92.99,93.0375,92.02,92.14,28667060
2024-10-28,1730122200,92.27,92.29,91.415,91.89,33156461
2024-10-29,1730208600,91.17,92.06,90.9837,92.03,46545204
2024-10-30,1730295000,92.84,93.285,92.16,92.3,41951068
2024-10-31,1730381400,92.2,92.94,91.87,92.45,52173754
2024-11-01,1730467800,92.26,92.515,90.8,90.84,80401983
2024-11-04,1730730600,92.28,92.57,91.63,92.25,49747594
2024-11-05,1730817000,92.03,92.9,91.6,92.74,46986037
2024-11-06,1730903400,89.64,90.72,89.5545,90.2,98895693
2024-11-07,1730989800,90.75,91.62,90.65,91.33,56221411
2024-11-08,1731076200,92,92.5955,91.84,92.49,56756175
2024-11-11,1731335400,92.25,92.295,91.62,92.04,22369200
2024-11-12,1731421800,91.37,91.85,90.51,90.66,57908367
2024-11-13,1731508200,91.515,91.54,89.72,89.8,49009127
2024-11-14,1731594600,90.56,91.025,90.27,90.32,53328347
2024-11-15,1731681000,89.915,90.65,89.51,90.08,73722402
2024-11-18,1731940200,89.66,90.59,89.424,90.24,36058665
2024-11-19,1732026600,90.82,91.07,90.62,90.7,29585102
2024-11-20,1732113000,90.15,90.83,90.11,90.41,27755434
2024-11-21,1732199400,90.45,90.85,90,90.34,28365740
2024-11-22,1732285800,90.51,90.7,90.15,90.39,21547548
2024-11-25,1732545000,92.2,92.78,91.985,92.73,56858036
2024-11-26,1732631400,92.16,92.44,91.81,92.37,31122249
2024-11-27,1732717800,93.04,93.38,92.67,93.01,39442167
2024-11-29,1732890600,93.78,93.985,93.44,93.97,31905735
2024-12-02,1733149800,93.27,94.1475,93,93.87,39406033
2024-12-03,1733236200,93.93,94.03,92.99,93.06,32768887
2024-12-04,1733322600,92.61,94.19,92.54,94.06,35851069
2024-12-05,1733409000,93.72,94.39,93.655,94.25,23695821
2024-12-06,1733495400,94.72,94.85,94.02,94.39,31761525
2024-12-09,1733754600,93.99,94.04,93.465,93.52,30509582
2024-12-10,1733841000,93.02,93.3,92.905,93.08,28706474
2024-12-11,1733927400,93.07,93.29,92.105,92.2,38748397
2024-12-12,1734013800,91.64,91.746,91,91.08,45368386
2024-12-13,1734100200,90.8,90.85,90.08,90.15,39485960
2024-12-16,1734359400,90.55,90.6152,90.05,90.42,23482268
2024-12-17,1734445800,90.52,90.985,90.455,90.64,23839892
2024-12-18,1734532200,89.97,90.37,89.14,89.16,61328421
2024-12-19,1734618600,88.07,88.385,87.505,87.81,99083313
2024-12-20,1734705000,88.53,88.91,88.29,88.31,45542412
2024-12-23,1734964200,88.16,88.23,87.44,87.5,32764561
2024-12-24,1735050600,87.04,87.89,86.98,87.87,22377628
2024-12-26,1735223400,87.21,87.96,87.2,87.82,19996215
2024-12-27,1735309800,87.48,87.775,87.06,87.1,27262321
2024-12-30,1735569000,87.83,88.035,87.67,87.8,48519626
2024-12-31,1735655400,88.13,88.28,87.26,87.33,31917307
2025-01-02,1735828200,87.8,88.115,87.21,87.57,27841296
2025-01-03,1735914600,87.72,87.88,87.18,87.29,21962204
2025-01-06,1736173800,87.05,87.23,86.67,86.9,30231493
2025-01-07,1736260200,86.6,86.77,85.79,85.92,41757185
2025-01-08,1736346600,85.47,86.2,85.34,86.03,44590774
2025-01-10,1736519400,85.28,85.845,85.16,85.46,47115832
2025-01-13,1736778600,85.53,85.66,85.04,85.43,33258924
2025-01-14,1736865000,85.23,85.36,84.89,85.29,33412888
2025-01-15,1736951400,86.695,86.975,86.395,86.76,54120729
2025-01-16,1737037800,86.64,87.395,86.28,87.04,34651051
2025-01-17,1737124200,87.43,87.48,87.04,87.19,29875611
2025-01-21,1737469800,87.89,88.17,87.63,87.97,30548614
2025-01-22,1737556200,87.87,87.98,87.32,87.51,25278409
2025-01-23,1737642600,86.64,86.99,86.525,86.83,31949017
2025-01-24,1737729000,86.72,87.28,86.6,87.22,21110355
2025-01-27,1737988200,88.155,88.43,87.85,88.25,42864203
2025-01-28,1738074600,87.84,88.2,87.6591,88.19,25519105
2025-01-29,1738161000,88.43,88.615,87.63,88.01,25342751
2025-01-30,1738247400,88.41,88.705,88.17,88.34,25094896
2025-01-31,1738333800,88.38,88.66,87.43,87.76,48812469
2025-02-03,1738593000,88.575,89.1,87.8,88.16,70657233
2025-02-04,1738679400,87.55,88.4499,87.48,88.43,33413956
2025-02-05,1738765800,89.45,90.175,89.39,89.89,48331179
2025-02-06,1738852200,89.86,90.15,89.545,89.85,22509940
2025-02-07,1738938600,89.24,89.45,88.935,89.27,31171245
2025-02-10,1739197800,89.264,89.53,88.85,89,22736056
2025-02-11,1739284200,88.53,88.68,88.375,88.43,21513015
2025-02-12,1739370600,87.29,87.6,86.8601,87.23,48536211
2025-02-13,1739457000,88.09,88.89,88.07,88.68,42718098
2025-02-14,1739543400,89.38,89.68,89.12,89.15,27460743
2025-02-18,1739889000,88.54,88.84,88.04,88.1,29429174
2025-02-19,1739975400,87.95,88.45,87.885,88.21,20584304
2025-02-20,1740061800,88.45,88.76,88.45,88.54,27913442
2025-02-21,1740148200,88.87,89.93,88.82,89.61,46912348
2025-02-24,1740407400,89.33,90.06,89.26,89.87,26217988
2025-02-25,1740493800,90.97,91.5,90.8,91.42,50125054
2025-02-26,1740580200,91.42,92.06,91.2,91.96,32220186
2025-02-27,1740666600,91.31,91.79,91.14,91.31,53373572
2025-02-28,1740753000,91.85,92.475,91.4701,92.43,49388600
2025-03-03,1741012200,91.41,92.71,91.37,92.57,42904172
2025-03-04,1741098600,92.44,92.79,91.265,91.43,56721962
2025-03-05,1741185000,91.56,91.8,90.61,90.7,50215938
2025-03-06,1741271400,90.48,90.8,89.7337,90.4,42827474
2025-03-07,1741357800,91.14,91.16,89.985,90.11,36903632
2025-03-10,1741613400,91.08,91.625,90.91,91.05,41440750
2025-03-11,1741699800,90.965,91.4905,90.14,90.4,40555666
2025-03-12,1741786200,90,90.38,89.78,89.86,32734569
2025-03-13,1741872600,89.58,90.71,89.375,90.65,38675413
2025-03-14,1741959000,90.01,90.41,89.86,90.17,24657989
2025-03-17,1742218200,90.8,91.18,90.38,90.62,26700275
2025-03-18,1742304600,90.14,91.02,90.12,90.71,23654748
2025-03-19,1742391000,90.68,91.22,90.38,91.18,31378713
2025-03-20,1742477400,92.2,92.24,91.155,91.24,35645824
2025-03-21,1742563800,91.33,91.435,90.62,90.7,29192076
2025-03-24,1742823000,90.2,90.255,89.7,89.77,27985580
2025-03-25,1742909400,89.57,90.08,89.51,89.76,22333833
2025-03-26,1742995800,89.39,89.595,89.09,89.17,25165323
2025-03-27,1743082200,88.85,89.025,88.63,88.91,23674536
2025-03-28,1743168600,89.88,90.34,89.81,90.14,39869372
2025-03-31,1743427800,91.23,91.335,90.36,91.03,38824321
2025-04-01,1743514200,91.25,91.905,91.21,91.49,39800072
2025-04-02,1743600600,92.37,92.37,90.66,91.43,43488407
2025-04-03,1743687000,92.52,92.73,91.84,91.85,57467355
2025-04-04,1743773400,93.65,94.09,92.82,92.85,92794210
2025-04-07,1744032600,91.88,92.19,89.795,90.05,124987637
2025-04-08,1744119000,89.28,90.2,88.22,88.35,73861858
2025-04-09,1744205400,87.27,88.91,85.89,88.87,131353453
2025-04-10,1744291800,87.74,88.175,86.3501,86.42,78591989
2025-04-11,1744378200,85.87,87.2993,85,86.89,94814139
2025-04-14,1744637400,87.4,87.71,86.815,87.51,37596366
2025-04-15,1744723800,87.15,88.185,87.035,87.82,22553898
2025-04-16,1744810200,87.8,88.5,87.47,88.31,35607337
2025-04-17,1744896600,88.04,88.2,87.23,87.53,31758430
2025-04-21,1745242200,86.6,87.07,85.98,86,39343217
2025-04-22,1745328600,86.82,87.0212,86.4,86.48,32552091
2025-04-23,1745415000,88.88,89.06,87.1701,87.32,44082157
2025-04-24,1745501400,88.03,88.35,87.76,88.24,24190774
2025-04-25,1745587800,88.9,89.105,88.595,88.89,22513925
2025-04-28,1745847000,88.655,89.53,88.612,89.45,20130510
2025-04-29,1745933400,89.32,90.21,89.295,90.2,22129478
2025-04-30,1746019800,89.78,90.05,89.33,89.47,42630588
2025-05-01,1746106200,89.26,89.28,88.3,88.69,29932841
2025-05-02,1746192600,87.71,88.0674,87.54,87.73,32090382
2025-05-05,1746451800,87.345,87.405,86.83,87.24,22862807
2025-05-06,1746538200,86.8,87.53,86.64,87.53,21095153
2025-05-07,1746624600,87.92,88.21,87.82,87.9,23178423
2025-05-08,1746711000,88.015,88.06,86.89,86.92,25483679
2025-05-09,1746797400,87,87.31,86.92,87.05,17007874
2025-05-12,1747056600,86.38,86.78,86.19,86.24,32115028
2025-05-13,1747143000,86.13,86.285,85.5,85.89,53912161
2025-05-14,1747229400,85.75,85.87,85.2,85.32,42119809
2025-05-15,1747315800,85.63,86.32,85.48,86.07,59447991
2025-05-16,1747402200,86.87,86.89,86.195,86.3,31778178
2025-05-19,1747661400,84.91,86.116,84.83,86.05,49361877
2025-05-20,1747747800,85.425,85.6,85.06,85.43,35493074
2025-05-21,1747834200,84.68,85.055,83.7601,83.97,77053056
2025-05-22,1747920600,83.521,84.43,83.295,84.41,61747852
2025-05-23,1748007000,84.77,84.82,84.305,84.55,47139246
2025-05-27,1748352600,85.35,86.025,85.15,85.73,56773411
2025-05-28,1748439000,85.41,85.5372,84.97,85.36,34806779
2025-05-29,1748525400,85.77,86.26,85.64,86.15,39003618
2025-05-30,1748611800,86.085,86.47,85.88,86.28,49042064
2025-06-02,1748871000,85.29,85.47,84.79,85.16,46213110
2025-06-03,1748957400,85.44,85.735,84.885,85.01,33731261
2025-06-04,1749043800,85.79,86.65,85.645,86.39,57441529
2025-06-05,1749130200,86.68,86.93,86.22,86.45,37715267
2025-06-06,1749216600,85.79,85.925,85.275,85.35,38130095
2025-06-09,1749475800,85.04,85.64,85.035,85.44,26560750
2025-06-10,1749562200,86.095,86.1774,85.515,85.88,24857001
2025-06-11,1749648600,85.81,86.4,85.71,86.14,36334820
2025-06-12,1749735000,86.89,87.2,86.6,87.17,43017814
2025-06-13,1749821400,86.73,86.875,85.775,86.33,49373982
2025-06-16,1750080600,86.08,86.43,85.46,85.46,36496625
2025-06-17,1750167000,86,86.66,85.75,86.5,34521571
2025-06-18,1750253400,86.88,87.09,86.35,86.65,38588982
2025-06-20,1750426200,86.14,86.79,85.95,86.49,26001907
2025-06-23,1750685400,86.93,87.4407,86.77,86.77,36851824
2025-06-24,1750771800,86.47,87.59,86.425,87.4,32959113
2025-06-25,1750858200,87.11,87.51,86.8,87.51,26345293
2025-06-26,1750944600,87.59,87.95,87.2,87.95,30467517
2025-06-27,1751031000,87.57,88.16,87.235,87.39,74993500
2025-06-30,1751290200,87.86,88.435,87.61,88.25,53695166
2025-07-01,1751376600,88.13,88.31,87.66,88.14,38960579
2025-07-02,1751463000,87.19,87.59,87.1,87.58,39382249
2025-07-03,1751549400,87.165,87.29,86.85,86.97,26729101
2025-07-07,1751895000,86.54,86.56,85.92,86.14,38314669
2025-07-08,1751981400,85.57,86.04,85.44,86.03,31406989
2025-07-09,1752067800,86.19,86.93,86.175,86.93,29821887
2025-07-10,1752154200,86.83,87.06,86.485,86.99,24525548
2025-07-11,1752240600,86.23,86.27,85.64,85.79,40764785
2025-07-14,1752499800,85.54,85.88,85.315,85.61,24609530
2025-07-15,1752586200,85.89,85.91,84.9,85.01,40454986
2025-07-16,1752672600,85.275,85.6566,84.19,85.13,65987689
2025-07-17,1752759000,85.22,85.485,84.99,85.11,31875451
2025-07-18,1752845400,85.43,85.46,85.1,85.24,27534948
2025-07-21,1753104600,86.215,86.505,85.96,86,40019530
2025-07-22,1753191000,86.17,86.77,86.11,86.52,35190321
2025-07-23,1753277400,86.05,86.2,85.785,86.04,31008454
2025-07-24,1753363800,85.55,86.24,85.51,85.89,25164761
2025-07-25,1753450200,85.8,86.44,85.72,86.43,27196153
2025-07-28,1753709400,85.99,86.2,85.83,85.87,26812463
2025-07-29,1753795800,86.23,87.34,86.2,87.32,47828275
2025-07-30,1753882200,86.77,86.96,86.56,86.87,40670866
2025-07-31,1753968600,87.13,87.41,86.84,86.92,49814080
2025-08-01,1754055000,87.56,87.93,87.515,87.82,63434525
2025-08-04,1754314200,87.955,88.15,87.65,88.06,36425167
2025-08-05,1754400600,87.85,88.45,87.78,88.33,28586109
2025-08-06,1754487000,87.84,88.045,86.92,87.82,42589347
2025-08-07,1754573400,87.915,88.25,87.59,87.67,29213145
2025-08-08,1754659800,87.36,87.385,87.1546,87.29,21596334
2025-08-11,1754919000,87.54,87.67,87.28,87.39,20100909
2025-08-12,1755005400,86.9,86.9681,86.55,86.95,41087211
2025-08-13,1755091800,87.44,87.81,87.425,87.67,30817493
2025-08-14,1755178200,87.51,87.51,86.89,87.02,33397435
2025-08-15,1755264600,86.66,86.78,86.25,86.4,36343551
2025-08-18,1755523800,86.5,86.54,85.985,86.15,26777514
2025-08-19,1755610200,86.45,86.75,86.445,86.65,28780625
2025-08-20,1755696600,86.59,86.965,86.56,86.84,25912477
2025-08-21,1755783000,86.56,86.675,86.105,86.41,28643888
2025-08-22,1755869400,86.83,87.302,86.72,87.05,49871851
2025-08-25,1756128600,86.725,87.05,86.65,86.8,27011924
2025-08-26,1756215000,86.51,86.79,86.223,86.75,30259346
2025-08-27,1756301400,86.105,86.66,86,86.65,38142761
2025-08-28,1756387800,86.78,87.26,86.66,87.22,32205937
2025-08-29,1756474200,86.76,86.86,86.44,86.6,41686429
2025-09-02,1756819800,85.63,85.84,85.48,85.63,48760602
2025-09-03,1756906200,85.93,86.81,85.89,86.57,52499540
2025-09-04,1756992600,87.02,87.24,86.58,87.23,40501553
2025-09-05,1757079000,88.22,88.61,88.14,88.56,69667951
2025-09-08,1757338200,89.17,89.755,89.12,89.74,54538678
2025-09-09,1757424600,89.4,89.55,88.99,89.23,37126428
2025-09-10,1757511000,89.4,90.065,89.19,89.74,40713570
2025-09-11,1757597400,89.91,90.48,89.9,90.34,46694392
2025-09-12,1757683800,89.83,89.98,89.4919,89.95,32968578
2025-09-15,1757943000,90.15,90.455,90.065,90.16,24820119
2025-09-16,1758029400,90.09,90.495,90.04,90.35,26794226
2025-09-17,1758115800,90.71,91.04,89.87,90.12,49121751
2025-09-18,1758202200,89.26,89.47,88.9,89.19,55717920
2025-09-19,1758288600,89.07,89.225,88.785,89.02,32509221
2025-09-22,1758547800,88.82,88.91,88.54,88.7,24758223
2025-09-23,1758634200,88.965,89.36,88.75,89.32,26689041
2025-09-24,1758720600,89.08,89.16,88.7,88.98,28097977
2025-09-25,1758807000,88.845,89.03,88.46,88.98,29882469
2025-09-26,1758893400,88.99,89.47,88.69,88.9,30955062
2025-09-29,1759152600,89.29,89.74,89.26,89.63,32286167
2025-09-30,1759239000,89.66,90.04,89.21,89.37,38583989
2025-10-01,1759325400,89.45,89.64,89.09,89.29,39408913
2025-10-02,1759411800,89.31,89.69,89.19,89.55,23208338
2025-10-03,1759498200,89.63,89.72,89.27,89.38,25884474
2025-10-06,1759757400,88.71,89.155,88.65,88.67,28370984
2025-10-07,1759843800,88.97,89.38,88.812,89.18,29103348
2025-10-08,1759930200,89.6,89.615,89.13,89.25,22506241
2025-10-09,1760016600,89.17,89.29,89.005,89.18,21578690
2025-10-10,1760103000,89.98,90.72,89.9,90.62,59389374
2025-10-13,1760362200,90.28,90.58,89.86,90.57,28035544
2025-10-14,1760448600,90.65,90.915,90.43,90.86,29800001
2025-10-15,1760535000,90.955,91.3,90.47,90.66,31333909
2025-10-16,1760621400,90.515,91.495,90.45,91.34,39631153
2025-10-17,1760707800,91.25,91.29,90.9,91.2,40240383
2025-10-20,1760967000,91.46,91.56,91.28,91.55,28429283
2025-10-21,1761053400,91.99,92.185,91.9101,92,24514336
2025-10-22,1761139800,91.991,92.175,91.82,92.06,30496152
2025-10-23,1761226200,91.61,91.7851,91.29,91.43,28275142
2025-10-24,1761312600,91.585,91.6,91.16,91.47,28265993
2025-10-27,1761571800,91.32,91.79,91.0944,91.78,30033574
2025-10-28,1761658200,91.85,92.175,91.81,92.02,23564517
2025-10-29,1761744600,91.88,91.89,91.015,91.09,39551593
2025-10-30,1761831000,90.39,90.97,90.3544,90.56,42649215
2025-10-31,1761917400,90.56,90.66,90.2,90.29,38247268
2025-11-03,1762180200,89.62,89.82,89.42,89.74,40752284
2025-11-04,1762266600,89.78,90.06,89.74,89.94,26383782
2025-11-05,1762353000,89.51,89.545,88.88,88.96,44643440
2025-11-06,1762439400,89.56,89.85,89.53,89.76,33027353
2025-11-07,1762525800,89.355,89.87,89.355,89.57,28530051
2025-11-10,1762785000,89.49,89.67,89.385,89.55,24093451
2025-11-11,1762871400,89.95,90.065,89.775,89.96,18942295
2025-11-12,1762957800,89.95,90.32,89.88,90.12,23594938
2025-11-13,1763044200,89.8,89.94,89.38,89.38,33825908
2025-11-14,1763130600,89.79,89.835,88.87,88.87,38550502
2025-11-17,1763389800,89.08,89.3,88.98,89.09,25605782
2025-11-18,1763476200,89.35,89.45,88.8,89.06,31967435
2025-11-19,1763562600,89.225,89.31,88.85,88.88,25782384
2025-11-20,1763649000,88.99,89.42,88.985,89.23,32945001
2025-11-21,1763735400,89.65,89.67,89.195,89.5,41938628
2025-11-24,1763994600,89.95,90.0665,89.7801,90.01,30865695
2025-11-25,1764081000,90.31,90.59,90.13,90.24,36503342
2025-11-26,1764167400,90.15,90.64,89.83,90.64,34098962
2025-11-28,1764340200,90.46,90.5299,89.95,90.21,40704287
2025-12-01,1764599400,88.845,88.99,88.71,88.77,47086647
2025-12-02,1764685800,88.575,88.955,88.46,88.81,27605681
2025-12-03,1764772200,88.92,89.155,88.74,89.06,23278580
2025-12-04,1764858600,88.91,88.93,88.48,88.58,25541459
2025-12-05,1764945000,88.55,88.55,88.045,88.17,32808068
2025-12-08,1765204200,88.185,88.2,87.56,87.88,32255204
2025-12-09,1765290600,88.34,88.345,87.84,87.97,25771792
2025-12-10,1765377000,88,88.52,87.855,88.31,46833512
2025-12-11,1765463400,88.69,88.83,88.16,88.19,26778686
2025-12-12,1765549800,87.375,87.495,87.19,87.34,47030122
2025-12-15,1765809000,87.715,87.88,87.39,87.4,28611787
2025-12-16,1765895400,87.185,87.92,87.17,87.88,41018681
2025-12-17,1765981800,87.625,87.9856,87.5801,87.8,24668305
2025-12-18,1766068200,88.13,88.38,88.07,88.22,39048891
2025-12-19,1766154600,87.605,87.76,87.41,87.55,37858082
2025-12-22,1766413800,87.415,87.4574,87.25,87.36,25547134
2025-12-23,1766500200,87.07,87.58,87.03,87.5,33624059
2025-12-24,1766586600,87.76,88.08,87.65,88.03,25942006
2025-12-26,1766759400,88.1,88.1699,87.6,87.74,26522734
2025-12-29,1767018600,87.95,88.0703,87.79,88.07,29399823
2025-12-30,1767105000,87.74,88.04,87.6744,87.86,25106784
2025-12-31,1767191400,87.68,87.91,87.13,87.16,36500036
2026-01-02,1767364200,87.4,87.41,87.0201,87.03,40731251
2026-01-05,1767623400,87.18,87.52,87.11,87.46,30178030
2026-01-06,1767709800,87.15,87.34,86.9,87.28,39015179
2026-01-07,1767796200,87.84,88.005,87.48,87.79,39930912
2026-01-08,1767882600,87.33,87.55,87.245,87.35,28204899
2026-01-09,1767969000,87.3,88,87.12,87.93,57348793
2026-01-12,1768228200,87.5,87.91,87.41,87.67,36103071
2026-01-13,1768314600,87.88,87.91,87.535,87.82,30451400
2026-01-14,1768401000,87.91,88.43,87.89,88.33,39233477
2026-01-15,1768487400,88.635,88.66,88.31,88.31,37988942
2026-01-16,1768573800,88.13,88.32,87.71,87.8,46382396
2026-01-20,1768919400,86.63,87.03,86.5407,86.65,66009536
2026-01-21,1769005800,86.8,87.48,86.62,87.31,51220133
2026-01-22,1769092200,87.27,87.755,87.14,87.69,42419291
2026-01-23,1769178600,87.83,88.0284,87.495,87.93,35968799
2026-01-26,1769437800,88.395,88.49,88.2,88.35,38882362
2026-01-27,1769524200,88.11,88.25,87.68,87.8,35180128
2026-01-28,1769610600,87.505,87.7,87.29,87.6,38750296
2026-01-29,1769697000,87.15,87.74,87.08,87.62,43854982
2026-01-30,1769783400,87.375,87.56,87.13,87.13,45832193
2026-02-02,1770042600,87.02,87.055,86.55,86.55,38171395
2026-02-03,1770129000,86.485,86.78,86.4284,86.76,27438196
2026-02-04,1770215400,86.63,86.7775,86.46,86.54,37872880
2026-02-05,1770301800,86.93,87.48,86.75,87.48,50268911
2026-02-06,1770388200,87.45,87.54,87.2,87.54,33461764
2026-02-09,1770647400,87.2,87.58,87.03,87.52,24708880
2026-02-10,1770733800,88.24,88.53,88.22,88.53,37253715
2026-02-11,1770820200,88.04,88.475,87.935,88.06,37014010
2026-02-12,1770906600,88.355,89.28,88.35,89.23,48454859
2026-02-13,1770993000,89.63,89.81,89.5224,89.72,56785154
2026-02-17,1771338600,89.93,90.12,89.76,89.87,32356748
2026-02-18,1771425000,89.685,89.86,89.47,89.53,35415364
2026-02-19,1771511400,89.4,89.72,89.365,89.62,28658625
2026-02-20,1771597800,89.7,89.74,88.93,89.41,49610815
2026-02-23,1771857000,89.55,90,89.53,89.74,33614602
2026-02-24,1771943400,89.945,90.05,89.76,89.9,24933943
2026-02-25,1772029800,89.71,90.08,89.71,89.91,23625776
2026-02-26,1772116200,90.06,90.32,90.05,90.27,29447077
2026-02-27,1772202600,90.685,90.86,90.55,90.82,51271972
2026-03-02,1772461800,89.975,89.99,89.355,89.61,55465543
2026-03-03,1772548200,88.975,89.67,88.935,89.43,51850414
2026-03-04,1772634600,89.27,89.44,89.095,89.15,47069511
2026-03-05,1772721000,88.63,88.935,88.51,88.79,45768934
2026-03-06,1772807400,88.32,88.9399,88.015,88.46,58136911
2026-03-09,1773063000,88.295,89.315,88.205,89.23,52478733
2026-03-10,1773149400,88.8,88.95,88.27,88.28,48651546
2026-03-11,1773235800,87.75,87.81,87.075,87.14,54679852
2026-03-12,1773322200,86.905,87.245,86.775,86.97,48976970
2026-03-13,1773408600,86.925,87.145,86.47,86.54,43459981
2026-03-16,1773667800,87.175,87.34,86.96,87.21,37341484
2026-03-17,1773754200,87.36,87.57,87.315,87.45,19578066
2026-03-18,1773840600,87.36,87.48,86.93,86.955,37596578
2026-03-19,1773927000,87.06,87.725,86.97,87.49,60307437
2026-03-20,1774013400,86.81,86.86,85.76,85.83,78948515
2026-03-23,1774272600,86.18,86.72,85.935,86.385,69686651
2026-03-24,1774359000,85.72,86.29,85.56,86.01,51799399
2026-03-25,1774445400,86.75,86.88,86.48,86.84,37861005
2026-03-26,1774531800,86.34,86.61,85.93,86.11,39536966
2026-03-27,1774618200,85.5,86.1,85.45,85.64,39928851
2026-03-30,1774877400,86.63,86.95,86.485,86.78,36473153
2026-03-31,1774963800,86.93,87.16,86.57,86.69,47112153
2026-04-01,1775050200,86.28,86.705,86.23,86.26,31157621
2026-04-02,1775136600,86.205,86.85,86.1507,86.79,33310584
2026-04-06,1775482200,86.5,86.85,86.385,86.65,14660325
2026-04-07,1775568600,86.52,86.675,85.91,86.64,22747227
2026-04-08,1775655000,87.36,87.37,86.73,86.92,22244916
2026-04-09,1775741400,86.69,87.1301,86.3924,86.7,18909082
2026-04-10,1775827800,86.6,86.68,86.33,86.49,13247732
2026-04-13,1776087000,86.44,86.8,86.25,86.75,12719726
2026-04-14,1776173400,86.7,87.24,86.63,87.21,16606917
2026-04-15,1776259800,87.02,87.07,86.725,86.83,15119636
2026-04-16,1776346200,86.915,86.97,86.2,86.28,20001034
2026-04-17,1776432600,87.05,87.21,86.89,87.07,29604128
2026-04-20,1776691800,87.11,87.125,86.71,87.05,14623480
2026-04-21,1776778200,86.97,87.092,86.53,86.57,19798692
2026-04-22,1776864600,87.05,87.155,86.705,86.74,13676816
2026-04-23,1776951000,86.825,87.04,86.24,86.55,21106665
2026-04-24,1777037400,86.46,86.82,86.25,86.71,22285741
2026-04-27,1777296600,86.489,86.62,86.1926,86.28,19250144
2026-04-28,1777383000,86.12,86.37,85.94,86.37,14553573
2026-04-29,1777469400,85.985,85.99,85.55,85.7,29020823
2026-04-30,1777555800,85.885,85.9,85.385,85.62,28516180
2026-05-01,1777642200,85.5,85.995,85.34,85.61,21280951
2026-05-04,1777901400,85.35,85.36,84.76,84.96,27226010
2026-05-05,1777987800,85.145,85.49,85.09,85.43,18226454
2026-05-06,1778074200,86.049,86.165,85.92,86.08,22530704
2026-05-07,1778160600,86.28,86.29,85.595,85.65,21178332
2026-05-08,1778247000,86.06,86.28,85.99,86.08,30797630
2026-05-11,1778506200,85.88,85.915,85.49,85.56,17713653
2026-05-12,1778592600,85.19,85.2,84.92,84.99,27680614
2026-05-13,1778679000,84.94,85.05,84.59,84.8,26295099
2026-05-14,1778765400,85.26,85.375,84.905,84.92,25247190
2026-05-15,1778851800,83.87,83.97,83.59,83.66,50795960
2026-05-18,1779111000,83.7,83.915,83.315,83.56,26166181
2026-05-19,1779197400,82.96,83.23,82.77,83.02,35346602
2026-05-20,1779283800,83.06,84,83.04,83.91,44497999
2026-05-21,1779370200,83.6207,84.2575,83.325,84.22,24887001
2026-05-22,1779456600,84.605,84.68,84.135,84.68,27987659
2026-05-26,1779802200,85.335,85.375,84.9,85.1,22531218
2026-05-27,1779888600,85.25,85.48,85.15,85.3,23589557
2026-05-28,1779975000,85.36,85.845,85.27,85.74,25417298
2026-05-29,1780061400,85.81,85.96,85.55,85.76,33118565
2026-06-01,1780320600,84.93,85.54,84.8,85.47,26322365
2026-06-02,1780407000,85.8,85.82,85.5,85.65,20319048
2026-06-03,1780493400,85.285,85.43,85.1,85.31,15371998
2026-06-04,1780579800,85.605,85.71,85.42,85.5,15866492
2026-06-05,1780666200,84.99,85.345,84.92,85.06,26461163
2026-06-08,1780925400,85.23,85.325,84.62,84.62,22922742
2026-06-09,1781011800,84.97,85.18,84.78,85.12,22617747
2026-06-10,1781098200,85.12,85.3,84.7,84.88,21258274
2026-06-11,1781184600,85.17,86.04,85.04,85.98,35190465
2026-06-12,1781271000,85.64,85.83,85.41,85.77,23100929
2026-06-15,1781530200,85.96,86.11,85.67,85.72,17632742
2026-06-16,1781616600,85.96,86.38,85.925,86.19,26472475
2026-06-17,1781703000,86.33,86.59,85.93,86.33,34507482
2026-06-18,1781789400,87.07,87.175,86.65,86.75,32350902
2026-06-22,1782135000,86.3,86.33,85.97,86.09,28595080
2026-06-23,1782221400,86.12,86.425,86.1,86.2,19145517
2026-06-24,1782307800,87.15,87.47,87.12,87.38,41836982
2026-06-25,1782394200,87.58,87.79,87.29,87.35,28392350
2026-06-26,1782480600,87.01,87.37,87.0001,87.36,21650818
2026-06-29,1782739800,87.355,87.54,87.3,87.45,19457155
2026-06-30,1782826200,87.15,87.175,86.375,86.42,31079477
2026-07-01,1782912600,85.48,85.79,85.425,85.52,28109797
2026-07-02,1782999000,85.38,85.78,85.37,85.51,20957228
2026-07-06,1783344600,85.43,85.48,85.18,85.45,17940936
2026-07-07,1783431000,85.115,85.1677,84.54,84.55,24816434
2026-07-08,1783517400,84.31,84.45,84.0601,84.36,25806645
2026-07-09,1783603800,84.28,84.68,84.255,84.49,18625289
2026-07-10,1783690200,84.505,84.625,84.28,84.47,14454110
2026-07-13,1783949400,84.185,84.28,83.934,83.97,18742492
2026-07-14,1784035800,84.18,84.5,84.035,84.08,23793453
2026-07-15,1784122200,84.08,84.405,84.08,84.24,17837800
2026-07-16,1784208600,83.84,84.22,83.79,84.21,20817836
2026-07-17,1784295000,84.62,84.82,84.49,84.52,22065623
2026-07-20,1784554200,84.31,84.34,83.815,83.89,24289038
2026-07-21,1784640600,83.735,83.77,83.43,83.66,14287531
2026-07-22,1784727000,83.605,83.7,83.3801,83.44,15988382
2026-07-23,1784813400,82.99,83.25,82.96,83.17,29152762
2026-07-24,1784899800,83.31,83.655,83.225,83.25,15105997
2026-07-27,1785159000,83.73,83.87,83.52,83.75,23818953
2026-07-28,1785245400,83.86,84.34,83.845,84.24,25366895
2026-07-29,1785331800,84.1,84.1513,82.7,82.85,41445198
2026-07-30,1785418200,82.805,82.9,82.515,82.8,40407332
2026-07-31,1785504600,82.45,82.45,81.89,82.25,50359783
2026-08-03,1785763800,82.24,82.35,82.01,82.19,32050804
2026-08-04,1785850200,82.65,82.84,82.57,82.82,38408581
2026-08-05,1785936600,82.945,83.15,82.8,83,29465796
2026-08-06,1786023000,82.77,82.92,82.4,82.52,27566560
2026-08-07,1786109400,82.795,82.85,82.4801,82.76,96129996
2026-08-10,1786368600,82.4,82.45,82.03,82.06,36743633
2026-08-11,1786455000,82.27,82.4568,82.12,82.19,23268515
2026-08-12,1786541400,82.45,82.475,82.05,82.11,21444552
2026-08-13,1786627800,82.59,83,82.49,82.59,26921527
2026-08-14,1786714200,82.23,82.36,81.82,82.04,31374783
2026-08-17,1786973400,81.77,81.8563,81.31,81.35,31557703
2026-08-18,1787059800,81.26,81.75,81.17,81.66,25037129
2026-08-19,1787146200,82.805,83.06,82.61,83.02,51309461
2026-08-20,1787232600,82.355,82.77,82.15,82.34,39569868
2026-08-21,1787319000,82.17,82.27,81.9,82.05,24269092
2026-08-24,1787578200,82.49,82.88,82.45,82.56,29038464
2026-08-25,1787664600,83.105,83.48,82.97,83.47,35015083
2026-08-26,1787751000,83.27,83.3,83.07,83.3,20658791
2026-08-27,1787837400,83.2,83.35,83,83.13,17361883
2026-08-28,1787923800,83.04,83.5987,82.7801,82.88,35809817
2026-08-31,1788183000,82.47,82.53,82.145,82.52,37317413
2026-09-01,1788269400,81.89,82.35,81.78,81.87,25623870
2026-09-02,1788355800,81.975,82.0476,81.745,81.95,21454291
2026-09-03,1788442200,82.36,82.43,82.06,82.07,18042011
2026-09-04,1788528600,82.29,82.5,82.18,82.21,16591945
2026-09-08,1788874200,82.44,82.4599,81.93,82.2,16100026
2026-09-09,1788960600,82.19,82.31,81.36,81.73,40675417
2026-09-10,1789047000,80.995,81.36,80.665,80.78,60481495
2026-09-11,1789133400,81.3,81.475,80.81,80.87,32431033
2026-09-14,1789392600,80.82,81.355,80.46,80.93,33740073
2026-09-15,1789479000,80.63,80.845,80.51,80.71,35032953
2026-09-16,1789565400,80.94,81.56,80.86,80.88,56481674
2026-09-17,1789651800,81.54,81.79,81.42,81.78,41622639
2026-09-18,1789738200,81.465,81.47,81.0901,81.25,41105044
2026-09-21,1789997400,81.715,81.82,81.54,81.8,26981665
2026-09-22,1790083800,81.89,81.935,81.54,81.75,22769330
2026-09-23,1790170200,81.48,81.505,80.225,80.46,53502358
2026-09-24,1790256600,80.35,80.55,79.42,79.42,59160591
2026-09-25,1790343000,79.37,79.46,78.83,79.32,62576655
2026-09-28,1790602200,78.65,78.87,78.2698,78.62,63463430
2026-09-29,1790688600,78.518,78.52,77.84,78.23,76018385
2026-09-30,1790775000,78.16,78.21,77.55,77.78,73132610
2026-10-01,1790865000,76.94000244140625,78.05000305175781,76.76000213623047,77.70999908447266,83642600.0
2026-10-02,1790951400,77.94000244140625,78.31999969482422,77.27999877929688,77.4800033569336,61365400.0
2026-10-05,1791210600,77.16000366210938,77.26000213623047,76.69000244140625,77.11000061035156,49106700.0
2026-10-06,1791297000,77.16999816894531,77.58000183105469,77.06999969482422,77.27999877929688,31085900.0
2026-10-07,1791383400,76.45999908447266,77.31999969482422,76.43000030517578,77.1500015258789,40127400.0
2026-10-08,1791469800,77.19000244140625,77.91000366210938,77.06999969482422,77.87000274658203,49379100.0
2026-10-09,1791556200,77.70999908447266,78.05000305175781,77.48999786376953,77.9800033569336,27247700.0
