date,t,o,h,l,c,v
2010-02-11,1265898600,0.20343799889087677,0.21744799613952637,0.20278599858283997,0.21627600491046906,6912000.0
2010-02-12,1265985000,0.21039099991321564,0.21903599798679352,0.2091670036315918,0.21716099977493286,17203200.0
2010-02-16,1266330600,0.22226600348949432,0.22609399259090424,0.21877600252628326,0.22557300329208374,19238400.0
2010-02-17,1266417000,0.22859400510787964,0.22945299744606018,0.2251559942960739,0.22940100729465485,38361600.0
2010-02-18,1266503400,0.22916699945926666,0.23512999713420868,0.22778600454330444,0.23375000059604645,77721600.0
2010-02-19,1266589800,0.2321610003709793,0.2367970049381256,0.2303909957408905,0.23375000059604645,92966400.0
2010-02-22,1266849000,0.2365099936723709,0.2365099936723709,0.22947899997234344,0.23210899531841278,50995200.0
2010-02-23,1266935400,0.2308329939842224,0.23208299279212952,0.21997399628162384,0.22304700314998627,82252800.0
2010-02-24,1267021800,0.22697900235652924,0.23242199420928955,0.2257550060749054,0.22979199886322021,70617600.0
2010-02-25,1267108200,0.22244800627231598,0.23122400045394897,0.21799500286579132,0.2296610027551651,91238400.0
2010-02-26,1267194600,0.22898399829864502,0.2334900051355362,0.22671900689601898,0.2325260043144226,57600000.0
2010-03-01,1267453800,0.2354689985513687,0.24348999559879303,0.2354689985513687,0.24250000715255737,28454400.0
2010-03-02,1267540200,0.24463500082492828,0.24921900033950806,0.2433069944381714,0.2439579963684082,48422400.0
2010-03-03,1267626600,0.24669300019741058,0.2488279938697815,0.24294300377368927,0.24531300365924835,47961600.0
2010-03-04,1267713000,0.2461719959974289,0.24835899472236633,0.24234400689601898,0.24802100658416748,29452800.0
2010-03-05,1267799400,0.2533070147037506,0.26012998819351196,0.25195300579071045,0.2589839994907379,26880000.0
2010-03-08,1268058600,0.2592189908027649,0.2622399926185608,0.2592189908027649,0.26036500930786133,25344000.0
2010-03-09,1268145000,0.2589319944381714,0.2690359950065613,0.25872400403022766,0.2649739980697632,46425600.0
2010-03-10,1268231400,0.2653389871120453,0.2730729877948761,0.26515600085258484,0.2714579999446869,40089600.0
2010-03-11,1268317800,0.2698180079460144,0.27434900403022766,0.26802098751068115,0.2739579975605011,53913600.0
2010-03-12,1268404200,0.276978999376297,0.276978999376297,0.2714320123195648,0.27458301186561584,36134400.0
2010-03-15,1268663400,0.2727600038051605,0.2746089994907379,0.26692700386047363,0.27273398637771606,42393600.0
2010-03-16,1268749800,0.2754170000553131,0.2786720097064972,0.2725520133972168,0.27789101004600525,46579200.0
2010-03-17,1268836200,0.2786720097064972,0.2837759852409363,0.2775000035762787,0.27981799840927124,39820800.0
2010-03-18,1268922600,0.28078100085258484,0.2835420072078705,0.27893200516700745,0.2826560139656067,52185600.0
2010-03-19,1269009000,0.2776559889316559,0.2857550084590912,0.2746880054473877,0.2776559889316559,40051200.0
2010-03-22,1269268200,0.2744010090827942,0.2884899973869324,0.2733590006828308,0.2851560115814209,58790400.0
2010-03-23,1269354600,0.28710898756980896,0.29174500703811646,0.2826560139656067,0.2911199927330017,55334400.0
2010-03-24,1269441000,0.2890630066394806,0.28968799114227295,0.2851560115814209,0.28697898983955383,89241600.0
2010-03-25,1269527400,0.29398399591445923,0.29705700278282166,0.2849479913711548,0.28518199920654297,93926400.0
2010-03-26,1269613800,0.28924500942230225,0.2921609878540039,0.28216099739074707,0.28666698932647705,84288000.0
2010-03-29,1269873000,0.2909899950027466,0.2935679852962494,0.2884640097618103,0.29059898853302,38054400.0
2010-03-30,1269959400,0.29299500584602356,0.29617199301719666,0.2876819968223572,0.2936460077762604,39897600.0
2010-03-31,1270045800,0.2903650104999542,0.29427099227905273,0.2876819968223572,0.28968799114227295,59558400.0
2010-04-01,1270132200,0.29291701316833496,0.29851600527763367,0.28262999653816223,0.2891150116920471,116620800.0
2010-04-05,1270477800,0.29122400283813477,0.299219012260437,0.2890630066394806,0.2974739968776703,67584000.0
2010-04-06,1270564200,0.29520800709724426,0.30244800448417664,0.2933329939842224,0.2997399866580963,58713600.0
2010-04-07,1270650600,0.2987239956855774,0.3019790053367615,0.292838990688324,0.2980470061302185,106252800.0
2010-04-08,1270737000,0.2950260043144226,0.3008590042591095,0.2905209958553314,0.29911500215530396,69657600.0
2010-04-09,1270823400,0.3001039922237396,0.30523398518562317,0.29778599739074707,0.30450499057769775,58099200.0
2010-04-12,1271082600,0.30554699897766113,0.3080730140209198,0.30354198813438416,0.3057290017604828,48806400.0
2010-04-13,1271169000,0.3047400116920471,0.31083300709724426,0.3019790053367615,0.3103390038013458,67238400.0
2010-04-14,1271255400,0.314765989780426,0.32153600454330444,0.3141149878501892,0.3212760090827942,61094400.0
2010-04-15,1271341800,0.32093799114227295,0.32677099108695984,0.32065099477767944,0.32557299733161926,45772800.0
2010-04-16,1271428200,0.32213500142097473,0.32528600096702576,0.3079429864883423,0.3139840066432953,129484800.0
2010-04-19,1271687400,0.31104201078414917,0.31635400652885437,0.30208298563957214,0.31349000334739685,112742400.0
2010-04-20,1271773800,0.31835898756980896,0.3203130066394806,0.31239598989486694,0.31812500953674316,56102400.0
2010-04-21,1271860200,0.3245829939842224,0.32648399472236633,0.31770798563957214,0.32372400164604187,83980800.0
2010-04-22,1271946600,0.3142710030078888,0.3296090066432953,0.3089059889316559,0.32851600646972656,122841600.0
2010-04-23,1272033000,0.32882800698280334,0.33390599489212036,0.3249480128288269,0.33286499977111816,82368000.0
2010-04-26,1272292200,0.33309900760650635,0.33559900522232056,0.3287760019302368,0.330390989780426,80524800.0
2010-04-27,1272378600,0.32718798518180847,0.33067700266838074,0.30729201436042786,0.3100000023841858,133747200.0
2010-04-28,1272465000,0.314765989780426,0.3150779902935028,0.3032029867172241,0.3107289969921112,125068800.0
2010-04-29,1272551400,0.31505200266838074,0.32815098762512207,0.3150259852409363,0.3265889883041382,84748800.0
2010-04-30,1272637800,0.32609400153160095,0.32763001322746277,0.3065359890460968,0.307343989610672,88512000.0
2010-05-03,1272897000,0.3109380006790161,0.3245309889316559,0.31085899472236633,0.31989601254463196,52608000.0
2010-05-04,1272983400,0.3077859878540039,0.30781298875808716,0.2846609950065613,0.29161500930786133,137241600.0
2010-05-05,1273069800,0.28247401118278503,0.2919529974460602,0.27708300948143005,0.28682300448417664,138508800.0
2010-05-06,1273156200,0.28091099858283997,0.2890099883079529,0.17708300054073334,0.25872400403022766,217804800.0
2010-05-07,1273242600,0.25187501311302185,0.2612760066986084,0.22320300340652466,0.2398959994316101,248256000.0
2010-05-10,1273501800,0.2701820135116577,0.27648401260375977,0.2686980068683624,0.27567699551582336,189273600.0
2010-05-11,1273588200,0.267890989780426,0.28645798563957214,0.26632800698280334,0.2754949927330017,147033600.0
2010-05-12,1273674600,0.2792710065841675,0.29093798995018005,0.2782289981842041,0.29033899307250977,108556800.0
2010-05-13,1273761000,0.28755199909210205,0.29359400272369385,0.27546900510787964,0.277213990688324,105561600.0
2010-05-14,1273847400,0.2704170048236847,0.270781010389328,0.25130200386047363,0.2601560056209564,154176000.0
2010-05-17,1274106600,0.2626819908618927,0.2665889859199524,0.24687500298023224,0.26367199420928955,136857600.0
2010-05-18,1274193000,0.27010399103164673,0.27161499857902527,0.24895800650119781,0.2535940110683441,190617600.0
2010-05-19,1274279400,0.24921900033950806,0.25520798563957214,0.23809899389743805,0.2469010055065155,237772800.0
2010-05-20,1274365800,0.2319529950618744,0.23362000286579132,0.21731799840927124,0.2219270020723343,272985600.0
2010-05-21,1274452200,0.20841099321842194,0.2305469959974289,0.20619800686836243,0.22364600002765656,234316800.0
2010-05-24,1274711400,0.2248699963092804,0.2332029938697815,0.22289100289344788,0.22549499571323395,155020800.0
2010-05-25,1274797800,0.20874999463558197,0.22460900247097015,0.20208300650119781,0.2239059954881668,172646400.0
2010-05-26,1274884200,0.2273699939250946,0.23671899735927582,0.21531300246715546,0.2169789969921112,208320000.0
2010-05-27,1274970600,0.2314320057630539,0.2410680055618286,0.22955699265003204,0.24046899378299713,173222400.0
2010-05-28,1275057000,0.24205699563026428,0.24273400008678436,0.2304690033197403,0.2371090054512024,166694400.0
2010-06-01,1275402600,0.234608992934227,0.24671900272369385,0.22916699945926666,0.2305469959974289,202713600.0
2010-06-02,1275489000,0.234375,0.24677099287509918,0.22937500476837158,0.24677099287509918,113433600.0
2010-06-03,1275575400,0.2485940009355545,0.2545830011367798,0.24390600621700287,0.2531769871711731,114854400.0
2010-06-04,1275661800,0.23729200661182404,0.2467450052499771,0.22484399378299713,0.2281769961118698,245952000.0
2010-06-07,1275921000,0.2303909957408905,0.23291699588298798,0.21458299458026886,0.21494799852371216,168729600.0
2010-06-08,1276007400,0.21648399531841278,0.21791699528694153,0.20523400604724884,0.21375000476837158,265920000.0
2010-06-09,1276093800,0.21807299554347992,0.2241930067539215,0.20664100348949432,0.2090359926223755,229440000.0
2010-06-10,1276180200,0.2163279950618744,0.22682300209999084,0.2145570069551468,0.22638000547885895,155520000.0
2010-06-11,1276266600,0.2193489968776703,0.2332029938697815,0.2193489968776703,0.23229199647903442,125337600.0
2010-06-14,1276525800,0.23919300734996796,0.24377599358558655,0.23148399591445923,0.23242199420928955,227404800.0
2010-06-15,1276612200,0.23627600073814392,0.25210899114608765,0.23557299375534058,0.2494010031223297,200102400.0
2010-06-16,1276698600,0.2491929978132248,0.2578130066394806,0.24796900153160095,0.2544269859790802,158361600.0
2010-06-17,1276785000,0.2584109902381897,0.25880199670791626,0.2503649890422821,0.25697898864746094,163046400.0
2010-06-18,1276871400,0.25830700993537903,0.26286500692367554,0.2551040053367615,0.2576819956302643,139584000.0
2010-06-21,1277130600,0.26708298921585083,0.26822900772094727,0.24666699767112732,0.25091099739074707,219916800.0
2010-06-22,1277217000,0.25380200147628784,0.25932300090789795,0.24369800090789795,0.24497400224208832,179596800.0
2010-06-23,1277303400,0.2458849996328354,0.24841099977493286,0.23619799315929413,0.24169300496578217,224716800.0
2010-06-24,1277389800,0.2388020008802414,0.24088500440120697,0.22864599525928497,0.22997400164604187,239424000.0
2010-06-25,1277476200,0.2329690009355545,0.23557299375534058,0.22492200136184692,0.22981800138950348,177561600.0
2010-06-28,1277735400,0.23000000417232513,0.23343800008296967,0.22281299531459808,0.22776000201702118,164160000.0
2010-06-29,1277821800,0.217057004570961,0.21744799613952637,0.1963540017604828,0.20234400033950806,438220800.0
2010-06-30,1277908200,0.19932299852371216,0.20502600073814392,0.1907549947500229,0.19234399497509003,183667200.0
2010-07-01,1277994600,0.1934109926223755,0.1950259953737259,0.1793230026960373,0.19046899676322937,252326400.0
2010-07-02,1278081000,0.1909639984369278,0.1931769996881485,0.1835940033197403,0.18942700326442719,147379200.0
2010-07-06,1278426600,0.19666700065135956,0.20028600096702576,0.18562500178813934,0.19041700661182404,156556800.0
2010-07-07,1278513000,0.19205699861049652,0.20898400247097015,0.19158899784088135,0.20841099321842194,160780800.0
2010-07-08,1278599400,0.21341100335121155,0.21424500644207,0.20458300411701202,0.21192699670791626,207360000.0
2010-07-09,1278685800,0.2113800048828125,0.21875,0.21026000380516052,0.2178650051355362,142656000.0
2010-07-12,1278945000,0.217057004570961,0.2236199975013733,0.2157289981842041,0.22033900022506714,98918400.0
2010-07-13,1279031400,0.22549499571323395,0.23078100383281708,0.22062499821186066,0.22786499559879303,174144000.0
2010-07-14,1279117800,0.22981800138950348,0.23539100587368011,0.2268490046262741,0.2315099984407425,109516800.0
2010-07-15,1279204200,0.2305469959974289,0.23434899747371674,0.22304700314998627,0.2323179990053177,114201600.0
2010-07-16,1279290600,0.23028600215911865,0.23057299852371216,0.21260400116443634,0.21362000703811646,181363200.0
2010-07-19,1279549800,0.2148440033197403,0.21979199349880219,0.20966100692749023,0.21843799948692322,124224000.0
2010-07-20,1279636200,0.20760400593280792,0.22624999284744263,0.20593799650669098,0.22533899545669556,127948800.0
2010-07-21,1279722600,0.2338539958000183,0.2338539958000183,0.21599000692367554,0.21744799613952637,172492800.0
2010-07-22,1279809000,0.22593800723552704,0.2365889996290207,0.22593800723552704,0.23210899531841278,126451200.0
2010-07-23,1279895400,0.2288540005683899,0.23843799531459808,0.22757799923419952,0.23815099895000458,138854400.0
2010-07-26,1280154600,0.23919300734996796,0.24406300485134125,0.2358590066432953,0.24338500201702118,100761600.0
2010-07-27,1280241000,0.2469789981842041,0.24807299673557281,0.2402859926223755,0.24333299696445465,119692800.0
2010-07-28,1280327400,0.2428389936685562,0.2458849996328354,0.23515599966049194,0.2383590042591095,77568000.0
2010-07-29,1280413800,0.2416670024394989,0.2432290017604828,0.2253129929304123,0.232682004570961,152755200.0
2010-07-30,1280500200,0.22677099704742432,0.2381249964237213,0.22268199920654297,0.23427100479602814,129830400.0
2010-08-02,1280759400,0.24294300377368927,0.24869799613952637,0.24026000499725342,0.24687500298023224,90163200.0
2010-08-03,1280845800,0.24640600383281708,0.247188001871109,0.24046899378299713,0.2443230003118515,64012800.0
2010-08-04,1280932200,0.24752600491046906,0.2520830035209656,0.2443230003118515,0.25137999653816223,80908800.0
2010-08-05,1281018600,0.24760399758815765,0.25078099966049194,0.24463500082492828,0.24989600479602814,66470400.0
2010-08-06,1281105000,0.24091100692749023,0.24979199469089508,0.2373179942369461,0.24872399866580963,152755200.0
2010-08-09,1281364200,0.2521350085735321,0.25520798563957214,0.2489060014486313,0.2530730068683624,85632000.0
2010-08-10,1281450600,0.24739600718021393,0.2511720061302185,0.2409379929304123,0.24770799279212952,158016000.0
2010-08-11,1281537000,0.23455700278282166,0.23471400141716003,0.22372399270534515,0.22731800377368927,154905600.0
2010-08-12,1281623400,0.21369799971580505,0.22403599321842194,0.21242199838161469,0.22091099619865417,145920000.0
2010-08-13,1281709800,0.21908900141716003,0.22158899903297424,0.21650999784469604,0.21650999784469604,57945600.0
2010-08-16,1281969000,0.21328100562095642,0.22210900485515594,0.21054700016975403,0.21773399412631989,95424000.0
2010-08-17,1282055400,0.22260400652885437,0.23184899985790253,0.22130200266838074,0.22601599991321564,120076800.0
2010-08-18,1282141800,0.2248699963092804,0.23262999951839447,0.2222920060157776,0.22804699838161469,71155200.0
2010-08-19,1282228200,0.22481800615787506,0.22713500261306763,0.21380199491977692,0.21966099739074707,102412800.0
2010-08-20,1282314600,0.21744799613952637,0.22057299315929413,0.21356800198554993,0.2189060002565384,88588800.0
2010-08-23,1282573800,0.22380200028419495,0.22513000667095184,0.2125519961118698,0.21286499500274658,108211200.0
2010-08-24,1282660200,0.20591099560260773,0.20744800567626953,0.19817699491977692,0.20065100491046906,144806400.0
2010-08-25,1282746600,0.19674499332904816,0.20914100110530853,0.19578100740909576,0.2066670060157776,144153600.0
2010-08-26,1282833000,0.2093230038881302,0.20966100692749023,0.19856800138950348,0.19992199540138245,132979200.0
2010-08-27,1282919400,0.20341099798679352,0.20742200314998627,0.19114600121974945,0.20653599500656128,192460800.0
2010-08-30,1283178600,0.203358992934227,0.2088019996881485,0.19979199767112732,0.19984400272369385,105139200.0
2010-08-31,1283265000,0.19687500596046448,0.2030470073223114,0.19403600692749023,0.198853999376297,156441600.0
2010-09-01,1283351400,0.2065100073814392,0.21752600371837616,0.2062239944934845,0.21552099287509918,129638400.0
2010-09-02,1283437800,0.21684899926185608,0.22291700541973114,0.2152079939842224,0.22291700541973114,54297600.0
2010-09-03,1283524200,0.22968800365924835,0.23427100479602814,0.22731800377368927,0.23427100479602814,135283200.0
2010-09-07,1283869800,0.2311200052499771,0.23390600085258484,0.22807300090789795,0.22856800258159637,97382400.0
2010-09-08,1283956200,0.2311200052499771,0.24044300615787506,0.2311200052499771,0.23664100468158722,113894400.0
2010-09-09,1284042600,0.24401000142097473,0.2444009929895401,0.238646000623703,0.23963500559329987,90355200.0
2010-09-10,1284129000,0.2413800060749054,0.2435159981250763,0.23744800686836243,0.24221399426460266,63936000.0
2010-09-13,1284388200,0.24854199588298798,0.2547140121459961,0.248307004570961,0.25289100408554077,83712000.0
2010-09-14,1284474600,0.2518230080604553,0.25999999046325684,0.2503649890422821,0.2560940086841583,84748800.0
2010-09-15,1284561000,0.2540630102157593,0.2617189884185791,0.252005010843277,0.2604430019855499,67660800.0
2010-09-16,1284647400,0.26028600335121155,0.26455700397491455,0.2575260102748871,0.26411500573158264,93772800.0
2010-09-17,1284733800,0.26950499415397644,0.26950499415397644,0.2628909945487976,0.26692700386047363,114816000.0
2010-09-20,1284993000,0.2699219882488251,0.2822659909725189,0.26898398995399475,0.28083300590515137,105561600.0
2010-09-21,1285079400,0.28106799721717834,0.28645798563957214,0.276978999376297,0.27994799613952637,173875200.0
2010-09-22,1285165800,0.2768230140209198,0.28408899903297424,0.2739579975605011,0.27862000465393066,96576000.0
2010-09-23,1285252200,0.2729170024394989,0.2861979901790619,0.27208301424980164,0.277785986661911,137088000.0
2010-09-24,1285338600,0.28770801424980164,0.2953130006790161,0.286327987909317,0.29351601004600525,126528000.0
2010-09-27,1285597800,0.294869989156723,0.29640600085258484,0.2893489897251129,0.2901560068130493,97113600.0
2010-09-28,1285684200,0.2928909957408905,0.2928909957408905,0.2762500047683716,0.29088500142097473,146227200.0
2010-09-29,1285770600,0.28859400749206543,0.2925260066986084,0.285286009311676,0.2885420024394989,63859200.0
2010-09-30,1285857000,0.29291701316833496,0.2980729937553406,0.278984010219574,0.2846350073814392,177484800.0
2010-10-01,1285943400,0.29130199551582336,0.29247400164604187,0.2795569896697998,0.2837499976158142,117043200.0
2010-10-04,1286202600,0.28091099858283997,0.28380200266838074,0.26947900652885437,0.27390599250793457,123840000.0
2010-10-05,1286289000,0.2836199998855591,0.2957029938697815,0.2831510007381439,0.2942970097064972,109785600.0
2010-10-06,1286375400,0.29307299852371216,0.29492199420928955,0.2810159921646118,0.2867969870567322,88512000.0
2010-10-07,1286461800,0.29166701436042786,0.2918750047683716,0.2826560139656067,0.28960898518562317,78950400.0
2010-10-08,1286548200,0.29012998938560486,0.2975519895553589,0.28421899676322937,0.29544299840927124,68544000.0
2010-10-11,1286807400,0.2962760031223297,0.30015599727630615,0.29335901141166687,0.29604199528694153,38131200.0
2010-10-12,1286893800,0.2940889894962311,0.30377599596977234,0.2871609926223755,0.3021880090236664,97728000.0
2010-10-13,1286980200,0.30776000022888184,0.313306987285614,0.30515599250793457,0.30953100323677063,96844800.0
2010-10-14,1287066600,0.30989599227905273,0.311693012714386,0.30309900641441345,0.30781298875808716,79756800.0
2010-10-15,1287153000,0.3188279867172241,0.3274480104446411,0.31171900033950806,0.3274480104446411,119577600.0
2010-10-18,1287412200,0.3279690146446228,0.33080700039863586,0.3239319920539856,0.3274480104446411,86976000.0
2010-10-19,1287498600,0.3144789934158325,0.32197898626327515,0.30684900283813477,0.314426988363266,127296000.0
2010-10-20,1287585000,0.3174999952316284,0.3280470073223114,0.3155210018157959,0.3209640085697174,93465600.0
2010-10-21,1287671400,0.3274480104446411,0.3309899866580963,0.3138279914855957,0.3232029974460602,109708800.0
2010-10-22,1287757800,0.32359400391578674,0.33023399114608765,0.32190099358558655,0.32950499653816223,58713600.0
2010-10-25,1288017000,0.33346399664878845,0.34018200635910034,0.33346399664878845,0.33450499176979065,77184000.0
2010-10-26,1288103400,0.329245001077652,0.33885401487350464,0.3253909945487976,0.3365100026130676,74841600.0
2010-10-27,1288189800,0.33221399784088135,0.34083300828933716,0.330390989780426,0.33997398614883423,112857600.0
2010-10-28,1288276200,0.3446879982948303,0.344870001077652,0.33382800221443176,0.3419269919395447,107788800.0
2010-10-29,1288362600,0.3418489992618561,0.3458069860935211,0.3398439884185791,0.340285986661911,80755200.0
2010-11-01,1288621800,0.34375,0.35070300102233887,0.33619800209999084,0.34106799960136414,85209600.0
2010-11-02,1288708200,0.3492709994316101,0.35424500703811646,0.3476560115814209,0.3514060080051422,68121600.0
2010-11-03,1288794600,0.353177011013031,0.3565889894962311,0.3435159921646118,0.35648399591445923,115161600.0
2010-11-04,1288881000,0.3689059913158417,0.37349000573158264,0.36632800102233887,0.3691149950027466,111859200.0
2010-11-05,1288967400,0.3700000047683716,0.3717710077762604,0.36640599370002747,0.3695569932460785,113971200.0
2010-11-08,1289226600,0.36768200993537903,0.37239599227905273,0.36502599716186523,0.3704949915409088,103449600.0
2010-11-09,1289313000,0.3757550120353699,0.3770569860935211,0.3599739968776703,0.36450499296188354,121881600.0
2010-11-10,1289399400,0.3664320111274719,0.3713800013065338,0.3578389883041382,0.3700779974460602,91968000.0
2010-11-11,1289485800,0.3528650104999542,0.3651300072669983,0.3485940098762512,0.36385399103164673,121843200.0
2010-11-12,1289572200,0.3578389883041382,0.36208298802375793,0.3374220132827759,0.34533900022506714,218265600.0
2010-11-15,1289831400,0.3512499928474426,0.35270801186561584,0.3412240147590637,0.34164100885391235,119193600.0
2010-11-16,1289917800,0.334322988986969,0.34018200635910034,0.3207550048828125,0.32468798756599426,181632000.0
2010-11-17,1290004200,0.3252600133419037,0.3326300084590912,0.32291701436042786,0.3277600109577179,111168000.0
2010-11-18,1290090600,0.3383069932460785,0.3497920036315918,0.33804699778556824,0.3429949879646301,138739200.0
2010-11-19,1290177000,0.34187498688697815,0.34635400772094727,0.33796900510787964,0.34380200505256653,93427200.0
2010-11-22,1290436200,0.339713990688324,0.3528650104999542,0.3383069932460785,0.3528650104999542,147456000.0
2010-11-23,1290522600,0.3424220085144043,0.34341099858283997,0.3302080035209656,0.33619800209999084,185856000.0
2010-11-24,1290609000,0.345755010843277,0.358568012714386,0.34533900022506714,0.3558329939842224,129484800.0
2010-11-26,1290781800,0.3496350049972534,0.3563019931316376,0.3475779891014099,0.35359400510787964,59673600.0
2010-11-29,1291041000,0.3476560115814209,0.3515630066394806,0.3357290029525757,0.3486720025539398,176524800.0
2010-11-30,1291127400,0.33760398626327515,0.3419789969921112,0.33164098858833313,0.3354170024394989,200716800.0
2010-12-01,1291213800,0.3508070111274719,0.36208298802375793,0.3502599895000458,0.35674500465393066,206860800.0
2010-12-02,1291300200,0.3583329916000366,0.36914101243019104,0.35742199420928955,0.36757799983024597,132134400.0
2010-12-03,1291386600,0.36315101385116577,0.371849000453949,0.36302098631858826,0.3706510066986084,175449600.0
2010-12-06,1291645800,0.370728999376297,0.37216100096702576,0.36700499057769775,0.3700000047683716,99072000.0
2010-12-07,1291732200,0.38367199897766113,0.3836979866027832,0.3696880042552948,0.3703390061855316,164428800.0
2010-12-08,1291818600,0.37400999665260315,0.3764060139656067,0.3667449951171875,0.37546899914741516,93427200.0
2010-12-09,1291905000,0.38174501061439514,0.38182300329208374,0.37239599227905273,0.37585899233818054,99878400.0
2010-12-10,1291991400,0.37843799591064453,0.3844529986381531,0.37533900141716003,0.38374999165534973,88204800.0
2010-12-13,1292250600,0.3885680139064789,0.3885680139064789,0.3789060115814209,0.37924501299858093,80755200.0
2010-12-14,1292337000,0.3822399973869324,0.38601601123809814,0.37804698944091797,0.3808329999446869,76876800.0
2010-12-15,1292423400,0.3805209994316101,0.3876039981842041,0.37369799613952637,0.37695300579071045,95577600.0
2010-12-16,1292509800,0.377344012260437,0.38682299852371216,0.375,0.3848179876804352,86131200.0
2010-12-17,1292596200,0.3860419988632202,0.38932299613952637,0.3839319944381714,0.3859899938106537,61209600.0
2010-12-20,1292855400,0.38802099227905273,0.3911460041999817,0.37864598631858826,0.3870309889316559,126144000.0
2010-12-21,1292941800,0.391510009765625,0.39359399676322937,0.38851600885391235,0.3934110105037689,33600000.0
2010-12-22,1293028200,0.39346399903297424,0.39544299244880676,0.3918229937553406,0.39382800459861755,43200000.0
2010-12-23,1293114600,0.39177098870277405,0.3933590054512024,0.388280987739563,0.3908329904079437,36864000.0
2010-12-27,1293460200,0.3876819908618927,0.39322900772094727,0.3794269859790802,0.3909899890422821,64166400.0
2010-12-28,1293546600,0.39390599727630615,0.3942449986934662,0.3866409957408905,0.3892970085144043,63475200.0
2010-12-29,1293633000,0.39273399114608765,0.3938019871711731,0.390625,0.39161500334739685,45465600.0
2010-12-30,1293719400,0.39177098870277405,0.3918749988079071,0.3867189884185791,0.38867199420928955,28761600.0
2010-12-31,1293805800,0.387813001871109,0.387813001871109,0.37940099835395813,0.3851040005683899,48729600.0
2011-01-03,1294065000,0.3953390121459961,0.4104430079460144,0.3952859938144684,0.4025000035762787,133516800.0
2011-01-04,1294151400,0.40755200386047363,0.4076560139656067,0.39419299364089966,0.40187498927116394,131520000.0
2011-01-05,1294237800,0.39789101481437683,0.41203099489212036,0.39737001061439514,0.4118489921092987,122880000.0
2011-01-06,1294324200,0.4133070111274719,0.41653600335121155,0.4107550084590912,0.41557300090789795,104524800.0
2011-01-07,1294410600,0.4176819920539856,0.41838499903678894,0.4025779962539673,0.41460898518562317,152409600.0
2011-01-10,1294669800,0.41145798563957214,0.42138001322746277,0.40872400999069214,0.41927099227905273,86054400.0
2011-01-11,1294756200,0.4243749976158142,0.4252859950065613,0.41690099239349365,0.4211980104446411,109939200.0
2011-01-12,1294842600,0.427031010389328,0.4300000071525574,0.4221090078353882,0.4297400116920471,134092800.0
2011-01-13,1294929000,0.43127599358558655,0.43372398614883423,0.426952987909317,0.4310939908027649,131443200.0
2011-01-14,1295015400,0.43088498711586,0.4405730068683624,0.428072988986969,0.4404430091381073,61286400.0
2011-01-18,1295361000,0.42919299006462097,0.4453130066394806,0.42846399545669556,0.44395801424980164,138124800.0
2011-01-19,1295447400,0.44622400403022766,0.44622400403022766,0.42463499307632446,0.4290890097618103,149952000.0
2011-01-20,1295533800,0.4239580035209656,0.425025999546051,0.40989598631858826,0.4194529950618744,189465600.0
2011-01-21,1295620200,0.4255729913711548,0.4281249940395355,0.4095830023288727,0.4098699986934662,104832000.0
2011-01-24,1295879400,0.4121609926223755,0.42716100811958313,0.40997400879859924,0.4267970025539398,86438400.0
2011-01-25,1295965800,0.42104199528694153,0.42885398864746094,0.4179689884185791,0.4282810091972351,95846400.0
2011-01-26,1296052200,0.43104198575019836,0.43895798921585083,0.4270569980144501,0.4349220097064972,99379200.0
2011-01-27,1296138600,0.4400259852409363,0.4470050036907196,0.4376299977302551,0.4433070123195648,111360000.0
2011-01-28,1296225000,0.4434640109539032,0.4442969858646393,0.403984010219574,0.4098699986934662,254553600.0
2011-01-31,1296484200,0.4114840030670166,0.419063001871109,0.4023439884185791,0.41593798995018005,159974400.0
2011-02-01,1296570600,0.42552098631858826,0.4419269859790802,0.42390599846839905,0.4390360116958618,203443200.0
2011-02-02,1296657000,0.43671900033950806,0.4415630102157593,0.43429699540138245,0.4370569884777069,92121600.0
2011-02-03,1296743400,0.4346350133419037,0.4411199986934662,0.424140989780426,0.4387499988079071,131558400.0
2011-02-04,1296829800,0.4398699998855591,0.44739601016044617,0.4358850121498108,0.44666698575019836,135936000.0
2011-02-07,1297089000,0.4494529962539673,0.4601300060749054,0.4472399950027466,0.45315098762512207,103795200.0
2011-02-08,1297175400,0.45330700278282166,0.46281298995018005,0.4510419964790344,0.46281298995018005,133977600.0
2011-02-09,1297261800,0.45974001288414,0.4638020098209381,0.4554949998855591,0.46000000834465027,130406400.0
2011-02-10,1297348200,0.45234400033950806,0.46317699551582336,0.4492189884185791,0.4622400104999542,142080000.0
2011-02-11,1297434600,0.4579690098762512,0.4720050096511841,0.45572900772094727,0.47171899676322937,94540800.0
2011-02-14,1297693800,0.4716149866580963,0.4768750071525574,0.4703649878501892,0.47468799352645874,59635200.0
2011-02-15,1297780200,0.4720570147037506,0.4745050072669983,0.46671900153160095,0.4734640121459961,93235200.0
2011-02-16,1297866600,0.47718799114227295,0.48601600527763367,0.4764840006828308,0.4822140038013458,141120000.0
2011-02-17,1297953000,0.4751040041446686,0.484375,0.4742189943790436,0.4817970097064972,86745600.0
2011-02-18,1298039400,0.4820829927921295,0.4840100109577179,0.47335898876190186,0.4790630042552948,128179200.0
2011-02-22,1298385000,0.45994800329208374,0.46354201436042786,0.43489599227905273,0.43687498569488525,241843200.0
2011-02-23,1298471400,0.4367449879646301,0.44143199920654297,0.41630199551582336,0.4260939955711365,194265600.0
2011-02-24,1298557800,0.4290890097618103,0.4364579916000366,0.41666701436042786,0.43216100335121155,320524800.0
2011-02-25,1298644200,0.44020798802375793,0.4525519907474518,0.43895798921585083,0.4506770074367523,108345600.0
2011-02-28,1298903400,0.45583298802375793,0.46031299233436584,0.44578099250793457,0.45395800471305847,104313600.0
2011-03-01,1298989800,0.4600520133972168,0.4600520133972168,0.4283849895000458,0.4321349859237671,122899200.0
2011-03-02,1299076200,0.431302011013031,0.44713500142097473,0.4309380054473877,0.4382289946079254,114105600.0
2011-03-03,1299162600,0.4509899914264679,0.4667710065841675,0.45093798637390137,0.46437498927116394,132825600.0
2011-03-04,1299249000,0.46458300948143005,0.46458300948143005,0.44843798875808716,0.45750001072883606,109420800.0
2011-03-07,1299508200,0.4632290005683899,0.46401000022888184,0.4269790053367615,0.4392710030078888,137568000.0
2011-03-08,1299594600,0.4367710053920746,0.45020800828933716,0.4296880066394806,0.4438540041446686,128774400.0
2011-03-09,1299681000,0.44020798802375793,0.44078099727630615,0.42817699909210205,0.43489599227905273,97056000.0
2011-03-10,1299767400,0.41947901248931885,0.42317700386047363,0.40974000096321106,0.41499999165534973,174892800.0
2011-03-11,1299853800,0.4080730080604553,0.4254690110683441,0.4074479937553406,0.42192700505256653,102547200.0
2011-03-14,1300113000,0.41505199670791626,0.42447900772094727,0.4083850085735321,0.4178130030632019,78912000.0
2011-03-15,1300199400,0.38062500953674316,0.40760400891304016,0.3768230080604553,0.4007290005683899,187852800.0
2011-03-16,1300285800,0.39072901010513306,0.396822988986969,0.3632810115814209,0.3713020086288452,216768000.0
2011-03-17,1300372200,0.388280987739563,0.39322900772094727,0.38062500953674316,0.38098999857902527,116486400.0
2011-03-18,1300458600,0.3943229913711548,0.39447900652885437,0.37812501192092896,0.3789060115814209,118713600.0
2011-03-21,1300717800,0.39552098512649536,0.40625,0.3938539922237396,0.400052011013031,95251200.0
2011-03-22,1300804200,0.40192699432373047,0.40312498807907104,0.39583298563957214,0.3989579975605011,64358400.0
2011-03-23,1300890600,0.39406299591064453,0.4085420072078705,0.3860419988632202,0.4050000011920929,104544000.0
2011-03-24,1300977000,0.41447898745536804,0.42958301305770874,0.40739598870277405,0.427031010389328,130656000.0
2011-03-25,1301063400,0.431302011013031,0.4385420083999634,0.4283849895000458,0.43015599250793457,148300800.0
2011-03-28,1301322600,0.43599000573158264,0.43604201078414917,0.42234399914741516,0.42286500334739685,88838400.0
2011-03-29,1301409000,0.4203130006790161,0.43510401248931885,0.41593798995018005,0.4350000023841858,67296000.0
2011-03-30,1301495400,0.44166699051856995,0.44307300448417664,0.4357289969921112,0.4414060115814209,67545600.0
2011-03-31,1301581800,0.4395830035209656,0.44437500834465027,0.4369789958000183,0.44328099489212036,56428800.0
2011-04-01,1301668200,0.44963499903678894,0.45395800471305847,0.44010400772094727,0.44395801424980164,75552000.0
2011-04-04,1301927400,0.4477599859237671,0.448853999376297,0.4338020086288452,0.4399479925632477,62419200.0
2011-04-05,1302013800,0.43666699528694153,0.4437499940395355,0.43333300948143005,0.43494799733161926,53932800.0
2011-04-06,1302100200,0.4453650116920471,0.44968798756599426,0.43135398626327515,0.4382289946079254,66393600.0
2011-04-07,1302186600,0.4385420083999634,0.44650998711586,0.4291149973869324,0.43812501430511475,71942400.0
2011-04-08,1302273000,0.44416698813438416,0.44572898745536804,0.4250519871711731,0.43156298995018005,50457600.0
2011-04-11,1302532200,0.43656298518180847,0.43953099846839905,0.42338499426841736,0.42765599489212036,56083200.0
2011-04-12,1302618600,0.42161500453948975,0.42479199171066284,0.41380199790000916,0.4192189872264862,66566400.0
2011-04-13,1302705000,0.4282810091972351,0.43276000022888184,0.41927099227905273,0.42921900749206543,70848000.0
2011-04-14,1302791400,0.4202600121498108,0.42885398864746094,0.4151040017604828,0.4268749952316284,67872000.0
2011-04-15,1302877800,0.421875,0.4296880066394806,0.4165630042552948,0.42411500215530396,149683200.0
2011-04-18,1303137000,0.41182300448417664,0.41614601016044617,0.39500001072883606,0.41593798995018005,125760000.0
2011-04-19,1303223400,0.4185419976711273,0.42343801259994507,0.41239601373672485,0.42343801259994507,107328000.0
2011-04-20,1303309800,0.44578099250793457,0.4533329904079437,0.4442709982395172,0.45161500573158264,131155200.0
2011-04-21,1303396200,0.4657289981842041,0.4658850133419037,0.45890599489212036,0.4630729854106903,64972800.0
2011-04-25,1303741800,0.46474000811576843,0.4671880006790161,0.46156299114227295,0.46650999784469604,45350400.0
2011-04-26,1303828200,0.47031301259994507,0.47916701436042786,0.46744799613952637,0.47453099489212036,44793600.0
2011-04-27,1303914600,0.4765630066394806,0.4855729937553406,0.47062501311302185,0.484375,62668800.0
2011-04-28,1304001000,0.47963500022888184,0.4838539958000183,0.47578099370002747,0.4836460053920746,66028800.0
2011-04-29,1304087400,0.47989600896835327,0.48484399914741516,0.4778650104999542,0.4813019931316376,52416000.0
2011-05-02,1304346600,0.48338499665260315,0.4864580035209656,0.4744270145893097,0.4786979854106903,53875200.0
2011-05-03,1304433000,0.47718799114227295,0.4785420000553131,0.462552011013031,0.47150999307632446,52204800.0
2011-05-04,1304519400,0.47145798802375793,0.4754689931869507,0.45760399103164673,0.46875,81945600.0
2011-05-05,1304605800,0.46187499165534973,0.47807300090789795,0.45661500096321106,0.46171900629997253,95750400.0
2011-05-06,1304692200,0.47578099370002747,0.4832809865474701,0.4620310068130493,0.4657289981842041,76838400.0
2011-05-09,1304951400,0.46791699528694153,0.4765099883079529,0.46296900510787964,0.47078099846839905,41875200.0
2011-05-10,1305037800,0.47541698813438416,0.4848960041999817,0.4728649854660034,0.48286500573158264,55353600.0
2011-05-11,1305124200,0.48140600323677063,0.4859899878501892,0.4627079963684082,0.4724479913711548,64704000.0
2011-05-12,1305210600,0.4675000011920929,0.4827600121498108,0.45994800329208374,0.4807809889316559,60288000.0
2011-05-13,1305297000,0.47755199670791626,0.4797399938106537,0.4632810056209564,0.4637500047683716,74054400.0
2011-05-16,1305556200,0.45765599608421326,0.4613020122051239,0.43656298518180847,0.4396350085735321,79718400.0
2011-05-17,1305642600,0.43302100896835327,0.44348999857902527,0.4303649961948395,0.44322898983955383,89740800.0
2011-05-18,1305729000,0.4416149854660034,0.45661500096321106,0.4397920072078705,0.454010009765625,42566400.0
2011-05-19,1305815400,0.45927101373672485,0.4609900116920471,0.4501039981842041,0.4579170048236847,52627200.0
2011-05-20,1305901800,0.4563539922237396,0.4581249952316284,0.44614601135253906,0.4478130042552948,43660800.0
2011-05-23,1306161000,0.42942699790000916,0.4330730140209198,0.4220309853553772,0.4283849895000458,77433600.0
2011-05-24,1306247400,0.4316670000553131,0.4316670000553131,0.42020800709724426,0.4203130006790161,67929600.0
2011-05-25,1306333800,0.4182809889316559,0.43088498711586,0.41802099347114563,0.42500001192092896,53913600.0
2011-05-26,1306420200,0.4208329916000366,0.43650999665260315,0.4208329916000366,0.43296900391578674,47136000.0
2011-05-27,1306506600,0.43510401248931885,0.4407289922237396,0.4341669976711273,0.439426988363266,35059200.0
2011-05-31,1306852200,0.4520829916000366,0.4605729877948761,0.4449479877948761,0.4605729877948761,55315200.0
2011-06-01,1306938600,0.4575519859790802,0.46046900749206543,0.4298959970474243,0.4311459958553314,92352000.0
2011-06-02,1307025000,0.4330730140209198,0.43775999546051025,0.4265100061893463,0.43364599347114563,46790400.0
2011-06-03,1307111400,0.41843798756599426,0.4279690086841583,0.4124999940395355,0.41395801305770874,81388800.0
2011-06-06,1307370600,0.41203099489212036,0.4172919988632202,0.40349000692367554,0.4039579927921295,53472000.0
2011-06-07,1307457000,0.40708300471305847,0.4117709994316101,0.4008849859237671,0.4016149938106537,55852800.0
2011-06-08,1307543400,0.39885398745536804,0.4009380042552948,0.3895829916000366,0.392969012260437,93523200.0
2011-06-09,1307629800,0.3931249976158142,0.40031298995018005,0.38947901129722595,0.3946880102157593,44064000.0
2011-06-10,1307716200,0.38932299613952637,0.39197900891304016,0.37599000334739685,0.37656301259994507,55699200.0
2011-06-13,1307975400,0.3781769871711731,0.3826040029525757,0.3730210065841675,0.3768230080604553,58982400.0
2011-06-14,1308061800,0.3853130042552948,0.39411500096321106,0.38520801067352295,0.3908329904079437,58521600.0
2011-06-15,1308148200,0.38025999069213867,0.3870309889316559,0.36692699790000916,0.3694790005683899,89337600.0
2011-06-16,1308234600,0.3696880042552948,0.3731769919395447,0.3552600145339966,0.3643229901790619,85171200.0
2011-06-17,1308321000,0.3746350109577179,0.3760420083999634,0.35843798518180847,0.36161500215530396,89971200.0
2011-06-20,1308580200,0.35807299613952637,0.37010401487350464,0.35807299613952637,0.36640599370002747,47212800.0
2011-06-21,1308666600,0.37114599347114563,0.3915629982948303,0.36619800329208374,0.3908329904079437,74284800.0
2011-06-22,1308753000,0.3856250047683716,0.3923960030078888,0.3817709982395172,0.38203099370002747,62208000.0
2011-06-23,1308839400,0.3694790005683899,0.3931249976158142,0.36604198813438416,0.3926039934158325,115852800.0
2011-06-24,1308925800,0.38677099347114563,0.3879689872264862,0.37010401487350464,0.3719269931316376,94041600.0
2011-06-27,1309185000,0.37369799613952637,0.39510399103164673,0.37156298756599426,0.38999998569488525,74361600.0
2011-06-28,1309271400,0.3928129971027374,0.40770798921585083,0.3913539946079254,0.4074999988079071,57676800.0
2011-06-29,1309357800,0.4110940098762512,0.4145829975605011,0.40364599227905273,0.4126040041446686,68409600.0
2011-06-30,1309444200,0.4169270098209381,0.4295310080051422,0.4161979854106903,0.4282810091972351,90432000.0
2011-07-01,1309530600,0.4296880066394806,0.4497919976711273,0.4259899854660034,0.4481250047683716,76723200.0
2011-07-05,1309876200,0.44963499903678894,0.45604199171066284,0.4467709958553314,0.45458298921585083,73286400.0
2011-07-06,1309962600,0.45343801379203796,0.46135398745536804,0.44895800948143005,0.45942699909210205,79833600.0
2011-07-07,1310049000,0.46953099966049194,0.482030987739563,0.467864990234375,0.4780209958553314,107097600.0
2011-07-08,1310135400,0.4658850133419037,0.4742189943790436,0.458281010389328,0.4740630090236664,146035200.0
2011-07-11,1310394600,0.45958301424980164,0.4663020074367523,0.44364601373672485,0.44864600896835327,135417600.0
2011-07-12,1310481000,0.4480209946632385,0.45093798637390137,0.43708300590515137,0.4377079904079437,100646400.0
2011-07-13,1310567400,0.4474479854106903,0.4568749964237213,0.4389060139656067,0.4435420036315918,114796800.0
2011-07-14,1310653800,0.4474479854106903,0.45317700505256653,0.42322900891304016,0.4282810091972351,123436800.0
2011-07-15,1310740200,0.4430209994316101,0.4453130066394806,0.43385401368141174,0.4453130066394806,96403200.0
2011-07-18,1310999400,0.43864598870277405,0.44364601373672485,0.42552098631858826,0.43796899914741516,84691200.0
2011-07-19,1311085800,0.4511460065841675,0.46953099966049194,0.4510419964790344,0.46885401010513306,144864000.0
2011-07-20,1311172200,0.47630199790000916,0.4765630066394806,0.4604170024394989,0.46229198575019836,107078400.0
2011-07-21,1311258600,0.46369799971580505,0.47916701436042786,0.45625001192092896,0.47166699171066284,131212800.0
2011-07-22,1311345000,0.4712499976158142,0.48817700147628784,0.46989598870277405,0.486301988363266,91468800.0
2011-07-25,1311604200,0.4742709994316101,0.4911459982395172,0.4719269871711731,0.48343798518180847,80102400.0
2011-07-26,1311690600,0.48182299733161926,0.4919790029525757,0.4795309901237488,0.48609399795532227,103353600.0
2011-07-27,1311777000,0.4772399961948395,0.4781250059604645,0.4458329975605011,0.4492189884185791,144057600.0
2011-07-28,1311863400,0.4500519931316376,0.4684379994869232,0.4447399973869324,0.45161500573158264,123398400.0
2011-07-29,1311949800,0.4405210018157959,0.4611459970474243,0.43421900272369385,0.4472399950027466,149740800.0
2011-08-01,1312209000,0.4634380042552948,0.46583300828933716,0.42500001192092896,0.4411979913711548,197337600.0
2011-08-02,1312295400,0.4344789981842041,0.44041699171066284,0.40599000453948975,0.40770798921585083,177004800.0
2011-08-03,1312381800,0.4087499976158142,0.42036500573158264,0.387813001871109,0.4182809889316559,175584000.0
2011-08-04,1312468200,0.40104201436042786,0.4030210077762604,0.36125001311302185,0.3613539934158325,292108800.0
2011-08-05,1312554600,0.37333300709724426,0.37796899676322937,0.32380199432373047,0.35338500142097473,317836800.0
2011-08-08,1312813800,0.3222399950027466,0.33974000811576843,0.2906250059604645,0.29130199551582336,385459200.0
2011-08-09,1312900200,0.30281299352645874,0.3322399854660034,0.2791149914264679,0.3311980068683624,425856000.0
2011-08-10,1312986600,0.30900999903678894,0.32343798875808716,0.29041698575019836,0.29213500022888184,323577600.0
2011-08-11,1313073000,0.30349001288414,0.3396350145339966,0.29979199171066284,0.32963499426841736,286348800.0
2011-08-12,1313159400,0.33713498711586,0.34400999546051025,0.32536500692367554,0.33802101016044617,250291200.0
2011-08-15,1313418600,0.34224000573158264,0.35270801186561584,0.337552011013031,0.3526040017604828,151488000.0
2011-08-16,1313505000,0.3430210053920746,0.35270801186561584,0.3301039934158325,0.3435420095920563,150643200.0
2011-08-17,1313591400,0.34562501311302185,0.3538540005683899,0.32749998569488525,0.33796900510787964,212236800.0
2011-08-18,1313677800,0.3104169964790344,0.3105210065841675,0.2796350121498108,0.28895801305770874,328723200.0
2011-08-19,1313764200,0.2791149914264679,0.3001039922237396,0.2718749940395355,0.2727600038051605,287328000.0
2011-08-22,1314023400,0.2919270098209381,0.29255199432373047,0.27296900749206543,0.2752079963684082,216460800.0
2011-08-23,1314109800,0.2810940146446228,0.3094789981842041,0.2778649926185608,0.3092710077762604,286137600.0
2011-08-24,1314196200,0.3076559901237488,0.3183329999446869,0.2993749976158142,0.3165630102157593,197164800.0
2011-08-25,1314282600,0.3158850073814392,0.3203650116920471,0.29802098870277405,0.30135399103164673,152582400.0
2011-08-26,1314369000,0.2986460030078888,0.32682299613952637,0.2894270122051239,0.3231250047683716,222412800.0
2011-08-29,1314628200,0.33333298563957214,0.35182300209999084,0.33333298563957214,0.35062500834465027,226464000.0
2011-08-30,1314714600,0.34687501192092896,0.3640100061893463,0.34114599227905273,0.3577600121498108,228940800.0
2011-08-31,1314801000,0.3643749952316284,0.3728649914264679,0.3504689931869507,0.35984399914741516,256454400.0
2011-09-01,1314887400,0.3621880114078522,0.3705730140209198,0.3476560115814209,0.34968799352645874,197836800.0
2011-09-02,1314973800,0.33000001311302185,0.33515599370002747,0.3196350038051605,0.32520800828933716,154137600.0
2011-09-06,1315319400,0.3022400140762329,0.32661500573158264,0.30000001192092896,0.32515600323677063,170054400.0
2011-09-07,1315405800,0.33927100896835327,0.3499999940395355,0.3365100026130676,0.34973999857902527,160089600.0
2011-09-08,1315492200,0.34416699409484863,0.3595829904079437,0.341823011636734,0.34489598870277405,199046400.0
2011-09-09,1315578600,0.33854201436042786,0.34224000573158264,0.3157289922237396,0.32218798995018005,207648000.0
2011-09-12,1315837800,0.31156298518180847,0.33500000834465027,0.3108850121498108,0.33427101373672485,239712000.0
2011-09-13,1315924200,0.33812499046325684,0.3497920036315918,0.3334380090236664,0.34724000096321106,280243200.0
2011-09-14,1316010600,0.3532809913158417,0.3744789958000183,0.3425000011920929,0.3622399866580963,233625600.0
2011-09-15,1316097000,0.3747920095920563,0.3804689943790436,0.3634380102157593,0.3786979913711548,235372800.0
2011-09-16,1316183400,0.38166698813438416,0.39020800590515137,0.3790630102157593,0.38859400153160095,246220800.0
2011-09-19,1316442600,0.3748440146446228,0.3955729901790619,0.36500000953674316,0.3895829916000366,247449600.0
2011-09-20,1316529000,0.3952080011367798,0.4046350121498108,0.38161501288414,0.3840630054473877,239155200.0
2011-09-21,1316615400,0.3900519907474518,0.3959380090236664,0.3642190098762512,0.364531010389328,234451200.0
2011-09-22,1316701800,0.3368229866027832,0.34599000215530396,0.3130210041999817,0.3290629982948303,335462400.0
2011-09-23,1316788200,0.3206770122051239,0.34349000453948975,0.3199999928474426,0.3393230140209198,261504000.0
2011-09-26,1317047400,0.34458300471305847,0.35270801186561584,0.3218750059604645,0.350832998752594,246988800.0
2011-09-27,1317133800,0.36927101016044617,0.37812501192092896,0.35468798875808716,0.3615629971027374,259027200.0
2011-09-28,1317220200,0.3666670024394989,0.3737500011920929,0.34349000453948975,0.34453099966049194,269184000.0
2011-09-29,1317306600,0.36192700266838074,0.36281299591064453,0.31645798683166504,0.334322988986969,336556800.0
2011-09-30,1317393000,0.32109400629997253,0.32843801379203796,0.30729201436042786,0.30833300948143005,287462400.0
2011-10-03,1317652200,0.29958298802375793,0.31416699290275574,0.2837499976158142,0.28416699171066284,410649600.0
2011-10-04,1317738600,0.27531298995018005,0.3032810091972351,0.26692700386047363,0.3014580011367798,689280000.0
2011-10-05,1317825000,0.2993749976158142,0.32734400033950806,0.2924480140209198,0.3243750035762787,520569600.0
2011-10-06,1317911400,0.32395800948143005,0.34104201197624207,0.3192189931869507,0.34104201197624207,456460800.0
2011-10-07,1317997800,0.3400520086288452,0.34505200386047363,0.3276039958000183,0.3340100049972534,288364800.0
2011-10-10,1318257000,0.3510420024394989,0.3682810068130493,0.3495829999446869,0.3682810068130493,216960000.0
2011-10-11,1318343400,0.3657290041446686,0.3787499964237213,0.3639580011367798,0.37614598870277405,200947200.0
2011-10-12,1318429800,0.38734400272369385,0.3945310115814209,0.38093799352645874,0.38218799233436584,258950400.0
2011-10-13,1318516200,0.37989598512649536,0.39390599727630615,0.3785940110683441,0.3924480080604553,187161600.0
2011-10-14,1318602600,0.4073440134525299,0.4140630066394806,0.40062499046325684,0.4140630066394806,191481600.0
2011-10-17,1318861800,0.408176988363266,0.41203099489212036,0.3883329927921295,0.394896000623703,1094342400.0
2011-10-18,1318948200,0.3934899866580963,0.41588500142097473,0.3821350038051605,0.40921899676322937,285792000.0
2011-10-19,1319034600,0.4039579927921295,0.4066149890422821,0.38203099370002747,0.3856250047683716,242246400.0
2011-10-20,1319121000,0.3847399950027466,0.38666701316833496,0.3638019859790802,0.38072898983955383,203174400.0
2011-10-21,1319207400,0.3922399878501892,0.4016669988632202,0.3839060068130493,0.39427098631858826,188428800.0
2011-10-24,1319466600,0.39890599250793457,0.4220829904079437,0.39760398864746094,0.41890600323677063,197356800.0
2011-10-25,1319553000,0.4144270122051239,0.41520801186561584,0.39161500334739685,0.39515599608421326,200755200.0
2011-10-26,1319639400,0.40104201436042786,0.403438001871109,0.37114599347114563,0.39359399676322937,383692800.0
2011-10-27,1319725800,0.42104199528694153,0.43229201436042786,0.4087499976158142,0.42531299591064453,330528000.0
2011-10-28,1319812200,0.41749998927116394,0.4283849895000458,0.41749998927116394,0.4267190098762512,127161600.0
2011-10-31,1320071400,0.4153130054473877,0.42041701078414917,0.40474000573158264,0.4055730104446411,157977600.0
2011-11-01,1320157800,0.37630200386047363,0.38489601016044617,0.3675520122051239,0.37416699528694153,392870400.0
2011-11-02,1320244200,0.3849479854106903,0.38807299733161926,0.3728649914264679,0.3833850026130676,243648000.0
2011-11-03,1320330600,0.3927600085735321,0.408594012260437,0.37916699051856995,0.40671899914741516,285561600.0
2011-11-04,1320417000,0.4007290005683899,0.40578100085258484,0.38859400153160095,0.4004170000553131,158323200.0
2011-11-07,1320676200,0.40046900510787964,0.41010400652885437,0.38802099227905273,0.4093230068683624,223084800.0
2011-11-08,1320762600,0.41802099347114563,0.4254170060157776,0.40421900153160095,0.4229690134525299,205900800.0
2011-11-09,1320849000,0.3983849883079529,0.40046900510787964,0.37614598870277405,0.3792189955711365,222144000.0
2011-11-10,1320935400,0.3903129994869232,0.3911460041999817,0.3671880066394806,0.3776560127735138,177945600.0
2011-11-11,1321021800,0.38838499784469604,0.40275999903678894,0.38661500811576843,0.39885398745536804,171532800.0
2011-11-14,1321281000,0.3965100049972534,0.4029169976711273,0.3875519931316376,0.39208298921585083,113126400.0
2011-11-15,1321367400,0.38911500573158264,0.40968799591064453,0.38749998807907104,0.4046880006790161,220108800.0
2011-11-16,1321453800,0.39604198932647705,0.40525999665260315,0.3828130066394806,0.3847399950027466,242092800.0
2011-11-17,1321540200,0.38197898864746094,0.3822920024394989,0.3510420024394989,0.3582809865474701,445920000.0
2011-11-18,1321626600,0.35822901129722595,0.359375,0.3478130102157593,0.34968799352645874,236198400.0
2011-11-21,1321885800,0.3361459970474243,0.3368229866027832,0.31911501288414,0.3293749988079071,272352000.0
2011-11-22,1321972200,0.3265100121498108,0.3358849883079529,0.32124999165534973,0.3322399854660034,320659200.0
2011-11-23,1322058600,0.32541701197624207,0.3263539969921112,0.30989599227905273,0.310155987739563,310272000.0
2011-11-25,1322231400,0.30677101016044617,0.3171350061893463,0.3031249940395355,0.3031249940395355,123552000.0
2011-11-28,1322490600,0.325313001871109,0.3359380066394806,0.3251039981842041,0.33442699909210205,262752000.0
2011-11-29,1322577000,0.33338499069213867,0.34171900153160095,0.3258329927921295,0.32838499546051025,234432000.0
2011-11-30,1322663400,0.3552600145339966,0.36567699909210205,0.3522399961948395,0.36442700028419495,242457600.0
2011-12-01,1322749800,0.3648439943790436,0.3751559853553772,0.36390599608421326,0.37224000692367554,183475200.0
2011-12-02,1322836200,0.38322898745536804,0.3834899961948395,0.36833301186561584,0.36869800090789795,129081600.0
2011-12-05,1323095400,0.3864060044288635,0.3888539969921112,0.375,0.38078099489212036,189158400.0
2011-12-06,1323181800,0.3826040029525757,0.38541701436042786,0.3744789958000183,0.3778649866580963,140025600.0
2011-12-07,1323268200,0.375,0.3833329975605011,0.3634380102157593,0.37843799591064453,154080000.0
2011-12-08,1323354600,0.37083300948143005,0.37937501072883606,0.3569270074367523,0.3591670095920563,259795200.0
2011-12-09,1323441000,0.36234399676322937,0.37953099608421326,0.36140599846839905,0.3761979937553406,196243200.0
2011-12-12,1323700200,0.36458298563957214,0.36494800448417664,0.35416701436042786,0.36385399103164673,214579200.0
2011-12-13,1323786600,0.3707810044288635,0.3751559853553772,0.34703099727630615,0.3515630066394806,231590400.0
2011-12-14,1323873000,0.3473440110683441,0.34843799471855164,0.32927098870277405,0.335207998752594,409939200.0
2011-12-15,1323959400,0.3446879982948303,0.3447920083999634,0.3309380114078522,0.33260399103164673,306950400.0
2011-12-16,1324045800,0.3380729854106903,0.3510420024394989,0.33583301305770874,0.33677101135253906,280934400.0
2011-12-19,1324305000,0.34135401248931885,0.3435420095920563,0.3248960077762604,0.3274480104446411,199296000.0
2011-12-20,1324391400,0.34296900033950806,0.3576039969921112,0.34296900033950806,0.3565100133419037,267705600.0
2011-12-21,1324477800,0.35041698813438416,0.35041698813438416,0.3291670083999634,0.3416669964790344,343718400.0
2011-12-22,1324564200,0.3430210053920746,0.3505209982395172,0.34208300709724426,0.3499999940395355,200947200.0
2011-12-23,1324650600,0.35197898745536804,0.35911500453948975,0.349947988986969,0.3590629994869232,110918400.0
2011-12-27,1324996200,0.35770800709724426,0.3656249940395355,0.35624998807907104,0.3618229925632477,139776000.0
2011-12-28,1325082600,0.36093801259994507,0.3622399866580963,0.3467710018157959,0.35020801424980164,200294400.0
2011-12-29,1325169000,0.3511979877948761,0.35786500573158264,0.34822899103164673,0.357030987739563,135436800.0
2011-12-30,1325255400,0.3549480140209198,0.3595829904079437,0.3539060056209564,0.35411500930786133,115622400.0
2012-01-03,1325601000,0.37406298518180847,0.37989598512649536,0.3717710077762604,0.3742710053920746,202732800.0
2012-01-04,1325687400,0.3725000023841858,0.38057300448417664,0.3677079975605011,0.3787499964237213,119692800.0
2012-01-05,1325773800,0.3768230080604553,0.38932299613952637,0.37239599227905273,0.38807299733161926,138796800.0
2012-01-06,1325860200,0.38911500573158264,0.39494800567626953,0.38432300090789795,0.39208298921585083,207494400.0
2012-01-09,1326119400,0.39531299471855164,0.3959380090236664,0.38489601016044617,0.3888019919395447,153945600.0
2012-01-10,1326205800,0.40135401487350464,0.4044789969921112,0.39406299591064453,0.39677101373672485,157305600.0
2012-01-11,1326292200,0.39677101373672485,0.40208300948143005,0.39250001311302185,0.3995310068130493,137241600.0
2012-01-12,1326378600,0.4027079939842224,0.4057289958000183,0.39359399676322937,0.4042710065841675,154329600.0
2012-01-13,1326465000,0.39802101254463196,0.4001559913158417,0.3895309865474701,0.39963498711586,155155200.0
2012-01-17,1326810600,0.4108330011367798,0.4157809913158417,0.40625,0.4103649854660034,129024000.0
2012-01-18,1326897000,0.413332998752594,0.42708298563957214,0.41098999977111816,0.4266670048236847,213830400.0
2012-01-19,1326983400,0.4327079951763153,0.4373440146446228,0.4307810068130493,0.4352079927921295,226790400.0
2012-01-20,1327069800,0.4293749928474426,0.43364599347114563,0.4285939931869507,0.4332810044288635,80179200.0
2012-01-23,1327329000,0.43317699432373047,0.4426040053367615,0.42604199051856995,0.433228999376297,137664000.0
2012-01-24,1327415400,0.4277079999446869,0.43453100323677063,0.42536500096321106,0.43083301186561584,95596800.0
2012-01-25,1327501800,0.4444270133972168,0.45052099227905273,0.43453100323677063,0.4472920000553131,202521600.0
2012-01-26,1327588200,0.45302098989486694,0.455469012260437,0.4363020062446594,0.44255200028419495,187084800.0
2012-01-27,1327674600,0.4399999976158142,0.448853999376297,0.4392710030078888,0.446927011013031,168844800.0
2012-01-30,1327933800,0.4355210065841675,0.44947901368141174,0.430417001247406,0.4476560056209564,168672000.0
2012-01-31,1328020200,0.4540629982948303,0.4567190110683441,0.4408850073814392,0.4492189884185791,198201600.0
2012-02-01,1328106600,0.45692700147628784,0.46525999903678894,0.4526039958000183,0.4602600038051605,175737600.0
2012-02-02,1328193000,0.46479201316833496,0.46916699409484863,0.45927101373672485,0.4650000035762787,145190400.0
2012-02-03,1328279400,0.4778650104999542,0.48515599966049194,0.47536501288414,0.483489990234375,155040000.0
2012-02-06,1328538600,0.4780209958553314,0.48307299613952637,0.47468799352645874,0.48302099108695984,130828800.0
2012-02-07,1328625000,0.48177099227905273,0.4884380102157593,0.47520801424980164,0.4851039946079254,130176000.0
2012-02-08,1328711400,0.48583298921585083,0.49317699670791626,0.48057299852371216,0.49317699670791626,154886400.0
2012-02-09,1328797800,0.49854201078414917,0.5057290196418762,0.49015599489212036,0.5041149854660034,152544000.0
2012-02-10,1328884200,0.4934380054473877,0.4975000023841858,0.48822900652885437,0.49333301186561584,194803200.0
2012-02-13,1329143400,0.5043749809265137,0.5089060068130493,0.49796900153160095,0.5066149830818176,159206400.0
2012-02-14,1329229800,0.5037500262260437,0.5110419988632202,0.49864599108695984,0.5110419988632202,173875200.0
2012-02-15,1329316200,0.5183849930763245,0.5267189741134644,0.49796900153160095,0.4996350109577179,383865600.0
2012-02-16,1329402600,0.5011460185050964,0.5226039886474609,0.49703100323677063,0.5205209851264954,252268800.0
2012-02-17,1329489000,0.5209900140762329,0.5222399830818176,0.5093749761581421,0.5160940289497375,161932800.0
2012-02-21,1329834600,0.5180730223655701,0.5270829796791077,0.5106250047683716,0.5204690098762512,164371200.0
2012-02-22,1329921000,0.5172920227050781,0.521822988986969,0.5110939741134644,0.5135939717292786,125376000.0
2012-02-23,1330007400,0.5153650045394897,0.524948000907898,0.5078129768371582,0.5233330130577087,210144000.0
2012-02-24,1330093800,0.5277079939842224,0.5315099954605103,0.5248960256576538,0.5284379720687866,134572800.0
2012-02-27,1330353000,0.5193750262260437,0.5360419750213623,0.513280987739563,0.5309900045394897,184819200.0
2012-02-28,1330439400,0.5320829749107361,0.546875,0.5304690003395081,0.546875,191980800.0
2012-02-29,1330525800,0.5485420227050781,0.5536460280418396,0.5346879959106445,0.539687991142273,266092800.0
2012-03-01,1330612200,0.545989990234375,0.5541149973869324,0.5411980152130127,0.5528129935264587,234643200.0
2012-03-02,1330698600,0.5509380102157593,0.5566669702529907,0.5461459755897522,0.5511459708213806,166252800.0
2012-03-05,1330957800,0.5505729913711548,0.552344024181366,0.5288540124893188,0.5339580178260803,244454400.0
2012-03-06,1331044200,0.5189579725265503,0.5218750238418579,0.5101040005683899,0.5186460018157959,215558400.0
2012-03-07,1331130600,0.525833010673523,0.5338540077209473,0.5235419869422913,0.5304170250892639,187238400.0
2012-03-08,1331217000,0.5394269824028015,0.5520830154418945,0.5364580154418945,0.5472400188446045,124761600.0
2012-03-09,1331303400,0.5504689812660217,0.5572400093078613,0.5491669774055481,0.5538539886474609,154944000.0
2012-03-12,1331562600,0.553176999092102,0.5567190051078796,0.5467190146446228,0.5547400116920471,151507200.0
2012-03-13,1331649000,0.5644789934158325,0.5860940217971802,0.5607810020446777,0.5859900116920471,191462400.0
2012-03-14,1331735400,0.5877079963684082,0.5986980199813843,0.5814579725265503,0.5925520062446594,243052800.0
2012-03-15,1331821800,0.5974479913711548,0.6007810235023499,0.5886980295181274,0.5970829725265503,196819200.0
2012-03-16,1331908200,0.6000000238418579,0.6001039743423462,0.5918229818344116,0.5957810282707214,138297600.0
2012-03-19,1332167400,0.5987499952316284,0.6127600073814392,0.5945309996604919,0.6087499856948853,191961600.0
2012-03-20,1332253800,0.5994269847869873,0.6140099763870239,0.5944790244102478,0.6120830178260803,184396800.0
2012-03-21,1332340200,0.6126559972763062,0.6221879720687866,0.6096349954605103,0.6118749976158142,156576000.0
2012-03-22,1332426600,0.6009899973869324,0.61244797706604,0.6006249785423279,0.6081770062446594,213216000.0
2012-03-23,1332513000,0.6105729937553406,0.6109899878501892,0.596875011920929,0.6073439717292786,157497600.0
2012-03-26,1332772200,0.6186460256576538,0.6390630006790161,0.6179689764976501,0.6390630006790161,158553600.0
2012-03-27,1332858600,0.639739990234375,0.6495829820632935,0.6394789814949036,0.641510009765625,179251200.0
2012-03-28,1332945000,0.6427080035209656,0.650052011013031,0.6227080225944519,0.6340100169181824,190368000.0
2012-03-29,1333031400,0.6250519752502441,0.6338019967079163,0.613385021686554,0.6274999976158142,172300800.0
2012-03-30,1333117800,0.6354169845581055,0.6361460089683533,0.615676999092102,0.6231250166893005,126451200.0
2012-04-02,1333377000,0.6214060187339783,0.6449999809265137,0.6182289719581604,0.6421350240707397,125452800.0
2012-04-03,1333463400,0.6449480056762695,0.6508849859237671,0.631197988986969,0.6421880125999451,167500800.0
2012-04-04,1333549800,0.6271349787712097,0.6285420060157776,0.6049479842185974,0.6159899830818176,205152000.0
2012-04-05,1333636200,0.612604022026062,0.6288020014762878,0.6110420227050781,0.627240002155304,154656000.0
2012-04-09,1333981800,0.6033849716186523,0.6206250190734863,0.6005730032920837,0.6128129959106445,143904000.0
2012-04-10,1334068200,0.6116669774055481,0.6191669702529907,0.5776039958000183,0.5832290053367615,293433600.0
2012-04-11,1334154600,0.5993750095367432,0.6033849716186523,0.5873439908027649,0.5916669964790344,168806400.0
2012-04-12,1334241000,0.5951560139656067,0.6139580011367798,0.5929690003395081,0.6115099787712097,178291200.0
2012-04-13,1334327400,0.605364978313446,0.6058850288391113,0.5833849906921387,0.5838540196418762,183321600.0
2012-04-16,1334586600,0.5935940146446228,0.5939059853553772,0.559374988079071,0.5654690265655518,200486400.0
2012-04-17,1334673000,0.5724999904632568,0.6042190194129944,0.5693749785423279,0.5988019704818726,189254400.0
2012-04-18,1334759400,0.5934380292892456,0.6047400236129761,0.5889580249786377,0.5944269895553589,128294400.0
2012-04-19,1334845800,0.5881770253181458,0.609375,0.567969024181366,0.5752080082893372,199200000.0
2012-04-20,1334932200,0.583541989326477,0.5913540124893188,0.5670310258865356,0.5690100193023682,171033600.0
2012-04-23,1335191400,0.5543749928474426,0.5565099716186523,0.5388020277023315,0.5546879768371582,140140800.0
2012-04-24,1335277800,0.5511980056762695,0.5576559901237488,0.5380730032920837,0.5448960065841675,129696000.0
2012-04-25,1335364200,0.5787500143051147,0.5892710089683533,0.5761460065841675,0.5881770253181458,152409600.0
2012-04-26,1335450600,0.5873439908027649,0.6027600169181824,0.5859379768371582,0.5986980199813843,142483200.0
2012-04-27,1335537000,0.6060420274734497,0.6152600049972534,0.5967190265655518,0.6089580059051514,104928000.0
2012-04-30,1335796200,0.6035419702529907,0.6074479818344116,0.5950000286102295,0.5963019728660583,96172800.0
2012-05-01,1335882600,0.5930209755897522,0.6192190051078796,0.5922399759292603,0.5996879935264587,104678400.0
2012-05-02,1335969000,0.5899999737739563,0.6058329939842224,0.5866150259971619,0.6036459803581238,77184000.0
2012-05-03,1336055400,0.6057289838790894,0.6069269776344299,0.5807290077209473,0.5848960280418396,100550400.0
2012-05-04,1336141800,0.5689060091972351,0.5716149806976318,0.5416669845581055,0.5419790148735046,182169600.0
2012-05-07,1336401000,0.5316669940948486,0.5506770014762878,0.5310940146446228,0.5427600145339966,211046400.0
2012-05-08,1336487400,0.5323439836502075,0.5422919988632202,0.5106769800186157,0.5367709994316101,276480000.0
2012-05-09,1336573800,0.5184900164604187,0.540573000907898,0.5115100145339966,0.5338019728660583,269529600.0
2012-05-10,1336660200,0.5391150116920471,0.5395830273628235,0.5224999785423279,0.5283330082893372,406137600.0
2012-05-11,1336746600,0.5219789743423462,0.5451040267944336,0.5217710137367249,0.5278130173683167,96172800.0
2012-05-14,1337005800,0.5151039958000183,0.5257290005683899,0.5111460089683533,0.5132290124893188,164400000.0
2012-05-15,1337092200,0.5190629959106445,0.5302079916000366,0.5058330297470093,0.5087500214576721,151276800.0
2012-05-16,1337178600,0.5141670107841492,0.5183330178260803,0.49510401487350464,0.4977079927921295,148598400.0
2012-05-17,1337265000,0.49854201078414917,0.5007290244102478,0.46687498688697815,0.46708300709724426,260640000.0
2012-05-18,1337351400,0.47145798802375793,0.4745829999446869,0.44718798995018005,0.4483329951763153,281923200.0
2012-05-21,1337610600,0.45093798637390137,0.4871880114078522,0.44947901368141174,0.48604199290275574,206409600.0
2012-05-22,1337697000,0.4896880090236664,0.49614599347114563,0.4735420048236847,0.48427098989486694,193238400.0
2012-05-23,1337783400,0.4722920060157776,0.4907290041446686,0.4596880078315735,0.48697900772094727,161952000.0
2012-05-24,1337869800,0.48958298563957214,0.4907290041446686,0.4666669964790344,0.47822898626327515,154800000.0
2012-05-25,1337956200,0.4790630042552948,0.4813539981842041,0.47135400772094727,0.4755209982395172,62496000.0
2012-05-29,1338301800,0.48906299471855164,0.5004169940948486,0.48072901368141174,0.4932290017604828,141360000.0
2012-05-30,1338388200,0.48020800948143005,0.4864580035209656,0.47218799591064453,0.48124998807907104,124617600.0
2012-05-31,1338474600,0.4795829951763153,0.4831250011920929,0.46406298875808716,0.47437500953674316,166080000.0
2012-06-01,1338561000,0.4497919976711273,0.4579170048236847,0.43666699528694153,0.43708300590515137,224342400.0
2012-06-04,1338820200,0.44093799591064453,0.44895800948143005,0.42906299233436584,0.44645801186561584,228345600.0
2012-06-05,1338906600,0.44239598512649536,0.45500001311302185,0.441771000623703,0.4526039958000183,196483200.0
2012-06-06,1338993000,0.46312499046325684,0.4845829904079437,0.4614579975605011,0.48354199528694153,171724800.0
2012-06-07,1339079400,0.4980210065841675,0.49854201078414917,0.47645801305770874,0.4781250059604645,171408000.0
2012-06-08,1339165800,0.4751040041446686,0.49354198575019836,0.47062501311302185,0.4921880066394806,126384000.0
2012-06-11,1339425000,0.5023959875106812,0.5037500262260437,0.465938001871109,0.46864598989486694,181795200.0
2012-06-12,1339511400,0.4724999964237213,0.48427098989486694,0.46406298875808716,0.48343798518180847,134995200.0
2012-06-13,1339597800,0.47968798875808716,0.49052101373672485,0.46864598989486694,0.47395798563957214,96998400.0
2012-06-14,1339684200,0.47343799471855164,0.484375,0.465938001871109,0.4792709946632385,131414400.0
2012-06-15,1339770600,0.4826039969921112,0.49864599108695984,0.4822919964790344,0.4969789981842041,168758400.0
2012-06-18,1340029800,0.491457998752594,0.5142710208892822,0.4884380102157593,0.5097919702529907,176668800.0
2012-06-19,1340116200,0.5183330178260803,0.5329170227050781,0.5176039934158325,0.5265629887580872,162518400.0
2012-06-20,1340202600,0.5294790267944336,0.534479022026062,0.5157290101051331,0.5284379720687866,194428800.0
2012-06-21,1340289000,0.5263540148735046,0.5284379720687866,0.48677098751068115,0.48885399103164673,155788800.0
2012-06-22,1340375400,0.49281299114227295,0.5057290196418762,0.4894790053367615,0.5040630102157593,140044800.0
2012-06-25,1340634600,0.4911459982395172,0.4916670024394989,0.47031301259994507,0.47416698932647705,134160000.0
2012-06-26,1340721000,0.47895801067352295,0.4873960018157959,0.47270798683166504,0.4833329916000366,136684800.0
2012-06-27,1340807400,0.48885399103164673,0.49854201078414917,0.4873960018157959,0.4921880066394806,116985600.0
2012-06-28,1340893800,0.4808329939842224,0.4820829927921295,0.4604170024394989,0.47447898983955383,209184000.0
2012-06-29,1340980200,0.503125011920929,0.5208330154418945,0.4984380006790161,0.5208330154418945,246595200.0
2012-07-02,1341239400,0.5223960280418396,0.5260419845581055,0.5135419964790344,0.5249999761581421,125107200.0
2012-07-03,1341325800,0.5259379744529724,0.538332998752594,0.5235419869422913,0.5375000238418579,92947200.0
2012-07-05,1341498600,0.5370830297470093,0.5472919940948486,0.5283330082893372,0.5393750071525574,118560000.0
2012-07-06,1341585000,0.5321879982948303,0.5331249833106995,0.5080209970474243,0.5181249976158142,145248000.0
2012-07-09,1341844200,0.5174999833106995,0.5228130221366882,0.5088539719581604,0.5163540244102478,96124800.0
2012-07-10,1341930600,0.5248960256576538,0.5286459922790527,0.49531298875808716,0.5005210041999817,172665600.0
2012-07-11,1342017000,0.49958300590515137,0.5033329725265503,0.4806250035762787,0.4936459958553314,221088000.0
2012-07-12,1342103400,0.481563001871109,0.4848960041999817,0.4657289981842041,0.4793750047683716,215356800.0
2012-07-13,1342189800,0.48302099108695984,0.503957986831665,0.4820829927921295,0.5002080202102661,141120000.0
2012-07-16,1342449000,0.4975000023841858,0.503853976726532,0.4906249940395355,0.4964579939842224,108739200.0
2012-07-17,1342535400,0.5055209994316101,0.5091670155525208,0.48291701078414917,0.5040630102157593,173606400.0
2012-07-18,1342621800,0.5009379982948303,0.5291669964790344,0.5008329749107361,0.5245829820632935,187440000.0
2012-07-19,1342708200,0.5358330011367798,0.546875,0.5328130125999451,0.5416669845581055,216249600.0
2012-07-20,1342794600,0.5420830249786377,0.5420830249786377,0.5197920203208923,0.5208330154418945,164726400.0
2012-07-23,1343053800,0.4902079999446869,0.507082998752594,0.47874999046325684,0.5015630125999451,221788800.0
2012-07-24,1343140200,0.5043749809265137,0.5063539743423462,0.4803130030632019,0.49010398983955383,252192000.0
2012-07-25,1343226600,0.4788540005683899,0.4893749952316284,0.4710420072078705,0.47916701436042786,196675200.0
2012-07-26,1343313000,0.5007290244102478,0.5072919726371765,0.4898959994316101,0.4979169964790344,231024000.0
2012-07-27,1343399400,0.5095829963684082,0.5367709994316101,0.5052080154418945,0.5356249809265137,271305600.0
2012-07-30,1343658600,0.5384380221366882,0.5452079772949219,0.5276039838790894,0.5323960185050964,183235200.0
2012-07-31,1343745000,0.5356249809265137,0.5416669845581055,0.5310419797897339,0.5327079892158508,132748800.0
2012-08-01,1343831400,0.543749988079071,0.5440629720687866,0.5218750238418579,0.5274999737739563,150921600.0
2012-08-02,1343917800,0.5151039958000183,0.5378130078315735,0.5105209946632385,0.5219789743423462,165830400.0
2012-08-03,1344004200,0.5475000143051147,0.5629169940948486,0.5417709946632385,0.5516669750213623,195081600.0
2012-08-06,1344263400,0.5607290267944336,0.5715630054473877,0.557083010673523,0.5640630125999451,127612800.0
2012-08-07,1344349800,0.5724999904632568,0.585207998752594,0.5691670179367065,0.5780209898948669,140601600.0
2012-08-08,1344436200,0.5737500190734863,0.581354022026062,0.5711460113525391,0.5770829916000366,85929600.0
2012-08-09,1344522600,0.5772920250892639,0.5848960280418396,0.574271023273468,0.581978976726532,77500800.0
2012-08-10,1344609000,0.5771880149841309,0.5843750238418579,0.5721880197525024,0.5843750238418579,93350400.0
2012-08-13,1344868200,0.5839580297470093,0.5879169702529907,0.5744789838790894,0.5879169702529907,71904000.0
2012-08-14,1344954600,0.5945829749107361,0.5981249809265137,0.5838540196418762,0.5887500047683716,110160000.0
2012-08-15,1345041000,0.5872920155525208,0.5956249833106995,0.5868750214576721,0.5929170250892639,71654400.0
2012-08-16,1345127400,0.6001039743423462,0.6185420155525208,0.597603976726532,0.6141669750213623,139017600.0
2012-08-17,1345213800,0.6182289719581604,0.6226040124893188,0.6142709851264954,0.6226040124893188,113606400.0
2012-08-20,1345473000,0.6214579939842224,0.6254169940948486,0.6139580011367798,0.625,91910400.0
2012-08-21,1345559400,0.6310420036315918,0.6378129720687866,0.6104170083999634,0.617812991142273,218227200.0
2012-08-22,1345645800,0.6131250262260437,0.6290630102157593,0.6085420250892639,0.6244789958000183,113750400.0
2012-08-23,1345732200,0.6175000071525574,0.6227080225944519,0.6052079796791077,0.6106250286102295,109641600.0
2012-08-24,1345818600,0.605417013168335,0.6258329749107361,0.6028130054473877,0.6214579939842224,104236800.0
2012-08-27,1346077800,0.6295830011367798,0.6317710280418396,0.6202080249786377,0.6244789958000183,75379200.0
2012-08-28,1346164200,0.6225000023841858,0.6293749809265137,0.616457998752594,0.6243749856948853,87657600.0
2012-08-29,1346250600,0.6251040101051331,0.6291670203208923,0.6165630221366882,0.6245830059051514,73737600.0
2012-08-30,1346337000,0.6162499785423279,0.6168749928474426,0.6025000214576721,0.605521023273468,124272000.0
2012-08-31,1346423400,0.6187499761581421,0.6252080202102661,0.5992709994316101,0.6184380054473877,168816000.0
2012-09-04,1346769000,0.614687979221344,0.6223959922790527,0.5973960161209106,0.6158329844474792,149625600.0
2012-09-05,1346855400,0.6144790053367615,0.6225000023841858,0.6086459755897522,0.6130210161209106,100828800.0
2012-09-06,1346941800,0.6248959898948669,0.6547920107841492,0.6245830059051514,0.6535419821739197,154656000.0
2012-09-07,1347028200,0.6502079963684082,0.6548960208892822,0.6461459994316101,0.6507290005683899,109670400.0
2012-09-10,1347287400,0.6467710137367249,0.6505209803581238,0.6253129839897156,0.6267709732055664,150604800.0
2012-09-11,1347373800,0.6264579892158508,0.6339579820632935,0.6206250190734863,0.6240630149841309,140352000.0
2012-09-12,1347460200,0.6301040053367615,0.6340630054473877,0.6176040172576904,0.6294789910316467,153888000.0
2012-09-13,1347546600,0.6311460137367249,0.6628130078315735,0.6285420060157776,0.6545829772949219,233616000.0
2012-09-14,1347633000,0.6625000238418579,0.6791669726371765,0.6610419750213623,0.6713539958000183,286377600.0
2012-09-17,1347892200,0.6735420227050781,0.6735420227050781,0.6656249761581421,0.6726040244102478,152323200.0
2012-09-18,1347978600,0.6675000190734863,0.6753129959106445,0.6675000190734863,0.6738539934158325,100742400.0
2012-09-19,1348065000,0.6745830178260803,0.6834380030632019,0.6685420274734497,0.6783329844474792,137520000.0
2012-09-20,1348151400,0.6684380173683167,0.6780210137367249,0.6632289886474609,0.6767709851264954,144921600.0
2012-09-21,1348237800,0.6866670250892639,0.6880210041999817,0.675000011920929,0.6767709851264954,145056000.0
2012-09-24,1348497000,0.6597920060157776,0.6683329939842224,0.6557289958000183,0.6642709970474243,139872000.0
2012-09-25,1348583400,0.6703130006790161,0.6744790077209473,0.6359379887580872,0.6376039981842041,153148800.0
2012-09-26,1348669800,0.6339579820632935,0.6353129744529724,0.6116669774055481,0.6208329796791077,244800000.0
2012-09-27,1348756200,0.6255210041999817,0.6512500047683716,0.6227080225944519,0.6471880078315735,183244800.0
2012-09-28,1348842600,0.6402080059051514,0.6463540196418762,0.6291670203208923,0.6316670179367065,157977600.0
2012-10-01,1349101800,0.640625,0.6517710089683533,0.6220830082893372,0.628957986831665,156499200.0
2012-10-02,1349188200,0.636667013168335,0.6420829892158508,0.6189579963684082,0.6330209970474243,165043200.0
2012-10-03,1349274600,0.6387500166893005,0.6486459970474243,0.6310420036315918,0.6449999809265137,159820800.0
2012-10-04,1349361000,0.6494789719581604,0.6576039791107178,0.6426039934158325,0.6524999737739563,152342400.0
2012-10-05,1349447400,0.6620830297470093,0.6645830273628235,0.6368749737739563,0.6412500143051147,116534400.0
2012-10-08,1349706600,0.6307290196418762,0.6344789862632751,0.6196879744529724,0.6242709755897522,104841600.0
2012-10-09,1349793000,0.6186460256576538,0.6192709803581238,0.5899999737739563,0.5921880006790161,182188800.0
2012-10-10,1349879400,0.5941669940948486,0.5987499952316284,0.5822920203208923,0.5849999785423279,155808000.0
2012-10-11,1349965800,0.599166989326477,0.5994790196418762,0.5787500143051147,0.5797920227050781,142396800.0
2012-10-12,1350052200,0.5804169774055481,0.5888540148735046,0.5758330225944519,0.5796880125999451,109180800.0
2012-10-15,1350311400,0.5857290029525757,0.5938540101051331,0.5752080082893372,0.5912500023841858,116332800.0
2012-10-16,1350397800,0.5944790244102478,0.6187499761581421,0.5938540101051331,0.6169790029525757,142742400.0
2012-10-17,1350484200,0.6072919964790344,0.6213539838790894,0.6047919988632202,0.6151040196418762,133401600.0
2012-10-18,1350570600,0.6096879839897156,0.6155210137367249,0.5874999761581421,0.5940629839897156,173520000.0
2012-10-19,1350657000,0.5920829772949219,0.5930209755897522,0.5494790077209473,0.5511459708213806,285312000.0
2012-10-22,1350916200,0.550000011920929,0.5642709732055664,0.5470830202102661,0.5597919821739197,211132800.0
2012-10-23,1351002600,0.5466669797897339,0.5583329796791077,0.5388540029525757,0.5432289838790894,282038400.0
2012-10-24,1351089000,0.5532289743423462,0.5559380054473877,0.5358330011367798,0.5378130078315735,207052800.0
2012-10-25,1351175400,0.5495830178260803,0.5518749952316284,0.5332289934158325,0.5378130078315735,233625600.0
2012-10-26,1351261800,0.5385419726371765,0.5493749976158142,0.5256249904632568,0.5434380173683167,192192000.0
2012-10-31,1351693800,0.5411459803581238,0.5435420274734497,0.5270829796791077,0.5329170227050781,148204800.0
2012-11-01,1351780200,0.5426040291786194,0.558646023273468,0.5384380221366882,0.5555210113525391,183724800.0
2012-11-02,1351866600,0.5630210041999817,0.5638539791107178,0.535207986831665,0.535207986831665,183427200.0
2012-11-05,1352125800,0.5382289886474609,0.5512499809265137,0.534375011920929,0.5483329892158508,150355200.0
2012-11-06,1352212200,0.550728976726532,0.5623959898948669,0.5450000166893005,0.5516669750213623,182582400.0
2012-11-07,1352298600,0.5339580178260803,0.5354170203208923,0.505312979221344,0.5120829939842224,383731200.0
2012-11-08,1352385000,0.515625,0.5198959708213806,0.4881249964237213,0.4881249964237213,310473600.0
2012-11-09,1352471400,0.48885399103164673,0.5098959803581238,0.4879170060157776,0.4934380054473877,436598400.0
2012-11-12,1352730600,0.5028129816055298,0.5042709708213806,0.4896880090236664,0.4941670000553131,164419200.0
2012-11-13,1352817000,0.4826039969921112,0.49760401248931885,0.47895801067352295,0.48343798518180847,345734400.0
2012-11-14,1352903400,0.49031299352645874,0.49208301305770874,0.4641669988632202,0.46614599227905273,294950400.0
2012-11-15,1352989800,0.4671880006790161,0.47218799591064453,0.45656299591064453,0.4619790017604828,310396800.0
2012-11-16,1353076200,0.4625000059604645,0.47145798802375793,0.4456250071525574,0.4671880006790161,372614400.0
2012-11-19,1353335400,0.4828130006790161,0.5020830035209656,0.48249998688697815,0.5008329749107361,345580800.0
2012-11-20,1353421800,0.5007290244102478,0.5034379959106445,0.48697900772094727,0.5009379982948303,218467200.0
2012-11-21,1353508200,0.5022919774055481,0.5066670179367065,0.4967710077762604,0.5044789910316467,160761600.0
2012-11-23,1353681000,0.5136460065841675,0.5276039838790894,0.5122920274734497,0.5276039838790894,129321600.0
2012-11-26,1353940200,0.5239580273628235,0.5348960161209106,0.518750011920929,0.534375011920929,196944000.0
2012-11-27,1354026600,0.5333330035209656,0.5395830273628235,0.5262500047683716,0.5283330082893372,359788800.0
2012-11-28,1354113000,0.521041989326477,0.5435420274734497,0.5113540291786194,0.5425000190734863,281001600.0
2012-11-29,1354199400,0.5510420203208923,0.5577080249786377,0.5440629720687866,0.5518749952316284,249177600.0
2012-11-30,1354285800,0.5520830154418945,0.5535420179367065,0.5444790124893188,0.5498960018157959,228470400.0
2012-12-03,1354545000,0.5623959898948669,0.5636460185050964,0.5455210208892822,0.5471879839897156,336825600.0
2012-12-04,1354631400,0.5473960041999817,0.5484380125999451,0.534375011920929,0.543645977973938,336748800.0
2012-12-05,1354717800,0.542917013168335,0.543021023273468,0.5181249976158142,0.5268750190734863,436617600.0
2012-12-06,1354804200,0.5220829844474792,0.5412499904632568,0.5177080035209656,0.536562979221344,306249600.0
2012-12-07,1354890600,0.5454170107841492,0.5467709898948669,0.5221880078315735,0.527396023273468,240748800.0
2012-12-10,1355149800,0.5234379768371582,0.5402079820632935,0.5231249928474426,0.5320829749107361,210441600.0
2012-12-11,1355236200,0.5440629720687866,0.5618749856948853,0.5418750047683716,0.5526040196418762,344976000.0
2012-12-12,1355322600,0.5612499713897705,0.5614579916000366,0.5447919964790344,0.5488539934158325,301238400.0
2012-12-13,1355409000,0.5462499856948853,0.5576040148735046,0.5292710065841675,0.5364580154418945,338515200.0
2012-12-14,1355495400,0.5262500047683716,0.5305209755897522,0.515625,0.5212500095367432,274128000.0
2012-12-17,1355754600,0.5220829844474792,0.5420830249786377,0.5202080011367798,0.5415629744529724,193219200.0
2012-12-18,1355841000,0.5498960018157959,0.5690630078315735,0.5455210208892822,0.5666670203208923,456326400.0
2012-12-19,1355927400,0.5712500214576721,0.5718749761581421,0.5581250190734863,0.558542013168335,361286400.0
2012-12-20,1356013800,0.5620830059051514,0.5629169940948486,0.550728976726532,0.5589579939842224,291580800.0
2012-12-21,1356100200,0.5332289934158325,0.5434380173683167,0.5260419845581055,0.5415629744529724,336624000.0
2012-12-24,1356359400,0.5387499928474426,0.539687991142273,0.534479022026062,0.5369790196418762,52425600.0
2012-12-26,1356532200,0.5386459827423096,0.5407289862632751,0.5189579725265503,0.5242710113525391,158563200.0
2012-12-27,1356618600,0.5251039862632751,0.527292013168335,0.5019789934158325,0.5213540196418762,308150400.0
2012-12-28,1356705000,0.5106250047683716,0.5218750238418579,0.5062500238418579,0.5062500238418579,164284800.0
2012-12-31,1356964200,0.503853976726532,0.5418750047683716,0.5016670227050781,0.5392709970474243,423052800.0
2013-01-02,1357137000,0.578125,0.5904170274734497,0.5720829963684082,0.5895829796791077,354720000.0
2013-01-03,1357223400,0.5894790291786194,0.5934380292892456,0.5753129720687866,0.5810419917106628,310732800.0
2013-01-04,1357309800,0.5814579725265503,0.5814579725265503,0.571042001247406,0.5753129720687866,152208000.0
2013-01-07,1357569000,0.5703129768371582,0.578125,0.5652080178260803,0.5759379863739014,182822400.0
2013-01-08,1357655400,0.5752080082893372,0.5795829892158508,0.5631250143051147,0.5726040005683899,175036800.0
2013-01-09,1357741800,0.5744789838790894,0.5830209851264954,0.5732290148735046,0.5784379839897156,153993600.0
2013-01-10,1357828200,0.589896023273468,0.5916669964790344,0.5729169845581055,0.5886459946632385,235555200.0
2013-01-11,1357914600,0.5880209803581238,0.5919790267944336,0.5846880078315735,0.5908330082893372,106060800.0
2013-01-14,1358173800,0.5814579725265503,0.5881249904632568,0.5758330225944519,0.5832290053367615,147369600.0
2013-01-15,1358260200,0.5752080082893372,0.5771880149841309,0.5670830011367798,0.5745829939842224,216844800.0
2013-01-16,1358346600,0.5779169797897339,0.5874999761581421,0.574271023273468,0.5810419917106628,152217600.0
2013-01-17,1358433000,0.5888540148735046,0.5966669917106628,0.5858330130577087,0.5899999737739563,230620800.0
2013-01-18,1358519400,0.5842710137367249,0.5877079963684082,0.5780209898948669,0.586667001247406,206044800.0
2013-01-22,1358865000,0.5882290005683899,0.589792013168335,0.5771880149841309,0.5890629887580872,252566400.0
2013-01-23,1358951400,0.5985419750213623,0.6046879887580872,0.5960419774055481,0.5986459851264954,225081600.0
2013-01-24,1359037800,0.5752080082893372,0.5912500023841858,0.5721880197525024,0.5747920274734497,246124800.0
2013-01-25,1359124200,0.5807290077209473,0.5885419845581055,0.5770829916000366,0.5833330154418945,170409600.0
2013-01-28,1359383400,0.5840629935264587,0.5933330059051514,0.5816670060157776,0.5874999761581421,249590400.0
2013-01-29,1359469800,0.5851039886474609,0.5914580225944519,0.5735419988632202,0.5874999761581421,213888000.0
2013-01-30,1359556200,0.5913540124893188,0.5958330035209656,0.5798959732055664,0.5842710137367249,159158400.0
2013-01-31,1359642600,0.5833330154418945,0.5923960208892822,0.5784379839897156,0.5805209875106812,203433600.0
2013-02-01,1359729000,0.5922920107841492,0.6035419702529907,0.585207998752594,0.5995830297470093,286070400.0
2013-02-04,1359988200,0.5894790291786194,0.5951039791107178,0.5687500238418579,0.5690630078315735,274224000.0
2013-02-05,1360074600,0.5761460065841675,0.5993750095367432,0.5726040005683899,0.5940629839897156,280089600.0
2013-02-06,1360161000,0.5880209803581238,0.5963540077209473,0.5832290053367615,0.5885419845581055,250972800.0
2013-02-07,1360247400,0.5903130173683167,0.5919790267944336,0.5707290172576904,0.5899999737739563,218572800.0
2013-02-08,1360333800,0.5994790196418762,0.6117709875106812,0.5981249809265137,0.6079170107841492,203913600.0
2013-02-11,1360593000,0.6092709898948669,0.6100000143051147,0.6026039719581604,0.6077079772949219,111062400.0
2013-02-12,1360679400,0.6066669821739197,0.6097919940948486,0.5993750095367432,0.6006249785423279,129542400.0
2013-02-13,1360765800,0.6060420274734497,0.6141669750213623,0.6018750071525574,0.6076040267944336,186806400.0
2013-02-14,1360852200,0.5992709994316101,0.6095830202102661,0.5980209708213806,0.6063539981842041,137001600.0
2013-02-15,1360938600,0.6071879863739014,0.6111459732055664,0.5964580178260803,0.6011459827423096,118598400.0
2013-02-19,1361284200,0.605417013168335,0.6148959994316101,0.6044790148735046,0.6142709851264954,127296000.0
2013-02-20,1361370600,0.6141669750213623,0.6145830154418945,0.5862500071525574,0.5862500071525574,163958400.0
2013-02-21,1361457000,0.5798959732055664,0.581250011920929,0.5609380006790161,0.567188024520874,265286400.0
2013-02-22,1361543400,0.5769789814949036,0.5842710137367249,0.5708330273628235,0.5838540196418762,132364800.0
2013-02-25,1361802600,0.5957289934158325,0.6015629768371582,0.5611460208892822,0.5620830059051514,240604800.0
2013-02-26,1361889000,0.5655210018157959,0.5721880197525024,0.5537499785423279,0.5688539743423462,168460800.0
2013-02-27,1361975400,0.569582998752594,0.5967710018157959,0.5668749809265137,0.5861459970474243,171072000.0
2013-02-28,1362061800,0.5861459970474243,0.5992709994316101,0.583541989326477,0.5839580297470093,163516800.0
2013-03-01,1362148200,0.5767710208892822,0.5927079916000366,0.5681250095367432,0.5899999737739563,123216000.0
2013-03-04,1362407400,0.5841670036315918,0.5979170203208923,0.581978976726532,0.597603976726532,150969600.0
2013-03-05,1362493800,0.6091669797897339,0.6265630125999451,0.6085420250892639,0.6238539814949036,228086400.0
2013-03-06,1362580200,0.6302080154418945,0.6307290196418762,0.6172919869422913,0.6198959946632385,207619200.0
2013-03-07,1362666600,0.6216670274734497,0.6274999976158142,0.6184380054473877,0.6253129839897156,110284800.0
2013-03-08,1362753000,0.6310420036315918,0.633542001247406,0.6194790005683899,0.6260420083999634,169718400.0
2013-03-11,1363012200,0.6248959898948669,0.6327080130577087,0.6187499761581421,0.6324999928474426,123878400.0
2013-03-12,1363098600,0.6268749833106995,0.6309379935264587,0.616457998752594,0.6247919797897339,178108800.0
2013-03-13,1363185000,0.6270830035209656,0.6301040053367615,0.616457998752594,0.6228129863739014,160838400.0
2013-03-14,1363271400,0.6294789910316467,0.6330209970474243,0.625,0.6291670203208923,154339200.0
2013-03-15,1363357800,0.6302080154418945,0.6316670179367065,0.6190630197525024,0.6232290267944336,159888000.0
2013-03-18,1363617000,0.6069790124893188,0.6269789934158325,0.6026039719581604,0.6189579963684082,214742400.0
2013-03-19,1363703400,0.6248959898948669,0.6286460161209106,0.5994790196418762,0.616457998752594,287500800.0
2013-03-20,1363789800,0.6290630102157593,0.6328129768371582,0.6204169988632202,0.628229022026062,153484800.0
2013-03-21,1363876200,0.612500011920929,0.616457998752594,0.6033329963684082,0.6081249713897705,214742400.0
2013-03-22,1363962600,0.6150000095367432,0.6264579892158508,0.6131250262260437,0.6248959898948669,142761600.0
2013-03-25,1364221800,0.6310420036315918,0.6349999904632568,0.6094790101051331,0.6185420155525208,228931200.0
2013-03-26,1364308200,0.6258329749107361,0.628853976726532,0.6213539838790894,0.6280210018157959,123830400.0
2013-03-27,1364394600,0.6161460280418396,0.6321880221366882,0.6130210161209106,0.6313539743423462,191798400.0
2013-03-28,1364481000,0.6309379935264587,0.637499988079071,0.6265630125999451,0.6349999904632568,266697600.0
2013-04-01,1364826600,0.6369789838790894,0.6385419964790344,0.6175000071525574,0.6227080225944519,249628800.0
2013-04-02,1364913000,0.6309379935264587,0.6431249976158142,0.6298959851264954,0.636771023273468,337776000.0
2013-04-03,1364999400,0.6381250023841858,0.640625,0.6151040196418762,0.6198959946632385,177206400.0
2013-04-04,1365085800,0.6192709803581238,0.6246880292892456,0.6102079749107361,0.6202080249786377,189936000.0
2013-04-05,1365172200,0.5909379720687866,0.6073960065841675,0.586562991142273,0.6050000190734863,338284800.0
2013-04-08,1365431400,0.605521023273468,0.614687979221344,0.6001039743423462,0.6142709851264954,223603200.0
2013-04-09,1365517800,0.6193749904632568,0.6339579820632935,0.6106250286102295,0.6263539791107178,332620800.0
2013-04-10,1365604200,0.6329169869422913,0.6658329963684082,0.6321880221366882,0.6630210280418396,182448000.0
2013-04-11,1365690600,0.6585419774055481,0.6669790148735046,0.65625,0.6618750095367432,167558400.0
2013-04-12,1365777000,0.6576039791107178,0.6623960137367249,0.645937979221344,0.6611459851264954,218592000.0
2013-04-15,1366036200,0.6529170274734497,0.6567710041999817,0.6197919845581055,0.6209380030632019,203846400.0
2013-04-16,1366122600,0.6332290172576904,0.6485419869422913,0.6287500262260437,0.6468750238418579,193718400.0
2013-04-17,1366209000,0.6294789910316467,0.6298959851264954,0.597603976726532,0.6090630292892456,315619200.0
2013-04-18,1366295400,0.6141669750213623,0.6141669750213623,0.5756250023841858,0.5827080011367798,253670400.0
2013-04-19,1366381800,0.5873960256576538,0.6110420227050781,0.5840629935264587,0.6068750023841858,183014400.0
2013-04-22,1366641000,0.6135420203208923,0.6322919726371765,0.6069790124893188,0.6255210041999817,161088000.0
2013-04-23,1366727400,0.6369789838790894,0.6503130197525024,0.6268749833106995,0.6439579725265503,272966400.0
2013-04-24,1366813800,0.6389579772949219,0.6497920155525208,0.6346880197525024,0.6423959732055664,224179200.0
2013-04-25,1366900200,0.6486459970474243,0.6604170203208923,0.6474999785423279,0.6528130173683167,192508800.0
2013-04-26,1366986600,0.6487500071525574,0.6527079939842224,0.6388540267944336,0.6472920179367065,91881600.0
2013-04-29,1367245800,0.6528130173683167,0.6721879839897156,0.6528130173683167,0.6644790172576904,137097600.0
2013-04-30,1367332200,0.6675000190734863,0.6796879768371582,0.6598960161209106,0.6790630221366882,123897600.0
2013-05-01,1367418600,0.6790630221366882,0.6829169988632202,0.6658329963684082,0.6704170107841492,128688000.0
2013-05-02,1367505000,0.6730210185050964,0.6993749737739563,0.6714580059051514,0.6946880221366882,97516800.0
2013-05-03,1367591400,0.7152079939842224,0.7259380221366882,0.7140629887580872,0.7189580202102661,133996800.0
2013-05-06,1367850600,0.7231249809265137,0.7313539981842041,0.7215629816055298,0.7282289862632751,97008000.0
2013-05-07,1367937000,0.7316669821739197,0.7332289814949036,0.7189580202102661,0.7264580130577087,104275200.0
2013-05-08,1368023400,0.7246879935264587,0.7389580011367798,0.7222920060157776,0.7378129959106445,85305600.0
2013-05-09,1368109800,0.7323960065841675,0.7489579916000366,0.7298960089683533,0.7352079749107361,110918400.0
2013-05-10,1368196200,0.7384380102157593,0.7484380006790161,0.7351040244102478,0.7477080225944519,127027200.0
2013-05-13,1368455400,0.7440630197525024,0.7556250095367432,0.7416669726371765,0.7506250143051147,133286400.0
2013-05-14,1368541800,0.7505210041999817,0.7686460018157959,0.7503129839897156,0.761667013168335,133920000.0
2013-05-15,1368628200,0.7582290172576904,0.7686460018157959,0.7519789934158325,0.7672920227050781,131366400.0
2013-05-16,1368714600,0.768854022026062,0.7798960208892822,0.7627080082893372,0.7644789814949036,155404800.0
2013-05-17,1368801000,0.7754169702529907,0.7868750095367432,0.7684379816055298,0.7860419750213623,150000000.0
2013-05-20,1369060200,0.7798960208892822,0.7901039719581604,0.7731249928474426,0.7825000286102295,151363200.0
2013-05-21,1369146600,0.7819790244102478,0.7935420274734497,0.7732290029525757,0.7854170203208923,160915200.0
2013-05-22,1369233000,0.7879170179367065,0.8064579963684082,0.7523959875106812,0.7662500143051147,316982400.0
2013-05-23,1369319400,0.7442709803581238,0.7662500143051147,0.7395830154418945,0.7579169869422913,145737600.0
2013-05-24,1369405800,0.7437499761581421,0.7580209970474243,0.737500011920929,0.7574999928474426,67747200.0
2013-05-28,1369751400,0.7839580178260803,0.7927079796791077,0.765625,0.7731249928474426,161817600.0
2013-05-29,1369837800,0.7635419964790344,0.7697920203208923,0.7484380006790161,0.7614579796791077,159638400.0
2013-05-30,1369924200,0.761667013168335,0.7839580178260803,0.761667013168335,0.7738540172576904,86121600.0
2013-05-31,1370010600,0.7642710208892822,0.7821879982948303,0.7502080202102661,0.7517709732055664,123331200.0
2013-06-03,1370269800,0.7534379959106445,0.7565630078315735,0.7270830273628235,0.7561460137367249,222633600.0
2013-06-04,1370356200,0.7604169845581055,0.7697920203208923,0.7352079749107361,0.7447919845581055,138556800.0
2013-06-05,1370442600,0.7369790077209473,0.7454169988632202,0.7137500047683716,0.7162500023841858,190560000.0
2013-06-06,1370529000,0.7182289958000183,0.7256249785423279,0.6979169845581055,0.7250000238418579,190944000.0
2013-06-07,1370615400,0.7355210185050964,0.7576040029525757,0.7291669845581055,0.755312979221344,233088000.0
2013-06-10,1370874600,0.7601040005683899,0.7664579749107361,0.7515630125999451,0.7556250095367432,135331200.0
2013-06-11,1370961000,0.7332289814949036,0.753853976726532,0.7261459827423096,0.7337499856948853,222105600.0
2013-06-12,1371047400,0.7471879720687866,0.7472919821739197,0.7048959732055664,0.7083330154418945,223488000.0
2013-06-13,1371133800,0.7052080035209656,0.7392709851264954,0.6994789838790894,0.7337499856948853,151699200.0
2013-06-14,1371220200,0.7347919940948486,0.7372919917106628,0.7170829772949219,0.7208330035209656,124339200.0
2013-06-17,1371479400,0.737500011920929,0.7536460161209106,0.7298960089683533,0.7408329844474792,158851200.0
2013-06-18,1371565800,0.7441669702529907,0.7636460065841675,0.7438539862632751,0.7583330273628235,101404800.0
2013-06-19,1371652200,0.7594789862632751,0.7621880173683167,0.7314580082893372,0.7344790101051331,175708800.0
2013-06-20,1371738600,0.7086459994316101,0.7161459922790527,0.6745830178260803,0.680312991142273,241257600.0
2013-06-21,1371825000,0.6808329820632935,0.6867709755897522,0.6538540124893188,0.6707289814949036,236985600.0
2013-06-24,1372084200,0.6544790267944336,0.6661459803581238,0.6339579820632935,0.6499999761581421,221136000.0
2013-06-25,1372170600,0.6691669821739197,0.6727079749107361,0.6534379720687866,0.6638540029525757,132422400.0
2013-06-26,1372257000,0.6816669702529907,0.6860420107841492,0.6747919917106628,0.6819790005683899,119865600.0
2013-06-27,1372343400,0.6926040053367615,0.7037500143051147,0.6895830035209656,0.6895830035209656,113683200.0
2013-06-28,1372429800,0.6841670274734497,0.7061460018157959,0.6797919869422913,0.691457986831665,156076800.0
2013-07-01,1372689000,0.7082290053367615,0.723438024520874,0.7044789791107178,0.706250011920929,103891200.0
2013-07-02,1372775400,0.7058330178260803,0.7202079892158508,0.6962500214576721,0.7065629959106445,124377600.0
2013-07-03,1372861800,0.6997920274734497,0.7257289886474609,0.6980209946632385,0.7161459922790527,53769600.0
2013-07-05,1373034600,0.7279170155525208,0.7328130006790161,0.7110419869422913,0.7319790124893188,114441600.0
2013-07-08,1373293800,0.7435420155525208,0.7443749904632568,0.7265629768371582,0.734375,88281600.0
2013-07-09,1373380200,0.7444790005683899,0.7524999976158142,0.7346879839897156,0.7478129863739014,84316800.0
2013-07-10,1373466600,0.7451040148735046,0.7639579772949219,0.7451040148735046,0.7604169845581055,100867200.0
2013-07-11,1373553000,0.7846879959106445,0.8078129887580872,0.7835419774055481,0.8078129887580872,153024000.0
2013-07-12,1373639400,0.8080210089683533,0.8180209994316101,0.8013539910316467,0.8162500262260437,83510400.0
2013-07-15,1373898600,0.8188539743423462,0.8235419988632202,0.8121880292892456,0.8226040005683899,91622400.0
2013-07-16,1373985000,0.8240630030632019,0.8260419964790344,0.8127080202102661,0.8193749785423279,85219200.0
2013-07-17,1374071400,0.8263540267944336,0.8305209875106812,0.8182290196418762,0.8252080082893372,79104000.0
2013-07-18,1374157800,0.8247920274734497,0.8308330178260803,0.8151040077209473,0.8191670179367065,101136000.0
2013-07-19,1374244200,0.7979170083999634,0.7982289791107178,0.7861459851264954,0.7942709922790527,108595200.0
2013-07-22,1374503400,0.8027080297470093,0.8057289719581604,0.793021023273468,0.800000011920929,85852800.0
2013-07-23,1374589800,0.8046879768371582,0.8046879768371582,0.7809380292892456,0.7821879982948303,86428800.0
2013-07-24,1374676200,0.805417001247406,0.8063539862632751,0.7847920060157776,0.7895830273628235,105744000.0
2013-07-25,1374762600,0.8012499809265137,0.8076040148735046,0.7887499928474426,0.8038539886474609,81110400.0
2013-07-26,1374849000,0.7952079772949219,0.817812979221344,0.7916669845581055,0.817188024520874,77654400.0
2013-07-29,1375108200,0.8130210041999817,0.8231250047683716,0.8064579963684082,0.8134379982948303,72345600.0
2013-07-30,1375194600,0.8223959803581238,0.8362500071525574,0.8170830011367798,0.8255209922790527,120960000.0
2013-07-31,1375281000,0.8307290077209473,0.8444790244102478,0.8258330225944519,0.8307290077209473,110179200.0
2013-08-01,1375367400,0.847603976726532,0.859375,0.8448960185050964,0.8560420274734497,77596800.0
2013-08-02,1375453800,0.8566669821739197,0.8706250190734863,0.8506249785423279,0.8703129887580872,97104000.0
2013-08-05,1375713000,0.8672919869422913,0.8738539814949036,0.8639580011367798,0.8721879720687866,79440000.0
2013-08-06,1375799400,0.8683329820632935,0.8708329796791077,0.8458330035209656,0.8566669821739197,93820800.0
2013-08-07,1375885800,0.8486459851264954,0.8560420274734497,0.8330209851264954,0.8517709970474243,120585600.0
2013-08-08,1375972200,0.8659380078315735,0.8698959946632385,0.8475000262260437,0.8631250262260437,130598400.0
2013-08-09,1376058600,0.8605210185050964,0.8688539862632751,0.8463540077209473,0.8538540005683899,98534400.0
2013-08-12,1376317800,0.8436459898948669,0.8639580011367798,0.8435419797897339,0.8591669797897339,68822400.0
2013-08-13,1376404200,0.8627079725265503,0.8797919750213623,0.8444790244102478,0.8734380006790161,154483200.0
2013-08-14,1376490600,0.8729169964790344,0.8766670227050781,0.8604170083999634,0.8637499809265137,94368000.0
2013-08-15,1376577000,0.8353130221366882,0.8355209827423096,0.8132290244102478,0.8204169869422913,132883200.0
2013-08-16,1376663400,0.8206250071525574,0.8314579725265503,0.8147919774055481,0.8174999952316284,70176000.0
2013-08-19,1376922600,0.8204169869422913,0.839792013168335,0.8141670227050781,0.8142709732055664,90115200.0
2013-08-20,1377009000,0.8198959827423096,0.836667001247406,0.8172919750213623,0.8254169821739197,88752000.0
2013-08-21,1377095400,0.8182290196418762,0.8386459946632385,0.8082290291786194,0.817188024520874,159686400.0
2013-08-22,1377181800,0.8267710208892822,0.8422920107841492,0.8260419964790344,0.840520977973938,71260800.0
2013-08-23,1377268200,0.8590630292892456,0.8606250286102295,0.8493750095367432,0.8582289814949036,76512000.0
2013-08-26,1377527400,0.859375,0.878125011920929,0.8535419702529907,0.8589580059051514,74918400.0
2013-08-27,1377613800,0.8286460041999817,0.8407289981842041,0.8005210161209106,0.8048959970474243,200131200.0
2013-08-28,1377700200,0.8043749928474426,0.8256250023841858,0.8034380078315735,0.8153129816055298,102038400.0
2013-08-29,1377786600,0.8149999976158142,0.8445829749107361,0.8115630149841309,0.8321880102157593,129465600.0
2013-08-30,1377873000,0.8345829844474792,0.8351039886474609,0.8078129887580872,0.8166670203208923,121996800.0
2013-09-03,1378218600,0.8364580273628235,0.847603976726532,0.8196880221366882,0.8301039934158325,85699200.0
2013-09-04,1378305000,0.8380209803581238,0.8605210185050964,0.8317710161209106,0.8571879863739014,83078400.0
2013-09-05,1378391400,0.8584380149841309,0.8682289719581604,0.8573960065841675,0.8609380125999451,48451200.0
2013-09-06,1378477800,0.8693749904632568,0.8774999976158142,0.8351039886474609,0.864063024520874,122121600.0
2013-09-09,1378737000,0.8742709755897522,0.8986459970474243,0.8742709755897522,0.894478976726532,94281600.0
2013-09-10,1378823400,0.910207986831665,0.9112499952316284,0.8980209827423096,0.9080209732055664,151929600.0
2013-09-11,1378909800,0.8901039958000183,0.9038540124893188,0.8860419988632202,0.9034379720687866,106118400.0
2013-09-12,1378996200,0.903020977973938,0.9088540077209473,0.8951039910316467,0.8993750214576721,66921600.0
2013-09-13,1379082600,0.9037500023841858,0.9053130149841309,0.8878129720687866,0.902292013168335,80860800.0
2013-09-16,1379341800,0.9244790077209473,0.9247919917106628,0.8887500166893005,0.8946880102157593,132374400.0
2013-09-17,1379428200,0.8997920155525208,0.9158329963684082,0.8997920155525208,0.9126039743423462,66940800.0
2013-09-18,1379514600,0.916458010673523,0.9507290124893188,0.9111459851264954,0.9461460113525391,127507200.0
2013-09-19,1379601000,0.9536460041999817,0.9588540196418762,0.9473959803581238,0.9519789814949036,71404800.0
2013-09-20,1379687400,0.9592710137367249,0.961667001247406,0.9405210018157959,0.9415630102157593,108153600.0
2013-09-23,1379946600,0.9547920227050781,0.957082986831665,0.9229170083999634,0.9362499713897705,134889600.0
2013-09-24,1380033000,0.9427080154418945,0.9513540267944336,0.9270830154418945,0.9364579916000366,82003200.0
2013-09-25,1380119400,0.9378129839897156,0.942188024520874,0.9211459755897522,0.9276040196418762,108662400.0
2013-09-26,1380205800,0.9385420083999634,0.9546880125999451,0.9368749856948853,0.9488540291786194,89020800.0
2013-09-27,1380292200,0.9331250190734863,0.9495829939842224,0.9278129935264587,0.9443749785423279,73200000.0
2013-09-30,1380551400,0.9154170155525208,0.9447919726371765,0.9061459898948669,0.9384379982948303,123292800.0
2013-10-01,1380637800,0.9380210041999817,0.9678130149841309,0.9370830059051514,0.9665629863739014,87888000.0
2013-10-02,1380724200,0.945937991142273,0.9691669940948486,0.9440630078315735,0.964792013168335,86313600.0
2013-10-03,1380810600,0.9613540172576904,0.9672920107841492,0.9159380197525024,0.9312499761581421,161577600.0
2013-10-04,1380897000,0.9307289719581604,0.9590629935264587,0.9291669726371765,0.9552080035209656,92112000.0
2013-10-07,1381156200,0.9309380054473877,0.9535419940948486,0.9292709827423096,0.9315630197525024,99340800.0
2013-10-08,1381242600,0.9312499761581421,0.933542013168335,0.8767709732055664,0.878853976726532,234777600.0
2013-10-09,1381329000,0.8836460113525391,0.8848959803581238,0.8478130102157593,0.8691669702529907,218448000.0
2013-10-10,1381415400,0.8969789743423462,0.9301040172576904,0.8964580297470093,0.9243749976158142,144720000.0
2013-10-11,1381501800,0.9173960089683533,0.9479169845581055,0.9169790148735046,0.9452080130577087,130147200.0
2013-10-14,1381761000,0.9284380078315735,0.965624988079071,0.9260420203208923,0.964792013168335,140956800.0
2013-10-15,1381847400,0.9629169702529907,0.9776039719581604,0.9510419964790344,0.9544789791107178,162076800.0
2013-10-16,1381933800,0.9672920107841492,0.9885420203208923,0.9657289981842041,0.9870830178260803,129302400.0
2013-10-17,1382020200,0.9730209708213806,1.0048960447311401,0.9713540077209473,1.003021001815796,166368000.0
2013-10-18,1382106600,1.0309380292892456,1.0537500381469727,1.0228129625320435,1.0526039600372314,135110400.0
2013-10-21,1382365800,1.0586459636688232,1.0673960447311401,1.0495829582214355,1.0586459636688232,99369600.0
2013-10-22,1382452200,1.0703129768371582,1.0814579725265503,1.0442709922790527,1.0622919797897339,157660800.0
2013-10-23,1382538600,1.0485420227050781,1.0544790029525757,1.0295829772949219,1.0452079772949219,161184000.0
2013-10-24,1382625000,1.0459380149841309,1.065000057220459,1.0418750047683716,1.0582289695739746,108547200.0
2013-10-25,1382711400,1.0885419845581055,1.0953129529953003,1.0659379959106445,1.0793750286102295,140467200.0
2013-10-28,1382970600,1.0809379816055298,1.0863540172576904,1.0673960447311401,1.0815629959106445,83251200.0
2013-10-29,1383057000,1.0919790267944336,1.0952080488204956,1.0729169845581055,1.086771011352539,84105600.0
2013-10-30,1383143400,1.0985419750213623,1.1033329963684082,1.0688539743423462,1.0833330154418945,198662400.0
2013-10-31,1383229800,1.0760420560836792,1.096250057220459,1.0645829439163208,1.0763540267944336,141782400.0
2013-11-01,1383316200,1.0857290029525757,1.0906250476837158,1.0612499713897705,1.0758329629898071,163132800.0
2013-11-04,1383575400,1.087499976158142,1.087499976158142,1.070207953453064,1.0810420513153076,91641600.0
2013-11-05,1383661800,1.0688539743423462,1.0927079916000366,1.0598959922790527,1.0856250524520874,132124800.0
2013-11-06,1383748200,1.0982290506362915,1.0995830297470093,1.0739580392837524,1.0837500095367432,163910400.0
2013-11-07,1383834600,1.084375023841858,1.089063048362732,1.0205210447311401,1.0236459970474243,232934400.0
2013-11-08,1383921000,1.0343749523162842,1.0651040077209473,1.0257289409637451,1.0640629529953003,118080000.0
2013-11-11,1384180200,1.0573960542678833,1.0681250095367432,1.0487500429153442,1.0589580535888672,63494400.0
2013-11-12,1384266600,1.0496879816055298,1.0688539743423462,1.0479170083999634,1.0641670227050781,108777600.0
2013-11-13,1384353000,1.0439579486846924,1.1026040315628052,1.0432289838790894,1.1022919416427612,126470400.0
2013-11-14,1384439400,1.0934380292892456,1.1152080297470093,1.0873960256576538,1.1108330488204956,118819200.0
2013-11-15,1384525800,1.1145830154418945,1.119583010673523,1.1058330535888672,1.118541955947876,89203200.0
2013-11-18,1384785000,1.1179169416427612,1.1253130435943604,1.0805209875106812,1.08760404586792,143846400.0
2013-11-19,1384871400,1.0846879482269287,1.100000023841858,1.071874976158142,1.0768749713897705,102192000.0
2013-11-20,1384957800,1.0862499475479126,1.0978130102157593,1.0598959922790527,1.0693750381469727,125865600.0
2013-11-21,1385044200,1.0819790363311768,1.1044789552688599,1.0800000429153442,1.1020829677581787,86592000.0
2013-11-22,1385130600,1.1079169511795044,1.1205209493637085,1.1048959493637085,1.1194789409637451,87014400.0
2013-11-25,1385389800,1.1306250095367432,1.135208010673523,1.1191669702529907,1.1268750429153442,92582400.0
2013-11-26,1385476200,1.128957986831665,1.1534379720687866,1.1208330392837524,1.1455210447311401,106713600.0
2013-11-27,1385562600,1.1521879434585571,1.1698960065841675,1.149271011352539,1.1684379577636719,137894400.0
2013-11-29,1385735400,1.1825000047683716,1.1945830583572388,1.179582953453064,1.1876039505004883,91622400.0
2013-12-02,1385994600,1.1943750381469727,1.1994789838790894,1.1745829582214355,1.1802079677581787,165936000.0
2013-12-03,1386081000,1.1769789457321167,1.1860419511795044,1.1631250381469727,1.1767710447311401,134544000.0
2013-12-04,1386167400,1.1619789600372314,1.191457986831665,1.1505210399627686,1.179792046546936,133996800.0
2013-12-05,1386253800,1.1836459636688232,1.1865630149841309,1.1662499904632568,1.1761460304260254,126480000.0
2013-12-06,1386340200,1.2044789791107178,1.2082289457321167,1.183750033378601,1.2004170417785645,142588800.0
2013-12-09,1386599400,1.2145830392837524,1.2229169607162476,1.2090630531311035,1.214792013168335,112608000.0
2013-12-10,1386685800,1.2086460590362549,1.219478964805603,1.2058329582214355,1.21260404586792,93004800.0
2013-12-11,1386772200,1.2118749618530273,1.2176040410995483,1.1610419750213623,1.1672919988632202,148464000.0
2013-12-12,1386858600,1.1677080392837524,1.175832986831665,1.1541670560836792,1.1578129529953003,107347200.0
2013-12-13,1386945000,1.1731250286102295,1.174896001815796,1.1462500095367432,1.152292013168335,81206400.0
2013-12-16,1387204200,1.1689579486846924,1.191249966621399,1.1669789552688599,1.1720830202102661,74966400.0
2013-12-17,1387290600,1.1720830202102661,1.179582953453064,1.1578129529953003,1.164687991142273,72960000.0
2013-12-18,1387377000,1.1677080392837524,1.207813024520874,1.1171879768371582,1.2048959732055664,161596800.0
2013-12-19,1387463400,1.1982289552688599,1.1990629434585571,1.1787500381469727,1.1940629482269287,117177600.0
2013-12-20,1387549800,1.2000000476837158,1.2385419607162476,1.1989580392837524,1.2300000190734863,113750400.0
2013-12-23,1387809000,1.2605210542678833,1.2697919607162476,1.2502080202102661,1.2697919607162476,112502400.0
2013-12-24,1387895400,1.2698960304260254,1.2736459970474243,1.2637499570846558,1.2715630531311035,38006400.0
2013-12-26,1388068200,1.2776039838790894,1.2868750095367432,1.2709380388259888,1.2839579582214355,55814400.0
2013-12-27,1388154600,1.2883330583572388,1.290624976158142,1.269582986831665,1.2745829820632935,73939200.0
2013-12-30,1388413800,1.2679170370101929,1.2734379768371582,1.2578129768371582,1.2679170370101929,53078400.0
2013-12-31,1388500200,1.2753130197525024,1.2928129434585571,1.2739579677581787,1.2928129434585571,64176000.0
2014-01-02,1388673000,1.27510404586792,1.2760419845581055,1.2514580488204956,1.262603998184204,98976000.0
2014-01-03,1388759400,1.262395977973938,1.2659380435943604,1.234375,1.235103964805603,97545600.0
2014-01-06,1389018600,1.2361459732055664,1.2400000095367432,1.2077080011367798,1.221979022026062,125923200.0
2014-01-07,1389105000,1.2378129959106445,1.2604169845581055,1.2315629720687866,1.2536460161209106,92313600.0
2014-01-08,1389191400,1.2555210590362549,1.2736459970474243,1.247499942779541,1.2630209922790527,93264000.0
2014-01-09,1389277800,1.2763539552688599,1.2777080535888672,1.2377079725265503,1.25,105561600.0
2014-01-10,1389364200,1.260208010673523,1.2667709589004517,1.2320829629898071,1.2625000476837158,119942400.0
2014-01-13,1389623400,1.2573959827423096,1.2704169750213623,1.192188024520874,1.206354022026062,173107200.0
2014-01-14,1389709800,1.2190630435943604,1.2779170274734497,1.21875,1.2754169702529907,138076800.0
2014-01-15,1389796200,1.2905210256576538,1.3141670227050781,1.287500023841858,1.3052079677581787,120528000.0
2014-01-16,1389882600,1.3034379482269287,1.3128130435943604,1.2969789505004883,1.3079169988632202,70512000.0
2014-01-17,1389969000,1.2955210208892822,1.306249976158142,1.2755210399627686,1.2846879959106445,84460800.0
2014-01-21,1390314600,1.3091670274734497,1.3156249523162842,1.2814580202102661,1.313438057899475,88022400.0
2014-01-22,1390401000,1.3236459493637085,1.3333330154418945,1.3125,1.325624942779541,78432000.0
2014-01-23,1390487400,1.3118749856948853,1.3125,1.2833329439163208,1.3096879720687866,129052800.0
2014-01-24,1390573800,1.2902079820632935,1.2970830202102661,1.231874942779541,1.2320829629898071,141648000.0
2014-01-27,1390833000,1.2335419654846191,1.2393749952316284,1.1708329916000366,1.1962499618530273,177729600.0
2014-01-28,1390919400,1.1777080297470093,1.1989580392837524,1.1729170083999634,1.1958329677581787,109497600.0
2014-01-29,1391005800,1.164167046546936,1.1902079582214355,1.1495829820632935,1.1581250429153442,136497600.0
2014-01-30,1391092200,1.1997920274734497,1.2327079772949219,1.1956249475479126,1.2191669940948486,116438400.0
2014-01-31,1391178600,1.179582953453064,1.228124976158142,1.1762499809265137,1.2106250524520874,84532800.0
2014-02-03,1391437800,1.2039580345153809,1.221250057220459,1.1181249618530273,1.130416989326477,183926400.0
2014-02-04,1391524200,1.144374966621399,1.1652079820632935,1.134374976158142,1.152500033378601,90672000.0
2014-02-05,1391610600,1.140625,1.1552079916000366,1.1041669845581055,1.1418750286102295,108513600.0
2014-02-06,1391697000,1.1535420417785645,1.1906249523162842,1.1516669988632202,1.1856249570846558,73977600.0
2014-02-07,1391783400,1.2064579725265503,1.2522920370101929,1.1962499618530273,1.2485419511795044,111456000.0
2014-02-10,1392042600,1.2491669654846191,1.2731250524520874,1.2464580535888672,1.2714580297470093,83284800.0
2014-02-11,1392129000,1.278749942779541,1.3222919702529907,1.2756249904632568,1.315000057220459,117504000.0
2014-02-12,1392215400,1.3229169845581055,1.3312499523162842,1.3108329772949219,1.3212499618530273,108451200.0
2014-02-13,1392301800,1.292917013168335,1.3552080392837524,1.2925000190734863,1.3552080392837524,106507200.0
2014-02-14,1392388200,1.3533329963684082,1.3691669702529907,1.3389580249786377,1.3591669797897339,94876800.0
2014-02-18,1392733800,1.3660420179367065,1.3877079486846924,1.3566670417785645,1.380416989326477,69292800.0
2014-02-19,1392820200,1.3722920417785645,1.381458044052124,1.3429169654846191,1.350208044052124,136531200.0
2014-02-20,1392906600,1.3533329963684082,1.3779170513153076,1.3370829820632935,1.3697919845581055,102643200.0
2014-02-21,1392993000,1.382707953453064,1.3889579772949219,1.3600000143051147,1.3627079725265503,83976000.0
2014-02-24,1393252200,1.371042013168335,1.4049999713897705,1.3666670322418213,1.386667013168335,99422400.0
2014-02-25,1393338600,1.3922920227050781,1.4004169702529907,1.368541955947876,1.3816670179367065,92985600.0
2014-02-26,1393425000,1.3937499523162842,1.4052079916000366,1.3616670370101929,1.3770829439163208,82929600.0
2014-02-27,1393511400,1.3785419464111328,1.4085420370101929,1.3720829486846924,1.4041670560836792,87964800.0
2014-02-28,1393597800,1.4043749570846558,1.4287500381469727,1.363124966621399,1.397083044052124,136718400.0
2014-03-03,1393857000,1.3591669797897339,1.3791669607162476,1.331874966621399,1.3664580583572388,158558400.0
2014-03-04,1393943400,1.412708044052124,1.428333044052124,1.4095829725265503,1.4214580059051514,108993600.0
2014-03-05,1394029800,1.428125023841858,1.4397920370101929,1.4187500476837158,1.4331250190734863,77064000.0
2014-03-06,1394116200,1.4416669607162476,1.445417046546936,1.4131250381469727,1.4277080297470093,92803200.0
2014-03-07,1394202600,1.4431250095367432,1.4460419416427612,1.3862500190734863,1.4072920083999634,132518400.0
2014-03-10,1394461800,1.4049999713897705,1.4131250381469727,1.3837499618530273,1.410207986831665,75580800.0
2014-03-11,1394548200,1.4214580059051514,1.4316669702529907,1.380416989326477,1.3927079439163208,119774400.0
2014-03-12,1394634600,1.3743749856948853,1.4104169607162476,1.3583329916000366,1.4083329439163208,109612800.0
2014-03-13,1394721000,1.4239579439163208,1.425624966621399,1.3295830488204956,1.3485419750213623,188414400.0
2014-03-14,1394807400,1.3339580297470093,1.3527079820632935,1.3191670179367065,1.3208329677581787,107318400.0
2014-03-17,1395066600,1.3454170227050781,1.3758330345153809,1.3439580202102661,1.3560420274734497,116942400.0
2014-03-18,1395153000,1.3602080345153809,1.4089579582214355,1.359375,1.4047919511795044,113006400.0
2014-03-19,1395239400,1.4060419797897339,1.409999966621399,1.3541669845581055,1.3816670179367065,136444800.0
2014-03-20,1395325800,1.368749976158142,1.4052079916000366,1.3600000143051147,1.3925000429153442,87638400.0
2014-03-21,1395412200,1.415416955947876,1.4187500476837158,1.3352080583572388,1.3414579629898071,198307200.0
2014-03-24,1395671400,1.3581249713897705,1.3606250286102295,1.271041989326477,1.3077080249786377,266145600.0
2014-03-25,1395757800,1.3287500143051147,1.3527079820632935,1.287708044052124,1.3197920322418213,172516800.0
2014-03-26,1395844200,1.3402080535888672,1.3481249809265137,1.2685420513153076,1.269582986831665,201331200.0
2014-03-27,1395930600,1.2645829916000366,1.2808330059051514,1.226667046546936,1.2470829486846924,201993600.0
2014-03-28,1396017000,1.259374976158142,1.2958329916000366,1.2447919845581055,1.2552080154418945,166440000.0
2014-03-31,1396276200,1.283750057220459,1.3064579963684082,1.2795829772949219,1.2802079916000366,162441600.0
2014-04-01,1396362600,1.300832986831665,1.3512500524520874,1.299375057220459,1.3495830297470093,178041600.0
2014-04-02,1396449000,1.3668750524520874,1.3702080249786377,1.341249942779541,1.3602080345153809,163224000.0
2014-04-03,1396535400,1.3643749952316284,1.3700000047683716,1.3041670322418213,1.328125,159619200.0
2014-04-04,1396621800,1.351667046546936,1.3574999570846558,1.210832953453064,1.222707986831665,371011200.0
2014-04-07,1396881000,1.1983330249786377,1.2310420274734497,1.1610419750213623,1.1860419511795044,312662400.0
2014-04-08,1396967400,1.1904170513153076,1.2233330011367798,1.177291989326477,1.2191669940948486,243240000.0
2014-04-09,1397053800,1.2320829629898071,1.2833329439163208,1.222707986831665,1.2816669940948486,221961600.0
2014-04-10,1397140200,1.2841670513153076,1.2843749523162842,1.152500033378601,1.1633330583572388,322276800.0
2014-04-11,1397226600,1.131458044052124,1.175624966621399,1.1145830154418945,1.1227079629898071,211876800.0
2014-04-14,1397485800,1.1504169702529907,1.165624976158142,1.1164580583572388,1.1479170322418213,281275200.0
2014-04-15,1397572200,1.1591670513153076,1.1785420179367065,1.0870829820632935,1.1593749523162842,562051200.0
2014-04-16,1397658600,1.1891670227050781,1.2050000429153442,1.1608330011367798,1.2043750286102295,251414400.0
2014-04-17,1397745000,1.1924999952316284,1.2235419750213623,1.1822919845581055,1.2050000429153442,176625600.0
2014-04-21,1398090600,1.2145830392837524,1.2324999570846558,1.1972919702529907,1.2322920560836792,144249600.0
2014-04-22,1398177000,1.2439579963684082,1.2708330154418945,1.2391669750213623,1.2625000476837158,150321600.0
2014-04-23,1398263400,1.261667013168335,1.2627079486846924,1.226457953453064,1.228124976158142,131366400.0
2014-04-24,1398349800,1.2897919416427612,1.2899999618530273,1.2237499952316284,1.2643749713897705,250776000.0
2014-04-25,1398436200,1.2410420179367065,1.2454169988632202,1.1945830583572388,1.2033330202102661,244747200.0
2014-04-28,1398695400,1.2193750143051147,1.2410420179367065,1.1581250429153442,1.216249942779541,482083200.0
2014-04-29,1398781800,1.2258330583572388,1.2502080202102661,1.2081249952316284,1.2431249618530273,243633600.0
2014-04-30,1398868200,1.2277079820632935,1.2570830583572388,1.2166670560836792,1.2541669607162476,184075200.0
2014-05-01,1398954600,1.2597919702529907,1.2858330011367798,1.25,1.2654169797897339,143750400.0
2014-05-02,1399041000,1.2764580249786377,1.2843749523162842,1.2489579916000366,1.259166955947876,151905600.0
2014-05-05,1399300200,1.2354170083999634,1.2779170274734497,1.2262500524520874,1.2770830392837524,115790400.0
2014-05-06,1399386600,1.2714580297470093,1.273332953453064,1.226457953453064,1.2277079820632935,161644800.0
2014-05-07,1399473000,1.2370829582214355,1.2389580011367798,1.1737500429153442,1.2166670560836792,261907200.0
2014-05-08,1399559400,1.2045830488204956,1.2570830583572388,1.1958329677581787,1.212499976158142,219216000.0
2014-05-09,1399645800,1.2112499475479126,1.2291669845581055,1.1872919797897339,1.226667046546936,156475200.0
2014-05-12,1399905000,1.2489579916000366,1.2881250381469727,1.2454169988632202,1.2864580154418945,127684800.0
2014-05-13,1399991400,1.2910419702529907,1.3043750524520874,1.2820830345153809,1.289167046546936,117729600.0
2014-05-14,1400077800,1.2785420417785645,1.292917013168335,1.2608330249786377,1.2699999809265137,98640000.0
2014-05-15,1400164200,1.2685420513153076,1.2754169702529907,1.2158329486846924,1.240625023841858,201480000.0
2014-05-16,1400250600,1.2433329820632935,1.2662500143051147,1.2191669940948486,1.2637499570846558,142910400.0
2014-05-19,1400509800,1.252500057220459,1.2960419654846191,1.2464580535888672,1.2908329963684082,120528000.0
2014-05-20,1400596200,1.289167046546936,1.3025000095367432,1.2604169845581055,1.2766669988632202,162331200.0
2014-05-21,1400682600,1.2825000286102295,1.3143750429153442,1.2808330059051514,1.3127080202102661,123619200.0
2014-05-22,1400769000,1.316249966621399,1.3408329486846924,1.3110419511795044,1.3289580345153809,126480000.0
2014-05-23,1400855400,1.334583044052124,1.359375,1.325624942779541,1.3587499856948853,95136000.0
2014-05-27,1401201000,1.3777079582214355,1.410207986831665,1.3735419511795044,1.4097919464111328,118387200.0
2014-05-28,1401287400,1.4085420370101929,1.4145829677581787,1.3933329582214355,1.3964580297470093,118435200.0
2014-05-29,1401373800,1.4120830297470093,1.4247920513153076,1.4033329486846924,1.4247920513153076,87302400.0
2014-05-30,1401460200,1.4247920513153076,1.4308329820632935,1.4016669988632202,1.4235420227050781,113347200.0
2014-06-02,1401719400,1.4291670322418213,1.4299999475479126,1.3925000429153442,1.4199999570846558,101270400.0
2014-06-03,1401805800,1.4054169654846191,1.4245829582214355,1.4004169702529907,1.417917013168335,95102400.0
2014-06-04,1401892200,1.4066669940948486,1.440000057220459,1.4002079963684082,1.4329169988632202,105355200.0
2014-06-05,1401978600,1.4375,1.4777079820632935,1.4227080345153809,1.4702080488204956,176107200.0
2014-06-06,1402065000,1.4874999523162842,1.4954169988632202,1.4772919416427612,1.4939579963684082,79219200.0
2014-06-09,1402324200,1.4970829486846924,1.502500057220459,1.4793750047683716,1.4912500381469727,124171200.0
2014-06-10,1402410600,1.486875057220459,1.5010420083999634,1.4822920560836792,1.4997919797897339,72796800.0
2014-06-11,1402497000,1.4829169511795044,1.5043749809265137,1.4797919988632202,1.497499942779541,96979200.0
2014-06-12,1402583400,1.4885419607162476,1.4933329820632935,1.4416669607162476,1.4583330154418945,120974400.0
2014-06-13,1402669800,1.4770829677581787,1.4810420274734497,1.4514579772949219,1.4683330059051514,72019200.0
2014-06-16,1402929000,1.4637500047683716,1.4864579439163208,1.4529169797897339,1.4737499952316284,89956800.0
2014-06-17,1403015400,1.4714579582214355,1.488124966621399,1.463333010673523,1.4758330583572388,95640000.0
2014-06-18,1403101800,1.481874942779541,1.5070830583572388,1.4545830488204956,1.5027079582214355,114801600.0
2014-06-19,1403188200,1.5081249475479126,1.5108330249786377,1.478124976158142,1.4968750476837158,105950400.0
2014-06-20,1403274600,1.5002080202102661,1.507917046546936,1.4916670322418213,1.5022920370101929,56592000.0
2014-06-23,1403533800,1.5018750429153442,1.505416989326477,1.4912500381469727,1.503957986831665,69408000.0
2014-06-24,1403620200,1.503957986831665,1.541458010673523,1.486875057220459,1.4997919797897339,160248000.0
2014-06-25,1403706600,1.4887499809265137,1.535207986831665,1.4885419607162476,1.5270830392837524,84523200.0
2014-06-26,1403793000,1.53125,1.53125,1.4947919845581055,1.53125,87580800.0
2014-06-27,1403879400,1.5252079963684082,1.550832986831665,1.5243749618530273,1.5464580059051514,73857600.0
2014-06-30,1404138600,1.5491670370101929,1.5700000524520874,1.5454169511795044,1.5579169988632202,54451200.0
2014-07-01,1404225000,1.5735419988632202,1.6218750476837158,1.5724999904632568,1.6102080345153809,66057600.0
2014-07-02,1404311400,1.6122920513153076,1.6247919797897339,1.6079169511795044,1.6164580583572388,81801600.0
2014-07-03,1404397800,1.632707953453064,1.6475000381469727,1.6200000047683716,1.6475000381469727,64636800.0
2014-07-07,1404743400,1.6414580345153809,1.648332953453064,1.6239579916000366,1.6316670179367065,87950400.0
2014-07-08,1404829800,1.6239579916000366,1.6268750429153442,1.5539580583572388,1.5747920274734497,151752000.0
2014-07-09,1404916200,1.5864579677581787,1.6135419607162476,1.5729169845581055,1.6104170083999634,136963200.0
2014-07-10,1405002600,1.5483330488204956,1.6129169464111328,1.541458010673523,1.5952080488204956,123244800.0
2014-07-11,1405089000,1.6045830249786377,1.6237499713897705,1.5910420417785645,1.6229170560836792,121689600.0
2014-07-14,1405348200,1.6447919607162476,1.663957953453064,1.6372920274734497,1.6539579629898071,107059200.0
2014-07-15,1405434600,1.6608330011367798,1.667917013168335,1.6006250381469727,1.636667013168335,148536000.0
2014-07-16,1405521000,1.6716669797897339,1.6764580011367798,1.6502079963684082,1.6552079916000366,106608000.0
2014-07-17,1405607400,1.6412500143051147,1.6593749523162842,1.5735419988632202,1.5891669988632202,160924800.0
2014-07-18,1405693800,1.6162500381469727,1.6668750047683716,1.6083329916000366,1.6643749475479126,116976000.0
2014-07-21,1405953000,1.6527080535888672,1.6662499904632568,1.6356250047683716,1.6583329439163208,94900800.0
2014-07-22,1406039400,1.6825000047683716,1.6974999904632568,1.6762499809265137,1.691249966621399,107457600.0
2014-07-23,1406125800,1.7066669464111328,1.728124976158142,1.6987500190734863,1.7229169607162476,102460800.0
2014-07-24,1406212200,1.7314579486846924,1.7372920513153076,1.709375023841858,1.7168749570846558,87460800.0
2014-07-25,1406298600,1.6920830011367798,1.7033330202102661,1.6697920560836792,1.6958329677581787,92856000.0
2014-07-28,1406557800,1.7004170417785645,1.7104170322418213,1.658750057220459,1.6979169845581055,91963200.0
2014-07-29,1406644200,1.708541989326477,1.7197920083999634,1.6847920417785645,1.6893750429153442,79252800.0
2014-07-30,1406730600,1.7166670560836792,1.726457953453064,1.6891670227050781,1.709583044052124,107611200.0
2014-07-31,1406817000,1.6666669845581055,1.6745829582214355,1.597499966621399,1.605417013168335,138916800.0
2014-08-01,1406903400,1.5954170227050781,1.621250033378601,1.5552079677581787,1.5868749618530273,172324800.0
2014-08-04,1407162600,1.597499966621399,1.638124942779541,1.5795830488204956,1.6193749904632568,144182400.0
2014-08-05,1407249000,1.6010420322418213,1.6135419607162476,1.559999942779541,1.5814579725265503,167539200.0
2014-08-06,1407335400,1.5520830154418945,1.6070829629898071,1.5481250286102295,1.5787500143051147,119299200.0
2014-08-07,1407421800,1.599166989326477,1.6091669797897339,1.5466669797897339,1.5635420083999634,153604800.0
2014-08-08,1407508200,1.571666955947876,1.6020829677581787,1.5504169464111328,1.5968749523162842,124464000.0
2014-08-11,1407767400,1.6145830154418945,1.6402080059051514,1.6122920513153076,1.6258330345153809,74352000.0
2014-08-12,1407853800,1.6202080249786377,1.6358330249786377,1.5983330011367798,1.6220829486846924,90931200.0
2014-08-13,1407940200,1.6439579725265503,1.6760419607162476,1.6404169797897339,1.6747920513153076,81278400.0
2014-08-14,1408026600,1.6804169416427612,1.7012499570846558,1.6747920513153076,1.700624942779541,103089600.0
2014-08-15,1408113000,1.7274999618530273,1.7370829582214355,1.6764580011367798,1.7237499952316284,155956800.0
2014-08-18,1408372200,1.7504169940948486,1.7697919607162476,1.7447919845581055,1.7654169797897339,79348800.0
2014-08-19,1408458600,1.7777080535888672,1.7975000143051147,1.7745829820632935,1.7958329916000366,78628800.0
2014-08-20,1408545000,1.7897919416427612,1.8052079677581787,1.7856249809265137,1.7958329916000366,70651200.0
2014-08-21,1408631400,1.7985420227050781,1.8072919845581055,1.788957953453064,1.806041955947876,67900800.0
2014-08-22,1408717800,1.8066669702529907,1.8270829916000366,1.7956249713897705,1.8131250143051147,76814400.0
2014-08-25,1408977000,1.840000033378601,1.8481249809265137,1.8200000524520874,1.8333330154418945,67977600.0
2014-08-26,1409063400,1.8408329486846924,1.8443750143051147,1.8260420560836792,1.8395830392837524,41716800.0
2014-08-27,1409149800,1.8408329486846924,1.8456250429153442,1.8274999856948853,1.839792013168335,36715200.0
2014-08-28,1409236200,1.8214579820632935,1.8391669988632202,1.8141670227050781,1.8322919607162476,64838400.0
2014-08-29,1409322600,1.8460420370101929,1.8537499904632568,1.8254170417785645,1.8537499904632568,52272000.0
2014-09-02,1409668200,1.8679169416427612,1.8706250190734863,1.8466670513153076,1.8691669702529907,64300800.0
2014-09-03,1409754600,1.882707953453064,1.8839579820632935,1.8262499570846558,1.8370829820632935,82636800.0
2014-09-04,1409841000,1.8493750095367432,1.8770829439163208,1.8172919750213623,1.8312499523162842,82084800.0
2014-09-05,1409927400,1.840000033378601,1.8612500429153442,1.8110419511795044,1.8595830202102661,83227200.0
2014-09-08,1410186600,1.8591669797897339,1.882917046546936,1.8431249856948853,1.8689579963684082,70872000.0
2014-09-09,1410273000,1.868749976158142,1.8902080059051514,1.8118749856948853,1.8235419988632202,129393600.0
2014-09-10,1410359400,1.8300000429153442,1.8691669702529907,1.8141670227050781,1.865833044052124,72417600.0
2014-09-11,1410445800,1.8429169654846191,1.8654170036315918,1.821666955947876,1.8643749952316284,119318400.0
2014-09-12,1410532200,1.8583329916000366,1.859375,1.8168749809265137,1.8350000381469727,113740800.0
2014-09-15,1410791400,1.840000033378601,1.8410420417785645,1.7643749713897705,1.7797919511795044,128486400.0
2014-09-16,1410877800,1.7610419988632202,1.8370829820632935,1.7552080154418945,1.8279169797897339,126892800.0
2014-09-17,1410964200,1.8260420560836792,1.8604170083999634,1.8037500381469727,1.8368749618530273,113553600.0
2014-09-18,1411050600,1.8524999618530273,1.8770829439163208,1.8466670513153076,1.8764580488204956,79512000.0
2014-09-19,1411137000,1.9018750190734863,1.9018750190734863,1.8508330583572388,1.8722920417785645,110217600.0
2014-09-22,1411396200,1.8595830202102661,1.8595830202102661,1.7970830202102661,1.8214579820632935,108177600.0
2014-09-23,1411482600,1.7987500429153442,1.8304170370101929,1.7941670417785645,1.8056249618530273,100800000.0
2014-09-24,1411569000,1.8097920417785645,1.865625023841858,1.793125033378601,1.8641669750213623,116582400.0
2014-09-25,1411655400,1.8447920083999634,1.8522919416427612,1.7441669702529907,1.7458330392837524,212798400.0
2014-09-26,1411741800,1.7637499570846558,1.8104170560836792,1.7547919750213623,1.8016669750213623,148252800.0
2014-09-29,1412001000,1.747499942779541,1.8089580535888672,1.744583010673523,1.7956249713897705,114537600.0
2014-09-30,1412087400,1.8104170560836792,1.8300000429153442,1.7770830392837524,1.802291989326477,154094400.0
2014-10-01,1412173800,1.7881250381469727,1.7916669845581055,1.699167013168335,1.7160420417785645,213480000.0
2014-10-02,1412260200,1.7141669988632202,1.7310420274734497,1.649999976158142,1.7152080535888672,217972800.0
2014-10-03,1412346600,1.7450000047683716,1.7870830297470093,1.7274999618530273,1.7668750286102295,153676800.0
2014-10-06,1412605800,1.7804169654846191,1.7949999570846558,1.7385419607162476,1.7547919750213623,147307200.0
2014-10-07,1412692200,1.7293750047683716,1.7443749904632568,1.6791670322418213,1.6806249618530273,163651200.0
2014-10-08,1412778600,1.6839580535888672,1.793125033378601,1.652500033378601,1.7777080535888672,213129600.0
2014-10-09,1412865000,1.7708330154418945,1.7833329439163208,1.682083010673523,1.6891670227050781,223022400.0
2014-10-10,1412951400,1.6595829725265503,1.6893750429153442,1.5627080202102661,1.5627080202102661,296428800.0
2014-10-13,1413210600,1.556249976158142,1.591249942779541,1.4866670370101929,1.4895830154418945,273302400.0
2014-10-14,1413297000,1.5202080011367798,1.5477080345153809,1.477916955947876,1.492292046546936,370809600.0
2014-10-15,1413383400,1.4229170083999634,1.4802080392837524,1.359375,1.4604170322418213,485097600.0
2014-10-16,1413469800,1.3691669702529907,1.4714579582214355,1.3677079677581787,1.4377080202102661,335961600.0
2014-10-17,1413556200,1.4914580583572388,1.5318750143051147,1.4660420417785645,1.4939579963684082,264350400.0
2014-10-20,1413815400,1.4885419607162476,1.5610419511795044,1.4816670417785645,1.5583330392837524,154464000.0
2014-10-21,1413901800,1.6143749952316284,1.6802079677581787,1.6041669845581055,1.6802079677581787,211699200.0
2014-10-22,1413988200,1.6960419416427612,1.7022919654846191,1.650833010673523,1.6541670560836792,187920000.0
2014-10-23,1414074600,1.7041670083999634,1.7560420036315918,1.695207953453064,1.7297919988632202,169886400.0
2014-10-24,1414161000,1.7370829582214355,1.7737499475479126,1.71875,1.769582986831665,170563200.0
2014-10-27,1414420200,1.760208010673523,1.783750057220459,1.738332986831665,1.7762500047683716,138244800.0
2014-10-28,1414506600,1.7979170083999634,1.855625033378601,1.7949999570846558,1.855625033378601,159686400.0
2014-10-29,1414593000,1.8364579677581787,1.8506250381469727,1.7947920560836792,1.8333330154418945,179404800.0
2014-10-30,1414679400,1.8089580535888672,1.8577079772949219,1.796875,1.8447920083999634,161985600.0
2014-10-31,1414765800,1.9377080202102661,1.9404170513153076,1.9027080535888672,1.9208329916000366,176371200.0
2014-11-03,1415025000,1.9306249618530273,1.9539580345153809,1.9233330488204956,1.9406249523162842,140961600.0
2014-11-04,1415111400,1.9189579486846924,1.9341670274734497,1.8795830011367798,1.9199999570846558,138648000.0
2014-11-05,1415197800,1.9554170370101929,1.9574999809265137,1.8995829820632935,1.9197920560836792,138744000.0
2014-11-06,1415284200,1.9168750047683716,1.9387500286102295,1.894374966621399,1.9362499713897705,97272000.0
2014-11-07,1415370600,1.9479169845581055,1.9500000476837158,1.902500033378601,1.9314579963684082,110812800.0
2014-11-10,1415629800,1.9341670274734497,1.9600000381469727,1.9191670417785645,1.9512499570846558,103372800.0
2014-11-11,1415716200,1.9541670083999634,1.9700000286102295,1.9379169940948486,1.9697920083999634,105619200.0
2014-11-12,1415802600,1.946666955947876,1.986875057220459,1.946666955947876,1.980625033378601,96201600.0
2014-11-13,1415889000,1.9914580583572388,2.0285420417785645,1.9787499904632568,2.006042003631592,182164800.0
2014-11-14,1415975400,2.005000114440918,2.024583101272583,1.9850000143051147,2.024583101272583,114816000.0
2014-11-17,1416234600,2.0102078914642334,2.024167060852051,1.978124976158142,2.005625009536743,141355200.0
2014-11-18,1416321000,2.0118749141693115,2.059375047683716,2.011667013168335,2.0506250858306885,111820800.0
2014-11-19,1416407400,2.0447919368743896,2.0447919368743896,1.9958330392837524,2.024583101272583,148809600.0
2014-11-20,1416493800,1.9977079629898071,2.0556249618530273,1.9927079677581787,2.0514578819274902,99556800.0
2014-11-21,1416580200,2.105833053588867,2.110832929611206,2.043333053588867,2.0662500858306885,152947200.0
2014-11-24,1416839400,2.0799999237060547,2.1137499809265137,2.074167013168335,2.112916946411133,126206400.0
2014-11-25,1416925800,2.1204171180725098,2.1393749713897705,2.104374885559082,2.1197919845581055,151536000.0
2014-11-26,1417012200,2.126667022705078,2.165416955947876,2.1197919845581055,2.1631250381469727,105633600.0
2014-11-28,1417185000,2.1806249618530273,2.206666946411133,2.17520809173584,2.1954169273376465,72571200.0
2014-12-01,1417444200,2.17520809173584,2.185832977294922,2.0924999713897705,2.114375114440918,156187200.0
2014-12-02,1417530600,2.1247920989990234,2.153125047683716,2.1097919940948486,2.137083053588867,129892800.0
2014-12-03,1417617000,2.152292013168335,2.162292003631592,2.1139578819274902,2.1564579010009766,131942400.0
2014-12-04,1417703400,2.1468749046325684,2.175832986831665,2.123958110809326,2.1500000953674316,154036800.0
2014-12-05,1417789800,2.162708044052124,2.171041965484619,2.13729190826416,2.1514580249786377,113630400.0
2014-12-08,1418049000,2.1337499618530273,2.162292003631592,2.0712499618530273,2.1050000190734863,169281600.0
2014-12-09,1418135400,2.030208110809326,2.128541946411133,2.0087499618530273,2.1254169940948486,170688000.0
2014-12-10,1418221800,2.112916946411133,2.12833309173584,2.013124942779541,2.0225000381469727,134529600.0
2014-12-11,1418308200,2.0416669845581055,2.125,2.040208101272583,2.0541670322418213,136032000.0
2014-12-12,1418394600,1.9939579963684082,2.0637500286102295,1.9856250286102295,1.9862500429153442,153787200.0
2014-12-15,1418653800,2.0158329010009766,2.037916898727417,1.9068750143051147,1.9266669750213623,235948800.0
2014-12-16,1418740200,1.8883329629898071,1.972707986831665,1.8302079439163208,1.8310420513153076,212856000.0
2014-12-17,1418826600,1.834583044052124,1.946666955947876,1.828125,1.9293750524520874,182726400.0
2014-12-18,1418913000,2.014167070388794,2.0708329677581787,1.9979170560836792,2.0708329677581787,186744000.0
2014-12-19,1418999400,2.077083110809326,2.122499942779541,2.0625,2.0939579010009766,154828800.0
2014-12-22,1419258600,2.087291955947876,2.1145830154418945,2.0835421085357666,2.112916946411133,110457600.0
2014-12-23,1419345000,2.1362500190734863,2.136457920074463,2.0824999809265137,2.092708110809326,115920000.0
2014-12-24,1419431400,2.099375009536743,2.118957996368408,2.0933330059051514,2.09708309173584,43982400.0
2014-12-26,1419604200,2.112499952316284,2.1524999141693115,2.1122920513153076,2.139583110809326,86088000.0
2014-12-29,1419863400,2.1337499618530273,2.1516671180725098,2.129167079925537,2.140000104904175,62328000.0
2014-12-30,1419949800,2.118957996368408,2.134166955947876,2.086250066757202,2.0958330631256104,123859200.0
2014-12-31,1420036200,2.104374885559082,2.1302080154418945,2.0210421085357666,2.030208110809326,117091200.0
2015-01-02,1420209000,2.059375047683716,2.0860419273376465,1.9824999570846558,2.0135419368743896,122227200.0
2015-01-05,1420468200,1.984375,1.9916670322418213,1.90625,1.9229170083999634,127017600.0
2015-01-06,1420554600,1.929792046546936,1.9410419464111328,1.820207953453064,1.8466670513153076,168643200.0
2015-01-07,1420641000,1.8818750381469727,1.9299999475479126,1.8691669702529907,1.9177080392837524,137467200.0
2015-01-08,1420727400,1.9670829772949219,2.0385420322418213,1.9604170322418213,2.027082920074463,144936000.0
2015-01-09,1420813800,2.046041965484619,2.048332929611206,1.9522919654846191,1.9860420227050781,181420800.0
2015-01-12,1421073000,1.9993749856948853,2.0045828819274902,1.9091670513153076,1.9249999523162842,165254400.0
2015-01-13,1421159400,1.9793750047683716,2.041249990463257,1.8770829439163208,1.9233330488204956,199708800.0
2015-01-14,1421245800,1.8622920513153076,1.919374942779541,1.8404170274734497,1.8937499523162842,216148800.0
2015-01-15,1421332200,1.915416955947876,1.9260419607162476,1.8106249570846558,1.8185420036315918,196012800.0
2015-01-16,1421418600,1.8095829486846924,1.8879170417785645,1.800624966621399,1.8833329677581787,141796800.0
2015-01-20,1421764200,1.9149999618530273,1.9389580488204956,1.8508330583572388,1.9249999523162842,141892800.0
2015-01-21,1421850600,1.9075000286102295,1.9808330535888672,1.8883329629898071,1.9545830488204956,133531200.0
2015-01-22,1421937000,1.9791669845581055,2.0687499046325684,1.9266669750213623,2.063333034515381,162657600.0
2015-01-23,1422023400,2.063333034515381,2.0956249237060547,2.0445830821990967,2.077083110809326,142358400.0
2015-01-26,1422282600,2.0708329677581787,2.081249952316284,2.037916898727417,2.072499990463257,100804800.0
2015-01-27,1422369000,1.9739580154418945,1.975208044052124,1.8883329629898071,1.9120830297470093,223987200.0
2015-01-28,1422455400,1.9997919797897339,2.0062499046325684,1.8779170513153076,1.8791669607162476,188928000.0
2015-01-29,1422541800,1.8727079629898071,1.942916989326477,1.8250000476837158,1.933542013168335,176558400.0
2015-01-30,1422628200,1.9268749952316284,1.9718749523162842,1.880416989326477,1.8891669511795044,218222400.0
2015-02-02,1422887400,1.8993749618530273,1.9416669607162476,1.8120830059051514,1.9387500286102295,198844800.0
2015-02-03,1422973800,1.9550000429153442,1.9964580535888672,1.9204169511795044,1.9916670322418213,182332800.0
2015-02-04,1423060200,1.9666670560836792,2.0266671180725098,1.9545830488204956,1.9864579439163208,124632000.0
2015-02-05,1423146600,2.000624895095825,2.041874885559082,1.988332986831665,2.0391669273376465,100324800.0
2015-02-06,1423233000,2.047916889190674,2.061458110809326,1.9797919988632202,2.0020830631256104,123528000.0
2015-02-09,1423492200,1.978124976158142,2.009582996368408,1.9677079916000366,1.9800000190734863,95793600.0
2015-02-10,1423578600,2.016458034515381,2.082292079925537,2.0054171085357666,2.07479190826416,119256000.0
2015-02-11,1423665000,2.082292079925537,2.110832929611206,2.069582939147949,2.0981249809265137,121852800.0
2015-02-12,1423751400,2.1358330249786377,2.1722919940948486,2.128541946411133,2.1714580059051514,153100800.0
2015-02-13,1423837800,2.1887500286102295,2.2266669273376465,2.1770830154418945,2.226249933242798,120897600.0
2015-02-17,1424183400,2.225832939147949,2.236042022705078,2.209791898727417,2.2322919368743896,82728000.0
2015-02-18,1424269800,2.224792003631592,2.2445828914642334,2.214582920074463,2.241874933242798,70478400.0
2015-02-19,1424356200,2.2364580631256104,2.2789580821990967,2.235416889190674,2.275624990463257,75590400.0
2015-02-20,1424442600,2.2702078819274902,2.323957920074463,2.2487499713897705,2.3193750381469727,90772800.0
2015-02-23,1424701800,2.3179171085357666,2.328749895095825,2.3014578819274902,2.3285419940948486,78974400.0
2015-02-24,1424788200,2.3183329105377197,2.340208053588867,2.2972919940948486,2.3333330154418945,104601600.0
2015-02-25,1424874600,2.321042060852051,2.3485419750213623,2.299375057220459,2.3145830631256104,112550400.0
2015-02-26,1424961000,2.3212499618530273,2.352708101272583,2.3020830154418945,2.349792003631592,116337600.0
2015-02-27,1425047400,2.34708309173584,2.351249933242798,2.307499885559082,2.3187499046325684,88790400.0
2015-03-02,1425306600,2.331249952316284,2.383125066757202,2.3302080631256104,2.3812499046325684,89044800.0
2015-03-03,1425393000,2.360416889190674,2.366874933242798,2.302917003631592,2.34708309173584,128390400.0
2015-03-04,1425479400,2.32479190826416,2.3343749046325684,2.281874895095825,2.321042060852051,116640000.0
2015-03-05,1425565800,2.338749885559082,2.3531250953674316,2.3041670322418213,2.331249952316284,92347200.0
2015-03-06,1425652200,2.324583053588867,2.337291955947876,2.235208034515381,2.251041889190674,149726400.0
2015-03-09,1425911400,2.267082929611206,2.288749933242798,2.238542079925537,2.272707939147949,113270400.0
2015-03-10,1425997800,2.222707986831665,2.2239580154418945,2.1458330154418945,2.1468749046325684,191966400.0
2015-03-11,1426084200,2.152708053588867,2.162708044052124,2.106250047683716,2.1091670989990234,223152000.0
2015-03-12,1426170600,2.1031250953674316,2.157291889190674,2.099375009536743,2.149583101272583,122390400.0
2015-03-13,1426257000,2.14395809173584,2.169374942779541,2.081666946411133,2.121875047683716,198115200.0
2015-03-16,1426516200,2.1454169750213623,2.204166889190674,2.1383330821990967,2.203125,114960000.0
2015-03-17,1426602600,2.18416690826416,2.2239580154418945,2.1697919368743896,2.21541690826416,97363200.0
2015-03-18,1426689000,2.196458101272583,2.3087499141693115,2.1614580154418945,2.2791669368743896,167822400.0
2015-03-19,1426775400,2.2870829105377197,2.3072919845581055,2.2760419845581055,2.290208101272583,111384000.0
2015-03-20,1426861800,2.344791889190674,2.3672919273376465,2.3327078819274902,2.337707996368408,104812800.0
2015-03-23,1427121000,2.3304169178009033,2.3489580154418945,2.3179171085357666,2.318125009536743,99235200.0
2015-03-24,1427207400,2.3177080154418945,2.350832939147949,2.293333053588867,2.2945830821990967,92980800.0
2015-03-25,1427293800,2.306457996368408,2.3102080821990967,2.1343750953674316,2.1343750953674316,175886400.0
2015-03-26,1427380200,2.084167003631592,2.150624990463257,2.0627079010009766,2.116874933242798,196560000.0
2015-03-27,1427466600,2.11270809173584,2.154582977294922,2.1039578914642334,2.13729190826416,98544000.0
2015-03-30,1427725800,2.180417060852051,2.2183330059051514,2.178957939147949,2.2141671180725098,151214400.0
2015-03-31,1427812200,2.193958044052124,2.208125114440918,2.141458034515381,2.145625114440918,124507200.0
2015-04-01,1427898600,2.1427080631256104,2.1427080631256104,2.0677080154418945,2.109375,175876800.0
2015-04-02,1427985000,2.113542079925537,2.1333329677581787,2.092708110809326,2.112916946411133,110577600.0
2015-04-06,1428330600,2.07479190826416,2.1820828914642334,2.066041946411133,2.163749933242798,150945600.0
2015-04-07,1428417000,2.1610419750213623,2.2083330154418945,2.1535420417785645,2.153749942779541,114691200.0
2015-04-08,1428503400,2.155416965484619,2.2135419845581055,2.154582977294922,2.2049999237060547,169142400.0
2015-04-09,1428589800,2.2029170989990234,2.2477080821990967,2.178957939147949,2.246042013168335,110928000.0
2015-04-10,1428676200,2.2456250190734863,2.273750066757202,2.2289578914642334,2.2729170322418213,113385600.0
2015-04-13,1428935400,2.2789580821990967,2.3129169940948486,2.2481250762939453,2.256042003631592,115200000.0
2015-04-14,1429021800,2.251041889190674,2.2679169178009033,2.1985421180725098,2.2366669178009033,168974400.0
2015-04-15,1429108200,2.2558329105377197,2.2925000190734863,2.245832920074463,2.276249885559082,95356800.0
2015-04-16,1429194600,2.2608330249786377,2.280416965484619,2.2502079010009766,2.2683329582214355,90888000.0
2015-04-17,1429281000,2.203749895095825,2.222291946411133,2.1337499618530273,2.162292003631592,186427200.0
2015-04-20,1429540200,2.195625066757202,2.270625114440918,2.1920828819274902,2.258958101272583,142195200.0
2015-04-21,1429626600,2.2991669178009033,2.309999942779541,2.280416965484619,2.287916898727417,127387200.0
2015-04-22,1429713000,2.3056249618530273,2.3364579677581787,2.2618749141693115,2.325000047683716,121915200.0
2015-04-23,1429799400,2.302917003631592,2.3829169273376465,2.3006250858306885,2.352916955947876,131001600.0
2015-04-24,1429885800,2.425416946411133,2.4568750858306885,2.4149999618530273,2.444999933242798,142416000.0
2015-04-27,1430145000,2.4749999046325684,2.4881250858306885,2.4131250381469727,2.429374933242798,161160000.0
2015-04-28,1430231400,2.43416690826416,2.4479169845581055,2.3531250953674316,2.4135420322418213,171753600.0
2015-04-29,1430317800,2.3731250762939453,2.415416955947876,2.3293750286102295,2.367500066757202,193953600.0
2015-04-30,1430404200,2.328125,2.3572919368743896,2.2210419178009033,2.2562499046325684,308169600.0
2015-05-01,1430490600,2.282083034515381,2.3495829105377197,2.28125,2.3475000858306885,190012800.0
2015-05-04,1430749800,2.366874933242798,2.400624990463257,2.3531250953674316,2.355833053588867,131971200.0
2015-05-05,1430836200,2.3293750286102295,2.342292070388794,2.238542079925537,2.2441670894622803,280694400.0
2015-05-06,1430922600,2.253541946411133,2.2729170322418213,2.150207996368408,2.1962499618530273,213398400.0
2015-05-07,1431009000,2.193958044052124,2.252500057220459,2.188333034515381,2.2339580059051514,168619200.0
2015-05-08,1431095400,2.303333044052124,2.332292079925537,2.292917013168335,2.31583309173584,178377600.0
2015-05-11,1431354600,2.3222920894622803,2.336667060852051,2.2858328819274902,2.290416955947876,139027200.0
2015-05-12,1431441000,2.249375104904175,2.2939579486846924,2.198124885559082,2.2608330249786377,190334400.0
2015-05-13,1431527400,2.290208101272583,2.324167013168335,2.263124942779541,2.2725000381469727,132499200.0
2015-05-14,1431613800,2.3293750286102295,2.3779170513153076,2.303333044052124,2.3731250762939453,176832000.0
2015-05-15,1431700200,2.3918750286102295,2.4004170894622803,2.3550000190734863,2.3729169368743896,146505600.0
2015-05-18,1431959400,2.3612499237060547,2.416874885559082,2.355417013168335,2.402082920074463,110587200.0
2015-05-19,1432045800,2.4114580154418945,2.4216670989990234,2.383958101272583,2.3952078819274902,98577600.0
2015-05-20,1432132200,2.400624990463257,2.4422919750213623,2.361875057220459,2.399167060852051,111264000.0
2015-05-21,1432218600,2.387500047683716,2.446042060852051,2.376667022705078,2.436875104904175,92222400.0
2015-05-22,1432305000,2.428541898727417,2.455625057220459,2.4237499237060547,2.4302079677581787,79819200.0
2015-05-26,1432650600,2.412916898727417,2.422916889190674,2.3170828819274902,2.3460419178009033,140457600.0
2015-05-27,1432737000,2.366457939147949,2.466249942779541,2.351875066757202,2.4589579105377197,134289600.0
2015-05-28,1432823400,2.443958044052124,2.461250066757202,2.419374942779541,2.44083309173584,90643200.0
2015-05-29,1432909800,2.436666965484619,2.4472920894622803,2.381666898727417,2.399583101272583,106060800.0
2015-06-01,1433169000,2.4372920989990234,2.441457986831665,2.363332986831665,2.4206249713897705,137160000.0
2015-06-02,1433255400,2.3952078819274902,2.434375047683716,2.3597919940948486,2.3985419273376465,131462400.0
2015-06-03,1433341800,2.4327080249786377,2.447499990463257,2.40291690826416,2.4195830821990967,117067200.0
2015-06-04,1433428200,2.380000114440918,2.425416946411133,2.342916965484619,2.366874933242798,185702400.0
2015-06-05,1433514600,2.3564579486846924,2.3731250762939453,2.3056249618530273,2.3489580154418945,138590400.0
2015-06-08,1433773800,2.344374895095825,2.3499999046325684,2.2627079486846924,2.277082920074463,144422400.0
2015-06-09,1433860200,2.2604169845581055,2.2895829677581787,2.2139580249786377,2.2658329010009766,153000000.0
2015-06-10,1433946600,2.287916898727417,2.377500057220459,2.2808330059051514,2.3556249141693115,154766400.0
2015-06-11,1434033000,2.3808329105377197,2.400624990463257,2.3556249141693115,2.368541955947876,117081600.0
2015-06-12,1434119400,2.329792022705078,2.344791889190674,2.3006250858306885,2.308332920074463,120897600.0
2015-06-15,1434378600,2.2579169273376465,2.2860419750213623,2.2183330059051514,2.2764580249786377,200884800.0
2015-06-16,1434465000,2.266249895095825,2.323124885559082,2.264583110809326,2.3112499713897705,101265600.0
2015-06-17,1434551400,2.323957920074463,2.3535420894622803,2.2864580154418945,2.330625057220459,168388800.0
2015-06-18,1434637800,2.350208044052124,2.444166898727417,2.348750114440918,2.4291670322418213,162628800.0
2015-06-19,1434724200,2.436042070388794,2.442500114440918,2.392082929611206,2.392082929611206,84628800.0
2015-06-22,1434983400,2.44979190826416,2.4714579582214355,2.433542013168335,2.44979190826416,131716800.0
2015-06-23,1435069800,2.4583330154418945,2.4625000953674316,2.4247920513153076,2.4558329582214355,114907200.0
2015-06-24,1435156200,2.446458101272583,2.4774999618530273,2.415832996368408,2.4181249141693115,84902400.0
2015-06-25,1435242600,2.4452080726623535,2.4527080059051514,2.3910419940948486,2.402292013168335,85204800.0
2015-06-26,1435329000,2.400207996368408,2.417707920074463,2.3283329010009766,2.357707977294922,131904000.0
2015-06-29,1435588200,2.274583101272583,2.316667079925537,2.186458110809326,2.191041946411133,273744000.0
2015-06-30,1435674600,2.2366669178009033,2.251041889190674,2.191457986831665,2.2160420417785645,176793600.0
2015-07-01,1435761000,2.2760419845581055,2.290416955947876,2.233333110809326,2.261457920074463,141624000.0
2015-07-02,1435847400,2.281874895095825,2.2891669273376465,2.2452080249786377,2.2699999809265137,105523200.0
2015-07-06,1436193000,2.2231249809265137,2.2885420322418213,2.2083330154418945,2.250833034515381,131808000.0
2015-07-07,1436279400,2.2572920322418213,2.2729170322418213,2.133542060852051,2.26229190826416,250329600.0
2015-07-08,1436365800,2.217292070388794,2.225832939147949,2.1358330249786377,2.1489579677581787,184881600.0
2015-07-09,1436452200,2.2356250286102295,2.237916946411133,2.1427080631256104,2.1427080631256104,125260800.0
2015-07-10,1436538600,2.2249999046325684,2.266666889190674,2.2058329582214355,2.2422919273376465,123259200.0
2015-07-13,1436797800,2.2989580631256104,2.365833044052124,2.298542022705078,2.356874942779541,104860800.0
2015-07-14,1436884200,2.3702080249786377,2.42520809173584,2.366457939147949,2.4041669368743896,102201600.0
2015-07-15,1436970600,2.417917013168335,2.441667079925537,2.3933329582214355,2.4156250953674316,119140800.0
2015-07-16,1437057000,2.4739580154418945,2.516666889190674,2.459167003631592,2.509999990463257,139680000.0
2015-07-17,1437143400,2.5760419368743896,2.625,2.5643749237060547,2.6247920989990234,143328000.0
2015-07-20,1437402600,2.646667003631592,2.6829171180725098,2.6195828914642334,2.6541669368743896,95889600.0
2015-07-21,1437489000,2.6583330631256104,2.6689579486846924,2.625833034515381,2.6468749046325684,87408000.0
2015-07-22,1437575400,2.52791690826416,2.596874952316284,2.5274999141693115,2.559999942779541,108388800.0
2015-07-23,1437661800,2.567500114440918,2.591249942779541,2.5104169845581055,2.5293750762939453,96782400.0
2015-07-24,1437748200,2.568958044052124,2.57479190826416,2.4454169273376465,2.4574999809265137,106473600.0
2015-07-27,1438007400,2.413749933242798,2.445625066757202,2.379167079925537,2.3943750858306885,120624000.0
2015-07-28,1438093800,2.428541898727417,2.4710419178009033,2.369374990463257,2.4574999809265137,155596800.0
2015-07-29,1438180200,2.471874952316284,2.500624895095825,2.444166898727417,2.484999895095825,121737600.0
2015-07-30,1438266600,2.467292070388794,2.5316669940948486,2.422916889190674,2.519582986831665,137044800.0
2015-07-31,1438353000,2.542707920074463,2.546875,2.4945828914642334,2.5118749141693115,109036800.0
2015-08-03,1438612200,2.5133330821990967,2.5325000286102295,2.4375,2.4887499809265137,147734400.0
2015-08-04,1438698600,2.4816670417785645,2.4962499141693115,2.4412500858306885,2.472707986831665,141350400.0
2015-08-05,1438785000,2.5137500762939453,2.578749895095825,2.505625009536743,2.530625104904175,127411200.0
2015-08-06,1438871400,2.5356249809265137,2.5466670989990234,2.374375104904175,2.4091670513153076,175296000.0
2015-08-07,1438957800,2.390625,2.4160420894622803,2.3391671180725098,2.399583101272583,160176000.0
2015-08-10,1439217000,2.4447920322418213,2.49666690826416,2.4447920322418213,2.4806249141693115,133804800.0
2015-08-11,1439303400,2.440624952316284,2.470207929611206,2.345417022705078,2.3860421180725098,173289600.0
2015-08-12,1439389800,2.3379170894622803,2.424375057220459,2.2602078914642334,2.407083034515381,224347200.0
2015-08-13,1439476200,2.4166669845581055,2.4510419368743896,2.382499933242798,2.396250009536743,140659200.0
2015-08-14,1439562600,2.3802080154418945,2.418750047683716,2.3670830726623535,2.4091670513153076,145982400.0
2015-08-17,1439821800,2.390625,2.470207929611206,2.3729169368743896,2.4683330059051514,125356800.0
2015-08-18,1439908200,2.4543750286102295,2.464582920074463,2.421250104904175,2.428957939147949,108998400.0
2015-08-19,1439994600,2.40625,2.446666955947876,2.3408329486846924,2.3833329677581787,235516800.0
2015-08-20,1440081000,2.316667079925537,2.3389580249786377,2.183542013168335,2.1870830059051514,300019200.0
2015-08-21,1440167400,2.09375,2.1468749046325684,1.9149999618530273,1.9149999618530273,380289600.0
2015-08-24,1440426600,1.5635420083999634,1.9058330059051514,1.3604170083999634,1.6881250143051147,392716800.0
2015-08-25,1440513000,1.8645830154418945,1.898542046546936,1.6583329439163208,1.6658329963684082,289665600.0
2015-08-26,1440599400,1.8081250190734863,1.9202079772949219,1.7014579772949219,1.90625,285019200.0
2015-08-27,1440685800,1.9958330392837524,2.059375047683716,1.9235420227050781,2.0552079677581787,485952000.0
2015-08-28,1440772200,2.0225000381469727,2.075000047683716,2.009166955947876,2.053541898727417,214094400.0
2015-08-31,1441031400,2.019792079925537,2.0531249046325684,1.962499976158142,1.9772919416427612,206870400.0
2015-09-01,1441117800,1.8287500143051147,1.919374942779541,1.7672920227050781,1.7979170083999634,313862400.0
2015-09-02,1441204200,1.8891669511795044,1.9441670179367065,1.8268749713897705,1.9441670179367065,180278400.0
2015-09-03,1441290600,1.9679169654846191,2.0058329105377197,1.898332953453064,1.9120830297470093,223224000.0
2015-09-04,1441377000,1.8354170322418213,1.884166955947876,1.8143750429153442,1.8481249809265137,279643200.0
2015-09-08,1441722600,1.9529169797897339,2.0093750953674316,1.929792046546936,2.005000114440918,225350400.0
2015-09-09,1441809000,2.0737500190734863,2.07479190826416,1.9191670417785645,1.9352079629898071,281284800.0
2015-09-10,1441895400,1.927291989326477,2.0360419750213623,1.9204169511795044,1.9970829486846924,247161600.0
2015-09-11,1441981800,1.9704170227050781,2.0293750762939453,1.953125,2.0293750762939453,189720000.0
2015-09-14,1442241000,2.0520830154418945,2.0527079105377197,1.9891669750213623,2.0112500190734863,176664000.0
2015-09-15,1442327400,2.026249885559082,2.101875066757202,2.004167079925537,2.08145809173584,152654400.0
2015-09-16,1442413800,2.085624933242798,2.123958110809326,2.0625,2.1162500381469727,140414400.0
2015-09-17,1442500200,2.1139578819274902,2.215625047683716,2.09375,2.1220829486846924,242361600.0
2015-09-18,1442586600,2.024791955947876,2.1045830249786377,2.0202078819274902,2.032291889190674,272342400.0
2015-09-21,1442845800,2.063333034515381,2.0991671085357666,1.9947919845581055,2.0495829582214355,200313600.0
2015-09-22,1442932200,1.9547920227050781,1.9770829677581787,1.9016669988632202,1.9591670036315918,283795200.0
2015-09-23,1443018600,1.9729169607162476,1.988332986831665,1.931249976158142,1.962291955947876,223761600.0
2015-09-24,1443105000,1.9043749570846558,1.9620829820632935,1.8541669845581055,1.9395829439163208,293836800.0
2015-09-25,1443191400,2.0054171085357666,2.008125066757202,1.8547919988632202,1.8925000429153442,283824000.0
2015-09-28,1443450600,1.8662500381469727,1.869583010673523,1.7127079963684082,1.7293750047683716,360057600.0
2015-09-29,1443537000,1.7418750524520874,1.7947920560836792,1.6649999618530273,1.7037500143051147,365750400.0
2015-09-30,1443623400,1.7745829820632935,1.8250000476837158,1.7541669607162476,1.816457986831665,333864000.0
2015-10-01,1443709800,1.8279169797897339,1.8431249856948853,1.7558330297470093,1.8418749570846558,219264000.0
2015-10-02,1443796200,1.7679170370101929,1.9397920370101929,1.75,1.9375,317404800.0
2015-10-05,1444055400,1.9827079772949219,2.038332939147949,1.9700000286102295,2.0258328914642334,208152000.0
2015-10-06,1444141800,2.0110421180725098,2.028749942779541,1.9464579820632935,1.9968750476837158,230121600.0
2015-10-07,1444228200,2.0325000286102295,2.0431249141693115,1.9533330202102661,2.0289580821990967,253108800.0
2015-10-08,1444314600,2.0072920322418213,2.0645830631256104,1.9481250047683716,2.0537500381469727,291873600.0
2015-10-09,1444401000,2.056457996368408,2.09375,2.040208101272583,2.078749895095825,175224000.0
2015-10-12,1444660200,2.094583034515381,2.108541965484619,2.071458101272583,2.096250057220459,152539200.0
2015-10-13,1444746600,2.0604169368743896,2.124375104904175,2.049999952316284,2.0552079677581787,212966400.0
2015-10-14,1444833000,2.055833101272583,2.0868749618530273,2.0199999809265137,2.0464580059051514,183331200.0
2015-10-15,1444919400,2.068542003631592,2.1468749046325684,2.0606250762939453,2.1464579105377197,214569600.0
2015-10-16,1445005800,2.1606249809265137,2.1770830154418945,2.129167079925537,2.1731250286102295,132643200.0
2015-10-19,1445265000,2.1631250381469727,2.215625047683716,2.1510419845581055,2.212083101272583,163622400.0
2015-10-20,1445351400,2.1987500190734863,2.2135419845581055,2.154582977294922,2.175416946411133,145252800.0
2015-10-21,1445437800,2.209583044052124,2.2158329486846924,2.134166955947876,2.1404170989990234,176496000.0
2015-10-22,1445524200,2.193958044052124,2.272707939147949,2.1756250858306885,2.267292022705078,259752000.0
2015-10-23,1445610600,2.4502079486846924,2.4856250286102295,2.4135420322418213,2.4558329582214355,204057600.0
2015-10-26,1445869800,2.4527080059051514,2.4766669273376465,2.424999952316284,2.463124990463257,119889600.0
2015-10-27,1445956200,2.443125009536743,2.487916946411133,2.441041946411133,2.4791669845581055,104462400.0
2015-10-28,1446042600,2.490417003631592,2.538332939147949,2.428957939147949,2.5366671085357666,208958400.0
2015-10-29,1446129000,2.5037500858306885,2.5395829677581787,2.496458053588867,2.527292013168335,99825600.0
2015-10-30,1446215400,2.530625104904175,2.543750047683716,2.492500066757202,2.4927079677581787,120072000.0
2015-11-02,1446474600,2.5112500190734863,2.5860419273376465,2.4972920417785645,2.5777080059051514,110601600.0
2015-11-03,1446561000,2.561875104904175,2.632082939147949,2.549999952316284,2.602292060852051,123624000.0
2015-11-04,1446647400,2.628124952316284,2.6354169845581055,2.5722920894622803,2.603332996368408,145833600.0
2015-11-05,1446733800,2.6112499237060547,2.6304171085357666,2.542917013168335,2.5804169178009033,142252800.0
2015-11-06,1446820200,2.569582939147949,2.597291946411133,2.5185420513153076,2.5889580249786377,136248000.0
2015-11-09,1447079400,2.558958053588867,2.5693750381469727,2.4579169750213623,2.505625009536743,151315200.0
2015-11-10,1447165800,2.465625047683716,2.4931249618530273,2.4437499046325684,2.487916946411133,98721600.0
2015-11-11,1447252200,2.5068750381469727,2.542707920074463,2.464582920074463,2.476875066757202,100828800.0
2015-11-12,1447338600,2.444999933242798,2.4822919368743896,2.399583101272583,2.4049999713897705,137928000.0
2015-11-13,1447425000,2.3747920989990234,2.3818750381469727,2.259582996368408,2.2635419368743896,197697600.0
2015-11-16,1447684200,2.256042003631592,2.3614580631256104,2.2402079105377197,2.357917070388794,185544000.0
2015-11-17,1447770600,2.3722920417785645,2.415832996368408,2.346874952316284,2.366041898727417,221414400.0
2015-11-18,1447857000,2.3927080631256104,2.5083329677581787,2.386457920074463,2.501667022705078,196276800.0
2015-11-19,1447943400,2.5058329105377197,2.540416955947876,2.492500066757202,2.5054171085357666,103958400.0
2015-11-20,1448029800,2.540416955947876,2.5625,2.5341670513153076,2.5552079677581787,101995200.0
2015-11-23,1448289000,2.558332920074463,2.5875000953674316,2.5022919178009033,2.53458309173584,112876800.0
2015-11-24,1448375400,2.485416889190674,2.5456249713897705,2.446458101272583,2.5266671180725098,132494400.0
2015-11-25,1448461800,2.5364580154418945,2.548332929611206,2.518749952316284,2.532291889190674,55977600.0
2015-11-27,1448634600,2.550416946411133,2.559999942779541,2.518749952316284,2.5414578914642334,27206400.0
2015-11-30,1448893800,2.5668749809265137,2.5672919750213623,2.5004169940948486,2.5254170894622803,93273600.0
2015-12-01,1448980200,2.5537500381469727,2.600416898727417,2.5456249713897705,2.600416898727417,117043200.0
2015-12-02,1449066600,2.605417013168335,2.6404170989990234,2.539792060852051,2.5531249046325684,122092800.0
2015-12-03,1449153000,2.5733330249786377,2.584791898727417,2.37833309173584,2.422916889190674,225912000.0
2015-12-04,1449239400,2.443542003631592,2.6041669845581055,2.4291670322418213,2.5893750190734863,173289600.0
2015-12-07,1449498600,2.59708309173584,2.601875066757202,2.519792079925537,2.5577080249786377,138451200.0
2015-12-08,1449585000,2.4766669273376465,2.58145809173584,2.4735419750213623,2.5579171180725098,162600000.0
2015-12-09,1449671400,2.521667003631592,2.565000057220459,2.3952078819274902,2.4387500286102295,289732800.0
2015-12-10,1449757800,2.45645809173584,2.521667003631592,2.434999942779541,2.4733328819274902,162926400.0
2015-12-11,1449844200,2.3877079486846924,2.406874895095825,2.298332929611206,2.3037500381469727,294873600.0
2015-12-14,1450103400,2.3137500286102295,2.3575000762939453,2.2141671180725098,2.355417013168335,232344000.0
2015-12-15,1450189800,2.415832996368408,2.458125114440918,2.3887500762939453,2.3954169750213623,191558400.0
2015-12-16,1450276200,2.446042060852051,2.5160419940948486,2.3729169368743896,2.5012500286102295,196512000.0
2015-12-17,1450362600,2.53458309173584,2.5366671085357666,2.39395809173584,2.397083044052124,189513600.0
2015-12-18,1450449000,2.3712499141693115,2.388124942779541,2.2604169845581055,2.2654170989990234,204955200.0
2015-12-21,1450708200,2.321458101272583,2.3329169750213623,2.270625114440918,2.3327078819274902,128059200.0
2015-12-22,1450794600,2.3691670894622803,2.38729190826416,2.3318750858306885,2.3768749237060547,134044800.0
2015-12-23,1450881000,2.4141669273376465,2.434999942779541,2.4010419845581055,2.4312500953674316,109896000.0
2015-12-24,1450967400,2.4291670322418213,2.4487500190734863,2.424999952316284,2.4262499809265137,48480000.0
2015-12-28,1451313000,2.4091670513153076,2.4256250858306885,2.3581249713897705,2.4256250858306885,102672000.0
2015-12-29,1451399400,2.467708110809326,2.5545830726623535,2.462707996368408,2.536250114440918,145305600.0
2015-12-30,1451485800,2.5316669940948486,2.534791946411133,2.469583034515381,2.4714579582214355,89592000.0
2015-12-31,1451572200,2.444582939147949,2.4577078819274902,2.3770830631256104,2.3797919750213623,175905600.0
2016-01-04,1451917800,2.221250057220459,2.234375,2.1404170989990234,2.234375,265867200.0
2016-01-05,1452004200,2.2604169845581055,2.2693750858306885,2.18416690826416,2.2143750190734863,132326400.0
2016-01-06,1452090600,2.103749990463257,2.188541889190674,2.100832939147949,2.1549999713897705,243787200.0
2016-01-07,1452177000,2.014583110809326,2.09375,1.9470829963684082,1.9500000476837158,340348800.0
2016-01-08,1452263400,1.992292046546936,2.0285420417785645,1.8952080011367798,1.9039579629898071,331819200.0
2016-01-11,1452522600,1.9435420036315918,1.9589580297470093,1.8312499523162842,1.9206249713897705,336177600.0
2016-01-12,1452609000,1.9722919464111328,2.0152080059051514,1.9041670560836792,1.9854170083999634,317520000.0
2016-01-13,1452695400,2.0093750953674316,2.0233330726623535,1.7708330154418945,1.7777080535888672,413400000.0
2016-01-14,1452781800,1.8002079725265503,1.9406249523162842,1.7145830392837524,1.8927079439163208,363417600.0
2016-01-15,1452868200,1.7037500143051147,1.7770830392837524,1.644374966621399,1.71875,564715200.0
2016-01-19,1453213800,1.7860419750213623,1.7941670417785645,1.6668750047683716,1.7260420322418213,259228800.0
2016-01-20,1453300200,1.6449999809265137,1.7662500143051147,1.5320830345153809,1.7104170322418213,554697600.0
2016-01-21,1453386600,1.731874942779541,1.7918750047683716,1.6637500524520874,1.7166670560836792,338112000.0
2016-01-22,1453473000,1.8177080154418945,1.8674999475479126,1.802291989326477,1.8645830154418945,286881600.0
2016-01-25,1453732200,1.8479169607162476,1.8768750429153442,1.7770830392837524,1.7806249856948853,277084800.0
2016-01-26,1453818600,1.8041670322418213,1.853124976158142,1.757917046546936,1.8314579725265503,243038400.0
2016-01-27,1453905000,1.7981250286102295,1.8210419416427612,1.6708329916000366,1.695207953453064,358315200.0
2016-01-28,1453991400,1.774791955947876,1.7791670560836792,1.677291989326477,1.7620830535888672,315571200.0
2016-01-29,1454077800,1.7660419940948486,1.8768750429153442,1.7614580392837524,1.8768750429153442,257716800.0
2016-02-01,1454337000,1.846250057220459,1.9112499952316284,1.8260420560836792,1.8875000476837158,228240000.0
2016-02-02,1454423400,1.8652080297470093,1.8652080297470093,1.7504169940948486,1.7677079439163208,256867200.0
2016-02-03,1454509800,1.8010419607162476,1.8014580011367798,1.6487499475479126,1.7427079677581787,471302400.0
2016-02-04,1454596200,1.7254170179367065,1.7822920083999634,1.6802079677581787,1.7395830154418945,284035200.0
2016-02-05,1454682600,1.7229169607162476,1.7245830297470093,1.5412499904632568,1.5606249570846558,429777600.0
2016-02-08,1454941800,1.4735419750213623,1.507917046546936,1.4029170274734497,1.4893749952316284,514963200.0
2016-02-09,1455028200,1.4279170036315918,1.541458010673523,1.4212499856948853,1.4720829725265503,459494400.0
2016-02-10,1455114600,1.5260419845581055,1.5816669464111328,1.4872920513153076,1.4895830154418945,375528000.0
2016-02-11,1455201000,1.4333330392837524,1.5189579725265503,1.4204169511795044,1.4860420227050781,477076800.0
2016-02-12,1455287400,1.5325000286102295,1.5558329820632935,1.492082953453064,1.549375057220459,316430400.0
2016-02-16,1455633000,1.621250033378601,1.652500033378601,1.5910420417785645,1.652500033378601,299313600.0
2016-02-17,1455719400,1.6943750381469727,1.7756249904632568,1.6791670322418213,1.7666670083999634,365232000.0
2016-02-18,1455805800,1.7854169607162476,1.7860419750213623,1.7010420560836792,1.7066669464111328,257899200.0
2016-02-19,1455892200,1.6872919797897339,1.7387499809265137,1.6712499856948853,1.7243750095367432,238934400.0
2016-02-22,1456151400,1.7712500095367432,1.8118749856948853,1.7662500143051147,1.8058329820632935,248265600.0
2016-02-23,1456237800,1.7739579677581787,1.7893749475479126,1.7141669988632202,1.7158329486846924,267825600.0
2016-02-24,1456324200,1.6577080488204956,1.7729170322418213,1.6258330345153809,1.7668750286102295,350558400.0
2016-02-25,1456410600,1.7785420417785645,1.8177080154418945,1.7302080392837524,1.8156249523162842,259598400.0
2016-02-26,1456497000,1.8570829629898071,1.8614579439163208,1.7991670370101929,1.8114579916000366,248577600.0
2016-02-29,1456756200,1.8072919845581055,1.847707986831665,1.7635420560836792,1.7635420560836792,229968000.0
2016-03-01,1456842600,1.8118749856948853,1.9327080249786377,1.7975000143051147,1.9322919845581055,311136000.0
2016-03-02,1456929000,1.9249999523162842,1.9364579916000366,1.8897919654846191,1.9343750476837158,193972800.0
2016-03-03,1457015400,1.9293750524520874,1.931041955947876,1.882707953453064,1.9235420227050781,206596800.0
2016-03-04,1457101800,1.9308329820632935,1.9637500047683716,1.888124942779541,1.9268749952316284,237844800.0
2016-03-07,1457361000,1.896875023841858,1.9306249618530273,1.8493750095367432,1.8910419940948486,189124800.0
2016-03-08,1457447400,1.8508330583572388,1.9010419845581055,1.8337500095367432,1.8410420417785645,212563200.0
2016-03-09,1457533800,1.865833044052124,1.8795830011367798,1.8333330154418945,1.8762500286102295,208344000.0
2016-03-10,1457620200,1.90625,1.9345829486846924,1.7972919940948486,1.8691669702529907,343454400.0
2016-03-11,1457706600,1.929582953453064,1.9681249856948853,1.9131250381469727,1.9660420417785645,169660800.0
2016-03-14,1457965800,1.9462499618530273,1.992082953453064,1.943958044052124,1.9774999618530273,157166400.0
2016-03-15,1458052200,1.9574999809265137,1.9816670417785645,1.9377080202102661,1.9762500524520874,193118400.0
2016-03-16,1458138600,1.9587500095367432,2.04354190826416,1.9587500095367432,2.0266671180725098,176457600.0
2016-03-17,1458225000,2.0112500190734863,2.0389580726623535,1.9877079725265503,2.0208330154418945,127507200.0
2016-03-18,1458311400,2.0374999046325684,2.0495829582214355,2.0022919178009033,2.0325000286102295,147537600.0
2016-03-21,1458570600,2.023750066757202,2.063541889190674,2.019792079925537,2.0566670894622803,136008000.0
2016-03-22,1458657000,2.0233330726623535,2.090625047683716,2.0214579105377197,2.075000047683716,127214400.0
2016-03-23,1458743400,2.063957929611206,2.068542003631592,2.011457920074463,2.025624990463257,154454400.0
2016-03-24,1458829800,1.9927079677581787,2.028749942779541,1.9854170083999634,2.0250000953674316,127022400.0
2016-03-28,1459175400,2.045417070388794,2.045833110809326,2.0079169273376465,2.0177080631256104,129384000.0
2016-03-29,1459261800,2.006666898727417,2.1187500953674316,1.9968750476837158,2.1141669750213623,179793600.0
2016-03-30,1459348200,2.152708053588867,2.1856250762939453,2.132082939147949,2.1458330154418945,209884800.0
2016-03-31,1459434600,2.1410419940948486,2.1649999618530273,2.126457929611206,2.1333329677581787,118521600.0
2016-04-01,1459521000,2.100832939147949,2.2068750858306885,2.0889580249786377,2.2043750286102295,163022400.0
2016-04-04,1459780200,2.2010419368743896,2.2083330154418945,2.1639580726623535,2.1770830154418945,136632000.0
2016-04-05,1459866600,2.1272919178009033,2.1524999141693115,2.1075000762939453,2.118541955947876,146841600.0
2016-04-06,1459953000,2.125,2.2216670513153076,2.1229169368743896,2.2200000286102295,182088000.0
2016-04-07,1460039400,2.1822919845581055,2.193125009536743,2.0964579582214355,2.124166965484619,252225600.0
2016-04-08,1460125800,2.162708044052124,2.1777079105377197,2.09708309173584,2.1191670894622803,166243200.0
2016-04-11,1460385000,2.146667003631592,2.1781249046325684,2.094791889190674,2.0964579582214355,137059200.0
2016-04-12,1460471400,2.100416898727417,2.1600000858306885,2.0612499713897705,2.1454169750213623,182424000.0
2016-04-13,1460557800,2.1977078914642334,2.2397921085357666,2.188957929611206,2.2291669845581055,162182400.0
2016-04-14,1460644200,2.2297921180725098,2.2552080154418945,2.213124990463257,2.2306249141693115,111240000.0
2016-04-15,1460730600,2.2233328819274902,2.2391669750213623,2.196666955947876,2.2135419845581055,83092800.0
2016-04-18,1460989800,2.1952080726623535,2.250833034515381,2.19083309173584,2.2462499141693115,101462400.0
2016-04-19,1461076200,2.268749952316284,2.2708330154418945,2.171875,2.2074999809265137,158582400.0
2016-04-20,1461162600,2.204582929611206,2.2427079677581787,2.18416690826416,2.2129170894622803,107769600.0
2016-04-21,1461249000,2.211667060852051,2.2366669178009033,2.183542013168335,2.2135419845581055,133473600.0
2016-04-22,1461335400,2.128541946411133,2.157291889190674,2.0620830059051514,2.113332986831665,201321600.0
2016-04-25,1461594600,2.090208053588867,2.112916946411133,2.0818750858306885,2.1116669178009033,96950400.0
2016-04-26,1461681000,2.123958110809326,2.1368749141693115,2.0629169940948486,2.0827078819274902,109315200.0
2016-04-27,1461767400,2.019582986831665,2.0456249713897705,1.980417013168335,2.032707929611206,183004800.0
2016-04-28,1461853800,2.039375066757202,2.0743749141693115,1.946666955947876,1.9606250524520874,160771200.0
2016-04-29,1461940200,1.9539580345153809,1.9700000286102295,1.881250023841858,1.9293750524520874,191260800.0
2016-05-02,1462199400,1.941457986831665,1.9893749952316284,1.9177080392837524,1.980417013168335,118017600.0
2016-05-03,1462285800,1.9389580488204956,1.965000033378601,1.909999966621399,1.9277080297470093,145963200.0
2016-05-04,1462372200,1.8922920227050781,1.9118750095367432,1.8745830059051514,1.8895829916000366,155145600.0
2016-05-05,1462458600,1.9075000286102295,1.9216669797897339,1.8752080202102661,1.8885420560836792,143976000.0
2016-05-06,1462545000,1.8583329916000366,1.9175000190734863,1.853124976158142,1.9158329963684082,156849600.0
2016-05-09,1462804200,1.9177080392837524,1.9589580297470093,1.9149999618530273,1.9327080249786377,118540800.0
2016-05-10,1462890600,1.9533330202102661,2.015000104904175,1.9433330297470093,2.0137500762939453,116481600.0
2016-05-11,1462977000,2.003957986831665,2.021667003631592,1.9558329582214355,1.9587500095367432,127065600.0
2016-05-12,1463063400,1.974166989326477,1.9777079820632935,1.8908330202102661,1.931249976158142,184742400.0
2016-05-13,1463149800,1.9299999475479126,1.9616669416427612,1.8989579677581787,1.9079170227050781,155966400.0
2016-05-16,1463409000,1.915624976158142,2.002500057220459,1.9135420322418213,1.9814579486846924,117292800.0
2016-05-17,1463495400,1.9791669845581055,1.9931249618530273,1.8914580345153809,1.9054169654846191,187228800.0
2016-05-18,1463581800,1.8947919607162476,1.9581249952316284,1.8816670179367065,1.9270830154418945,237969600.0
2016-05-19,1463668200,1.9035420417785645,1.9195829629898071,1.8552080392837524,1.8966670036315918,254097600.0
2016-05-20,1463754600,1.9197920560836792,1.9824999570846558,1.916458010673523,1.9600000381469727,125352000.0
2016-05-23,1464013800,1.965000033378601,1.9870829582214355,1.9464579820632935,1.9504170417785645,86928000.0
2016-05-24,1464100200,1.9839580059051514,2.0760419368743896,1.9824999570846558,2.0697920322418213,150004800.0
2016-05-25,1464186600,2.0935420989990234,2.1322920322418213,2.0818750858306885,2.114375114440918,140846400.0
2016-05-26,1464273000,2.121458053588867,2.139791965484619,2.1045830249786377,2.132082939147949,95270400.0
2016-05-27,1464359400,2.135624885559082,2.165832996368408,2.1354169845581055,2.1641669273376465,107140800.0
2016-05-31,1464705000,2.176042079925537,2.1872920989990234,2.144792079925537,2.1770830154418945,112948800.0
2016-06-01,1464791400,2.157291889190674,2.1918749809265137,2.1514580249786377,2.177917003631592,100536000.0
2016-06-02,1464877800,2.1631250381469727,2.191457986831665,2.129167079925537,2.1902079582214355,104659200.0
2016-06-03,1464964200,2.1777079105377197,2.1816670894622803,2.117917060852051,2.160207986831665,155529600.0
2016-06-06,1465223400,2.1700000762939453,2.200624942779541,2.1608328819274902,2.183332920074463,85996800.0
2016-06-07,1465309800,2.1904170513153076,2.1937499046325684,2.163749933242798,2.167917013168335,77107200.0
2016-06-08,1465396200,2.1797919273376465,2.1912500858306885,2.1541669368743896,2.177500009536743,82262400.0
2016-06-09,1465482600,2.1514580249786377,2.174375057220459,2.138957977294922,2.167917013168335,99729600.0
2016-06-10,1465569000,2.1095829010009766,2.1204171180725098,2.071458101272583,2.0950000286102295,161760000.0
2016-06-13,1465828200,2.0597920417785645,2.092708110809326,2.0333330631256104,2.041249990463257,119049600.0
2016-06-14,1465914600,2.024583101272583,2.0622920989990234,1.9958330392837524,2.0422921180725098,141729600.0
2016-06-15,1466001000,2.0556249618530273,2.0622920989990234,2.0127079486846924,2.0239579677581787,106377600.0
2016-06-16,1466087400,1.9941669702529907,2.0464580059051514,1.9537500143051147,2.0385420322418213,164361600.0
2016-06-17,1466173800,2.030208110809326,2.030208110809326,1.9552079439163208,1.96875,167020800.0
2016-06-20,1466433000,2.039375066757202,2.0652079582214355,2.0012500286102295,2.004167079925537,139243200.0
2016-06-21,1466519400,2.016458034515381,2.036875009536743,2.0022919178009033,2.024167060852051,86414400.0
2016-06-22,1466605800,2.0299999713897705,2.063541889190674,2.0052080154418945,2.0110421180725098,103296000.0
2016-06-23,1466692200,2.0577080249786377,2.0966670513153076,2.032291889190674,2.0958330631256104,128558400.0
2016-06-24,1466778600,1.875,1.9656250476837158,1.8250000476837158,1.8391669988632202,325502400.0
2016-06-27,1467037800,1.7972919940948486,1.7997920513153076,1.7041670083999634,1.7320829629898071,235963200.0
2016-06-28,1467124200,1.7847919464111328,1.8431249856948853,1.7831250429153442,1.8406250476837158,199468800.0
2016-06-29,1467210600,1.8856250047683716,1.9497920274734497,1.8820830583572388,1.9362499713897705,208464000.0
2016-06-30,1467297000,1.9479169845581055,2.008958101272583,1.9291670322418213,2.006666898727417,165811200.0
2016-07-01,1467383400,2.003124952316284,2.058542013168335,2.000833034515381,2.0341670513153076,131424000.0
2016-07-05,1467729000,2.0079169273376465,2.011667013168335,1.9658329486846924,1.9981249570846558,130939200.0
2016-07-06,1467815400,1.9708329439163208,2.0495829582214355,1.9514579772949219,2.045207977294922,173476800.0
2016-07-07,1467901800,2.054374933242798,2.079166889190674,2.0364580154418945,2.0645830631256104,126230400.0
2016-07-08,1467988200,2.095207929611206,2.1649999618530273,2.089582920074463,2.1600000858306885,150043200.0
2016-07-11,1468247400,2.1845829486846924,2.22208309173584,2.182499885559082,2.1968750953674316,142646400.0
2016-07-12,1468333800,2.23770809173584,2.249166965484619,2.222707986831665,2.2314579486846924,115790400.0
2016-07-13,1468420200,2.2495830059051514,2.250833034515381,2.2143750190734863,2.2158329486846924,126412800.0
2016-07-14,1468506600,2.2597920894622803,2.2729170322418213,2.243957996368408,2.2608330249786377,109905600.0
2016-07-15,1468593000,2.2754170894622803,2.2793750762939453,2.234375,2.2481250762939453,85416000.0
2016-07-18,1468852200,2.254167079925537,2.305833101272583,2.2522919178009033,2.292917013168335,83860800.0
2016-07-19,1468938600,2.2708330154418945,2.2899999618530273,2.257082939147949,2.269166946411133,78667200.0
2016-07-20,1469025000,2.303957939147949,2.360832929611206,2.2972919940948486,2.346874952316284,90724800.0
2016-07-21,1469111400,2.3539578914642334,2.3662500381469727,2.3129169940948486,2.3329169750213623,112804800.0
2016-07-22,1469197800,2.3383328914642334,2.3687500953674316,2.3154170513153076,2.359999895095825,86803200.0
2016-07-25,1469457000,2.3547921180725098,2.3622920513153076,2.3375000953674316,2.3620829582214355,76243200.0
2016-07-26,1469543400,2.3597919940948486,2.3949999809265137,2.3333330154418945,2.369999885559082,136353600.0
2016-07-27,1469629800,2.4281249046325684,2.436875104904175,2.3877079486846924,2.416249990463257,130564800.0
2016-07-28,1469716200,2.4295830726623535,2.451667070388794,2.4066669940948486,2.442500114440918,87120000.0
2016-07-29,1469802600,2.4600000381469727,2.478749990463257,2.4362499713897705,2.4585421085357666,102633600.0
2016-08-01,1470061800,2.464582920074463,2.5160419940948486,2.4554169178009033,2.4970829486846924,105316800.0
2016-08-02,1470148200,2.4864580631256104,2.493541955947876,2.393125057220459,2.44083309173584,161107200.0
2016-08-03,1470234600,2.4354169368743896,2.465208053588867,2.4306249618530273,2.4639580249786377,85334400.0
2016-08-04,1470321000,2.4633328914642334,2.4931249618530273,2.4452080726623535,2.486042022705078,84028800.0
2016-08-05,1470407400,2.526249885559082,2.573957920074463,2.515625,2.5579171180725098,123480000.0
2016-08-08,1470666600,2.5622920989990234,2.5637500286102295,2.5243749618530273,2.5497920513153076,75902400.0
2016-08-09,1470753000,2.5541670322418213,2.590208053588867,2.549999952316284,2.566667079925537,79819200.0
2016-08-10,1470839400,2.568542003631592,2.572499990463257,2.5260419845581055,2.546875,87720000.0
2016-08-11,1470925800,2.5708329677581787,2.5958330631256104,2.556874990463257,2.579792022705078,68649600.0
2016-08-12,1471012200,2.5645830631256104,2.584583044052124,2.5570828914642334,2.584583044052124,68275200.0
2016-08-15,1471271400,2.59375,2.6343750953674316,2.591249942779541,2.6170830726623535,57254400.0
2016-08-16,1471357800,2.601875066757202,2.6041669845581055,2.5722920894622803,2.5758330821990967,62596800.0
2016-08-17,1471444200,2.5758330821990967,2.589792013168335,2.532917022705078,2.5879170894622803,89836800.0
2016-08-18,1471530600,2.579792022705078,2.600416898727417,2.566667079925537,2.59041690826416,56755200.0
2016-08-19,1471617000,2.5762500762939453,2.6035420894622803,2.5545830726623535,2.5868749618530273,73617600.0
2016-08-22,1471876200,2.574583053588867,2.60604190826416,2.5612499713897705,2.5893750190734863,73243200.0
2016-08-23,1471962600,2.620832920074463,2.6358330249786377,2.602916955947876,2.6047921180725098,62654400.0
2016-08-24,1472049000,2.6010420322418213,2.6122920513153076,2.530208110809326,2.5545830726623535,71198400.0
2016-08-25,1472135400,2.534374952316284,2.56583309173584,2.525624990463257,2.5425000190734863,58444800.0
2016-08-26,1472221800,2.545833110809326,2.603332996368408,2.5083329677581787,2.5547919273376465,107313600.0
2016-08-29,1472481000,2.5562500953674316,2.584791898727417,2.5547919273376465,2.561875104904175,49833600.0
2016-08-30,1472567400,2.552500009536743,2.573957920074463,2.5129170417785645,2.538749933242798,65750400.0
2016-08-31,1472653800,2.527708053588867,2.5391669273376465,2.498958110809326,2.532083034515381,71616000.0
2016-09-01,1472740200,2.533750057220459,2.5587499141693115,2.4962499141693115,2.543333053588867,85953600.0
2016-09-02,1472826600,2.5885419845581055,2.6039578914642334,2.546041965484619,2.573124885559082,90739200.0
2016-09-06,1473172200,2.5885419845581055,2.6229169368743896,2.5708329677581787,2.620832920074463,65985600.0
2016-09-07,1473258600,2.628957986831665,2.6404170989990234,2.597707986831665,2.625624895095825,58075200.0
2016-09-08,1473345000,2.6041669845581055,2.6056249141693115,2.5606250762939453,2.580625057220459,70065600.0
2016-09-09,1473431400,2.5177080631256104,2.5333330631256104,2.384999990463257,2.384999990463257,160915200.0
2016-09-12,1473690600,2.3491671085357666,2.523750066757202,2.344791889190674,2.5072920322418213,130651200.0
2016-09-13,1473777000,2.473750114440918,2.497499942779541,2.410207986831665,2.448124885559082,125308800.0
2016-09-14,1473863400,2.4543750286102295,2.5208330154418945,2.4518749713897705,2.4795830249786377,111528000.0
2016-09-15,1473949800,2.483333110809326,2.606874942779541,2.481250047683716,2.594583034515381,131860800.0
2016-09-16,1474036200,2.588124990463257,2.600416898727417,2.5541670322418213,2.5916669368743896,81523200.0
2016-09-19,1474295400,2.6114580631256104,2.6360421180725098,2.5439579486846924,2.5577080249786377,91670400.0
2016-09-20,1474381800,2.5833330154418945,2.6041669845581055,2.559999942779541,2.5718750953674316,75782400.0
2016-09-21,1474468200,2.6041669845581055,2.6585419178009033,2.5602080821990967,2.646667003631592,138600000.0
2016-09-22,1474554600,2.6962499618530273,2.7200000286102295,2.686666965484619,2.7085421085357666,78100800.0
2016-09-23,1474641000,2.700000047683716,2.701457977294922,2.6475000381469727,2.659791946411133,73065600.0
2016-09-26,1474900200,2.6139578819274902,2.623332977294922,2.5808329582214355,2.59375,81883200.0
2016-09-27,1474986600,2.5908329486846924,2.6720829010009766,2.5808329582214355,2.6672921180725098,82900800.0
2016-09-28,1475073000,2.676875114440918,2.686666965484619,2.641249895095825,2.681874990463257,75696000.0
2016-09-29,1475159400,2.670417070388794,2.683542013168335,2.589792013168335,2.625,114830400.0
2016-09-30,1475245800,2.649167060852051,2.705625057220459,2.6360421180725098,2.678957939147949,79987200.0
2016-10-03,1475505000,2.6697919368743896,2.680833101272583,2.6385419368743896,2.672916889190674,81758400.0
2016-10-04,1475591400,2.6918749809265137,2.7114579677581787,2.628541946411133,2.657707929611206,112204800.0
2016-10-05,1475677800,2.681874990463257,2.7114579677581787,2.6781249046325684,2.6854169368743896,68856000.0
2016-10-06,1475764200,2.675416946411133,2.6985421180725098,2.643125057220459,2.6812500953674316,74529600.0
2016-10-07,1475850600,2.6897919178009033,2.69979190826416,2.6254169940948486,2.663749933242798,90561600.0
2016-10-10,1476109800,2.703125,2.732707977294922,2.701667070388794,2.7114579677581787,59889600.0
2016-10-11,1476196200,2.7058329582214355,2.709167003631592,2.563541889190674,2.599375009536743,129643200.0
2016-10-12,1476282600,2.6020829677581787,2.6181249618530273,2.567500114440918,2.5939579010009766,82056000.0
2016-10-13,1476369000,2.539792060852051,2.584583044052124,2.4931249618530273,2.563541889190674,104428800.0
2016-10-14,1476455400,2.5981249809265137,2.631666898727417,2.5670828819274902,2.5693750381469727,81811200.0
2016-10-17,1476714600,2.5687499046325684,2.582082986831665,2.5414578914642334,2.5516669750213623,55862400.0
2016-10-18,1476801000,2.640625,2.654792070388794,2.6145830154418945,2.6170830726623535,76968000.0
2016-10-19,1476887400,2.6122920513153076,2.628541946411133,2.6039578914642334,2.6181249618530273,47054400.0
2016-10-20,1476973800,2.60604190826416,2.6254169940948486,2.5629169940948486,2.6070830821990967,69950400.0
2016-10-21,1477060200,2.61270809173584,2.641458034515381,2.588124990463257,2.6354169845581055,58632000.0
2016-10-24,1477319400,2.6887500286102295,2.736875057220459,2.686666965484619,2.7314579486846924,68649600.0
2016-10-25,1477405800,2.7339580059051514,2.737916946411133,2.693542003631592,2.704166889190674,59712000.0
2016-10-26,1477492200,2.652082920074463,2.694999933242798,2.6270830631256104,2.652292013168335,95308800.0
2016-10-27,1477578600,2.6847920417785645,2.6912500858306885,2.603332996368408,2.6152079105377197,103041600.0
2016-10-28,1477665000,2.59041690826416,2.632082939147949,2.5416669845581055,2.569999933242798,142958400.0
2016-10-31,1477924200,2.5950000286102295,2.5950000286102295,2.5541670322418213,2.555417060852051,56904000.0
2016-11-01,1478010600,2.5718750953674316,2.5718750953674316,2.4337499141693115,2.5029170513153076,101923200.0
2016-11-02,1478097000,2.4945828914642334,2.511457920074463,2.421041965484619,2.4377079010009766,81763200.0
2016-11-03,1478183400,2.4277079105377197,2.450624942779541,2.358541965484619,2.367500066757202,87014400.0
2016-11-04,1478269800,2.3456249237060547,2.397291898727417,2.328749895095825,2.340625047683716,84921600.0
2016-11-07,1478529000,2.453958034515381,2.516249895095825,2.4443750381469727,2.5083329677581787,100963200.0
2016-11-08,1478615400,2.5,2.591249942779541,2.483333110809326,2.557499885559082,110587200.0
2016-11-09,1478701800,2.4668750762939453,2.6047921180725098,2.459791898727417,2.5933330059051514,183292800.0
2016-11-10,1478788200,2.6247920989990234,2.639583110809326,2.3639578819274902,2.4700000286102295,247968000.0
2016-11-11,1478874600,2.431874990463257,2.485832929611206,2.4083330631256104,2.467916965484619,113563200.0
2016-11-14,1479133800,2.4725000858306885,2.477916955947876,2.3575000762939453,2.384582996368408,177552000.0
2016-11-15,1479220200,2.444999933242798,2.5177080631256104,2.438124895095825,2.494999885559082,105571200.0
2016-11-16,1479306600,2.457292079925537,2.54354190826416,2.457292079925537,2.5356249809265137,86337600.0
2016-11-17,1479393000,2.5339579582214355,2.594374895095825,2.518125057220459,2.594374895095825,75537600.0
2016-11-18,1479479400,2.5991671085357666,2.616041898727417,2.5572919845581055,2.5652079582214355,63057600.0
2016-11-21,1479738600,2.58145809173584,2.6504170894622803,2.5804169178009033,2.642292022705078,83625600.0
2016-11-22,1479825000,2.674375057220459,2.6875,2.6475000381469727,2.6660420894622803,76680000.0
2016-11-23,1479911400,2.6404170989990234,2.6493749618530273,2.5999999046325684,2.633958101272583,73824000.0
2016-11-25,1480084200,2.6464579105377197,2.663332939147949,2.635624885559082,2.659374952316284,38280000.0
2016-11-28,1480343400,2.647291898727417,2.6791670322418213,2.6337499618530273,2.644582986831665,71467200.0
2016-11-29,1480429800,2.6468749046325684,2.706666946411133,2.627500057220459,2.6700000762939453,74582400.0
2016-11-30,1480516200,2.675416946411133,2.681874990463257,2.5693750381469727,2.5835421085357666,151296000.0
2016-12-01,1480602600,2.5704169273376465,2.570625066757202,2.4264578819274902,2.441667079925537,186384000.0
2016-12-02,1480689000,2.443958044052124,2.4825000762939453,2.4222919940948486,2.451457977294922,102984000.0
2016-12-05,1480948200,2.491041898727417,2.5391669273376465,2.456666946411133,2.508125066757202,89942400.0
2016-12-06,1481034600,2.5274999141693115,2.5406250953674316,2.49666690826416,2.526249885559082,69254400.0
2016-12-07,1481121000,2.511457920074463,2.632499933242798,2.4895830154418945,2.619999885559082,148867200.0
2016-12-08,1481207400,2.626667022705078,2.657291889190674,2.6114580631256104,2.6360421180725098,113016000.0
2016-12-09,1481293800,2.665832996368408,2.702291965484619,2.665832996368408,2.6977078914642334,102672000.0
2016-12-12,1481553000,2.6608328819274902,2.677917003631592,2.6295828819274902,2.660207986831665,95150400.0
2016-12-13,1481639400,2.689167022705078,2.806874990463257,2.6854169368743896,2.764167070388794,169195200.0
2016-12-14,1481725800,2.769582986831665,2.7995829582214355,2.720417022705078,2.743957996368408,142377600.0
2016-12-15,1481812200,2.751457929611206,2.8062500953674316,2.7366669178009033,2.760624885559082,106425600.0
2016-12-16,1481898600,2.7735419273376465,2.7914578914642334,2.7118749618530273,2.7270829677581787,114753600.0
2016-12-19,1482157800,2.738542079925537,2.8104169368743896,2.726249933242798,2.7604169845581055,83572800.0
2016-12-20,1482244200,2.782083034515381,2.8072919845581055,2.777082920074463,2.793750047683716,62784000.0
2016-12-21,1482330600,2.7947919368743896,2.800416946411133,2.766458034515381,2.7839579582214355,48288000.0
2016-12-22,1482417000,2.785207986831665,2.7889580726623535,2.7300000190734863,2.7597920894622803,65520000.0
2016-12-23,1482503400,2.748542070388794,2.769582986831665,2.7395830154418945,2.7683329582214355,32251200.0
2016-12-27,1482849000,2.7833330631256104,2.856874942779541,2.780416965484619,2.8087499141693115,75643200.0
2016-12-28,1482935400,2.8258330821990967,2.834791898727417,2.73770809173584,2.7437500953674316,91339200.0
2016-12-29,1483021800,2.7422919273376465,2.759582996368408,2.7058329582214355,2.730417013168335,85728000.0
2016-12-30,1483108200,2.746042013168335,2.7477080821990967,2.625,2.650624990463257,105384000.0
2017-01-03,1483453800,2.7002079486846924,2.7477080821990967,2.674375057220459,2.714792013168335,97646400.0
2017-01-04,1483540200,2.727292060852051,2.776249885559082,2.723750114440918,2.7610421180725098,66513600.0
2017-01-05,1483626600,2.7587499618530273,2.813541889190674,2.7562499046325684,2.809999942779541,61372800.0
2017-01-06,1483713000,2.8152079582214355,2.9033329486846924,2.793750047683716,2.8812499046325684,95798400.0
2017-01-09,1483972200,2.8883330821990967,2.924999952316284,2.882499933242798,2.910417079925537,66172800.0
2017-01-10,1484058600,2.9091670513153076,2.954582929611206,2.89395809173584,2.9270830154418945,66336000.0
2017-01-11,1484145000,2.9291670322418213,2.951667070388794,2.8862500190734863,2.949583053588867,94104000.0
2017-01-12,1484231400,2.920417070388794,2.9433329105377197,2.855417013168335,2.9345829486846924,80517600.0
2017-01-13,1484317800,2.944166898727417,2.9825000762939453,2.9433329105377197,2.9683330059051514,58612800.0
2017-01-17,1484663400,2.941667079925537,2.9583330154418945,2.9149999618530273,2.9404170513153076,55531200.0
2017-01-18,1484749800,2.954166889190674,2.966249942779541,2.930417060852051,2.9604170322418213,49329600.0
2017-01-19,1484836200,2.96875,3.001667022705078,2.935832977294922,2.952500104904175,59731200.0
2017-01-20,1484922600,2.9916670322418213,3.014583110809326,2.950000047683716,2.9716670513153076,56846400.0
2017-01-23,1485181800,2.9625000953674316,2.9916670322418213,2.9237499237060547,2.978332996368408,55250400.0
2017-01-24,1485268200,2.9945828914642334,3.053333044052124,2.9820830821990967,3.040416955947876,51691200.0
2017-01-25,1485354600,3.095417022705078,3.1337499618530273,3.088749885559082,3.129167079925537,56148000.0
2017-01-26,1485441000,3.1433329582214355,3.1608328819274902,3.1254169940948486,3.142082929611206,50856000.0
2017-01-27,1485527400,3.1583330631256104,3.1675000190734863,3.12833309173584,3.157083034515381,33249600.0
2017-01-30,1485786600,3.1237499713897705,3.1254169940948486,3.0325000286102295,3.0854170322418213,75043200.0
2017-01-31,1485873000,3.0537500381469727,3.0683329105377197,3.012083053588867,3.0683329105377197,59616000.0
2017-02-01,1485959400,3.12833309173584,3.146667003631592,3.086667060852051,3.126667022705078,72511200.0
2017-02-02,1486045800,3.110832929611206,3.1479170322418213,3.0850000381469727,3.1187500953674316,57895200.0
2017-02-03,1486132200,3.1312499046325684,3.15625,3.12166690826416,3.1458330154418945,48192000.0
2017-02-06,1486391400,3.1304171085357666,3.1591670513153076,3.1220829486846924,3.1575000286102295,41707200.0
2017-02-07,1486477800,3.1741669178009033,3.212083101272583,3.1691670417785645,3.190000057220459,46634400.0
2017-02-08,1486564200,3.1787500381469727,3.220417022705078,3.161250114440918,3.2079169750213623,36967200.0
2017-02-09,1486650600,3.2166669368743896,3.2637500762939453,3.211667060852051,3.2412500381469727,51525600.0
2017-02-10,1486737000,3.2637500762939453,3.2874999046325684,3.2470829486846924,3.2733330726623535,47872800.0
2017-02-13,1486996200,3.3041670322418213,3.342916965484619,3.2991669178009033,3.3308329582214355,42988800.0
2017-02-14,1487082600,3.3329169750213623,3.363332986831665,3.3016669750213623,3.3620829582214355,62664000.0
2017-02-15,1487169000,3.357917070388794,3.4266669750213623,3.3499999046325684,3.4200000762939453,73564800.0
2017-02-16,1487255400,3.428333044052124,3.4487500190734863,3.3924999237060547,3.4170830249786377,63950400.0
2017-02-17,1487341800,3.40291690826416,3.4625000953674316,3.4008328914642334,3.4600000381469727,51607200.0
2017-02-21,1487687400,3.4841670989990234,3.5199999809265137,3.476249933242798,3.515000104904175,66729600.0
2017-02-22,1487773800,3.504167079925537,3.524167060852051,3.485832929611206,3.5154170989990234,43056000.0
2017-02-23,1487860200,3.5308330059051514,3.53125,3.43416690826416,3.4774999618530273,62676000.0
2017-02-24,1487946600,3.427500009536743,3.4962499141693115,3.424999952316284,3.4962499141693115,50731200.0
2017-02-27,1488205800,3.477916955947876,3.5087499618530273,3.458750009536743,3.506666898727417,52437600.0
2017-02-28,1488292200,3.507082939147949,3.5104169845581055,3.447499990463257,3.4791669845581055,41904000.0
2017-03-01,1488378600,3.5399999618530273,3.608333110809326,3.5233330726623535,3.5916669368743896,63254400.0
2017-03-02,1488465000,3.5899999141693115,3.5899999141693115,3.5233330726623535,3.5350000858306885,42919200.0
2017-03-03,1488551400,3.5266671180725098,3.558332920074463,3.4995830059051514,3.553333044052124,34646400.0
2017-03-06,1488810600,3.515000104904175,3.548332929611206,3.487916946411133,3.528749942779541,38774400.0
2017-03-07,1488897000,3.5062499046325684,3.558332920074463,3.4945828914642334,3.5112500190734863,35428800.0
2017-03-08,1488983400,3.5199999809265137,3.563333034515381,3.5079169273376465,3.5291669368743896,38652000.0
2017-03-09,1489069800,3.5283329486846924,3.552917003631592,3.4820830821990967,3.5399999618530273,44172000.0
2017-03-10,1489156200,3.5854170322418213,3.5983328819274902,3.537916898727417,3.578749895095825,51456000.0
2017-03-13,1489415400,3.5754170417785645,3.602916955947876,3.572082996368408,3.5995829105377197,33883200.0
2017-03-14,1489501800,3.575000047683716,3.5804169178009033,3.5299999713897705,3.5729169845581055,53020800.0
2017-03-15,1489588200,3.5975000858306885,3.663332939147949,3.5604169368743896,3.6354169845581055,63813600.0
2017-03-16,1489674600,3.660417079925537,3.660417079925537,3.6070830821990967,3.6333329677581787,38875200.0
2017-03-17,1489761000,3.641666889190674,3.65625,3.622499942779541,3.6245830059051514,35320800.0
2017-03-20,1490020200,3.6245830059051514,3.661250114440918,3.608333110809326,3.6354169845581055,36696000.0
2017-03-21,1490106600,3.675832986831665,3.6875,3.4649999141693115,3.4733328819274902,93568800.0
2017-03-22,1490193000,3.475416898727417,3.5512499809265137,3.459167003631592,3.5416669845581055,71373600.0
2017-03-23,1490279400,3.528749942779541,3.5566670894622803,3.49666690826416,3.5133330821990967,59064000.0
2017-03-24,1490365800,3.5466670989990234,3.5879170894622803,3.494999885559082,3.5325000286102295,51686400.0
2017-03-27,1490625000,3.4604170322418213,3.569582939147949,3.4345829486846924,3.5512499809265137,75259200.0
2017-03-28,1490711400,3.550832986831665,3.648750066757202,3.528749942779541,3.617917060852051,84000000.0
2017-03-29,1490797800,3.6212499141693115,3.670833110809326,3.612916946411133,3.665832996368408,48170400.0
2017-03-30,1490884200,3.6645829677581787,3.6962499618530273,3.6524999141693115,3.68416690826416,52927200.0
2017-03-31,1490970600,3.667917013168335,3.7049999237060547,3.6558330059051514,3.675416946411133,54146400.0
2017-04-03,1491229800,3.6862499713897705,3.711667060852051,3.6091670989990234,3.6675000190734863,64521600.0
2017-04-04,1491316200,3.6354169845581055,3.6870830059051514,3.6329169273376465,3.68416690826416,32424000.0
2017-04-05,1491402600,3.702083110809326,3.7658329010009766,3.6204171180725098,3.642082929611206,73360800.0
2017-04-06,1491489000,3.654582977294922,3.675416946411133,3.6187500953674316,3.6449999809265137,61651200.0
2017-04-07,1491575400,3.6424999237060547,3.6737499237060547,3.601249933242798,3.6408329010009766,41575200.0
2017-04-10,1491834600,3.6533329486846924,3.6887500286102295,3.6137499809265137,3.6449999809265137,48376800.0
2017-04-11,1491921000,3.6308329105377197,3.649167060852051,3.5179169178009033,3.5991671085357666,85346400.0
2017-04-12,1492007400,3.5950000286102295,3.6024999618530273,3.540832996368408,3.5516669750213623,68095200.0
2017-04-13,1492093800,3.5374999046325684,3.598750114440918,3.507499933242798,3.509582996368408,61370400.0
2017-04-17,1492439400,3.5391669273376465,3.5975000858306885,3.5350000858306885,3.592916965484619,36333600.0
2017-04-18,1492525800,3.5595829486846924,3.6116669178009033,3.552917003631592,3.5824999809265137,50755200.0
2017-04-19,1492612200,3.6237499713897705,3.6591670513153076,3.5799999237060547,3.5950000286102295,57568800.0
2017-04-20,1492698600,3.6387500762939453,3.7083330154418945,3.6220829486846924,3.6820828914642334,82492800.0
2017-04-21,1492785000,3.694166898727417,3.6987500190734863,3.6549999713897705,3.680417060852051,54026400.0
2017-04-24,1493044200,3.8020830154418945,3.825000047683716,3.7858328819274902,3.814167022705078,60072000.0
2017-04-25,1493130600,3.8520829677581787,3.917917013168335,3.8433330059051514,3.898750066757202,64113600.0
2017-04-26,1493217000,3.9024999141693115,3.930417060852051,3.873332977294922,3.881666898727417,87660000.0
2017-04-27,1493303400,3.9108328819274902,3.950000047683716,3.901249885559082,3.949583053588867,57676800.0
2017-04-28,1493389800,3.997499942779541,4.002082824707031,3.952083110809326,3.97208309173584,68500800.0
2017-05-01,1493649000,4.008749961853027,4.09250020980835,4.003749847412109,4.072082996368408,64634400.0
2017-05-02,1493735400,4.092082977294922,4.102083206176758,4.060832977294922,4.096250057220459,60412800.0
2017-05-03,1493821800,4.071249961853027,4.071667194366455,4.022916793823242,4.055832862854004,73586400.0
2017-05-04,1493908200,4.05791711807251,4.076666831970215,4.0183329582214355,4.059999942779541,72607200.0
2017-05-05,1493994600,4.08916711807251,4.1041669845581055,4.045416831970215,4.1041669845581055,54506400.0
2017-05-08,1494253800,4.110416889190674,4.1304168701171875,4.085416793823242,4.128749847412109,61267200.0
2017-05-09,1494340200,4.1483330726623535,4.201250076293945,4.139166831970215,4.174167156219482,75717600.0
2017-05-10,1494426600,4.178750038146973,4.1845831871032715,4.136666774749756,4.180832862854004,56193600.0
2017-05-11,1494513000,4.147082805633545,4.172916889190674,4.088749885559082,4.170833110809326,62433600.0
2017-05-12,1494599400,4.176249980926514,4.2004170417785645,4.165417194366455,4.1979169845581055,58538400.0
2017-05-15,1494858600,4.202083110809326,4.244166851043701,4.191249847412109,4.2370829582214355,69340800.0
2017-05-16,1494945000,4.267083168029785,4.290832996368408,4.232916831970215,4.290417194366455,77066400.0
2017-05-17,1495031400,4.189582824707031,4.211667060852051,3.9604170322418213,3.9658329486846924,140236800.0
2017-05-18,1495117800,3.9600000381469727,4.105416774749756,3.9429171085357666,4.066249847412109,120384000.0
2017-05-19,1495204200,4.105833053588867,4.168333053588867,4.102499961853027,4.115417003631592,72844800.0
2017-05-22,1495463400,4.144166946411133,4.227083206176758,4.139583110809326,4.22208309173584,65354400.0
2017-05-23,1495549800,4.256667137145996,4.258333206176758,4.200832843780518,4.232500076293945,68858400.0
2017-05-24,1495636200,4.267917156219482,4.295833110809326,4.234582901000977,4.290832996368408,64941600.0
2017-05-25,1495722600,4.337916851043701,4.431666851043701,4.310832977294922,4.403749942779541,87504000.0
2017-05-26,1495809000,4.400416851043701,4.4270830154418945,4.383749961853027,4.422500133514404,54856800.0
2017-05-30,1496154600,4.4116668701171875,4.4479169845581055,4.407083034515381,4.431666851043701,55192800.0
2017-05-31,1496241000,4.47208309173584,4.4816670417785645,4.358749866485596,4.426249980926514,96902400.0
2017-06-01,1496327400,4.452499866485596,4.482916831970215,4.397916793823242,4.4791669845581055,74092800.0
2017-06-02,1496413800,4.5233330726623535,4.6354169845581055,4.503749847412109,4.632082939147949,83244000.0
2017-06-05,1496673000,4.62833309173584,4.652500152587891,4.608749866485596,4.62833309173584,51477600.0
2017-06-06,1496759400,4.611667156219482,4.656667232513428,4.552499771118164,4.575832843780518,77733600.0
2017-06-07,1496845800,4.608333110809326,4.637499809265137,4.548333168029785,4.625833034515381,81410400.0
2017-06-08,1496932200,4.654582977294922,4.6616668701171875,4.5654168128967285,4.638332843780518,92563200.0
2017-06-09,1497018600,4.65500020980835,4.672082901000977,4.110833168029785,4.302917003631592,233138400.0
2017-06-12,1497277800,4.183332920074463,4.244166851043701,4.0595831871032715,4.224999904632568,166449600.0
2017-06-13,1497364200,4.290832996368408,4.3408331871032715,4.2266669273376465,4.323750019073486,126492000.0
2017-06-14,1497450600,4.374582767486572,4.374582767486572,4.163750171661377,4.265832901000977,139012800.0
2017-06-15,1497537000,4.1354169845581055,4.222499847412109,4.057499885559082,4.2083330154418945,141158400.0
2017-06-16,1497623400,4.199999809265137,4.202917098999023,4.107082843780518,4.157917022705078,93856800.0
2017-06-19,1497882600,4.273749828338623,4.373332977294922,4.25458288192749,4.359167098999023,110944800.0
2017-06-20,1497969000,4.348750114440918,4.364167213439941,4.25458288192749,4.2604169845581055,85939200.0
2017-06-21,1498055400,4.2866668701171875,4.388332843780518,4.27791690826416,4.384167194366455,83589600.0
2017-06-22,1498141800,4.403749942779541,4.427499771118164,4.345832824707031,4.379167079925537,68445600.0
2017-06-23,1498228200,4.363749980926514,4.445833206176758,4.328332901000977,4.428332805633545,68786400.0
2017-06-26,1498487400,4.50124979019165,4.52791690826416,4.338749885559082,4.3695831298828125,105681600.0
2017-06-27,1498573800,4.318749904632568,4.332917213439941,4.129167079925537,4.129167079925537,144088800.0
2017-06-28,1498660200,4.172500133514404,4.31583309173584,4.1016669273376465,4.302499771118164,120861600.0
2017-06-29,1498746600,4.249582767486572,4.252500057220459,3.9583330154418945,4.0833330154418945,231564000.0
2017-06-30,1498833000,4.118750095367432,4.150416851043701,4.045416831970215,4.069167137145996,98616000.0
2017-07-03,1499092200,4.141666889190674,4.154582977294922,3.9483330249786377,3.9583330154418945,81684000.0
2017-07-05,1499265000,3.9887499809265137,4.103750228881836,3.952083110809326,4.071249961853027,114033600.0
2017-07-06,1499351400,3.9770829677581787,4.028749942779541,3.917917013168335,3.963749885559082,106324800.0
2017-07-07,1499437800,4.0029168128967285,4.120832920074463,4.0,4.082499980926514,89623200.0
2017-07-10,1499697000,4.097917079925537,4.1979169845581055,4.065000057220459,4.167916774749756,92114400.0
2017-07-11,1499783400,4.149582862854004,4.217916965484619,4.102917194366455,4.202083110809326,108571200.0
2017-07-12,1499869800,4.307499885559082,4.364999771118164,4.2841668128967285,4.3516669273376465,105307200.0
2017-07-13,1499956200,4.368750095367432,4.411250114440918,4.342082977294922,4.3804168701171875,91476000.0
2017-07-14,1500042600,4.4320831298828125,4.499166965484619,4.397082805633545,4.483333110809326,84636000.0
2017-07-17,1500301800,4.497917175292969,4.5366668701171875,4.463749885559082,4.485833168029785,100663200.0
2017-07-18,1500388200,4.4766669273376465,4.579583168029785,4.4375,4.574999809265137,84182400.0
2017-07-19,1500474600,4.6145830154418945,4.6770830154418945,4.611249923706055,4.658750057220459,104234400.0
2017-07-20,1500561000,4.6929168701171875,4.702499866485596,4.6120829582214355,4.676249980926514,108460800.0
2017-07-21,1500647400,4.618332862854004,4.669582843780518,4.59708309173584,4.6691670417785645,86916000.0
2017-07-24,1500906600,4.667916774749756,4.7420830726623535,4.650416851043701,4.730000019073486,88732800.0
2017-07-25,1500993000,4.68625020980835,4.729582786560059,4.657917022705078,4.698332786560059,94180800.0
2017-07-26,1501079400,4.728332996368408,4.749166965484619,4.7083330154418945,4.740417003631592,60607200.0
2017-07-27,1501165800,4.8358330726623535,4.847917079925537,4.485833168029785,4.655832767486572,188956800.0
2017-07-28,1501252200,4.573750019073486,4.662083148956299,4.544582843780518,4.640832901000977,70022400.0
2017-07-31,1501511400,4.678750038146973,4.696667194366455,4.5495829582214355,4.580417156219482,88716000.0
2017-08-01,1501597800,4.62624979019165,4.630000114440918,4.568749904632568,4.610416889190674,61156800.0
2017-08-02,1501684200,4.697500228881836,4.702083110809326,4.5183329582214355,4.644166946411133,110366400.0
2017-08-03,1501770600,4.6616668701171875,4.663332939147949,4.56708288192749,4.595832824707031,72640800.0
2017-08-04,1501857000,4.622917175292969,4.648749828338623,4.560832977294922,4.613749980926514,71488800.0
2017-08-07,1502116200,4.640832901000977,4.702917098999023,4.620832920074463,4.6954169273376465,54837600.0
2017-08-08,1502202600,4.6745829582214355,4.7916669845581055,4.6379170417785645,4.677917003631592,103886400.0
2017-08-09,1502289000,4.563333034515381,4.665417194366455,4.530832767486572,4.65958309173584,99081600.0
2017-08-10,1502375400,4.581250190734863,4.589582920074463,4.346250057220459,4.357082843780518,163382400.0
2017-08-11,1502461800,4.37833309173584,4.486249923706055,4.347499847412109,4.456666946411133,105271200.0
2017-08-14,1502721000,4.560417175292969,4.650000095367432,4.55916690826416,4.630000114440918,95488800.0
2017-08-15,1502807400,4.655832767486572,4.665417194366455,4.600417137145996,4.638332843780518,72297600.0
2017-08-16,1502893800,4.670833110809326,4.727083206176758,4.616250038146973,4.662499904632568,99052800.0
2017-08-17,1502980200,4.605833053588867,4.62833309173584,4.375,4.375833034515381,158582400.0
2017-08-18,1503066600,4.382500171661377,4.454583168029785,4.3125,4.360416889190674,129852000.0
2017-08-21,1503325800,4.367917060852051,4.3933329582214355,4.266666889190674,4.352499961853027,86481600.0
2017-08-22,1503412200,4.4166669845581055,4.5595831871032715,4.414583206176758,4.546249866485596,94264800.0
2017-08-23,1503498600,4.4716668128967285,4.52666711807251,4.4658331871032715,4.49541711807251,84076800.0
2017-08-24,1503585000,4.5283331871032715,4.545833110809326,4.379167079925537,4.457917213439941,97180800.0
2017-08-25,1503671400,4.50333309173584,4.541250228881836,4.411250114440918,4.427917003631592,92620800.0
2017-08-28,1503930600,4.466667175292969,4.499166965484619,4.425416946411133,4.466667175292969,66242400.0
2017-08-29,1504017000,4.350417137145996,4.5416669845581055,4.340000152587891,4.521667003631592,85123200.0
2017-08-30,1504103400,4.529582977294922,4.699999809265137,4.521667003631592,4.678332805633545,106248000.0
2017-08-31,1504189800,4.716249942779541,4.828332901000977,4.708749771118164,4.81125020980835,106176000.0
2017-09-01,1504276200,4.847917079925537,4.866250038146973,4.7708330154418945,4.80791711807251,71001600.0
2017-09-05,1504621800,4.762083053588867,4.795000076293945,4.569582939147949,4.679166793823242,129235200.0
2017-09-06,1504708200,4.717082977294922,4.75124979019165,4.618750095367432,4.719583034515381,85557600.0
2017-09-07,1504794600,4.7470831871032715,4.787499904632568,4.699999809265137,4.74875020980835,73970400.0
2017-09-08,1504881000,4.730833053588867,4.739167213439941,4.6145830154418945,4.631667137145996,82646400.0
2017-09-11,1505140200,4.736249923706055,4.8095831871032715,4.734582901000977,4.779167175292969,85279200.0
2017-09-12,1505226600,4.824999809265137,4.84041690826416,4.7529168128967285,4.819582939147949,73418400.0
2017-09-13,1505313000,4.7916669845581055,4.8408331871032715,4.772500038146973,4.839582920074463,51604800.0
2017-09-14,1505399400,4.786250114440918,4.8254170417785645,4.745832920074463,4.7579169273376465,73576800.0
2017-09-15,1505485800,4.7529168128967285,4.854582786560059,4.728332996368408,4.796249866485596,79264800.0
2017-09-18,1505745000,4.81708288192749,4.863333225250244,4.7395830154418945,4.78458309173584,91509600.0
2017-09-19,1505831400,4.8070831298828125,4.827499866485596,4.7579169273376465,4.804999828338623,56942400.0
2017-09-20,1505917800,4.802499771118164,4.816667079925537,4.652500152587891,4.764999866485596,107306400.0
2017-09-21,1506004200,4.750833034515381,4.752500057220459,4.625,4.673333168029785,84890400.0
2017-09-22,1506090600,4.627082824707031,4.680417060852051,4.614999771118164,4.6616668701171875,62167200.0
2017-09-25,1506349800,4.604582786560059,4.611667156219482,4.443749904632568,4.515417098999023,135520800.0
2017-09-26,1506436200,4.5808329582214355,4.605833053588867,4.49875020980835,4.546249866485596,95090400.0
2017-09-27,1506522600,4.618750095367432,4.719167232513428,4.5833330154418945,4.669582843780518,111348000.0
2017-09-28,1506609000,4.635832786560059,4.675000190734863,4.6016669273376465,4.6616668701171875,64536000.0
2017-09-29,1506695400,4.690000057220459,4.770417213439941,4.652500152587891,4.7604169845581055,88248000.0
2017-10-02,1506954600,4.784999847412109,4.832083225250244,4.710000038146973,4.773749828338623,92205600.0
2017-10-03,1507041000,4.7916669845581055,4.820000171661377,4.7604169845581055,4.803750038146973,62738400.0
2017-10-04,1507127400,4.7758331298828125,4.846250057220459,4.7629170417785645,4.816249847412109,90153600.0
2017-10-05,1507213800,4.872499942779541,4.962916851043701,4.852083206176758,4.954999923706055,94291200.0
2017-10-06,1507300200,4.908332824707031,4.974999904632568,4.90625,4.972917079925537,85960800.0
2017-10-09,1507559400,4.995832920074463,5.010832786560059,4.9404168128967285,4.960416793823242,68851200.0
2017-10-10,1507645800,5.007500171661377,5.023749828338623,4.904582977294922,4.970832824707031,71757600.0
2017-10-11,1507732200,4.964582920074463,5.016666889190674,4.943749904632568,5.014166831970215,59788800.0
2017-10-12,1507818600,4.992917060852051,5.045000076293945,4.969167232513428,4.9870829582214355,66180000.0
2017-10-13,1507905000,5.044582843780518,5.059999942779541,5.027082920074463,5.042916774749756,48873600.0
2017-10-16,1508164200,5.0808329582214355,5.097499847412109,5.047082901000977,5.09499979019165,57079200.0
2017-10-17,1508250600,5.088749885559082,5.1145830154418945,5.065000057220459,5.112916946411133,60189600.0
2017-10-18,1508337000,5.127082824707031,5.1279168128967285,5.072082996368408,5.093332767486572,57900000.0
2017-10-19,1508423400,5.005833148956299,5.037499904632568,4.929999828338623,5.037083148956299,80680800.0
2017-10-20,1508509800,5.097499847412109,5.109582901000977,5.058750152587891,5.073750019073486,66554400.0
2017-10-23,1508769000,5.105833053588867,5.107082843780518,4.955417156219482,4.9791669845581055,61456800.0
2017-10-24,1508855400,5.0029168128967285,5.032083034515381,4.946249961853027,5.00458288192749,58872000.0
2017-10-25,1508941800,4.970832824707031,5.019999980926514,4.832083225250244,4.943749904632568,89191200.0
2017-10-26,1509028200,4.936666965484619,4.969583034515381,4.890832901000977,4.897916793823242,72768000.0
2017-10-27,1509114600,5.130833148956299,5.349583148956299,5.117917060852051,5.320000171661377,147818400.0
2017-10-30,1509373800,5.306666851043701,5.420000076293945,5.295000076293945,5.357916831970215,96556800.0
2017-10-31,1509460200,5.405832767486572,5.439582824707031,5.362916946411133,5.414583206176758,60196800.0
2017-11-01,1509546600,5.482500076293945,5.489999771118164,5.347917079925537,5.40749979019165,83064000.0
2017-11-02,1509633000,5.391250133514404,5.398749828338623,5.268750190734863,5.380000114440918,91780800.0
2017-11-03,1509719400,5.437082767486572,5.536250114440918,5.382082939147949,5.53000020980835,86700000.0
2017-11-06,1509978600,5.520417213439941,5.59499979019165,5.513750076293945,5.586249828338623,76096800.0
2017-11-07,1510065000,5.573750019073486,5.62041711807251,5.539999961853027,5.595417022705078,93321600.0
2017-11-08,1510151400,5.590000152587891,5.668749809265137,5.569167137145996,5.665417194366455,68863200.0
2017-11-09,1510237800,5.527500152587891,5.5833330154418945,5.402082920074463,5.574583053588867,163195200.0
2017-11-10,1510324200,5.537083148956299,5.5858330726623535,5.505833148956299,5.5729169845581055,66436800.0
2017-11-13,1510583400,5.514166831970215,5.614167213439941,5.509582996368408,5.589582920074463,75144000.0
2017-11-14,1510669800,5.533332824707031,5.551667213439941,5.451666831970215,5.533332824707031,91000800.0
2017-11-15,1510756200,5.462500095367432,5.497917175292969,5.364999771118164,5.452083110809326,80668800.0
2017-11-16,1510842600,5.537917137145996,5.696249961853027,5.534999847412109,5.65625,80853600.0
2017-11-17,1510929000,5.662083148956299,5.673333168029785,5.577917098999023,5.592916965484619,69352800.0
2017-11-20,1511188200,5.6016669273376465,5.620832920074463,5.556666851043701,5.579166889190674,50059200.0
2017-11-21,1511274600,5.657083034515381,5.766666889190674,5.651249885559082,5.755000114440918,70742400.0
2017-11-22,1511361000,5.775416851043701,5.796249866485596,5.742917060852051,5.77791690826416,60117600.0
2017-11-24,1511533800,5.800000190734863,5.847499847412109,5.7891669273376465,5.842916965484619,39952800.0
2017-11-27,1511793000,5.835416793823242,5.875833034515381,5.795000076293945,5.8333330154418945,66837600.0
2017-11-28,1511879400,5.872917175292969,5.889583110809326,5.779582977294922,5.87624979019165,70305600.0
2017-11-29,1511965800,5.861667156219482,5.861667156219482,5.489999771118164,5.574166774749756,208288800.0
2017-11-30,1512052200,5.644166946411133,5.743332862854004,5.602083206176758,5.712500095367432,118780800.0
2017-12-01,1512138600,5.602083206176758,5.717916965484619,5.387083053588867,5.636250019073486,170294400.0
2017-12-04,1512397800,5.74666690826416,5.759582996368408,5.4245829582214355,5.441667079925537,165444000.0
2017-12-05,1512484200,5.4320831298828125,5.637083053588867,5.372917175292969,5.449583053588867,115480800.0
2017-12-06,1512570600,5.389166831970215,5.547916889190674,5.369166851043701,5.521667003631592,94759200.0
2017-12-07,1512657000,5.525000095367432,5.625,5.503749847412109,5.576250076293945,76156800.0
2017-12-08,1512743400,5.699999809265137,5.740832805633545,5.625,5.650000095367432,88401600.0
2017-12-11,1513002600,5.658750057220459,5.7866668701171875,5.65625,5.779582977294922,71568000.0
2017-12-12,1513089000,5.771249771118164,5.80916690826416,5.7216668128967285,5.7579169273376465,73377600.0
2017-12-13,1513175400,5.823332786560059,5.84499979019165,5.765832901000977,5.7866668701171875,83342400.0
2017-12-14,1513261800,5.8204169273376465,5.8620829582214355,5.756249904632568,5.7783331871032715,71246400.0
2017-12-15,1513348200,5.845832824707031,5.9920830726623535,5.814167022705078,5.966249942779541,111669600.0
2017-12-18,1513607400,6.083749771118164,6.137083053588867,6.058332920074463,6.1195831298828125,81081600.0
2017-12-19,1513693800,6.086667060852051,6.106249809265137,5.963749885559082,6.019999980926514,98868000.0
2017-12-20,1513780200,6.077499866485596,6.079999923706055,5.920416831970215,5.994999885559082,71150400.0
2017-12-21,1513866600,6.016250133514404,6.071249961853027,5.9716668128967285,5.9920830726623535,66518400.0
2017-12-22,1513953000,5.966667175292969,5.978750228881836,5.921667098999023,5.97208309173584,42492000.0
2017-12-26,1514298600,5.876667022705078,5.896667003631592,5.80791711807251,5.875417232513428,48866400.0
2017-12-27,1514385000,5.875833034515381,5.922500133514404,5.858333110809326,5.875417232513428,45196800.0
2017-12-28,1514471400,5.927499771118164,5.93291711807251,5.874166965484619,5.891250133514404,46730400.0
2017-12-29,1514557800,5.913332939147949,5.913332939147949,5.7758331298828125,5.78000020980835,68558400.0
2018-01-02,1514903400,5.870832920074463,6.08916711807251,5.828750133514404,6.076666831970215,91735200.0
2018-01-03,1514989800,6.101250171661377,6.277500152587891,6.100417137145996,6.25458288192749,85224000.0
2018-01-04,1515076200,6.327917098999023,6.350417137145996,6.269166946411133,6.291250228881836,70024800.0
2018-01-05,1515162600,6.379167079925537,6.494999885559082,6.346250057220459,6.481249809265137,82380000.0
2018-01-08,1515421800,6.480416774749756,6.566667079925537,6.4741668701171875,6.553332805633545,72252000.0
2018-01-09,1515508200,6.593332767486572,6.615417003631592,6.5,6.558332920074463,104169600.0
2018-01-10,1515594600,6.467082977294922,6.514166831970215,6.383749961853027,6.511666774749756,95853600.0
2018-01-11,1515681000,6.544582843780518,6.642083168029785,6.514166831970215,6.642083168029785,74839200.0
2018-01-12,1515767400,6.6195831298828125,6.808750152587891,6.600832939147949,6.782917022705078,89560800.0
2018-01-16,1516113000,6.920000076293945,7.02791690826416,6.670000076293945,6.730416774749756,165021600.0
2018-01-17,1516199400,6.820000171661377,6.977083206176758,6.727917194366455,6.942500114440918,82624800.0
2018-01-18,1516285800,6.912083148956299,6.99541711807251,6.862916946411133,6.949166774749756,94394400.0
2018-01-19,1516372200,7.008749961853027,7.045833110809326,6.910417079925537,7.015832901000977,84948000.0
2018-01-22,1516631400,6.999166965484619,7.235000133514404,6.981249809265137,7.235000133514404,103862400.0
2018-01-23,1516717800,7.3045830726623535,7.43625020980835,7.293333053588867,7.418333053588867,129343200.0
2018-01-24,1516804200,7.458749771118164,7.510832786560059,7.143750190734863,7.267917156219482,209073600.0
2018-01-25,1516890600,7.419582843780518,7.425000190734863,7.1904168128967285,7.258749961853027,133300800.0
2018-01-26,1516977000,7.375,7.582917213439941,7.336667060852051,7.582917213439941,106437600.0
2018-01-29,1517236200,7.537917137145996,7.58916711807251,7.433750152587891,7.482500076293945,132348000.0
2018-01-30,1517322600,7.274167060852051,7.389583110809326,7.178332805633545,7.291250228881836,132506400.0
2018-01-31,1517409000,7.418749809265137,7.4608330726623535,7.25,7.381249904632568,110997600.0
2018-02-01,1517495400,7.217916965484619,7.425000190734863,7.119999885559082,7.196667194366455,127968000.0
2018-02-02,1517581800,7.116250038146973,7.15958309173584,6.746250152587891,6.757082939147949,190185600.0
2018-02-05,1517841000,6.5729169845581055,6.90166711807251,5.94208288192749,5.977083206176758,230628000.0
2018-02-06,1517927400,5.700832843780518,6.4583330154418945,5.62624979019165,6.437917232513428,239383200.0
2018-02-07,1518013800,6.377500057220459,6.582917213439941,6.183332920074463,6.183332920074463,176112000.0
2018-02-08,1518100200,6.2470831871032715,6.255833148956299,5.4166669845581055,5.417082786560059,216405600.0
2018-02-09,1518186600,5.633333206176758,5.797916889190674,5.050000190734863,5.672082901000977,320344800.0
2018-02-12,1518445800,5.865832805633545,6.099583148956299,5.717916965484619,5.9895830154418945,175056000.0
2018-02-13,1518532200,5.884582996368408,6.108333110809326,5.848750114440918,6.0625,108055200.0
2018-02-14,1518618600,5.9716668128967285,6.442500114440918,5.96541690826416,6.417500019073486,168115200.0
2018-02-15,1518705000,6.5833330154418945,6.761666774749756,6.382500171661377,6.7529168128967285,190375200.0
2018-02-16,1518791400,6.703750133514404,6.894583225250244,6.639583110809326,6.677499771118164,170553600.0
2018-02-20,1519137000,6.600832939147949,6.885000228881836,6.594583034515381,6.7108330726623535,145869600.0
2018-02-21,1519223400,6.8070831298828125,7.008749961853027,6.6458330154418945,6.650416851043701,177477600.0
2018-02-22,1519309800,6.7470831871032715,6.847917079925537,6.600832939147949,6.65166711807251,166603200.0
2018-02-23,1519396200,6.802499771118164,7.052499771118164,6.730833053588867,7.047916889190674,142768800.0
2018-02-26,1519655400,7.158750057220459,7.334167003631592,7.1433329582214355,7.3308329582214355,133951200.0
2018-02-27,1519741800,7.34375,7.3829169273376465,7.05916690826416,7.068333148956299,173308800.0
2018-02-28,1519828200,7.18625020980835,7.256249904632568,6.9191670417785645,6.926249980926514,153014400.0
2018-03-01,1519914600,6.941667079925537,7.0341668128967285,6.4033331871032715,6.592916965484619,251916000.0
2018-03-02,1520001000,6.361667156219482,6.805832862854004,6.28249979019165,6.774167060852051,193399200.0
2018-03-05,1520260200,6.678750038146973,7.046667098999023,6.59833288192749,6.986667156219482,148881600.0
2018-03-06,1520346600,7.0908331871032715,7.153749942779541,6.949999809265137,7.074999809265137,142060800.0
2018-03-07,1520433000,6.920416831970215,7.1458330154418945,6.884167194366455,7.1279168128967285,133764000.0
2018-03-08,1520519400,7.207499980926514,7.259167194366455,7.12958288192749,7.234167098999023,115168800.0
2018-03-09,1520605800,7.3983330726623535,7.655416965484619,7.365832805633545,7.655416965484619,147348000.0
2018-03-12,1520865000,7.7291669845581055,7.84041690826416,7.680832862854004,7.769999980926514,132679200.0
2018-03-13,1520951400,7.7291669845581055,7.84041690826416,7.41083288192749,7.487916946411133,182292000.0
2018-03-14,1521037800,7.582499980926514,7.605416774749756,7.366666793823242,7.462500095367432,133622400.0
2018-03-15,1521124200,7.485000133514404,7.5754170417785645,7.360000133514404,7.429166793823242,110896800.0
2018-03-16,1521210600,7.4716668128967285,7.5283331871032715,7.366666793823242,7.380000114440918,78268800.0
2018-03-19,1521469800,7.187082767486572,7.187082767486572,6.711249828338623,6.9166669845581055,194232000.0
2018-03-20,1521556200,6.918333053588867,7.016666889190674,6.84041690826416,6.96750020980835,92193600.0
2018-03-21,1521642600,6.9166669845581055,7.108333110809326,6.780832767486572,6.866666793823242,132496800.0
2018-03-22,1521729000,6.599999904632568,6.733333110809326,6.341667175292969,6.364999771118164,205879200.0
2018-03-23,1521815400,6.341667175292969,6.3958330154418945,5.850832939147949,5.850832939147949,217598400.0
2018-03-26,1522074600,6.2083330154418945,6.534999847412109,5.932499885559082,6.509167194366455,183504000.0
2018-03-27,1522161000,6.662083148956299,6.662083148956299,5.71541690826416,5.885000228881836,273614400.0
2018-03-28,1522247400,5.782083034515381,5.950832843780518,5.5416669845581055,5.6820831298828125,242289600.0
2018-03-29,1522333800,5.7683329582214355,6.154167175292969,5.605416774749756,5.99666690826416,197073600.0
2018-04-02,1522679400,5.855000019073486,5.9375,5.282083034515381,5.46416711807251,244953600.0
2018-04-03,1522765800,5.6145830154418945,5.716667175292969,5.349583148956299,5.647500038146973,221805600.0
2018-04-04,1522852200,5.3179168701171875,5.9658331871032715,5.300000190734863,5.914583206176758,216729600.0
2018-04-05,1522938600,6.0908331871032715,6.1145830154418945,5.881667137145996,6.007500171661377,183355200.0
2018-04-06,1523025000,5.8204169273376465,5.992499828338623,5.475832939147949,5.55916690826416,232291200.0
2018-04-09,1523284200,5.7058329582214355,6.010832786560059,5.647916793823242,5.670416831970215,175891200.0
2018-04-10,1523370600,5.935417175292969,6.106249809265137,5.818333148956299,6.045000076293945,194875200.0
2018-04-11,1523457000,5.941667079925537,6.140417098999023,5.925416946411133,5.943333148956299,143440800.0
2018-04-12,1523543400,6.0625,6.21875,6.041250228881836,6.15166711807251,142766400.0
2018-04-13,1523629800,6.250417232513428,6.27666711807251,5.985833168029785,6.060417175292969,142485600.0
2018-04-16,1523889000,6.18416690826416,6.266250133514404,6.074166774749756,6.194167137145996,118298400.0
2018-04-17,1523975400,6.380000114440918,6.638332843780518,6.347917079925537,6.59041690826416,124147200.0
2018-04-18,1524061800,6.599999904632568,6.706250190734863,6.504167079925537,6.636250019073486,118089600.0
2018-04-19,1524148200,6.540417194366455,6.582499980926514,6.3854169845581055,6.4558329582214355,129019200.0
2018-04-20,1524234600,6.40625,6.4166669845581055,6.079166889190674,6.146249771118164,140812800.0
2018-04-23,1524493800,6.2316670417785645,6.304999828338623,6.0,6.097917079925537,123333600.0
2018-04-24,1524580200,6.178332805633545,6.212082862854004,5.590000152587891,5.709167003631592,213019200.0
2018-04-25,1524666600,5.736667156219482,5.800000190734863,5.494999885559082,5.7316670417785645,210816000.0
2018-04-26,1524753000,5.949583053588867,6.1458330154418945,5.892499923706055,6.087082862854004,141993600.0
2018-04-27,1524839400,6.353332996368408,6.360416889190674,5.99666690826416,6.101250171661377,164858400.0
2018-04-30,1525098600,6.142083168029785,6.254167079925537,5.922082901000977,5.971250057220459,161124000.0
2018-05-01,1525185000,5.9191670417785645,6.173333168029785,5.8804168701171875,6.165417194366455,116978400.0
2018-05-02,1525271400,6.206250190734863,6.2604169845581055,6.0416669845581055,6.05791711807251,143652000.0
2018-05-03,1525357800,5.977083206176758,6.124582767486572,5.768750190734863,6.058332920074463,196072800.0
2018-05-04,1525444200,5.9816670417785645,6.443749904632568,5.9658331871032715,6.399167060852051,185932800.0
2018-05-07,1525703400,6.494166851043701,6.6220831871032715,6.4741668701171875,6.551249980926514,139063200.0
2018-05-08,1525789800,6.516250133514404,6.5808329582214355,6.396249771118164,6.529582977294922,126715200.0
2018-05-09,1525876200,6.574999809265137,6.764583110809326,6.504167079925537,6.748332977294922,114996000.0
2018-05-10,1525962600,6.8125,6.972499847412109,6.797500133514404,6.9583330154418945,119006400.0
2018-05-11,1526049000,6.922916889190674,6.984167098999023,6.845832824707031,6.9375,119697600.0
2018-05-14,1526308200,6.981249809265137,7.103750228881836,6.9375,6.968332767486572,109183200.0
2018-05-15,1526394600,6.802499771118164,6.814167022705078,6.630833148956299,6.742917060852051,174520800.0
2018-05-16,1526481000,6.758333206176758,6.9166669845581055,6.756667137145996,6.8670830726623535,89712000.0
2018-05-17,1526567400,6.797082901000977,6.9454169273376465,6.68874979019165,6.789583206176758,103219200.0
2018-05-18,1526653800,6.712082862854004,6.779167175292969,6.6533331871032715,6.680832862854004,85466400.0
2018-05-21,1526913000,6.834167003631592,6.926249980926514,6.7083330154418945,6.797500133514404,116892000.0
2018-05-22,1526999400,6.884582996368408,6.920833110809326,6.732500076293945,6.762083053588867,96943200.0
2018-05-23,1527085800,6.612500190734863,6.93625020980835,6.605833053588867,6.9320831298828125,123045600.0
2018-05-24,1527172200,6.929999828338623,6.963749885559082,6.71750020980835,6.926249980926514,71110400.0
2018-05-25,1527258600,6.928750038146973,7.019999980926514,6.883749961853027,6.943749904632568,63081600.0
2018-05-29,1527604200,6.848750114440918,6.972499847412109,6.728750228881836,6.855000019073486,94451200.0
2018-05-30,1527690600,6.925000190734863,7.034999847412109,6.881249904632568,7.00124979019165,70806400.0
2018-05-31,1527777000,6.991250038146973,7.122499942779541,6.929999828338623,6.986249923706055,81056800.0
2018-06-01,1527863400,7.081250190734863,7.322500228881836,7.081250190734863,7.31125020980835,77171200.0
2018-06-04,1528122600,7.362500190734863,7.512499809265137,7.352499961853027,7.49875020980835,64049600.0
2018-06-05,1528209000,7.558750152587891,7.613749980926514,7.476250171661377,7.576250076293945,55900000.0
2018-06-06,1528295400,7.599999904632568,7.707499980926514,7.485000133514404,7.701250076293945,57628000.0
2018-06-07,1528381800,7.711249828338623,7.715000152587891,7.403749942779541,7.522500038146973,78452000.0
2018-06-08,1528468200,7.403749942779541,7.550000190734863,7.353750228881836,7.517499923706055,49320800.0
2018-06-11,1528727400,7.49875020980835,7.632500171661377,7.494999885559082,7.576250076293945,40836000.0
2018-06-12,1528813800,7.607500076293945,7.716249942779541,7.583749771118164,7.696249961853027,47848000.0
2018-06-13,1528900200,7.724999904632568,7.866250038146973,7.642499923706055,7.6875,72247200.0
2018-06-14,1528986600,7.797500133514404,7.957499980926514,7.776249885559082,7.921249866485596,90452800.0
2018-06-15,1529073000,7.829999923706055,7.886250019073486,7.724999904632568,7.84250020980835,77689600.0
2018-06-18,1529332200,7.6875,7.84375,7.614999771118164,7.824999809265137,68726400.0
2018-06-19,1529418600,7.523749828338623,7.757500171661377,7.452499866485596,7.755000114440918,107633600.0
2018-06-20,1529505000,7.857500076293945,8.016249656677246,7.841249942779541,7.917500019073486,79644800.0
2018-06-21,1529591400,7.972499847412109,7.99875020980835,7.666250228881836,7.712500095367432,102280800.0
2018-06-22,1529677800,7.789999961853027,7.797500133514404,7.576250076293945,7.635000228881836,62227200.0
2018-06-25,1529937000,7.452499866485596,7.483749866485596,6.93625020980835,7.147500038146973,171306400.0
2018-06-26,1530023400,7.216249942779541,7.347499847412109,7.137499809265137,7.226250171661377,94165600.0
2018-06-27,1530109800,7.317500114440918,7.414999961853027,6.914999961853027,6.93625020980835,131838400.0
2018-06-28,1530196200,6.902500152587891,7.176249980926514,6.858749866485596,7.106249809265137,111300000.0
2018-06-29,1530282600,7.208749771118164,7.320000171661377,7.132500171661377,7.138750076293945,78536000.0
2018-07-02,1530541800,6.957499980926514,7.307499885559082,6.909999847412109,7.298749923706055,83296800.0
2018-07-03,1530628200,7.377500057220459,7.385000228881836,7.028749942779541,7.047500133514404,56425600.0
2018-07-05,1530801000,7.18625020980835,7.323750019073486,7.073750019073486,7.306250095367432,65622400.0
2018-07-06,1530887400,7.351250171661377,7.661250114440918,7.315000057220459,7.635000228881836,75012000.0
2018-07-09,1531146600,7.760000228881836,7.856249809265137,7.673749923706055,7.847499847412109,72377600.0
2018-07-10,1531233000,7.881249904632568,7.918749809265137,7.784999847412109,7.866250038146973,66784000.0
2018-07-11,1531319400,7.6875,7.832499980926514,7.661250114440918,7.75124979019165,79829600.0
2018-07-12,1531405800,7.846250057220459,8.140000343322754,7.829999923706055,8.133749961853027,81352000.0
2018-07-13,1531492200,8.135000228881836,8.203749656677246,8.073749542236328,8.157500267028809,67876000.0
2018-07-16,1531751400,8.163749694824219,8.207500457763672,8.0600004196167,8.102499961853027,55560000.0
2018-07-17,1531837800,7.849999904632568,8.300000190734863,7.847499847412109,8.2524995803833,75593600.0
2018-07-18,1531924200,8.25,8.273750305175781,8.125,8.199999809265137,46537600.0
2018-07-19,1532010600,8.119999885559082,8.194999694824219,8.047499656677246,8.078749656677246,76874400.0
2018-07-20,1532097000,8.145000457763672,8.228750228881836,8.041250228881836,8.067500114440918,57396000.0
2018-07-23,1532356200,7.996250152587891,8.1537504196167,7.900000095367432,8.137499809265137,63027200.0
2018-07-24,1532442600,8.393750190734863,8.481249809265137,8.143750190734863,8.241250038146973,95066400.0
2018-07-25,1532529000,8.2524995803833,8.601249694824219,8.24625015258789,8.585000038146973,77241600.0
2018-07-26,1532615400,8.239999771118164,8.317500114440918,8.163749694824219,8.210000038146973,111888000.0
2018-07-27,1532701800,8.354999542236328,8.362500190734863,7.722499847412109,7.867499828338623,118098400.0
2018-07-30,1532961000,7.868750095367432,7.87624979019165,7.414999961853027,7.528749942779541,100805600.0
2018-07-31,1533047400,7.608749866485596,7.786250114440918,7.488749980926514,7.678750038146973,95712000.0
2018-08-01,1533133800,7.75,7.853750228881836,7.65500020980835,7.783750057220459,69301600.0
2018-08-02,1533220200,7.612500190734863,8.125,7.605000019073486,8.09375,92242400.0
2018-08-03,1533306600,8.136249542236328,8.173749923706055,8.037500381469727,8.166250228881836,72133600.0
2018-08-06,1533565800,8.15625,8.321249961853027,8.123749732971191,8.31624984741211,68068000.0
2018-08-07,1533652200,8.381250381469727,8.449999809265137,8.331250190734863,8.397500038146973,71970400.0
2018-08-08,1533738600,8.369999885559082,8.481249809265137,8.300000190734863,8.420000076293945,63434400.0
2018-08-09,1533825000,8.412500381469727,8.512499809265137,8.3774995803833,8.412500381469727,54530400.0
2018-08-10,1533911400,8.244999885559082,8.318750381469727,8.1274995803833,8.2162504196167,85626400.0
2018-08-13,1534170600,8.261249542236328,8.421250343322754,8.181249618530273,8.192500114440918,92674400.0
2018-08-14,1534257000,8.282500267028809,8.373749732971191,8.1537504196167,8.34375,60727200.0
2018-08-15,1534343400,8.154999732971191,8.225000381469727,7.885000228881836,8.039999961853027,115857600.0
2018-08-16,1534429800,8.217499732971191,8.268750190734863,8.06624984741211,8.113750457763672,65142400.0
2018-08-17,1534516200,8.048749923706055,8.177499771118164,7.901249885559082,8.112500190734863,70262400.0
2018-08-20,1534775400,8.171250343322754,8.178750038146973,8.0,8.0962495803833,67461600.0
2018-08-21,1534861800,8.167499542236328,8.327500343322754,8.151249885559082,8.180000305175781,67069600.0
2018-08-22,1534948200,8.125,8.302499771118164,8.098750114440918,8.274999618530273,63313600.0
2018-08-23,1535034600,8.233750343322754,8.407500267028809,8.196249961853027,8.233750343322754,71133600.0
2018-08-24,1535121000,8.321249961853027,8.483750343322754,8.3125,8.462499618530273,63956800.0
2018-08-27,1535380200,8.598750114440918,8.71875,8.552499771118164,8.717499732971191,72851200.0
2018-08-28,1535466600,8.789999961853027,8.821249961853027,8.704999923706055,8.756250381469727,65224800.0
2018-08-29,1535553000,8.801250457763672,9.074999809265137,8.793749809265137,9.0625,65735200.0
2018-08-30,1535639400,9.007499694824219,9.170000076293945,8.918749809265137,9.011249542236328,87863200.0
2018-08-31,1535725800,8.977499961853027,9.118749618530273,8.946249961853027,9.037500381469727,63180000.0
2018-09-04,1536071400,8.958749771118164,9.00374984741211,8.7787504196167,8.930000305175781,80209600.0
2018-09-05,1536157800,8.875,8.87874984741211,8.489999771118164,8.574999809265137,107729600.0
2018-09-06,1536244200,8.59000015258789,8.616250038146973,8.172499656677246,8.3412504196167,115504800.0
2018-09-07,1536330600,8.170000076293945,8.461250305175781,8.15250015258789,8.258749961853027,77009600.0
2018-09-10,1536589800,8.386249542236328,8.40250015258789,8.19124984741211,8.331250190734863,55448800.0
2018-09-11,1536676200,8.2212495803833,8.5600004196167,8.162500381469727,8.516249656677246,70522400.0
2018-09-12,1536762600,8.481249809265137,8.498749732971191,8.223750114440918,8.442500114440918,88261600.0
2018-09-13,1536849000,8.587499618530273,8.7524995803833,8.583749771118164,8.692500114440918,74676000.0
2018-09-14,1536935400,8.723750114440918,8.767499923706055,8.526249885559082,8.626250267028809,76688000.0
2018-09-17,1537194600,8.577500343322754,8.603750228881836,8.232500076293945,8.262499809265137,72823200.0
2018-09-18,1537281000,8.279999732971191,8.581250190734863,8.267499923706055,8.458749771118164,72758400.0
2018-09-19,1537367400,8.462499618530273,8.522500038146973,8.273750305175781,8.4399995803833,58962400.0
2018-09-20,1537453800,8.602499961853027,8.7475004196167,8.545000076293945,8.704999923706055,62683200.0
2018-09-21,1537540200,8.782500267028809,8.822500228881836,8.538749694824219,8.56624984741211,60281600.0
2018-09-24,1537799400,8.388750076293945,8.648750305175781,8.279999732971191,8.640000343322754,52875200.0
2018-09-25,1537885800,8.623749732971191,8.69124984741211,8.538749694824219,8.675000190734863,43259200.0
2018-09-26,1537972200,8.682499885559082,8.93375015258789,8.638750076293945,8.666250228881836,70920000.0
2018-09-27,1538058600,8.795000076293945,8.9975004196167,8.7787504196167,8.90625,58525600.0
2018-09-28,1538145000,8.829999923706055,8.96875,8.78499984741211,8.892499923706055,61857600.0
2018-10-01,1538404200,9.0625,9.146249771118164,8.885000228881836,8.943750381469727,68232000.0
2018-10-02,1538490600,8.920000076293945,9.095000267028809,8.829999923706055,8.892499923706055,64787200.0
2018-10-03,1538577000,9.001250267028809,9.0625,8.87874984741211,8.918749809265137,66569600.0
2018-10-04,1538663400,8.8125,8.822500228881836,8.212499618530273,8.40999984741211,150889600.0
2018-10-05,1538749800,8.399999618530273,8.478750228881836,7.852499961853027,8.09375,132924000.0
2018-10-08,1539009000,7.980000019073486,8.15625,7.65500020980835,7.948750019073486,119353600.0
2018-10-09,1539095400,7.958749771118164,8.199999809265137,7.898749828338623,8.010000228881836,104289600.0
2018-10-10,1539181800,7.87375020980835,7.882500171661377,6.929999828338623,6.971250057220459,242856000.0
2018-10-11,1539268200,6.87624979019165,7.15625,6.478750228881836,6.68874979019165,222432000.0
2018-10-12,1539354600,7.222499847412109,7.315000057220459,6.849999904632568,7.253749847412109,168488000.0
2018-10-15,1539613800,7.182499885559082,7.213749885559082,6.90625,6.980000019073486,159735200.0
2018-10-16,1539700200,7.204999923706055,7.646249771118164,7.168749809265137,7.581250190734863,124466400.0
2018-10-17,1539786600,7.710000038146973,7.722499847412109,7.368750095367432,7.606249809265137,130120800.0
2018-10-18,1539873000,7.507500171661377,7.516250133514404,6.976250171661377,7.078750133514404,156348800.0
2018-10-19,1539959400,7.223750114440918,7.423749923706055,6.973750114440918,7.050000190734863,134836800.0
2018-10-22,1540218600,7.176249980926514,7.322500228881836,6.996250152587891,7.15625,114926400.0
2018-10-23,1540305000,6.773749828338623,7.184999942779541,6.528749942779541,7.077499866485596,176781600.0
2018-10-24,1540391400,7.051249980926514,7.087500095367432,6.085000038146973,6.114999771118164,204842400.0
2018-10-25,1540477800,6.386250019073486,6.846250057220459,6.303750038146973,6.742499828338623,152073600.0
2018-10-26,1540564200,6.050000190734863,6.603750228881836,5.934999942779541,6.21875,244761600.0
2018-10-29,1540823400,6.497499942779541,6.574999809265137,5.480000019073486,5.886250019073486,217961600.0
2018-10-30,1540909800,5.78000020980835,6.131249904632568,5.696249961853027,6.113749980926514,184865600.0
2018-10-31,1540996200,6.40625,6.707499980926514,6.40625,6.526249885559082,180157600.0
2018-11-01,1541082600,6.583749771118164,6.827499866485596,6.429999828338623,6.81125020980835,126066400.0
2018-11-02,1541169000,6.743750095367432,6.866250038146973,6.349999904632568,6.506249904632568,174357600.0
2018-11-05,1541428200,6.510000228881836,6.517499923706055,6.21999979019165,6.442500114440918,102600800.0
2018-11-06,1541514600,6.426249980926514,6.691249847412109,6.408750057220459,6.578750133514404,111461600.0
2018-11-07,1541601000,6.81374979019165,7.195000171661377,6.771249771118164,7.183750152587891,138552000.0
2018-11-08,1541687400,7.098750114440918,7.164999961853027,6.957499980926514,7.06125020980835,117524800.0
2018-11-09,1541773800,6.864999771118164,6.909999847412109,6.536250114440918,6.702499866485596,136739200.0
2018-11-12,1542033000,6.5625,6.598750114440918,6.073750019073486,6.113749980926514,154367200.0
2018-11-13,1542119400,6.183750152587891,6.4375,6.054999828338623,6.111249923706055,154454400.0
2018-11-14,1542205800,6.284999847412109,6.352499961853027,5.860000133514404,5.956250190734863,156124000.0
2018-11-15,1542292200,5.923749923706055,6.326250076293945,5.776249885559082,6.275000095367432,169816800.0
2018-11-16,1542378600,6.09499979019165,6.300000190734863,6.014999866485596,6.206250190734863,134324800.0
2018-11-19,1542637800,6.114999771118164,6.143750190734863,5.550000190734863,5.611249923706055,186492000.0
2018-11-20,1542724200,5.215000152587891,5.53000020980835,5.087500095367432,5.300000190734863,202991200.0
2018-11-21,1542810600,5.503749847412109,5.577499866485596,5.389999866485596,5.418749809265137,115115200.0
2018-11-23,1542983400,5.284999847412109,5.465000152587891,5.28125,5.298749923706055,56880000.0
2018-11-26,1543242600,5.522500038146973,5.672500133514404,5.452499866485596,5.662499904632568,119964800.0
2018-11-27,1543329000,5.577499866485596,5.764999866485596,5.486249923706055,5.721250057220459,120163200.0
2018-11-28,1543415400,5.849999904632568,6.269999980926514,5.75,6.263750076293945,195064800.0
2018-11-29,1543501800,6.190000057220459,6.333749771118164,6.059999942779541,6.206250190734863,129044800.0
2018-11-30,1543588200,6.230000019073486,6.355000019073486,6.141250133514404,6.336249828338623,116635200.0
2018-12-03,1543847400,6.760000228881836,6.787499904632568,6.53125,6.661250114440918,149343200.0
2018-12-04,1543933800,6.568749904632568,6.62375020980835,5.883749961853027,5.928750038146973,210096000.0
2018-12-06,1544106600,5.551249980926514,6.027500152587891,5.478750228881836,6.014999866485596,196156000.0
2018-12-07,1544193000,5.949999809265137,6.052499771118164,5.375,5.426249980926514,222987200.0
2018-12-10,1544452200,5.394999980926514,5.670000076293945,5.227499961853027,5.596250057220459,176468800.0
2018-12-11,1544538600,5.866250038146973,5.875,5.511250019073486,5.65625,172163200.0
2018-12-12,1544625000,5.902500152587891,6.066249847412109,5.796249866485596,5.798749923706055,169451200.0
2018-12-13,1544711400,5.912499904632568,5.986249923706055,5.690000057220459,5.800000190734863,164724800.0
2018-12-14,1544797800,5.611249923706055,5.666250228881836,5.338749885559082,5.362500190734863,156177600.0
2018-12-17,1545057000,5.308750152587891,5.43625020980835,4.886250019073486,5.016250133514404,200592800.0
2018-12-18,1545143400,5.135000228881836,5.25124979019165,4.971250057220459,5.099999904632568,157893600.0
2018-12-19,1545229800,5.088749885559082,5.323750019073486,4.610000133514404,4.731249809265137,307862400.0
2018-12-20,1545316200,4.683750152587891,4.847499847412109,4.341249942779541,4.541250228881836,320818400.0
2018-12-21,1545402600,4.581250190734863,4.676249980926514,4.026249885559082,4.102499961853027,369034400.0
2018-12-24,1545661800,4.0,4.161250114440918,3.7899999618530273,3.7987499237060547,175600800.0
2018-12-26,1545834600,3.9124999046325684,4.492499828338623,3.8299999237060547,4.482500076293945,378235200.0
2018-12-27,1545921000,4.324999809265137,4.550000190734863,4.014999866485596,4.546249866485596,341834400.0
2018-12-28,1546007400,4.625,4.763750076293945,4.421249866485596,4.527500152587891,304842400.0
2018-12-31,1546266600,4.670000076293945,4.710000038146973,4.506249904632568,4.630000114440918,216966400.0
2019-01-02,1546439400,4.347499847412109,4.778749942779541,4.341249942779541,4.696249961853027,271665600.0
2019-01-03,1546525800,4.497499942779541,4.551249980926514,4.203750133514404,4.241250038146973,330510400.0
2019-01-04,1546612200,4.443749904632568,4.84499979019165,4.396249771118164,4.783750057220459,272964000.0
2019-01-07,1546871400,4.808750152587891,5.018750190734863,4.766250133514404,4.93625020980835,213106400.0
2019-01-08,1546957800,5.086249828338623,5.138750076293945,4.862500190734863,5.078750133514404,211622400.0
2019-01-09,1547044200,5.139999866485596,5.271249771118164,5.074999809265137,5.198750019073486,178098400.0
2019-01-10,1547130600,5.079999923706055,5.253749847412109,4.994999885559082,5.24875020980835,175131200.0
2019-01-11,1547217000,5.15500020980835,5.203750133514404,5.101250171661377,5.18625020980835,120804800.0
2019-01-14,1547476200,5.053750038146973,5.117499828338623,4.982500076293945,5.051249980926514,111383200.0
2019-01-15,1547562600,5.117499828338623,5.364999771118164,5.107500076293945,5.331250190734863,145125600.0
2019-01-16,1547649000,5.371250152587891,5.482500076293945,5.335000038146973,5.338749885559082,135892800.0
2019-01-17,1547735400,5.287499904632568,5.533750057220459,5.257500171661377,5.463749885559082,142040000.0
2019-01-18,1547821800,5.590000152587891,5.701250076293945,5.481249809265137,5.613749980926514,166908800.0
2019-01-22,1548167400,5.50124979019165,5.510000228881836,5.164999961853027,5.303750038146973,181734400.0
2019-01-23,1548253800,5.368750095367432,5.4375,5.127500057220459,5.308750152587891,166093600.0
2019-01-24,1548340200,5.352499961853027,5.427499771118164,5.292500019073486,5.402500152587891,128115200.0
2019-01-25,1548426600,5.53249979019165,5.646249771118164,5.477499961853027,5.59499979019165,139513600.0
2019-01-28,1548685800,5.37624979019165,5.388750076293945,5.25124979019165,5.388750076293945,140359200.0
2019-01-29,1548772200,5.398749828338623,5.401249885559082,5.178750038146973,5.236249923706055,122530400.0
2019-01-30,1548858600,5.412499904632568,5.690000057220459,5.361249923706055,5.628749847412109,175824000.0
2019-01-31,1548945000,5.727499961853027,5.965000152587891,5.710000038146973,5.87624979019165,160575200.0
2019-02-01,1549031400,5.792500019073486,5.927499771118164,5.757500171661377,5.801249980926514,141561600.0
2019-02-04,1549290600,5.808750152587891,6.019999980926514,5.792500019073486,6.013750076293945,110976800.0
2019-02-05,1549377000,6.046249866485596,6.199999809265137,6.037499904632568,6.172500133514404,128916800.0
2019-02-06,1549463400,6.184999942779541,6.216249942779541,6.039999961853027,6.12375020980835,145420000.0
2019-02-07,1549549800,5.958749771118164,6.003749847412109,5.736249923706055,5.87375020980835,209793600.0
2019-02-08,1549636200,5.713749885559082,5.90625,5.699999809265137,5.903749942779541,144722400.0
2019-02-11,1549895400,5.971250057220459,6.013750076293945,5.84499979019165,5.889999866485596,121196800.0
2019-02-12,1549981800,6.016250133514404,6.173749923706055,5.986249923706055,6.144999980926514,128226400.0
2019-02-13,1550068200,6.232500076293945,6.284999847412109,6.139999866485596,6.15749979019165,127609600.0
2019-02-14,1550154600,6.087500095367432,6.243750095367432,6.027500152587891,6.179999828338623,153369600.0
2019-02-15,1550241000,6.31374979019165,6.315000057220459,6.170000076293945,6.253749847412109,142496000.0
2019-02-19,1550586600,6.195000171661377,6.348750114440918,6.195000171661377,6.291250228881836,103572800.0
2019-02-20,1550673000,6.306250095367432,6.378749847412109,6.18625020980835,6.286250114440918,171065600.0
2019-02-21,1550759400,6.233749866485596,6.286250114440918,6.116250038146973,6.215000152587891,128493600.0
2019-02-22,1550845800,6.257500171661377,6.364999771118164,6.246250152587891,6.349999904632568,119637600.0
2019-02-25,1551105000,6.50124979019165,6.547500133514404,6.40749979019165,6.420000076293945,124102400.0
2019-02-26,1551191400,6.369999885559082,6.5,6.340000152587891,6.440000057220459,105356800.0
2019-02-27,1551277800,6.353750228881836,6.447500228881836,6.223750114440918,6.420000076293945,115844000.0
2019-02-28,1551364200,6.363749980926514,6.447500228881836,6.324999809265137,6.380000114440918,92063200.0
2019-03-01,1551450600,6.514999866485596,6.536250114440918,6.377500057220459,6.507500171661377,140156800.0
2019-03-04,1551709800,6.621250152587891,6.666250228881836,6.293749809265137,6.508749961853027,213088000.0
2019-03-05,1551796200,6.522500038146973,6.585000038146973,6.427499771118164,6.525000095367432,100348800.0
2019-03-06,1551882600,6.541250228881836,6.547500133514404,6.382500171661377,6.412499904632568,123468800.0
2019-03-07,1551969000,6.360000133514404,6.367499828338623,6.103750228881836,6.178750038146973,169306400.0
2019-03-08,1552055400,5.96750020980835,6.152500152587891,5.945000171661377,6.143750190734863,174936800.0
2019-03-11,1552314600,6.216249942779541,6.538750171661377,6.216249942779541,6.527500152587891,128468000.0
2019-03-12,1552401000,6.578750133514404,6.683750152587891,6.53125,6.633749961853027,151606400.0
2019-03-13,1552487400,6.733749866485596,6.886250019073486,6.707499980926514,6.777500152587891,145129600.0
2019-03-14,1552573800,6.789999961853027,6.815000057220459,6.737500190734863,6.747499942779541,95443200.0
2019-03-15,1552660200,6.826250076293945,6.992499828338623,6.807499885559082,6.914999961853027,138845600.0
2019-03-18,1552919400,6.921249866485596,7.042500019073486,6.880000114440918,6.977499961853027,148994400.0
2019-03-19,1553005800,7.067500114440918,7.159999847412109,6.961249828338623,7.047500133514404,164380800.0
2019-03-20,1553092200,7.043749809265137,7.256249904632568,6.948750019073486,7.12624979019165,183522400.0
2019-03-21,1553178600,7.059999942779541,7.487500190734863,7.056250095367432,7.456250190734863,151957600.0
2019-03-22,1553265000,7.358749866485596,7.418749809265137,6.942500114440918,6.96875,267601600.0
2019-03-25,1553524200,6.882500171661377,6.996250152587891,6.772500038146973,6.925000190734863,210369600.0
2019-03-26,1553610600,7.086249828338623,7.210000038146973,6.913750171661377,7.019999980926514,175872000.0
2019-03-27,1553697000,7.048749923706055,7.097499847412109,6.731249809265137,6.882500171661377,176810400.0
2019-03-28,1553783400,6.933750152587891,7.003749847412109,6.803750038146973,6.926249980926514,128437600.0
2019-03-29,1553869800,7.078750133514404,7.102499961853027,6.960000038146973,7.082499980926514,126980000.0
2019-04-01,1554129000,7.287499904632568,7.387499809265137,7.212500095367432,7.361249923706055,122364800.0
2019-04-02,1554215400,7.386250019073486,7.465000152587891,7.328750133514404,7.442500114440918,106728800.0
2019-04-03,1554301800,7.567500114440918,7.711249828338623,7.50124979019165,7.571249961853027,151384000.0
2019-04-04,1554388200,7.572500228881836,7.659999847412109,7.428750038146973,7.559999942779541,143620800.0
2019-04-05,1554474600,7.632500171661377,7.6875,7.597499847412109,7.673749923706055,104654400.0
2019-04-08,1554733800,7.635000228881836,7.74875020980835,7.545000076293945,7.733749866485596,103460000.0
2019-04-09,1554820200,7.65500020980835,7.728750228881836,7.599999904632568,7.648749828338623,104121600.0
2019-04-10,1554906600,7.682499885559082,7.777500152587891,7.653749942779541,7.772500038146973,99244000.0
2019-04-11,1554993000,7.801249980926514,7.803750038146973,7.670000076293945,7.713749885559082,111770400.0
2019-04-12,1555079400,7.8125,7.824999809265137,7.716249942779541,7.808750152587891,95228000.0
2019-04-15,1555338600,7.808750152587891,7.840000152587891,7.65749979019165,7.815000057220459,83369600.0
2019-04-16,1555425000,7.893750190734863,7.943749904632568,7.823750019073486,7.891250133514404,94287200.0
2019-04-17,1555511400,8.045000076293945,8.069999694824219,7.901249885559082,7.96999979019165,114422400.0
2019-04-18,1555597800,8.010000228881836,8.013750076293945,7.858749866485596,7.994999885559082,91903200.0
2019-04-22,1555943400,7.893750190734863,8.073749542236328,7.875,8.0625,75756800.0
2019-04-23,1556029800,8.126250267028809,8.399999618530273,8.0912504196167,8.368749618530273,104954400.0
2019-04-24,1556116200,8.387499809265137,8.422499656677246,8.2837495803833,8.287500381469727,95075200.0
2019-04-25,1556202600,8.4712495803833,8.481249809265137,8.25374984741211,8.380000114440918,119690400.0
2019-04-26,1556289000,8.351249694824219,8.412500381469727,8.137499809265137,8.40999984741211,110516800.0
2019-04-29,1556548200,8.407500267028809,8.49625015258789,8.367500305175781,8.454999923706055,83797600.0
2019-04-30,1556634600,8.25,8.301250457763672,8.083749771118164,8.261249542236328,127595200.0
2019-05-01,1556721000,8.414999961853027,8.488750457763672,8.157500267028809,8.166250228881836,125916000.0
2019-05-02,1556807400,8.168749809265137,8.291250228881836,7.90625,8.06624984741211,141288800.0
2019-05-03,1556893800,8.267499923706055,8.46875,8.223750114440918,8.446249961853027,108889600.0
2019-05-06,1557153000,7.913750171661377,8.327500343322754,7.869999885559082,8.295000076293945,161715200.0
2019-05-07,1557239400,8.026249885559082,8.1274995803833,7.579999923706055,7.8125,237529600.0
2019-05-08,1557325800,7.733749866485596,7.923749923706055,7.648749828338623,7.743750095367432,161237600.0
2019-05-09,1557412200,7.494999885559082,7.698750019073486,7.283750057220459,7.621250152587891,220417600.0
2019-05-10,1557498600,7.53000020980835,7.753749847412109,7.15500020980835,7.642499923706055,227858400.0
2019-05-13,1557757800,7.059999942779541,7.178750038146973,6.783750057220459,6.852499961853027,234920800.0
2019-05-14,1557844200,6.952499866485596,7.197500228881836,6.878749847412109,7.067500114440918,140192000.0
2019-05-15,1557930600,6.932499885559082,7.423749923706055,6.923749923706055,7.361249923706055,176160000.0
2019-05-16,1558017000,7.375,7.727499961853027,7.351250171661377,7.591249942779541,174026400.0
2019-05-17,1558103400,7.361249923706055,7.667500019073486,7.333749771118164,7.355000019073486,182510400.0
2019-05-20,1558362600,7.047500133514404,7.128749847412109,6.90625,6.986249923706055,184368800.0
2019-05-21,1558449000,7.158750057220459,7.255000114440918,7.091249942779541,7.196249961853027,114487200.0
2019-05-22,1558535400,7.072500228881836,7.222499847412109,7.070000171661377,7.102499961853027,128912800.0
2019-05-23,1558621800,6.857500076293945,6.860000133514404,6.638750076293945,6.767499923706055,207680800.0
2019-05-24,1558708200,6.883749961853027,6.949999809265137,6.735000133514404,6.757500171661377,137225600.0
2019-05-28,1559053800,6.817500114440918,6.926249980926514,6.678750038146973,6.684999942779541,116903200.0
2019-05-29,1559140200,6.56125020980835,6.625,6.40749979019165,6.517499923706055,177921600.0
2019-05-30,1559226600,6.566249847412109,6.647500038146973,6.480000019073486,6.59499979019165,136428000.0
2019-05-31,1559313000,6.358749866485596,6.426249980926514,6.267499923706055,6.277500152587891,140600800.0
2019-06-03,1559572200,6.227499961853027,6.275000095367432,5.766250133514404,5.87624979019165,241812800.0
2019-06-04,1559658600,6.050000190734863,6.360000133514404,5.988749980926514,6.352499961853027,163869600.0
2019-06-05,1559745000,6.536250114440918,6.539999961853027,6.296249866485596,6.492499828338623,152316800.0
2019-06-06,1559831400,6.525000095367432,6.693749904632568,6.43874979019165,6.642499923706055,100302400.0
2019-06-07,1559917800,6.75,7.114999771118164,6.727499961853027,7.021249771118164,151548000.0
2019-06-10,1560177000,7.170000076293945,7.477499961853027,7.170000076293945,7.277500152587891,183272000.0
2019-06-11,1560263400,7.507500171661377,7.546249866485596,7.231249809265137,7.304999828338623,137447200.0
2019-06-12,1560349800,7.241250038146973,7.287499904632568,7.137499809265137,7.181250095367432,110176000.0
2019-06-13,1560436200,7.266250133514404,7.353750228881836,7.222499847412109,7.298749923706055,98559200.0
2019-06-14,1560522600,7.183750152587891,7.262499809265137,7.12375020980835,7.203750133514404,77144800.0
2019-06-17,1560781800,7.24875020980835,7.396249771118164,7.230000019073486,7.335000038146973,75050400.0
2019-06-18,1560868200,7.59375,7.81125020980835,7.538750171661377,7.652500152587891,141829600.0
2019-06-19,1560954600,7.691249847412109,7.795000076293945,7.550000190734863,7.742499828338623,136979200.0
2019-06-20,1561041000,8.061249732971191,8.06624984741211,7.778749942779541,7.954999923706055,119355200.0
2019-06-21,1561127400,7.913750171661377,8.067500114440918,7.868750095367432,7.918749809265137,104646400.0
2019-06-24,1561386600,7.961249828338623,7.986249923706055,7.901249885559082,7.916250228881836,68938400.0
2019-06-25,1561473000,7.897500038146973,7.909999847412109,7.472499847412109,7.511250019073486,139623200.0
2019-06-26,1561559400,7.652500152587891,7.797500133514404,7.574999809265137,7.606249809265137,94115200.0
2019-06-27,1561645800,7.68874979019165,7.74875020980835,7.631249904632568,7.68874979019165,75270400.0
2019-06-28,1561732200,7.747499942779541,7.773749828338623,7.638750076293945,7.721250057220459,98932800.0
2019-07-01,1561991400,8.162500381469727,8.193750381469727,7.923749923706055,8.0287504196167,144820800.0
2019-07-02,1562077800,8.020000457763672,8.126250267028809,7.954999923706055,8.126250267028809,81248800.0
2019-07-03,1562164200,8.177499771118164,8.306249618530273,8.157500267028809,8.306249618530273,67127200.0
2019-07-05,1562337000,8.136249542236328,8.298749923706055,8.038749694824219,8.2524995803833,116844800.0
2019-07-08,1562596200,8.098750114440918,8.100000381469727,7.977499961853027,8.078749656677246,105787200.0
2019-07-09,1562682600,7.958749771118164,8.227499961853027,7.941249847412109,8.199999809265137,88595200.0
2019-07-10,1562769000,8.350000381469727,8.511249542236328,8.300000190734863,8.442500114440918,154109600.0
2019-07-11,1562855400,8.483750343322754,8.537500381469727,8.338749885559082,8.420000076293945,127849600.0
2019-07-12,1562941800,8.443750381469727,8.563750267028809,8.422499656677246,8.561249732971191,89192800.0
2019-07-15,1563201000,8.619999885559082,8.648750305175781,8.551250457763672,8.633749961853027,73394400.0
2019-07-16,1563287400,8.606249809265137,8.635000228881836,8.430000305175781,8.511249542236328,111992000.0
2019-07-17,1563373800,8.515000343322754,8.553750038146973,8.380000114440918,8.385000228881836,92508000.0
2019-07-18,1563460200,8.261249542236328,8.457500457763672,8.178750038146973,8.421250343322754,135568000.0
2019-07-19,1563546600,8.587499618530273,8.587499618530273,8.196249961853027,8.217499732971191,140779200.0
2019-07-22,1563805800,8.279999732971191,8.4662504196167,8.27750015258789,8.411250114440918,95506400.0
2019-07-23,1563892200,8.551250457763672,8.577500343322754,8.380000114440918,8.573749542236328,116049600.0
2019-07-24,1563978600,8.479999542236328,8.756250381469727,8.475000381469727,8.756250381469727,109244800.0
2019-07-25,1564065000,8.667499542236328,8.668749809265137,8.454999923706055,8.506250381469727,150075200.0
2019-07-26,1564151400,8.662500381469727,8.798749923706055,8.65250015258789,8.758749961853027,111478400.0
2019-07-29,1564410600,8.744999885559082,8.744999885559082,8.508749961853027,8.677499771118164,113275200.0
2019-07-30,1564497000,8.477499961853027,8.65999984741211,8.457500457763672,8.561249732971191,111504000.0
2019-07-31,1564583400,8.62874984741211,8.643750190734863,7.962500095367432,8.199999809265137,196340800.0
2019-08-01,1564669800,8.244999885559082,8.699999809265137,7.954999923706055,8.085000038146973,298384800.0
2019-08-02,1564756200,7.900000095367432,7.928750038146973,7.574999809265137,7.715000152587891,246920000.0
2019-08-05,1565015400,7.242499828338623,7.242499828338623,6.710000038146973,6.90500020980835,302484800.0
2019-08-06,1565101800,7.090000152587891,7.247499942779541,6.9375,7.18874979019165,213540800.0
2019-08-07,1565188200,6.951250076293945,7.328750133514404,6.787499904632568,7.293749809265137,307908800.0
2019-08-08,1565274600,7.40500020980835,7.778749942779541,7.336249828338623,7.776249885559082,219056000.0
2019-08-09,1565361000,7.65749979019165,7.739999771118164,7.371250152587891,7.546249866485596,221366400.0
2019-08-12,1565620200,7.409999847412109,7.478750228881836,7.190000057220459,7.293749809265137,213311200.0
2019-08-13,1565706600,7.28000020980835,7.923749923706055,7.25,7.772500038146973,239259200.0
2019-08-14,1565793000,7.393750190734863,7.46750020980835,7.03249979019165,7.076250076293945,304930400.0
2019-08-15,1565879400,7.112500190734863,7.164999961853027,6.883749961853027,7.046249866485596,208939200.0
2019-08-16,1565965800,7.222499847412109,7.43625020980835,7.222499847412109,7.371250152587891,164405600.0
2019-08-19,1566225000,7.683750152587891,7.78000020980835,7.621250152587891,7.716249942779541,120044000.0
2019-08-20,1566311400,7.676249980926514,7.756249904632568,7.551249980926514,7.557499885559082,125264000.0
2019-08-21,1566397800,7.753749847412109,7.823750019073486,7.671249866485596,7.75,101481600.0
2019-08-22,1566484200,7.795000076293945,7.848750114440918,7.491250038146973,7.675000190734863,152629600.0
2019-08-23,1566570600,7.516250133514404,7.724999904632568,6.885000228881836,6.972499847412109,302350400.0
2019-08-26,1566829800,7.18625020980835,7.257500171661377,7.057499885559082,7.255000114440918,146585600.0
2019-08-27,1566916200,7.40625,7.445000171661377,7.125,7.211249828338623,154579200.0
2019-08-28,1567002600,7.138750076293945,7.321249961853027,7.03125,7.283750057220459,127824800.0
2019-08-29,1567089000,7.552499771118164,7.678750038146973,7.46750020980835,7.614999771118164,141523200.0
2019-08-30,1567175400,7.739999771118164,7.741250038146973,7.432499885559082,7.56125020980835,136103200.0
2019-09-03,1567521000,7.411250114440918,7.522500038146973,7.263750076293945,7.341249942779541,128785600.0
2019-09-04,1567607400,7.547500133514404,7.671249866485596,7.489999771118164,7.650000095367432,100464800.0
2019-09-05,1567693800,7.902500152587891,8.138750076293945,7.889999866485596,8.072500228881836,126744000.0
2019-09-06,1567780200,8.106249809265137,8.119999885559082,7.994999885559082,8.050000190734863,115038400.0
2019-09-09,1568039400,8.12125015258789,8.133749961853027,7.871250152587891,7.99875020980835,112312800.0
2019-09-10,1568125800,7.867499828338623,7.934999942779541,7.710000038146973,7.932499885559082,136765600.0
2019-09-11,1568212200,7.96875,8.161250114440918,7.916250228881836,8.146249771118164,111400800.0
2019-09-12,1568298600,8.297499656677246,8.4350004196167,8.211250305175781,8.2475004196167,139931200.0
2019-09-13,1568385000,8.212499618530273,8.267499923706055,8.125,8.15999984741211,107610400.0
2019-09-16,1568644200,7.99875020980835,8.09749984741211,7.974999904632568,8.047499656677246,97124000.0
2019-09-17,1568730600,8.045000076293945,8.161250114440918,7.997499942779541,8.1537504196167,90796000.0
2019-09-18,1568817000,8.107500076293945,8.1587495803833,7.84375,8.148750305175781,142063200.0
2019-09-19,1568903400,8.19124984741211,8.336250305175781,8.137499809265137,8.1850004196167,132770400.0
2019-09-20,1568989800,8.220000267028809,8.243749618530273,7.84250020980835,7.927499771118164,123512800.0
2019-09-23,1569249000,7.909999847412109,8.005000114440918,7.837500095367432,7.934999942779541,89409600.0
2019-09-24,1569335400,8.043749809265137,8.092499732971191,7.517499923706055,7.621250152587891,203765600.0
2019-09-25,1569421800,7.59499979019165,7.929999828338623,7.403749942779541,7.864999771118164,152304000.0
2019-09-26,1569508200,7.841249942779541,7.857500076293945,7.607500076293945,7.786250114440918,136214400.0
2019-09-27,1569594600,7.818749904632568,7.831250190734863,7.332499980926514,7.503749847412109,188492000.0
2019-09-30,1569853800,7.574999809265137,7.739999771118164,7.534999847412109,7.703750133514404,117103200.0
2019-10-01,1569940200,7.789999961853027,7.918749809265137,7.477499961853027,7.517499923706055,158454400.0
2019-10-02,1570026600,7.366250038146973,7.366250038146973,7.002500057220459,7.132500171661377,270824000.0
2019-10-03,1570113000,7.127500057220459,7.371250152587891,6.863749980926514,7.367499828338623,240521600.0
2019-10-04,1570199400,7.463749885559082,7.710000038146973,7.448750019073486,7.677499771118164,168977600.0
2019-10-07,1570458600,7.607500076293945,7.791250228881836,7.567500114440918,7.606249809265137,162530400.0
2019-10-08,1570545000,7.454999923706055,7.559999942779541,7.25,7.260000228881836,235405600.0
2019-10-09,1570631400,7.449999809265137,7.576250076293945,7.382500171661377,7.480000019073486,152269600.0
2019-10-10,1570717800,7.481249809265137,7.733749866485596,7.460000038146973,7.643750190734863,176239200.0
2019-10-11,1570804200,7.902500152587891,8.125,7.892499923706055,7.929999828338623,222509600.0
2019-10-14,1571063400,7.90625,8.013750076293945,7.882500171661377,7.93874979019165,91493600.0
2019-10-15,1571149800,8.010000228881836,8.293749809265137,7.996250152587891,8.239999771118164,140721600.0
2019-10-16,1571236200,8.15250015258789,8.238750457763672,8.098750114440918,8.178750038146973,117193600.0
2019-10-17,1571322600,8.319999694824219,8.357500076293945,8.142499923706055,8.234999656677246,121839200.0
2019-10-18,1571409000,8.202500343322754,8.25374984741211,7.87375020980835,7.99875020980835,154444000.0
2019-10-21,1571668200,8.12874984741211,8.227499961853027,8.053750038146973,8.210000038146973,94176000.0
2019-10-22,1571754600,8.295000076293945,8.3412504196167,8.010000228881836,8.020000457763672,125023200.0
2019-10-23,1571841000,7.963749885559082,8.063750267028809,7.925000190734863,8.057499885559082,96905600.0
2019-10-24,1571927400,8.233750343322754,8.305000305175781,8.12125015258789,8.288749694824219,122484800.0
2019-10-25,1572013800,8.161250114440918,8.498749732971191,8.15625,8.477499961853027,129177600.0
2019-10-28,1572273000,8.607500076293945,8.771249771118164,8.607500076293945,8.736249923706055,111596000.0
2019-10-29,1572359400,8.693750381469727,8.731249809265137,8.5287504196167,8.53499984741211,107028000.0
2019-10-30,1572445800,8.579999923706055,8.697500228881836,8.43375015258789,8.654999732971191,118984800.0
2019-10-31,1572532200,8.7212495803833,8.739999771118164,8.513750076293945,8.661250114440918,123296000.0
2019-11-01,1572618600,8.776249885559082,8.898750305175781,8.736249923706055,8.896249771118164,115052800.0
2019-11-04,1572877800,9.076250076293945,9.12125015258789,9.015000343322754,9.055000305175781,99926400.0
2019-11-05,1572964200,9.0962495803833,9.1225004196167,8.986249923706055,9.06624984741211,103229600.0
2019-11-06,1573050600,9.043749809265137,9.047499656677246,8.881250381469727,9.008749961853027,115329600.0
2019-11-07,1573137000,9.151249885559082,9.274999618530273,9.021249771118164,9.100000381469727,125719200.0
2019-11-08,1573223400,9.046250343322754,9.211250305175781,8.978750228881836,9.207500457763672,81607200.0
2019-11-11,1573482600,9.071249961853027,9.182499885559082,9.03125,9.168749809265137,76092800.0
2019-11-12,1573569000,9.1899995803833,9.34000015258789,9.149999618530273,9.243749618530273,128692000.0
2019-11-13,1573655400,9.1537504196167,9.2787504196167,9.132499694824219,9.229999542236328,111758400.0
2019-11-14,1573741800,9.148750305175781,9.24625015258789,9.063750267028809,9.227499961853027,106651200.0
2019-11-15,1573828200,9.388750076293945,9.417499542236328,9.307499885559082,9.401249885559082,90586400.0
2019-11-18,1574087400,9.388750076293945,9.4975004196167,9.272500038146973,9.449999809265137,96696000.0
2019-11-19,1574173800,9.55875015258789,9.55875015258789,9.386249542236328,9.488750457763672,112120000.0
2019-11-20,1574260200,9.418749809265137,9.50374984741211,9.102499961853027,9.322500228881836,150380000.0
2019-11-21,1574346600,9.289999961853027,9.306249618530273,9.168749809265137,9.25,90659200.0
2019-11-22,1574433000,9.319999694824219,9.338749885559082,9.12125015258789,9.274999618530273,83668000.0
2019-11-25,1574692200,9.390000343322754,9.602499961853027,9.387499809265137,9.5962495803833,80078400.0
2019-11-26,1574778600,9.613750457763672,9.688750267028809,9.574999809265137,9.6537504196167,83690400.0
2019-11-27,1574865000,9.72249984741211,9.852499961853027,9.6899995803833,9.848750114440918,81556800.0
2019-11-29,1575037800,9.776249885559082,9.821249961853027,9.699999809265137,9.717499732971191,53796000.0
2019-12-02,1575297000,9.717499732971191,9.723750114440918,9.25374984741211,9.404999732971191,151815200.0
2019-12-03,1575383400,9.037500381469727,9.203749656677246,8.888750076293945,9.193750381469727,156052000.0
2019-12-04,1575469800,9.336250305175781,9.396249771118164,9.292499542236328,9.329999923706055,87659200.0
2019-12-05,1575556200,9.427499771118164,9.428750038146973,9.24625015258789,9.37874984741211,89080800.0
2019-12-06,1575642600,9.585000038146973,9.702500343322754,9.567500114440918,9.668749809265137,92941600.0
2019-12-09,1575901800,9.636249542236328,9.766249656677246,9.539999961853027,9.550000190734863,77928800.0
2019-12-10,1575988200,9.556249618530273,9.65999984741211,9.460000038146973,9.5287504196167,112048000.0
2019-12-11,1576074600,9.585000038146973,9.703749656677246,9.545000076293945,9.672499656677246,90596000.0
2019-12-12,1576161000,9.641249656677246,10.0,9.602499961853027,9.893750190734863,183164000.0
2019-12-13,1576247400,9.869999885559082,10.09000015258789,9.807499885559082,9.982500076293945,160996000.0
2019-12-16,1576506600,10.177499771118164,10.321249961853027,10.170000076293945,10.268750190734863,99388000.0
2019-12-17,1576593000,10.321249961853027,10.348750114440918,10.25,10.282500267028809,84548800.0
2019-12-18,1576679400,10.331250190734863,10.40999984741211,10.292499542236328,10.306249618530273,71408000.0
2019-12-19,1576765800,10.332500457763672,10.522500038146973,10.332500457763672,10.516249656677246,83384800.0
2019-12-20,1576852200,10.6537504196167,10.6899995803833,10.574999809265137,10.641249656677246,99548000.0
2019-12-23,1577111400,10.7524995803833,10.772500038146973,10.696249961853027,10.720000267028809,72427200.0
2019-12-24,1577197800,10.743749618530273,10.758749961853027,10.65625,10.729999542236328,39898400.0
2019-12-26,1577370600,10.7787504196167,11.013750076293945,10.7787504196167,11.008749961853027,64258400.0
2019-12-27,1577457000,11.126250267028809,11.132499694824219,10.893750190734863,10.976249694824219,99750400.0
2019-12-30,1577716200,10.9662504196167,10.982500076293945,10.600000381469727,10.757499694824219,112905600.0
2019-12-31,1577802600,10.662500381469727,10.845000267028809,10.607500076293945,10.818750381469727,84380000.0
2020-01-02,1577975400,11.088749885559082,11.354999542236328,11.02750015258789,11.354999542236328,131072000.0
2020-01-03,1578061800,10.911250114440918,11.25,10.904999732971191,11.046250343322754,145180000.0
2020-01-06,1578321000,10.7837495803833,11.260000228881836,10.743749618530273,11.256250381469727,128095200.0
2020-01-07,1578407400,11.267499923706055,11.34749984741211,11.145000457763672,11.242500305175781,107699200.0
2020-01-08,1578493800,11.244999885559082,11.65999984741211,11.19124984741211,11.501250267028809,159164800.0
2020-01-09,1578580200,11.7787504196167,11.857500076293945,11.59000015258789,11.791250228881836,145423200.0
2020-01-10,1578666600,11.923749923706055,11.93375015258789,11.641249656677246,11.694999694824219,137604000.0
2020-01-13,1578925800,11.8412504196167,12.109999656677246,11.788749694824219,12.103750228881836,116558400.0
2020-01-14,1579012200,12.072500228881836,12.143750190734863,11.90250015258789,11.962499618530273,145737600.0
2020-01-15,1579098600,11.97249984741211,12.141249656677246,11.852499961853027,11.970000267028809,133003200.0
2020-01-16,1579185000,12.138750076293945,12.311249732971191,12.06624984741211,12.303750038146973,121100800.0
2020-01-17,1579271400,12.463749885559082,12.517499923706055,12.282500267028809,12.487500190734863,144402400.0
2020-01-21,1579617000,12.37874984741211,12.563750267028809,12.369999885559082,12.481249809265137,138882400.0
2020-01-22,1579703400,12.6537504196167,12.786250114440918,12.522500038146973,12.56624984741211,136148800.0
2020-01-23,1579789800,12.541250228881836,12.698749542236328,12.37125015258789,12.682499885559082,143588800.0
2020-01-24,1579876200,12.862500190734863,12.901249885559082,12.188750267028809,12.353750228881836,239374400.0
2020-01-27,1580135400,11.53125,11.793749809265137,11.272500038146973,11.59000015258789,198626400.0
2020-01-28,1580221800,11.831250190734863,12.208749771118164,11.7475004196167,12.12874984741211,171862400.0
2020-01-29,1580308200,12.328749656677246,12.369999885559082,12.022500038146973,12.172499656677246,137877600.0
2020-01-30,1580394600,11.949999809265137,12.324999809265137,11.831250190734863,12.3100004196167,200249600.0
2020-01-31,1580481000,12.460000038146973,12.46875,11.59375,11.704999923706055,220384000.0
2020-02-03,1580740200,11.888750076293945,12.332500457763672,11.866250038146973,12.242500305175781,173688000.0
2020-02-04,1580826600,12.75,13.15625,12.6274995803833,13.078749656677246,140248800.0
2020-02-05,1580913000,13.569999694824219,13.572500228881836,12.986249923706055,13.229999542236328,174612000.0
2020-02-06,1580999400,13.313750267028809,13.567500114440918,13.176250457763672,13.552499771118164,113132800.0
2020-02-07,1581085800,13.3725004196167,13.601249694824219,13.265000343322754,13.3774995803833,154052000.0
2020-02-10,1581345000,13.2475004196167,13.863750457763672,13.237500190734863,13.859999656677246,123248800.0
2020-02-11,1581431400,14.087499618530273,14.233750343322754,13.760000228881836,13.869999885559082,193770400.0
2020-02-12,1581517800,14.111249923706055,14.293749809265137,14.012499809265137,14.276249885559082,121608000.0
2020-02-13,1581604200,13.973750114440918,14.387499809265137,13.922499656677246,14.2212495803833,155282400.0
2020-02-14,1581690600,14.27750015258789,14.373749732971191,14.135000228881836,14.317500114440918,113969600.0
2020-02-18,1582036200,14.114999771118164,14.428750038146973,14.073749542236328,14.342499732971191,130167200.0
2020-02-19,1582122600,14.601249694824219,14.850000381469727,14.550000190734863,14.757499694824219,105627200.0
2020-02-20,1582209000,14.662500381469727,14.7475004196167,13.798749923706055,14.337499618530273,227657600.0
2020-02-21,1582295400,14.132499694824219,14.197500228881836,13.3412504196167,13.517499923706055,207107200.0
2020-02-24,1582554600,12.03499984741211,12.447500228881836,11.703749656677246,11.960000038146973,269674400.0
2020-02-25,1582641000,12.241250038146973,12.363750457763672,10.867500305175781,10.992500305175781,300793600.0
2020-02-26,1582727400,11.15999984741211,11.7162504196167,10.893750190734863,11.143750190734863,335736000.0
2020-02-27,1582813800,10.287500381469727,10.801250457763672,9.447500228881836,9.477499961853027,425116000.0
2020-02-28,1582900200,8.551250457763672,9.678750038146973,8.4375,9.625,494222400.0
2020-03-02,1583159400,9.9087495803833,10.967499732971191,9.49625015258789,10.938750267028809,363518400.0
2020-03-03,1583245800,11.046250343322754,11.4375,9.609999656677246,9.9087495803833,548126400.0
2020-03-04,1583332200,10.442500114440918,11.143750190734863,10.162500381469727,11.111249923706055,315827200.0
2020-03-05,1583418600,10.279999732971191,10.845000267028809,9.886249542236328,10.136249542236328,386972000.0
2020-03-06,1583505000,9.0912504196167,9.760000228881836,8.875,9.604999542236328,393519200.0
2020-03-09,1583764200,7.691249847412109,8.643750190734863,7.625,7.653749942779541,406964800.0
2020-03-10,1583850600,8.4975004196167,8.866250038146973,7.625,8.845000267028809,456252800.0
2020-03-11,1583937000,8.22249984741211,8.4037504196167,7.375,7.707499980926514,430928000.0
2020-03-12,1584023400,6.1875,7.1875,5.550000190734863,5.59499979019165,618225600.0
2020-03-13,1584109800,6.53000020980835,7.163750171661377,5.632500171661377,7.105000019073486,556290400.0
2020-03-16,1584369000,5.057499885559082,6.074999809265137,4.62375020980835,4.65625,658290400.0
2020-03-17,1584455400,4.922500133514404,5.642499923706055,4.46875,5.414999961853027,762020800.0
2020-03-18,1584541800,4.537499904632568,5.1875,4.091249942779541,4.913750171661377,848999200.0
2020-03-19,1584628200,4.856249809265137,5.510000228881836,4.5,5.027500152587891,804808800.0
2020-03-20,1584714600,5.37375020980835,5.474999904632568,4.387499809265137,4.43874979019165,782255200.0
2020-03-23,1584973800,4.491250038146973,4.75,4.033750057220459,4.452499866485596,820073600.0
2020-03-24,1585060200,5.153749942779541,5.46750020980835,5.016250133514404,5.445000171661377,829824000.0
2020-03-25,1585146600,5.525000095367432,5.980000019073486,5.135000228881836,5.318749904632568,834874400.0
2020-03-26,1585233000,5.478750228881836,6.25,5.458749771118164,6.184999942779541,649240000.0
2020-03-27,1585319400,5.703750133514404,6.041250228881836,5.473750114440918,5.542500019073486,557143200.0
2020-03-30,1585578600,5.697500228881836,6.172500133514404,5.625,6.125,416621600.0
2020-03-31,1585665000,6.076250076293945,6.441249847412109,5.857500076293945,5.954999923706055,731904000.0
2020-04-01,1585751400,5.449999809265137,5.715000152587891,5.077499866485596,5.216249942779541,535589600.0
2020-04-02,1585837800,5.150000095367432,5.542500019073486,5.096250057220459,5.525000095367432,467531200.0
2020-04-03,1585924200,5.482500076293945,5.622499942779541,5.107500076293945,5.302499771118164,554484000.0
2020-04-06,1586183400,5.888750076293945,6.523749828338623,5.795000076293945,6.412499904632568,518616800.0
2020-04-07,1586269800,6.987500190734863,7.036250114440918,6.375,6.400000095367432,658009600.0
2020-04-08,1586356200,6.586249828338623,6.875,6.409999847412109,6.808750152587891,518180000.0
2020-04-09,1586442600,6.991250038146973,7.090000152587891,6.658750057220459,6.833749771118164,553297600.0
2020-04-13,1586788200,6.75,7.110000133514404,6.633749961853027,7.071249961853027,426961600.0
2020-04-14,1586874600,7.506249904632568,8.050000190734863,7.423749923706055,7.988749980926514,490049600.0
2020-04-15,1586961000,7.613749980926514,7.923749923706055,7.457499980926514,7.723750114440918,431688000.0
2020-04-16,1587047400,7.976250171661377,8.258749961853027,7.743750095367432,8.137499809265137,562920000.0
2020-04-17,1587133800,8.458749771118164,8.512499809265137,8.00374984741211,8.3412504196167,463564800.0
2020-04-20,1587393000,8.148750305175781,8.438750267028809,8.057499885559082,8.071249961853027,386998400.0
2020-04-21,1587479400,7.832499980926514,7.891250133514404,7.038750171661377,7.178750038146973,519489600.0
2020-04-22,1587565800,7.628749847412109,7.957499980926514,7.538750171661377,7.81374979019165,274185600.0
2020-04-23,1587652200,7.903749942779541,8.198749542236328,7.715000152587891,7.762499809265137,424868000.0
2020-04-24,1587738600,7.817500114440918,8.175000190734863,7.651249885559082,8.137499809265137,317981600.0
2020-04-27,1587997800,8.397500038146973,8.448749542236328,8.204999923706055,8.296250343322754,304741600.0
2020-04-28,1588084200,8.52750015258789,8.5287504196167,7.826250076293945,7.847499847412109,386247200.0
2020-04-29,1588170600,8.381250381469727,8.796250343322754,8.261249542236328,8.663749694824219,346104000.0
2020-04-30,1588257000,8.801250457763672,8.80875015258789,8.493749618530273,8.7212495803833,380544800.0
2020-05-01,1588343400,8.164999961853027,8.413749694824219,7.8125,7.93874979019165,346245600.0
2020-05-04,1588602600,7.817500114440918,8.241250038146973,7.758749961853027,8.21875,200756000.0
2020-05-05,1588689000,8.4662504196167,8.77750015258789,8.401249885559082,8.481249809265137,288714400.0
2020-05-06,1588775400,8.692500114440918,8.891249656677246,8.548749923706055,8.648750305175781,311880800.0
2020-05-07,1588861800,8.978750228881836,9.09375,8.821249961853027,8.986249923706055,289489600.0
2020-05-08,1588948200,9.193750381469727,9.368749618530273,9.0649995803833,9.348750114440918,262202400.0
2020-05-11,1589207400,9.18375015258789,9.737500190734863,9.15625,9.581250190734863,269384000.0
2020-05-12,1589293800,9.68375015258789,9.766249656677246,9.00374984741211,9.011249542236328,339363200.0
2020-05-13,1589380200,9.073749542236328,9.306249618530273,8.345000267028809,8.670000076293945,491119200.0
2020-05-14,1589466600,8.505000114440918,8.961250305175781,8.263750076293945,8.957500457763672,402999200.0
2020-05-15,1589553000,8.588749885559082,9.137499809265137,8.536250114440918,9.111249923706055,357806400.0
2020-05-18,1589812200,9.5,9.774999618530273,9.40250015258789,9.638750076293945,296474400.0
2020-05-19,1589898600,9.672499656677246,9.946249961853027,9.550000190734863,9.5649995803833,261430400.0
2020-05-20,1589985000,9.901249885559082,10.188750267028809,9.901249885559082,10.125,285416000.0
2020-05-21,1590071400,10.154999732971191,10.239999771118164,9.741250038146973,9.813750267028809,322693600.0
2020-05-22,1590157800,9.761249542236328,9.936249732971191,9.631250381469727,9.90250015258789,209664800.0
2020-05-26,1590503400,10.381250381469727,10.414999961853027,9.797499656677246,9.861249923706055,245202400.0
2020-05-27,1590589800,9.763750076293945,10.005000114440918,9.172499656677246,10.0,347291200.0
2020-05-28,1590676200,9.824999809265137,10.401249885559082,9.818750381469727,9.936249732971191,303992800.0
2020-05-29,1590762600,10.005000114440918,10.414999961853027,9.789999961853027,10.3462495803833,358492800.0
2020-06-01,1591021800,10.257499694824219,10.529999732971191,10.203749656677246,10.473750114440918,209881600.0
2020-06-02,1591108200,10.529999732971191,10.693750381469727,10.204999923706055,10.682499885559082,250714400.0
2020-06-03,1591194600,10.768750190734863,10.936249732971191,10.651249885559082,10.827500343322754,215033600.0
2020-06-04,1591281000,10.7787504196167,10.984999656677246,10.420000076293945,10.607500076293945,266408800.0
2020-06-05,1591367400,10.737500190734863,11.31624984741211,10.6875,11.236249923706055,281394400.0
2020-06-08,1591626600,11.198749542236328,11.510000228881836,10.987500190734863,11.486249923706055,218544800.0
2020-06-09,1591713000,11.361249923706055,11.8725004196167,11.342499732971191,11.742500305175781,213179200.0
2020-06-10,1591799400,11.994999885559082,12.40250015258789,11.922499656677246,12.166250228881836,302911200.0
2020-06-11,1591885800,11.572500228881836,11.776249885559082,10.352499961853027,10.375,383332000.0
2020-06-12,1591972200,11.036250114440918,11.206250190734863,10.053750038146973,10.600000381469727,411876800.0
2020-06-15,1592231400,10.135000228881836,11.085000038146973,10.007499694824219,10.973750114440918,398184800.0
2020-06-16,1592317800,11.673749923706055,11.765000343322754,11.038749694824219,11.553750038146973,383217600.0
2020-06-17,1592404200,11.771249771118164,11.932499885559082,11.550000190734863,11.666250228881836,258858400.0
2020-06-18,1592490600,11.617500305175781,11.795000076293945,11.505000114440918,11.756250381469727,212785600.0
2020-06-19,1592577000,12.12125015258789,12.1537504196167,11.494999885559082,11.739999771118164,289950400.0
2020-06-22,1592836200,11.738750457763672,12.193750381469727,11.688750267028809,12.157500267028809,220133600.0
2020-06-23,1592922600,12.421250343322754,12.827500343322754,12.332500457763672,12.475000381469727,234898400.0
2020-06-24,1593009000,12.362500190734863,12.55875015258789,11.481249809265137,11.739999771118164,392821600.0
2020-06-25,1593095400,11.738750457763672,12.09000015258789,11.342499732971191,12.051250457763672,301703200.0
2020-06-26,1593181800,12.0024995803833,12.037500381469727,11.112500190734863,11.1850004196167,375940800.0
2020-06-29,1593441000,11.151249885559082,11.553750038146973,10.78499984741211,11.542499542236328,259609600.0
2020-06-30,1593527400,11.539999961853027,12.3100004196167,11.516249656677246,12.206250190734863,251388800.0
2020-07-01,1593613800,12.232500076293945,12.80875015258789,12.154999732971191,12.642499923706055,252137600.0
2020-07-02,1593700200,13.036250114440918,13.233750343322754,12.842499732971191,12.911250114440918,228152000.0
2020-07-06,1594045800,13.412500381469727,13.947500228881836,13.411250114440918,13.859999656677246,211984000.0
2020-07-07,1594132200,13.818750381469727,14.270000457763672,13.529999732971191,13.587499618530273,246099200.0
2020-07-08,1594218600,13.803750038146973,14.117500305175781,13.561249732971191,14.109999656677246,239931200.0
2020-07-09,1594305000,14.426250457763672,14.583749771118164,13.732500076293945,14.462499618530273,317596000.0
2020-07-10,1594391400,14.427499771118164,14.806249618530273,13.986249923706055,14.768750190734863,242789600.0
2020-07-13,1594650600,15.256250381469727,15.743749618530273,13.711250305175781,13.856249809265137,374584800.0
2020-07-14,1594737000,13.448749542236328,14.21500015258789,12.923749923706055,14.149999618530273,459751200.0
2020-07-15,1594823400,14.357500076293945,14.52750015258789,13.673749923706055,14.220000267028809,367544000.0
2020-07-16,1594909800,13.755000114440918,14.045000076293945,13.373749732971191,13.914999961853027,299972000.0
2020-07-17,1594996200,14.020000457763672,14.130000114440918,13.625,13.979999542236328,231003200.0
2020-07-20,1595255400,14.100000381469727,15.2787504196167,13.886249542236328,15.170000076293945,251621600.0
2020-07-21,1595341800,15.448749542236328,15.458749771118164,14.550000190734863,14.6850004196167,294313600.0
2020-07-22,1595428200,14.771249771118164,15.016249656677246,14.456250190734863,14.854999542236328,227788800.0
2020-07-23,1595514600,14.788749694824219,14.904999732971191,13.446249961853027,13.69124984741211,336648800.0
2020-07-24,1595601000,13.063750267028809,13.520000457763672,12.626250267028809,13.286250114440918,357218400.0
2020-07-27,1595860200,13.573749542236328,14.068750381469727,13.4350004196167,14.0,267624000.0
2020-07-28,1595946600,13.885000228881836,13.963749885559082,13.421250343322754,13.473750114440918,238702400.0
2020-07-29,1596033000,13.711250305175781,14.076250076293945,13.643750190734863,13.932499885559082,194280800.0
2020-07-30,1596119400,13.612500190734863,14.24625015258789,13.420000076293945,14.1587495803833,302200000.0
2020-07-31,1596205800,14.914999961853027,14.9375,14.109999656677246,14.922499656677246,359815200.0
2020-08-03,1596465000,15.28125,15.641249656677246,15.257499694824219,15.478750228881836,217868000.0
2020-08-04,1596551400,15.414999961853027,15.702500343322754,15.292499542236328,15.680000305175781,211008000.0
2020-08-05,1596637800,15.768750190734863,15.883749961853027,15.613750457763672,15.805000305175781,162381600.0
2020-08-06,1596724200,15.763750076293945,16.491249084472656,15.65250015258789,16.40999984741211,192064000.0
2020-08-07,1596810600,16.327499389648438,16.477500915527344,15.461250305175781,15.873749732971191,296708000.0
2020-08-10,1597069800,15.9087495803833,15.951250076293945,15.021249771118164,15.65999984741211,254311200.0
2020-08-11,1597156200,15.444999694824219,15.681249618530273,14.673749923706055,14.771249771118164,310273600.0
2020-08-12,1597242600,15.137499809265137,16.045000076293945,15.137499809265137,15.876250267028809,221247200.0
2020-08-13,1597329000,16.010000228881836,16.397499084472656,15.81624984741211,15.987500190734863,234281600.0
2020-08-14,1597415400,16.082500457763672,16.14875030517578,15.676250457763672,15.94124984741211,199737600.0
2020-08-17,1597674600,16.233749389648438,16.545000076293945,16.207500457763672,16.467500686645508,126664800.0
2020-08-18,1597761000,16.678749084472656,17.049999237060547,16.4112491607666,16.951250076293945,149313600.0
2020-08-19,1597847400,16.948749542236328,17.1512508392334,16.5362491607666,16.6200008392334,205847200.0
2020-08-20,1597933800,16.46875,17.39875030517578,16.396249771118164,17.303749084472656,152774400.0
2020-08-21,1598020200,17.332500457763672,17.751249313354492,17.2237491607666,17.665000915527344,164280000.0
2020-08-24,1598279400,18.2762508392334,18.44499969482422,17.55500030517578,17.99250030517578,251384000.0
2020-08-25,1598365800,17.853750228881836,18.431249618530273,17.758750915527344,18.412500381469727,172556800.0
2020-08-26,1598452200,18.658750534057617,19.631250381469727,18.635000228881836,19.591249465942383,219663200.0
2020-08-27,1598538600,19.822500228881836,19.983749389648438,18.947500228881836,19.41374969482422,302602400.0
2020-08-28,1598625000,19.6612491607666,19.841249465942383,19.393749237060547,19.7137508392334,198145600.0
2020-08-31,1598884200,19.8174991607666,20.5674991607666,19.727500915527344,20.170000076293945,180398400.0
2020-09-01,1598970600,20.739999771118164,21.24625015258789,20.368749618530273,21.217500686645508,193147200.0
2020-09-02,1599057000,21.934999465942383,21.958749771118164,20.583749771118164,21.81624984741211,289369600.0
2020-09-03,1599143400,20.841249465942383,20.924999237060547,17.852500915527344,18.466249465942383,443024800.0
2020-09-04,1599229800,18.172500610351562,18.787500381469727,15.482500076293945,17.704999923706055,561480800.0
2020-09-08,1599575400,15.618749618530273,16.74625015258789,15.132499694824219,15.202500343322754,426824800.0
2020-09-09,1599661800,16.12874984741211,16.899999618530273,15.708749771118164,16.508750915527344,290352000.0
2020-09-10,1599748200,17.065000534057617,17.298749923706055,15.217499732971191,15.553750038146973,465936800.0
2020-09-11,1599834600,15.875,16.02375030517578,14.601249694824219,15.213749885559082,385797600.0
2020-09-14,1600093800,15.875,16.35124969482422,15.635000228881836,15.9975004196167,269032800.0
2020-09-15,1600180200,16.666250228881836,16.927499771118164,16.3700008392334,16.677499771118164,300889600.0
2020-09-16,1600266600,16.81624984741211,16.915000915527344,15.823749542236328,15.876250267028809,306141600.0
2020-09-17,1600353000,14.651249885559082,15.494999885559082,14.506250381469727,15.145000457763672,446844800.0
2020-09-18,1600439400,15.357500076293945,15.431249618530273,13.845000267028809,14.5600004196167,463042400.0
2020-09-21,1600698600,13.9037504196167,14.743749618530273,13.512499809265137,14.732500076293945,375314400.0
2020-09-22,1600785000,15.149999618530273,15.641249656677246,14.557499885559082,15.537500381469727,315066400.0
2020-09-23,1600871400,15.481249809265137,15.518750190734863,13.963749885559082,14.098750114440918,405507200.0
2020-09-24,1600957800,13.711250305175781,14.838749885559082,13.646249771118164,14.305000305175781,375036000.0
2020-09-25,1601044200,14.383749961853027,15.444999694824219,14.131250381469727,15.307499885559082,324478400.0
2020-09-28,1601303400,16.1612491607666,16.25,15.696249961853027,16.21500015258789,273331200.0
2020-09-29,1601389800,16.184999465942383,16.354999542236328,15.94124984741211,16.045000076293945,221805600.0
2020-09-30,1601476200,16.073749542236328,16.940000534057617,16.03125,16.362499237060547,338768000.0
2020-10-01,1601562600,17.071250915527344,17.258750915527344,16.72249984741211,17.12874984741211,278676000.0
2020-10-02,1601649000,16.014999389648438,16.703750610351562,15.541250228881836,15.7162504196167,399553600.0
2020-10-05,1601908200,16.05875015258789,16.762500762939453,16.03125,16.707500457763672,210790400.0
2020-10-06,1601994600,16.548749923706055,16.889999389648438,15.643750190734863,15.8100004196167,345648800.0
2020-10-07,1602081000,16.271249771118164,16.763750076293945,16.172500610351562,16.641250610351562,225088800.0
2020-10-08,1602167400,17.056249618530273,17.076250076293945,16.6924991607666,16.886249542236328,197893600.0
2020-10-09,1602253800,17.1924991607666,17.673749923706055,17.1200008392334,17.637500762939453,195271200.0
2020-10-12,1602513000,18.549999237060547,19.841249465942383,18.357500076293945,19.282499313354492,294116800.0
2020-10-13,1602599400,19.649999618530273,19.791250228881836,19.018749237060547,19.28499984741211,283861600.0
2020-10-14,1602685800,19.457500457763672,19.649999618530273,18.456249237060547,18.80875015258789,296589600.0
2020-10-15,1602772200,17.877500534057617,18.548749923706055,17.74250030517578,18.420000076293945,249076800.0
2020-10-16,1602858600,18.758750915527344,19.033750534057617,18.0625,18.137500762939453,228096800.0
2020-10-19,1603117800,18.5049991607666,18.688749313354492,17.045000076293945,17.236249923706055,277555200.0
2020-10-20,1603204200,17.372499465942383,17.924999237060547,17.073749542236328,17.34749984741211,274710400.0
2020-10-21,1603290600,17.386249542236328,17.876249313354492,17.21500015258789,17.302499771118164,242572800.0
2020-10-22,1603377000,17.462499618530273,17.625,16.68375015258789,17.311250686645508,239163200.0
2020-10-23,1603463400,17.426250457763672,17.428749084472656,16.861249923706055,17.412500381469727,191088000.0
2020-10-26,1603722600,16.971250534057617,17.497499465942383,15.936249732971191,16.618749618530273,317113600.0
2020-10-27,1603809000,16.783750534057617,17.149999618530273,16.565000534057617,17.011249542236328,223860000.0
2020-10-28,1603895400,16.177499771118164,16.280000686645508,14.975000381469727,15.015000343322754,369440000.0
2020-10-29,1603981800,15.242500305175781,16.3075008392334,15.154999732971191,15.7787504196167,276374400.0
2020-10-30,1604068200,15.443750381469727,15.5912504196167,14.193750381469727,14.681249618530273,461622400.0
2020-11-02,1604327400,14.973750114440918,15.261249542236328,14.201250076293945,14.686249732971191,302272000.0
2020-11-03,1604413800,14.9975004196167,15.801250457763672,14.824999809265137,15.425000190734863,269938400.0
2020-11-04,1604500200,16.948749542236328,17.829999923706055,16.665000915527344,17.510000228881836,338375200.0
2020-11-05,1604586600,18.707500457763672,19.068750381469727,18.448749542236328,18.861249923706055,300264800.0
2020-11-06,1604673000,18.733749389648438,19.071250915527344,18.00749969482422,18.924999237060547,270302400.0
2020-11-09,1604932200,19.459999084472656,19.797500610351562,17.684999465942383,17.770000457763672,331731200.0
2020-11-10,1605018600,17.142499923706055,17.40625,16.293750762939453,16.811250686645508,337333600.0
2020-11-11,1605105000,17.258750915527344,18.02375030517578,17.184999465942383,17.94124984741211,253661600.0
2020-11-12,1605191400,18.106250762939453,18.364999771118164,17.46500015258789,17.678749084472656,286687200.0
2020-11-13,1605277800,17.97249984741211,18.260000228881836,17.582500457763672,18.142499923706055,209495200.0
2020-11-16,1605537000,18.09375,18.626249313354492,17.967500686645508,18.559999465942383,213748800.0
2020-11-17,1605623400,18.600000381469727,18.670000076293945,18.266250610351562,18.388750076293945,182704000.0
2020-11-18,1605709800,18.282499313354492,18.59375,17.962499618530273,17.962499618530273,154341600.0
2020-11-19,1605796200,17.863750457763672,18.46125030517578,17.7450008392334,18.407499313354492,159341600.0
2020-11-20,1605882600,18.381250381469727,18.533750534057617,18.014999389648438,18.033750534057617,129993600.0
2020-11-23,1606141800,18.227500915527344,18.467500686645508,17.594999313354492,18.037500381469727,179060800.0
2020-11-24,1606228200,18.227500915527344,18.87874984741211,17.883750915527344,18.774999618530273,156015200.0
2020-11-25,1606314600,18.96500015258789,19.251249313354492,18.806249618530273,19.12874984741211,128677600.0
2020-11-27,1606487400,19.5049991607666,19.883750915527344,19.44124984741211,19.6512508392334,92927200.0
2020-11-30,1606746600,19.71500015258789,19.84749984741211,18.822500228881836,19.752500534057617,184622400.0
2020-12-01,1606833000,20.2237491607666,20.868749618530273,20.012500762939453,20.528749465942383,169989600.0
2020-12-02,1606919400,20.2762508392334,20.68000030517578,19.897499084472656,20.611249923706055,146129600.0
2020-12-03,1607005800,20.6612491607666,21.02375030517578,20.543750762939453,20.69499969482422,157461600.0
2020-12-04,1607092200,20.700000762939453,20.979999542236328,20.563749313354492,20.948749542236328,127088000.0
2020-12-07,1607351400,20.987499237060547,21.377500534057617,20.950000762939453,21.303749084472656,124028000.0
2020-12-08,1607437800,21.206249237060547,21.584999084472656,20.826250076293945,21.498750686645508,133925600.0
2020-12-09,1607524200,21.479999542236328,21.532499313354492,19.827499389648438,20.05875015258789,244878400.0
2020-12-10,1607610600,19.6299991607666,20.533750534057617,19.407499313354492,20.30500030517578,173346400.0
2020-12-11,1607697000,19.956249237060547,20.19124984741211,19.487499237060547,20.162500381469727,169819200.0
2020-12-14,1607956200,20.403749465942383,21.006250381469727,20.396249771118164,20.592500686645508,146684800.0
2020-12-15,1608042600,21.072500228881836,21.251249313354492,20.614999771118164,21.232500076293945,157417600.0
2020-12-16,1608129000,21.346250534057617,21.78125,21.122499465942383,21.5887508392334,137590400.0
2020-12-17,1608215400,21.956249237060547,22.084999084472656,21.698749542236328,22.03125,139275200.0
2020-12-18,1608301800,22.19499969482422,22.238750457763672,21.31624984741211,21.791250228881836,168756000.0
2020-12-21,1608561000,21.196250915527344,21.827499389648438,20.584999084472656,21.709999084472656,203596800.0
2020-12-22,1608647400,21.912500381469727,22.0887508392334,21.272499084472656,21.881250381469727,160330400.0
2020-12-23,1608733800,21.8799991607666,21.969999313354492,21.522499084472656,21.551250457763672,119434400.0
2020-12-24,1608820200,21.613750457763672,21.93000030517578,21.59000015258789,21.831249237060547,77065600.0
2020-12-28,1609165800,22.395000457763672,22.594999313354492,22.00374984741211,22.486249923706055,117052800.0
2020-12-29,1609252200,22.793750762939453,22.924999237060547,22.35124969482422,22.552499771118164,121142400.0
2020-12-30,1609338600,22.806249618530273,22.875,22.408750534057617,22.548749923706055,104807200.0
2020-12-31,1609425000,22.533750534057617,22.809999465942383,22.291250228881836,22.725000381469727,106708000.0
2021-01-04,1609770600,23.010000228881836,23.048749923706055,20.853750228881836,21.731250762939453,197472000.0
2021-01-05,1609857000,21.53499984741211,22.31999969482422,21.53499984741211,22.2762508392334,118712800.0
2021-01-06,1609943400,21.237499237060547,22.292499542236328,21.02750015258789,21.354999542236328,210730400.0
2021-01-07,1610029800,21.921249389648438,23.081249237060547,21.918750762939453,22.897499084472656,123695200.0
2021-01-08,1610116200,23.41374969482422,23.860000610351562,22.924999237060547,23.78499984741211,152815200.0
2021-01-11,1610375400,23.10124969482422,23.36750030517578,22.60124969482422,22.733749389648438,140325600.0
2021-01-12,1610461800,22.764999389648438,23.001249313354492,22.049999237060547,22.635000228881836,146031200.0
2021-01-13,1610548200,22.696250915527344,23.27375030517578,22.5625,23.075000762939453,108750400.0
2021-01-14,1610634600,23.1875,23.417499542236328,22.6200008392334,22.7237491607666,118236000.0
2021-01-15,1610721000,22.676250457763672,22.891250610351562,21.885000228881836,22.171249389648438,141692000.0
2021-01-19,1611066600,22.681249618530273,23.258750915527344,22.450000762939453,23.13249969482422,120967200.0
2021-01-20,1611153000,23.9637508392334,24.971250534057617,23.88249969482422,24.7450008392334,121736000.0
2021-01-21,1611239400,25.0625,25.53499984741211,24.75,25.360000610351562,92168400.0
2021-01-22,1611325800,25.102500915527344,25.3799991607666,24.969999313354492,25.1299991607666,81878800.0
2021-01-25,1611585000,25.940000534057617,26.267499923706055,24.200000762939453,25.827499389648438,153170400.0
2021-01-26,1611671400,25.93000030517578,26.145000457763672,25.545000076293945,25.854999542236328,90968800.0
2021-01-27,1611757800,25.315000534057617,25.325000762939453,23.25,23.770000457763672,188900800.0
2021-01-28,1611844200,23.97249984741211,25.25,23.837499618530273,24.1200008392334,90021600.0
2021-01-29,1611930600,23.725000381469727,23.979999542236328,22.1875,22.61750030517578,184278400.0
2021-02-01,1612189800,23.387500762939453,24.50749969482422,22.934999465942383,24.280000686645508,105659600.0
2021-02-02,1612276200,24.97249984741211,25.739999771118164,24.940000534057617,25.454999923706055,92746400.0
2021-02-03,1612362600,25.982500076293945,26.0575008392334,25.162500381469727,25.162500381469727,95172000.0
2021-02-04,1612449000,25.510000228881836,26.075000762939453,25.1875,26.052499771118164,72808800.0
2021-02-05,1612535400,26.299999237060547,26.572500228881836,25.892499923706055,26.325000762939453,86615200.0
2021-02-08,1612794600,26.739999771118164,26.887500762939453,26.337499618530273,26.84000015258789,76994800.0
2021-02-09,1612881000,26.6200008392334,27.142499923706055,26.6200008392334,26.827499389648438,65768800.0
2021-02-10,1612967400,27.19499969482422,27.299999237060547,25.864999771118164,26.637500762939453,123548000.0
2021-02-11,1613053800,27.040000915527344,27.184999465942383,26.489999771118164,27.0674991607666,98860000.0
2021-02-12,1613140200,26.895000457763672,27.575000762939453,26.610000610351562,27.52750015258789,77471600.0
2021-02-16,1613485800,27.739999771118164,27.96500015258789,27.020000457763672,27.297500610351562,88663600.0
2021-02-17,1613572200,26.5575008392334,26.985000610351562,26.002500534057617,26.917499542236328,105986800.0
2021-02-18,1613658600,26.014999389648438,26.739999771118164,25.56999969482422,26.55500030517578,110202000.0
2021-02-19,1613745000,26.90999984741211,26.920000076293945,25.96500015258789,26.204999923706055,93377200.0
2021-02-22,1614004200,25.135000228881836,25.450000762939453,24.125,24.174999237060547,132734800.0
2021-02-23,1614090600,22.94499969482422,24.34000015258789,21.604999542236328,23.959999084472656,199274800.0
2021-02-24,1614177000,23.309999465942383,24.61750030517578,22.725000381469727,24.537500381469727,123042000.0
2021-02-25,1614263400,23.905000686645508,24.517499923706055,21.612499237060547,21.975000381469727,237792000.0
2021-02-26,1614349800,22.59749984741211,23.290000915527344,21.5625,22.30500030517578,209318400.0
2021-03-01,1614609000,23.34000015258789,24.327499389648438,23.047500610351562,24.25,133707200.0
2021-03-02,1614695400,24.385000228881836,24.422500610351562,23.024999618530273,23.087499618530273,151693200.0
2021-03-03,1614781800,22.842500686645508,23.049999237060547,21.0625,21.084999084472656,231542400.0
2021-03-04,1614868200,20.99250030517578,21.65999984741211,19.219999313354492,20.042499542236328,432037200.0
2021-03-05,1614954600,20.572500228881836,21.11750030517578,18.75749969482422,20.940000534057617,336656400.0
2021-03-08,1615213800,20.81999969482422,21.212499618530273,19.0674991607666,19.149999618530273,235731600.0
2021-03-09,1615300200,20.61750030517578,21.787500381469727,20.482500076293945,21.405000686645508,173429200.0
2021-03-10,1615386600,22.315000534057617,22.375,21.077499389648438,21.22249984741211,203371200.0
2021-03-11,1615473000,22.2549991607666,23.065000534057617,22.03499984741211,22.69499969482422,158935600.0
2021-03-12,1615559400,21.792499542236328,22.167499542236328,21.267499923706055,22.1299991607666,166590000.0
2021-03-15,1615818600,22.202499389648438,22.877500534057617,21.844999313354492,22.837499618530273,126701600.0
2021-03-16,1615905000,23.334999084472656,23.997499465942383,22.899999618530273,23.212499618530273,168770400.0
2021-03-17,1615991400,22.530000686645508,23.9325008392334,22.15250015258789,23.5049991607666,196370800.0
2021-03-18,1616077800,22.40250015258789,22.625,21.237499237060547,21.34749984741211,228253600.0
2021-03-19,1616164200,21.3125,21.887500762939453,20.850000381469727,21.6200008392334,193286400.0
2021-03-22,1616423400,22.072500228881836,23.217500686645508,22.072500228881836,22.772499084472656,141101200.0
2021-03-23,1616509800,23.012500762939453,23.3075008392334,22.292499542236328,22.475000381469727,187780800.0
2021-03-24,1616596200,22.772499084472656,22.780000686645508,21.3125,21.34000015258789,190483600.0
2021-03-25,1616682600,20.954999923706055,21.545000076293945,20.412500381469727,21.225000381469727,239874400.0
2021-03-26,1616769000,21.18000030517578,22.24250030517578,20.88249969482422,22.162500381469727,215060400.0
2021-03-29,1617028200,22.059999465942383,22.385000228881836,21.43000030517578,22.149999618530273,190589200.0
2021-03-30,1617114600,21.737499237060547,21.947500228881836,21.239999771118164,21.834999084472656,148349600.0
2021-03-31,1617201000,22.197500228881836,23.149999618530273,22.127500534057617,22.815000534057617,161968800.0
2021-04-01,1617287400,23.65999984741211,24.00749969482422,23.604999542236328,23.975000381469727,145087200.0
2021-04-05,1617633000,24.552499771118164,25.594999313354492,24.49250030517578,25.415000915527344,130539600.0
2021-04-06,1617719400,25.34000015258789,25.81999969482422,25.177499771118164,25.354999542236328,120606800.0
2021-04-07,1617805800,25.25749969482422,25.7450008392334,25.024999618530273,25.542499542236328,98987200.0
2021-04-08,1617892200,26.229999542236328,26.385000228881836,26.024999618530273,26.34000015258789,113619200.0
2021-04-09,1617978600,26.0049991607666,26.864999771118164,25.829999923706055,26.8174991607666,129438400.0
2021-04-12,1618237800,26.575000762939453,26.809999465942383,26.2450008392334,26.712499618530273,109632000.0
2021-04-13,1618324200,27.094999313354492,27.75,27.030000686645508,27.627500534057617,115022000.0
2021-04-14,1618410600,27.697500228881836,27.732500076293945,26.440000534057617,26.657499313354492,161227600.0
2021-04-15,1618497000,27.342500686645508,27.9424991607666,27.309999465942383,27.834999084472656,120798000.0
2021-04-16,1618583400,27.977500915527344,27.997499465942383,27.475000381469727,27.952499389648438,117488000.0
2021-04-19,1618842600,27.537500381469727,27.842500686645508,26.6875,27.190000534057617,159168000.0
2021-04-20,1618929000,27.012500762939453,27.329999923706055,26.09749984741211,26.594999313354492,158283600.0
2021-04-21,1619015400,26.25,27.3075008392334,26.0049991607666,27.267499923706055,111057200.0
2021-04-22,1619101800,27.167499542236328,27.407499313354492,25.985000610351562,26.274999618530273,174848400.0
2021-04-23,1619188200,26.43000030517578,27.579999923706055,26.43000030517578,27.264999389648438,107686000.0
2021-04-26,1619447400,27.327499389648438,27.86750030517578,27.137500762939453,27.80500030517578,99976800.0
2021-04-27,1619533800,27.86750030517578,27.917499542236328,27.1924991607666,27.440000534057617,119312800.0
2021-04-28,1619620200,27.34749984741211,27.600000381469727,26.99250030517578,27.157499313354492,118950000.0
2021-04-29,1619706600,27.96500015258789,28.0575008392334,26.645000457763672,27.43000030517578,148124400.0
2021-04-30,1619793000,26.822500228881836,27.450000762939453,26.672500610351562,26.915000915527344,118440400.0
2021-05-03,1620052200,27.190000534057617,27.372499465942383,26.357500076293945,26.475000381469727,134222000.0
2021-05-04,1620138600,25.862499237060547,25.922500610351562,24.112499237060547,25.079999923706055,211234000.0
2021-05-05,1620225000,25.510000228881836,25.712499618530273,24.600000381469727,24.787500381469727,136429200.0
2021-05-06,1620311400,24.717500686645508,25.3700008392334,24.197500228881836,25.329999923706055,169663200.0
2021-05-07,1620397800,25.99250030517578,26.520000457763672,25.6924991607666,25.950000762939453,158706800.0
2021-05-10,1620657000,25.622499465942383,25.665000915527344,23.940000534057617,24.0,184214800.0
2021-05-11,1620743400,22.647499084472656,24.059999465942383,22.5,23.8799991607666,228806800.0
2021-05-12,1620829800,22.7549991607666,23.287500381469727,21.829999923706055,22.0625,236158000.0
2021-05-13,1620916200,22.649999618530273,23.167499542236328,22.017499923706055,22.52750015258789,208602000.0
2021-05-14,1621002600,23.219999313354492,24.22249984741211,23.104999542236328,23.99250030517578,144263200.0
2021-05-17,1621261800,23.627500534057617,23.790000915527344,22.9325008392334,23.587499618530273,138542400.0
2021-05-18,1621348200,23.802499771118164,24.06999969482422,23.047500610351562,23.092500686645508,131684000.0
2021-05-19,1621434600,21.912500381469727,23.247499465942383,21.832500457763672,23.177499771118164,191889600.0
2021-05-20,1621521000,23.517499923706055,24.71500015258789,23.457500457763672,24.517499923706055,139226400.0
2021-05-21,1621607400,24.885000228881836,24.982500076293945,24.02750015258789,24.112499237060547,128133200.0
2021-05-24,1621866600,24.637500762939453,25.584999084472656,24.55500030517578,25.31999969482422,92181600.0
2021-05-25,1621953000,25.6875,25.860000610351562,25.157499313354492,25.4424991607666,106728800.0
2021-05-26,1622039400,25.59000015258789,25.809999465942383,25.43000030517578,25.700000762939453,78034800.0
2021-05-27,1622125800,25.592500686645508,25.790000915527344,25.360000610351562,25.399999618530273,83216800.0
2021-05-28,1622212200,25.69499969482422,26.024999618530273,25.575000762939453,25.647499084472656,81857200.0
2021-06-01,1622557800,25.962499618530273,26.075000762939453,25.072500228881836,25.397499084472656,103863600.0
2021-06-02,1622644200,25.487499237060547,25.74250030517578,25.13249969482422,25.530000686645508,83178800.0
2021-06-03,1622730600,24.872499465942383,25.167499542236328,24.344999313354492,24.727500915527344,121032000.0
2021-06-04,1622817000,25.157499313354492,26.09749984741211,25.13249969482422,25.9950008392334,91175200.0
2021-06-07,1623076200,25.857500076293945,26.24250030517578,25.702499389648438,26.225000381469727,62193200.0
2021-06-08,1623162600,26.645000457763672,26.854999542236328,25.857500076293945,26.2549991607666,92944400.0
2021-06-09,1623249000,26.59000015258789,26.780000686645508,26.232500076293945,26.28499984741211,77803600.0
2021-06-10,1623335400,26.357500076293945,27.125,26.25,27.09000015258789,117206800.0
2021-06-11,1623421800,27.104999542236328,27.309999465942383,26.940000534057617,27.30500030517578,68338800.0
2021-06-14,1623681000,27.40999984741211,28.092500686645508,27.125,28.06999969482422,90823200.0
2021-06-15,1623767400,28.0049991607666,28.084999084472656,27.364999771118164,27.549999237060547,90108000.0
2021-06-16,1623853800,27.655000686645508,27.917499542236328,26.3799991607666,27.2549991607666,157778000.0
2021-06-17,1623940200,26.989999771118164,28.520000457763672,26.982500076293945,28.272499084472656,144323600.0
2021-06-18,1624026600,27.852500915527344,28.145000457763672,27.420000076293945,27.59749984741211,142894400.0
2021-06-21,1624285800,27.657499313354492,28.200000762939453,27.09749984741211,28.102500915527344,107708400.0
2021-06-22,1624372200,28.077499389648438,29.012500762939453,27.99250030517578,28.887500762939453,103578800.0
2021-06-23,1624458600,28.892499923706055,29.239999771118164,28.732500076293945,28.9375,93996800.0
2021-06-24,1624545000,29.434999465942383,29.872499465942383,29.297500610351562,29.469999313354492,93672400.0
2021-06-25,1624631400,29.622499465942383,29.6875,29.212499618530273,29.377500534057617,86993200.0
2021-06-28,1624890600,29.6924991607666,30.469999313354492,29.684999465942383,30.417499542236328,88787600.0
2021-06-29,1624977000,30.389999389648438,30.770000457763672,30.167499542236328,30.760000228881836,74560000.0
2021-06-30,1625063400,30.72249984741211,30.825000762939453,30.462499618530273,30.625,80546800.0
2021-07-01,1625149800,30.520000457763672,30.78499984741211,30.162500381469727,30.639999389648438,83834800.0
2021-07-02,1625236200,31.15999984741211,31.787500381469727,31.094999313354492,31.68000030517578,93502000.0
2021-07-06,1625581800,31.862499237060547,32.189998626708984,31.125,32.10499954223633,109599600.0
2021-07-07,1625668200,32.724998474121094,32.80500030517578,31.774999618530273,32.310001373291016,115275600.0
2021-07-08,1625754600,30.922500610351562,31.96500015258789,30.559999465942383,31.75,152524400.0
2021-07-09,1625841000,31.56999969482422,32.45000076293945,31.407499313354492,32.287498474121094,92875600.0
2021-07-12,1626100200,32.70000076293945,32.8224983215332,32.26499938964844,32.692501068115234,87126000.0
2021-07-13,1626186600,32.595001220703125,33.51750183105469,32.45249938964844,32.67499923706055,119450000.0
2021-07-14,1626273000,33.34000015258789,33.52000045776367,32.63750076293945,32.852500915527344,136042800.0
2021-07-15,1626359400,32.852500915527344,32.89500045776367,31.614999771118164,32.17250061035156,137192800.0
2021-07-16,1626445800,32.415000915527344,32.6775016784668,31.292499542236328,31.38249969482422,127402800.0
2021-07-19,1626705000,30.452499389648438,30.75,29.917499542236328,30.6299991607666,202286400.0
2021-07-20,1626791400,30.860000610351562,32.07500076293945,30.387500762939453,31.639999389648438,121544800.0
2021-07-21,1626877800,31.577499389648438,32.397499084472656,31.5,32.36249923706055,81763200.0
2021-07-22,1626964200,32.462501525878906,33.04999923706055,32.459999084472656,33.04249954223633,94957600.0
2021-07-23,1627050600,33.42499923706055,34.27750015258789,33.0724983215332,34.13999938964844,103898400.0
2021-07-26,1627309800,34.005001068115234,34.39250183105469,33.7599983215332,34.282501220703125,85977600.0
2021-07-27,1627396200,34.20750045776367,34.20750045776367,31.957500457763672,33.162498474121094,178782000.0
2021-07-28,1627482600,33.46500015258789,33.96500015258789,32.817501068115234,33.525001525878906,143940400.0
2021-07-29,1627569000,33.369998931884766,34.029998779296875,33.36750030517578,33.689998626708984,88638400.0
2021-07-30,1627655400,32.587501525878906,33.337501525878906,32.567501068115234,33.185001373291016,113118800.0
2021-08-02,1627914600,33.6349983215332,33.79750061035156,33.005001068115234,33.17499923706055,109120000.0
2021-08-03,1628001000,33.36000061035156,33.79999923706055,32.462501525878906,33.752498626708984,126835600.0
2021-08-04,1628087400,33.772499084472656,34.189998626708984,33.45000076293945,33.91999816894531,96856800.0
2021-08-05,1628173800,34.13999938964844,34.619998931884766,33.95000076293945,34.557498931884766,77340400.0
2021-08-06,1628260200,34.1974983215332,34.48249816894531,33.790000915527344,34.10749816894531,86306000.0
2021-08-09,1628519400,34.227500915527344,34.44499969482422,33.91999816894531,34.290000915527344,68421600.0
2021-08-10,1628605800,34.442501068115234,34.52750015258789,33.43000030517578,33.77750015258789,106162400.0
2021-08-11,1628692200,34.125,34.26250076293945,33.209999084472656,33.595001220703125,93188000.0
2021-08-12,1628778600,33.45249938964844,34.04999923706055,33.060001373291016,33.94499969482422,79490800.0
2021-08-13,1628865000,34.04499816894531,34.40250015258789,33.907501220703125,34.28499984741211,73289600.0
2021-08-16,1629124200,33.98500061035156,34.35749816894531,32.875,34.345001220703125,122458400.0
2021-08-17,1629210600,33.5525016784668,33.837501525878906,32.74250030517578,33.442501068115234,166395200.0
2021-08-18,1629297000,33.275001525878906,33.68000030517578,32.377498626708984,32.470001220703125,130084800.0
2021-08-19,1629383400,31.934999465942383,33.400001525878906,31.862499237060547,32.932498931884766,163247600.0
2021-08-20,1629469800,33.23749923706055,34.067501068115234,33.14500045776367,33.95000076293945,125082400.0
2021-08-23,1629729000,34.25749969482422,35.67499923706055,34.25,35.462501525878906,96532400.0
2021-08-24,1629815400,35.65250015258789,35.98500061035156,35.51750183105469,35.8125,72686800.0
2021-08-25,1629901800,35.872501373291016,36.099998474121094,35.657501220703125,35.852500915527344,76127200.0
2021-08-26,1629988200,35.66749954223633,35.877498626708984,35.11000061035156,35.244998931884766,107004800.0
2021-08-27,1630074600,35.42250061035156,36.400001525878906,35.28499984741211,36.275001525878906,92320000.0
2021-08-30,1630333800,36.5,37.630001068115234,36.48749923706055,37.477500915527344,91270400.0
2021-08-31,1630420200,37.55500030517578,37.57500076293945,36.92250061035156,37.372501373291016,91796000.0
2021-09-01,1630506600,37.70750045776367,38.20500183105469,37.51750183105469,37.57749938964844,95568000.0
2021-09-02,1630593000,37.98749923706055,38.084999084472656,37.150001525878906,37.525001525878906,95038400.0
2021-09-03,1630679400,37.17499923706055,37.98500061035156,37.165000915527344,37.86249923706055,93201200.0
2021-09-07,1631025000,37.88750076293945,38.220001220703125,37.540000915527344,38.01750183105469,90370800.0
2021-09-08,1631111400,37.95249938964844,37.962501525878906,36.9275016784668,37.627498626708984,126846000.0
2021-09-09,1631197800,37.682498931884766,38.025001525878906,37.147499084472656,37.224998474121094,110573600.0
2021-09-10,1631284200,37.75,37.962501525878906,36.27750015258789,36.38750076293945,138435600.0
2021-09-13,1631543400,37.0724983215332,37.19499969482422,35.689998626708984,36.30500030517578,155549200.0
2021-09-14,1631629800,36.73749923706055,36.96500015258789,35.70500183105469,35.99250030517578,119258400.0
2021-09-15,1631716200,36.122501373291016,36.88999938964844,35.439998626708984,36.790000915527344,111785200.0
2021-09-16,1631802600,36.38750076293945,37.032501220703125,35.810001373291016,36.86249923706055,105230800.0
2021-09-17,1631889000,36.724998474121094,36.73249816894531,35.2400016784668,35.560001373291016,154650400.0
2021-09-20,1632148200,33.85499954223633,34.3650016784668,32.0,33.372501373291016,243827200.0
2021-09-21,1632234600,33.845001220703125,34.1875,33.147499084472656,33.415000915527344,143401200.0
2021-09-22,1632321000,33.71500015258789,34.807498931884766,33.40250015258789,34.39250183105469,175338800.0
2021-09-23,1632407400,34.727500915527344,35.64250183105469,34.54249954223633,35.34749984741211,138739200.0
2021-09-24,1632493800,34.68000030517578,35.5625,34.57500076293945,35.4474983215332,109550400.0
2021-09-27,1632753000,34.5525016784668,34.849998474121094,33.849998474121094,34.592498779296875,156710800.0
2021-09-28,1632839400,33.28499984741211,33.47249984741211,31.517499923706055,31.707500457763672,297646000.0
2021-09-29,1632925800,31.989999771118164,32.5724983215332,31.325000762939453,31.497499465942383,195061200.0
2021-09-30,1633012200,31.94499969482422,32.3849983215332,31.020000457763672,31.142499923706055,234624000.0
2021-10-01,1633098600,31.3125,32.002498626708984,30.209999084472656,31.709999084472656,208708000.0
2021-10-04,1633357800,31.274999618530273,31.372499465942383,29.11750030517578,29.760000228881836,257236000.0
2021-10-05,1633444200,29.99250030517578,31.5,29.93000030517578,30.905000686645508,162612800.0
2021-10-06,1633530600,30.065000534057617,31.579999923706055,29.815000534057617,31.514999389648438,234990800.0
2021-10-07,1633617000,32.33000183105469,33.084999084472656,32.182498931884766,32.36750030517578,150815200.0
2021-10-08,1633703400,32.66749954223633,32.72999954223633,31.74250030517578,31.8700008392334,157132000.0
2021-10-11,1633962600,31.46500015258789,32.42250061035156,31.135000228881836,31.162500381469727,136215200.0
2021-10-12,1634049000,31.542499542236328,31.655000686645508,30.65250015258789,30.844999313354492,174403600.0
2021-10-13,1634135400,31.44499969482422,31.737499237060547,30.899999618530273,31.5674991607666,140921200.0
2021-10-14,1634221800,32.52750015258789,33.36249923706055,32.349998474121094,33.310001373291016,121750000.0
2021-10-15,1634308200,33.650001525878906,33.962501525878906,33.35499954223633,33.9275016784668,102858000.0
2021-10-18,1634567400,33.5625,35.005001068115234,33.39500045776367,34.94499969482422,100876400.0
2021-10-19,1634653800,35.2599983215332,35.75749969482422,35.06999969482422,35.712501525878906,106450800.0
2021-10-20,1634740200,35.872501373291016,36.05500030517578,35.16999816894531,35.599998474121094,118709600.0
2021-10-21,1634826600,35.36000061035156,36.3025016784668,35.282501220703125,36.23749923706055,92100400.0
2021-10-22,1634913000,35.86750030517578,36.165000915527344,34.84000015258789,35.31999969482422,140248400.0
2021-10-25,1635172200,35.747501373291016,36.682498931884766,35.18000030517578,36.380001068115234,118951600.0
2021-10-26,1635258600,37.08000183105469,37.79999923706055,36.412498474121094,36.720001220703125,167975600.0
2021-10-27,1635345000,36.88999938964844,37.93000030517578,36.814998626708984,37.0099983215332,145068000.0
2021-10-28,1635431400,37.57749938964844,38.3125,37.349998474121094,38.224998474121094,130737600.0
2021-10-29,1635517800,37.29750061035156,38.849998474121094,37.19499969482422,38.790000915527344,134514400.0
2021-11-01,1635777000,38.95000076293945,39.23249816894531,38.29499816894531,39.17250061035156,130045600.0
2021-11-02,1635863400,39.00749969482422,39.842498779296875,38.9900016784668,39.69499969482422,120171200.0
2021-11-03,1635949800,39.834999084472656,41.08000183105469,39.51750183105469,40.95500183105469,145210400.0
2021-11-04,1636036200,41.35749816894531,42.837501525878906,41.182498931884766,42.48249816894531,160879600.0
2021-11-05,1636122600,43.1150016784668,43.415000915527344,42.182498931884766,42.63999938964844,170505600.0
2021-11-08,1636381800,42.625,42.974998474121094,42.26499938964844,42.46500015258789,112919600.0
2021-11-09,1636468200,42.8125,42.9474983215332,41.14250183105469,41.59000015258789,176237600.0
2021-11-10,1636554600,40.68000030517578,41.599998474121094,39.125,39.76750183105469,193953600.0
2021-11-11,1636641000,40.6875,40.747501373291016,39.974998474121094,40.09000015258789,115438000.0
2021-11-12,1636727400,40.45249938964844,41.51750183105469,39.9375,41.36249923706055,127640800.0
2021-11-15,1636986600,41.727500915527344,41.82749938964844,40.522499084472656,41.349998474121094,139458400.0
2021-11-16,1637073000,41.0724983215332,42.352500915527344,41.01499938964844,42.20500183105469,103181600.0
2021-11-17,1637159400,42.3025016784668,42.92250061035156,41.9474983215332,42.255001068115234,115936000.0
2021-11-18,1637245800,42.91999816894531,43.724998474121094,42.192501068115234,43.54750061035156,173683200.0
2021-11-19,1637332200,44.10749816894531,44.717498779296875,43.83000183105469,44.28499984741211,129214400.0
2021-11-22,1637591400,44.8224983215332,45.84000015258789,42.71500015258789,42.75,179044800.0
2021-11-23,1637677800,42.36249923706055,43.04249954223633,40.6974983215332,42.16749954223633,226025600.0
2021-11-24,1637764200,41.32749938964844,42.63999938964844,40.58250045776367,42.557498931884766,198241600.0
2021-11-26,1637937000,41.69499969482422,42.15999984741211,39.68000030517578,40.209999084472656,177682400.0
2021-11-29,1638196200,41.54999923706055,43.040000915527344,41.33250045776367,42.70750045776367,158932000.0
2021-11-30,1638282600,42.41999816894531,43.1974983215332,40.1775016784668,40.872501373291016,302586000.0
2021-12-01,1638369000,42.21500015258789,42.904998779296875,38.61750030517578,38.775001525878906,302551200.0
2021-12-02,1638455400,38.35499954223633,40.130001068115234,37.912498474121094,39.505001068115234,396432800.0
2021-12-03,1638541800,40.0,40.31999969482422,36.23249816894531,37.52000045776367,480573600.0
2021-12-06,1638801000,37.647499084472656,38.81999969482422,36.38249969482422,38.397499084472656,304828000.0
2021-12-07,1638887400,40.442501068115234,42.06999969482422,40.435001373291016,41.86000061035156,270578400.0
2021-12-08,1638973800,41.97249984741211,42.5,41.36750030517578,42.442501068115234,205243600.0
2021-12-09,1639060200,42.037498474121094,42.627498626708984,40.5,40.61000061035156,212802000.0
2021-12-10,1639146600,41.442501068115234,41.95750045776367,40.44499969482422,41.86750030517578,203075200.0
2021-12-13,1639405800,41.86750030517578,41.97249984741211,39.94499969482422,40.067501068115234,179145200.0
2021-12-14,1639492200,38.529998779296875,39.38999938964844,37.45750045776367,38.875,230933600.0
2021-12-15,1639578600,38.7400016784668,41.567501068115234,37.50749969482422,41.4474983215332,269061200.0
2021-12-16,1639665000,41.752498626708984,41.904998779296875,37.73749923706055,38.28499984741211,296220000.0
2021-12-17,1639751400,37.20750045776367,38.9474983215332,36.75,37.70000076293945,300020800.0
2021-12-20,1640010600,36.255001068115234,36.8125,35.625,36.5724983215332,241866000.0
2021-12-21,1640097000,37.540000915527344,39.11249923706055,36.4275016784668,39.01750183105469,219124800.0
2021-12-22,1640183400,38.89500045776367,40.5,38.70500183105469,40.40999984741211,177222800.0
2021-12-23,1640269800,40.54249954223633,41.8224983215332,40.49250030517578,41.369998931884766,131308400.0
2021-12-27,1640615400,41.772499084472656,43.38249969482422,41.75,43.34749984741211,125963200.0
2021-12-28,1640701800,43.689998626708984,43.744998931884766,42.50749969482422,42.837501525878906,144825200.0
2021-12-29,1640788200,42.82749938964844,43.247501373291016,41.98749923706055,42.77000045776367,115494800.0
2021-12-30,1640874600,42.692501068115234,43.415000915527344,42.192501068115234,42.369998931884766,113271600.0
2021-12-31,1640961000,42.157501220703125,42.599998474121094,41.4275016784668,41.58250045776367,120497200.0
2022-01-03,1641220200,41.95750045776367,42.86000061035156,41.279998779296875,42.782501220703125,153010400.0
2022-01-04,1641306600,42.95750045776367,42.97249984741211,40.09749984741211,41.119998931884766,213296400.0
2022-01-05,1641393000,40.595001220703125,40.93000030517578,37.25,37.337501525878906,266490400.0
2022-01-06,1641479400,36.75749969482422,38.20249938964844,36.10499954223633,37.23500061035156,308453200.0
2022-01-07,1641565800,37.224998474121094,37.73500061035156,35.5,36.01750183105469,285426800.0
2022-01-10,1641825000,34.587501525878906,36.23500061035156,33.025001525878906,36.150001525878906,358434800.0
2022-01-11,1641911400,35.85749816894531,37.75749969482422,35.2599983215332,37.7400016784668,308653600.0
2022-01-12,1641997800,38.49250030517578,38.98249816894531,37.470001220703125,38.16999816894531,276742400.0
2022-01-13,1642084200,38.564998626708984,38.775001525878906,35.0099983215332,35.400001525878906,173531800.0
2022-01-14,1642170600,34.54499816894531,36.03499984741211,34.5,35.935001373291016,178451600.0
2022-01-18,1642516200,34.244998931884766,34.86000061035156,33.029998779296875,33.345001220703125,155320000.0
2022-01-19,1642602600,33.68000030517578,34.35499954223633,32.08000183105469,32.185001373291016,183284400.0
2022-01-20,1642689000,33.0099983215332,34.09000015258789,30.75,30.940000534057617,172197000.0
2022-01-21,1642775400,30.309999465942383,31.014999389648438,28.25,28.334999084472656,342054600.0
2022-01-24,1643034600,26.924999237060547,28.875,24.084999084472656,28.7450008392334,510169200.0
2022-01-25,1643121000,27.075000762939453,28.155000686645508,25.875,26.625,347498000.0
2022-01-26,1643207400,28.4950008392334,29.424999237060547,25.684999465942383,26.575000762939453,415676200.0
2022-01-27,1643293800,27.700000762939453,28.1200008392334,25.520000457763672,25.780000686645508,323528200.0
2022-01-28,1643380200,26.200000762939453,28.229999542236328,25.049999237060547,28.184999465942383,334032400.0
2022-01-31,1643639400,28.524999618530273,31.030000686645508,28.110000610351562,30.915000915527344,227502200.0
2022-02-01,1643725800,31.209999084472656,31.674999237060547,29.864999771118164,31.5049991607666,203691600.0
2022-02-02,1643812200,32.61000061035156,32.685001373291016,31.174999237060547,32.25,201630400.0
2022-02-03,1643898600,29.65999984741211,30.53499984741211,28.059999465942383,28.3700008392334,211150000.0
2022-02-04,1643985000,28.434999465942383,30.204999923706055,27.94499969482422,29.350000381469727,193068800.0
2022-02-07,1644244200,29.53499984741211,30.135000228881836,28.360000610351562,28.684999465942383,153912200.0
2022-02-08,1644330600,28.399999618530273,29.915000915527344,28.114999771118164,29.65999984741211,158593200.0
2022-02-09,1644417000,30.780000686645508,31.540000915527344,30.3799991607666,31.5,151075400.0
2022-02-10,1644503400,29.655000686645508,31.454999923706055,28.899999618530273,29.40999984741211,254286600.0
2022-02-11,1644589800,29.389999389648438,29.774999618530273,26.280000686645508,26.639999389648438,268511200.0
2022-02-14,1644849000,26.450000762939453,27.485000610351562,25.850000381469727,26.71500015258789,190125000.0
2022-02-15,1644935400,27.915000915527344,28.719999313354492,27.674999237060547,28.649999618530273,163444600.0
2022-02-16,1645021800,28.135000228881836,28.899999618530273,27.350000381469727,28.645000457763672,186181000.0
2022-02-17,1645108200,27.81999969482422,28.024999618530273,25.985000610351562,26.104999542236328,157671200.0
2022-02-18,1645194600,26.295000076293945,26.395000457763672,24.655000686645508,25.219999313354492,226165400.0
2022-02-22,1645540200,24.520000457763672,25.75,23.604999542236328,24.440000534057617,262876200.0
2022-02-23,1645626600,25.1200008392334,25.315000534057617,22.485000610351562,22.56999969482422,260920400.0
2022-02-24,1645713000,20.3799991607666,24.924999237060547,20.30500030517578,24.780000686645508,389734800.0
2022-02-25,1645799400,25.0,26.0049991607666,24.125,25.954999923706055,238372200.0
2022-02-28,1646058600,25.229999542236328,26.594999313354492,24.959999084472656,26.229999542236328,243401000.0
2022-03-01,1646145000,25.959999084472656,26.485000610351562,24.424999237060547,25.020000457763672,248145000.0
2022-03-02,1646231400,25.334999084472656,26.524999618530273,24.709999084472656,26.21500015258789,219495800.0
2022-03-03,1646317800,26.875,26.889999389648438,24.684999465942383,25.1200008392334,223888600.0
2022-03-04,1646404200,24.584999084472656,24.899999618530273,23.5,24.045000076293945,231391000.0
2022-03-07,1646663400,24.024999618530273,24.270000457763672,21.315000534057617,21.360000610351562,249752600.0
2022-03-08,1646749800,21.19499969482422,23.0,20.385000228881836,21.065000534057617,355936000.0
2022-03-09,1646836200,22.700000762939453,23.600000381469727,22.174999237060547,23.31999969482422,219074200.0
2022-03-10,1646922600,22.450000762939453,22.809999465942383,21.594999313354492,22.56999969482422,225574800.0
2022-03-11,1647009000,23.170000076293945,23.235000610351562,21.045000076293945,21.170000076293945,197814800.0
2022-03-14,1647268200,20.905000686645508,21.565000534057617,19.780000686645508,19.93000030517578,246265200.0
2022-03-15,1647354600,20.434999465942383,21.94499969482422,20.1200008392334,21.774999618530273,211407200.0
2022-03-16,1647441000,22.579999923706055,24.239999771118164,21.844999313354492,24.219999313354492,326175000.0
2022-03-17,1647527400,23.795000076293945,25.094999313354492,23.520000457763672,25.030000686645508,192061600.0
2022-03-18,1647613800,24.729999542236328,26.704999923706055,24.46500015258789,26.584999084472656,201569600.0
2022-03-21,1647873000,26.43000030517578,26.96500015258789,25.385000228881836,26.395000457763672,221094600.0
2022-03-22,1647959400,26.53499984741211,28.170000076293945,26.434999465942383,27.954999923706055,186689200.0
2022-03-23,1648045800,27.280000686645508,28.135000228881836,26.75,26.774999618530273,205499400.0
2022-03-24,1648132200,27.21500015258789,28.545000076293945,26.704999923706055,28.510000228881836,171150600.0
2022-03-25,1648218600,28.520000457763672,28.780000686645508,27.424999237060547,28.46500015258789,198789400.0
2022-03-28,1648477800,28.459999084472656,29.80500030517578,28.165000915527344,29.760000228881836,183407400.0
2022-03-29,1648564200,30.760000228881836,31.479999542236328,30.06999969482422,31.28499984741211,204013400.0
2022-03-30,1648650600,30.84000015258789,31.270000457763672,29.899999618530273,30.344999313354492,167818800.0
2022-03-31,1648737000,30.31999969482422,30.415000915527344,28.950000762939453,29.09000015258789,168098800.0
2022-04-01,1648823400,29.21500015258789,29.40999984741211,28.200000762939453,28.96500015258789,176162600.0
2022-04-04,1649082600,29.190000534057617,30.774999618530273,29.114999771118164,30.774999618530273,137515000.0
2022-04-05,1649169000,30.40999984741211,30.579999923706055,28.43000030517578,28.739999771118164,172097600.0
2022-04-06,1649255400,27.40999984741211,27.684999465942383,26.200000762939453,26.850000381469727,296859800.0
2022-04-07,1649341800,26.614999771118164,27.545000076293945,25.790000915527344,27.024999618530273,229654000.0
2022-04-08,1649428200,26.610000610351562,26.795000076293945,25.75,25.920000076293945,204182400.0
2022-04-11,1649687400,24.915000915527344,25.135000228881836,23.975000381469727,24.079999923706055,185914600.0
2022-04-12,1649773800,25.079999923706055,25.489999771118164,23.44499969482422,23.770000457763672,247928200.0
2022-04-13,1649860200,23.829999923706055,25.420000076293945,23.665000915527344,25.19499969482422,190084600.0
2022-04-14,1649946600,25.209999084472656,25.325000762939453,23.415000915527344,23.5,167843600.0
2022-04-18,1650292200,23.235000610351562,24.0049991607666,22.90999984741211,23.565000534057617,175525400.0
2022-04-19,1650378600,23.364999771118164,25.209999084472656,23.155000686645508,25.079999923706055,172372600.0
2022-04-20,1650465000,25.28499984741211,25.3700008392334,23.719999313354492,23.950000762939453,215629400.0
2022-04-21,1650551400,24.81999969482422,25.385000228881836,22.295000076293945,22.545000076293945,268626400.0
2022-04-22,1650637800,22.524999618530273,22.78499984741211,20.639999389648438,20.7549991607666,248824800.0
2022-04-25,1650897000,20.405000686645508,21.579999923706055,20.155000686645508,21.524999618530273,332878800.0
2022-04-26,1650983400,21.110000610351562,21.145000457763672,19.049999237060547,19.104999542236328,332263200.0
2022-04-27,1651069800,19.084999084472656,20.110000610351562,18.684999465942383,19.020000457763672,316698600.0
2022-04-28,1651156200,19.915000915527344,21.364999771118164,19.139999389648438,21.030000686645508,344698400.0
2022-04-29,1651242600,20.19499969482422,20.885000228881836,18.100000381469727,18.264999389648438,320116800.0
2022-05-02,1651501800,18.125,19.139999389648438,17.565000534057617,19.125,311905600.0
2022-05-03,1651588200,19.094999313354492,19.584999084472656,18.649999618530273,19.170000076293945,285565600.0
2022-05-04,1651674600,19.2450008392334,21.225000381469727,18.264999389648438,21.06999969482422,438806800.0
2022-05-05,1651761000,20.25,20.2549991607666,17.260000228881836,17.93000030517578,455552600.0
2022-05-06,1651847400,17.545000076293945,18.264999389648438,16.549999237060547,17.30500030517578,466794400.0
2022-05-09,1652106600,16.280000686645508,16.709999084472656,15.005000114440918,15.260000228881836,420419800.0
2022-05-10,1652193000,16.360000610351562,16.540000915527344,15.140000343322754,15.78499984741211,463579600.0
2022-05-11,1652279400,15.425000190734863,16.299999237060547,14.234999656677246,14.380000114440918,529531800.0
2022-05-12,1652365800,13.71500015258789,14.944999694824219,13.345000267028809,14.265000343322754,590993000.0
2022-05-13,1652452200,14.925000190734863,16.0,14.6899995803833,15.8149995803833,395948000.0
2022-05-16,1652711400,15.5649995803833,15.890000343322754,15.09000015258789,15.324999809265137,318388000.0
2022-05-17,1652797800,16.21500015258789,16.540000915527344,15.619999885559082,16.479999542236328,307981400.0
2022-05-18,1652884200,15.729999542236328,15.845000267028809,13.845000267028809,14.074999809265137,328105200.0
2022-05-19,1652970600,13.770000457763672,14.510000228881836,13.520000457763672,13.789999961853027,392015600.0
2022-05-20,1653057000,14.324999809265137,14.420000076293945,12.46500015258789,13.670000076293945,458111200.0
2022-05-23,1653316200,13.824999809265137,14.414999961853027,13.479999542236328,14.345000267028809,341040600.0
2022-05-24,1653402600,13.574999809265137,13.680000305175781,12.71500015258789,13.449999809265137,366488600.0
2022-05-25,1653489000,13.220000267028809,14.300000190734863,13.194999694824219,13.989999771118164,361283800.0
2022-05-26,1653575400,13.880000114440918,15.390000343322754,13.84000015258789,15.15999984741211,337131600.0
2022-05-27,1653661800,15.649999618530273,16.670000076293945,15.635000228881836,16.645000457763672,315035800.0
2022-05-31,1654007400,16.649999618530273,17.0,15.864999771118164,16.524999618530273,369158600.0
2022-06-01,1654093800,16.854999542236328,17.21500015258789,15.774999618530273,16.139999389648438,398894200.0
2022-06-02,1654180200,15.960000038146973,17.489999771118164,15.725000381469727,17.450000762939453,336861400.0
2022-06-03,1654266600,16.56999969482422,16.815000534057617,15.880000114440918,16.06999969482422,324723800.0
2022-06-06,1654525800,16.809999465942383,17.065000534057617,16.0,16.270000457763672,300958600.0
2022-06-07,1654612200,15.710000038146973,16.799999237060547,15.524999618530273,16.665000915527344,274886600.0
2022-06-08,1654698600,16.540000915527344,16.969999313354492,16.165000915527344,16.325000762939453,225706000.0
2022-06-09,1654785000,16.03499984741211,16.530000686645508,14.96500015258789,14.994999885559082,275959400.0
2022-06-10,1654871400,14.130000114440918,14.3100004196167,13.335000038146973,13.395000457763672,343352200.0
2022-06-13,1655130600,12.135000228881836,12.489999771118164,11.40999984741211,11.539999961853027,426731400.0
2022-06-14,1655217000,11.819999694824219,11.9350004196167,11.260000228881836,11.614999771118164,393201000.0
2022-06-15,1655303400,12.029999732971191,12.960000038146973,11.670000076293945,12.449999809265137,549823000.0
2022-06-16,1655389800,11.494999885559082,11.5600004196167,10.65999984741211,10.930000305175781,424284400.0
2022-06-17,1655476200,11.03499984741211,11.640000343322754,10.824999809265137,11.335000038146973,441181000.0
2022-06-21,1655821800,11.90999984741211,12.489999771118164,11.890000343322754,12.1899995803833,318408200.0
2022-06-22,1655908200,11.854999542236328,12.725000381469727,11.774999618530273,12.145000457763672,388973600.0
2022-06-23,1655994600,12.470000267028809,12.78499984741211,12.085000038146973,12.664999961853027,365372800.0
2022-06-24,1656081000,13.055000305175781,14.020000457763672,13.024999618530273,13.989999771118164,303635000.0
2022-06-27,1656340200,14.175000190734863,14.25,13.5,13.65999984741211,338262000.0
2022-06-28,1656426600,13.729999542236328,14.104999542236328,12.380000114440918,12.414999961853027,373741600.0
2022-06-29,1656513000,12.390000343322754,12.645000457763672,12.050000190734863,12.4399995803833,380182200.0
2022-06-30,1656599400,12.029999732971191,12.444999694824219,11.375,12.0,512407800.0
2022-07-01,1656685800,11.800000190734863,12.25,11.550000190734863,12.194999694824219,417200800.0
2022-07-05,1657031400,11.704999923706055,12.84000015258789,11.5,12.824999809265137,441108000.0
2022-07-06,1657117800,12.885000228881836,13.359999656677246,12.640000343322754,13.069999694824219,412245800.0
2022-07-07,1657204200,13.1899995803833,14.0,13.1850004196167,13.880000114440918,275732600.0
2022-07-08,1657290600,13.494999885559082,14.154999732971191,13.354999542236328,13.944999694824219,319458400.0
2022-07-11,1657549800,13.600000381469727,13.635000228881836,12.930000305175781,13.055000305175781,258448200.0
2022-07-12,1657636200,13.220000267028809,13.489999771118164,12.454999923706055,12.675000190734863,319233000.0
2022-07-13,1657722600,11.920000076293945,12.914999961853027,11.845000267028809,12.595000267028809,361151000.0
2022-07-14,1657809000,12.234999656677246,12.84000015258789,11.8100004196167,12.725000381469727,351647000.0
2022-07-15,1657895400,13.135000228881836,13.425000190734863,12.904999732971191,13.395000457763672,308760400.0
2022-07-18,1658154600,13.805000305175781,14.0,12.90999984741211,13.085000038146973,319900400.0
2022-07-19,1658241000,13.574999809265137,14.3100004196167,13.345000267028809,14.229999542236328,298643400.0
2022-07-20,1658327400,14.329999923706055,15.125,14.220000267028809,14.944999694824219,377126200.0
2022-07-21,1658413800,15.005000114440918,15.59000015258789,14.609999656677246,15.579999923706055,319381800.0
2022-07-22,1658500200,15.4399995803833,15.765000343322754,14.475000381469727,14.765000343322754,298800800.0
2022-07-25,1658759400,14.765000343322754,14.835000038146973,14.204999923706055,14.545000076293945,220897600.0
2022-07-26,1658845800,14.244999885559082,14.28499984741211,13.524999618530273,13.664999961853027,231755600.0
2022-07-27,1658932200,14.300000190734863,15.625,14.21500015258789,15.369999885559082,341919000.0
2022-07-28,1659018600,15.34000015258789,15.90999984741211,14.760000228881836,15.8100004196167,324071800.0
2022-07-29,1659105000,16.065000534057617,16.825000762939453,15.835000038146973,16.68000030517578,292146400.0
2022-08-01,1659364200,16.389999389648438,17.209999084472656,16.219999313354492,16.655000686645508,285283000.0
2022-08-02,1659450600,16.270000457763672,17.174999237060547,16.104999542236328,16.5,325375000.0
2022-08-03,1659537000,16.774999618530273,17.975000381469727,16.655000686645508,17.81999969482422,294213800.0
2022-08-04,1659623400,17.844999313354492,18.135000228881836,17.479999542236328,18.075000762939453,253567200.0
2022-08-05,1659709800,17.21500015258789,17.989999771118164,17.075000762939453,17.645000457763672,283898600.0
2022-08-08,1659969000,17.799999237060547,18.415000915527344,17.219999313354492,17.46500015258789,267787800.0
2022-08-09,1660055400,17.139999389648438,17.184999465942383,16.594999313354492,16.864999771118164,218406000.0
2022-08-10,1660141800,18.06999969482422,18.31999969482422,17.655000686645508,18.25,271554400.0
2022-08-11,1660228200,18.665000915527344,19.010000228881836,17.834999084472656,17.975000381469727,273361000.0
2022-08-12,1660314600,18.299999237060547,19.024999618530273,18.1200008392334,18.989999771118164,211187000.0
2022-08-15,1660573800,18.825000762939453,19.540000915527344,18.81999969482422,19.44499969482422,196308400.0
2022-08-16,1660660200,19.280000686645508,19.690000534057617,18.764999389648438,19.31999969482422,220755800.0
2022-08-17,1660746600,18.7549991607666,19.165000915527344,18.274999618530273,18.649999618530273,262838400.0
2022-08-18,1660833000,18.6299991607666,18.979999542236328,18.344999313354492,18.774999618530273,192140800.0
2022-08-19,1660919400,18.239999771118164,18.350000381469727,17.53499984741211,17.674999237060547,224256600.0
2022-08-22,1661178600,16.94499969482422,16.985000610351562,16.1299991607666,16.28499984741211,224975400.0
2022-08-23,1661265000,16.21500015258789,16.674999237060547,16.100000381469727,16.229999542236328,219509800.0
2022-08-24,1661351400,16.149999618530273,16.649999618530273,16.049999237060547,16.354999542236328,187005600.0
2022-08-25,1661437800,16.639999389648438,17.219999313354492,16.469999313354492,17.21500015258789,222052600.0
2022-08-26,1661524200,17.174999237060547,17.3700008392334,15.100000381469727,15.119999885559082,366276600.0
2022-08-29,1661783400,14.675000190734863,15.0600004196167,14.479999542236328,14.654999732971191,248441000.0
2022-08-30,1661869800,14.895000457763672,14.975000381469727,13.779999732971191,14.164999961853027,327014800.0
2022-08-31,1661956200,14.579999923706055,14.699999809265137,13.885000228881836,13.904999732971191,341030600.0
2022-09-01,1662042600,13.539999961853027,13.96500015258789,13.010000228881836,13.920000076293945,397320400.0
2022-09-02,1662129000,14.319999694824219,14.520000457763672,13.085000038146973,13.34000015258789,454463000.0
2022-09-06,1662474600,13.380000114440918,13.510000228881836,12.729999542236328,13.03499984741211,361083400.0
2022-09-07,1662561000,13.09000015258789,13.949999809265137,13.055000305175781,13.805000305175781,331569600.0
2022-09-08,1662647400,13.515000343322754,14.210000038146973,13.319999694824219,14.029999732971191,410799800.0
2022-09-09,1662733800,14.34000015258789,15.010000228881836,14.329999923706055,14.920000076293945,298735800.0
2022-09-12,1662993000,15.149999618530273,15.515000343322754,15.095000267028809,15.46500015258789,273141200.0
2022-09-13,1663079400,14.119999885559082,14.305000305175781,12.779999732971191,12.920000076293945,391296600.0
2022-09-14,1663165800,13.0649995803833,13.335000038146973,12.819999694824219,13.210000038146973,309291800.0
2022-09-15,1663252200,12.9399995803833,13.274999618530273,12.324999809265137,12.545000076293945,393730600.0
2022-09-16,1663338600,12.104999542236328,12.364999771118164,11.835000038146973,12.300000190734863,392143600.0
2022-09-19,1663597800,11.970000267028809,12.614999771118164,11.960000038146973,12.595000267028809,302692600.0
2022-09-20,1663684200,12.265000343322754,12.595000267028809,11.989999771118164,12.295000076293945,322118600.0
2022-09-21,1663770600,12.404999732971191,12.960000038146973,11.614999771118164,11.619999885559082,591115200.0
2022-09-22,1663857000,11.425000190734863,11.555000305175781,11.03499984741211,11.1899995803833,431084000.0
2022-09-23,1663943400,10.899999618530273,10.930000305175781,10.225000381469727,10.654999732971191,561304000.0
2022-09-26,1664202600,10.579999923706055,11.104999542236328,10.414999961853027,10.510000228881836,490607800.0
2022-09-27,1664289000,10.90999984741211,11.175000190734863,10.25,10.520000457763672,543921200.0
2022-09-28,1664375400,10.515000343322754,11.295000076293945,10.34000015258789,11.135000228881836,512039000.0
2022-09-29,1664461800,10.654999732971191,10.694999694824219,9.8100004196167,10.194999694824219,540195600.0
2022-09-30,1664548200,10.079999923706055,10.545000076293945,9.640000343322754,9.65999984741211,513197600.0
2022-10-03,1664807400,9.850000381469727,10.505000114440918,9.680000305175781,10.329999923706055,447222600.0
2022-10-04,1664893800,10.949999809265137,11.385000228881836,10.944999694824219,11.289999961853027,463323600.0
2022-10-05,1664980200,10.835000038146973,11.5,10.505000114440918,11.289999961853027,458399000.0
2022-10-06,1665066600,11.149999618530273,11.529999732971191,10.960000038146973,11.005000114440918,475087200.0
2022-10-07,1665153000,10.4399995803833,10.454999923706055,9.579999923706055,9.75,501945200.0
2022-10-10,1665412200,9.760000228881836,9.805000305175781,9.149999618530273,9.444999694824219,412999600.0
2022-10-11,1665498600,9.260000228881836,9.569999694824219,8.869999885559082,9.069999694824219,529747000.0
2022-10-12,1665585000,9.114999771118164,9.319999694824219,8.96500015258789,9.050000190734863,401483800.0
2022-10-13,1665671400,8.260000228881836,9.8100004196167,8.15999984741211,9.654999732971191,829507200.0
2022-10-14,1665757800,9.925000190734863,9.989999771118164,8.729999542236328,8.78499984741211,670132600.0
2022-10-17,1666017000,9.404999732971191,9.75,9.399999618530273,9.649999618530273,460050800.0
2022-10-18,1666103400,10.4350004196167,10.5,9.585000038146973,9.890000343322754,692553800.0
2022-10-19,1666189800,9.704999923706055,10.119999885559082,9.505000114440918,9.770000457763672,519702200.0
2022-10-20,1666276200,9.664999961853027,10.234999656677246,9.479999542236328,9.604999542236328,529703000.0
2022-10-21,1666362600,9.489999771118164,10.345000267028809,9.364999771118164,10.28499984741211,627458000.0
2022-10-24,1666621800,10.3149995803833,10.734999656677246,9.899999618530273,10.635000228881836,549244000.0
2022-10-25,1666708200,10.739999771118164,11.319999694824219,10.734999656677246,11.274999618530273,476799600.0
2022-10-26,1666794600,10.59000015258789,11.25,10.46500015258789,10.529999732971191,558931800.0
2022-10-27,1666881000,10.395000457763672,10.5600004196167,9.885000228881836,9.949999809265137,513258800.0
2022-10-28,1666967400,9.875,10.904999732971191,9.854999542236328,10.850000381469727,510777200.0
2022-10-31,1667226600,10.59000015258789,10.6850004196167,10.244999885559082,10.475000381469727,419122200.0
2022-11-01,1667313000,10.869999885559082,10.9350004196167,10.104999542236328,10.149999618530273,430464800.0
2022-11-02,1667399400,10.140000343322754,10.489999771118164,9.09000015258789,9.100000381469727,662952600.0
2022-11-03,1667485800,8.824999809265137,8.975000381469727,8.520000457763672,8.574999809265137,424463600.0
2022-11-04,1667572200,9.0649995803833,9.175000190734863,8.425000190734863,8.975000381469727,764740400.0
2022-11-07,1667831400,9.079999923706055,9.319999694824219,8.854999542236328,9.260000228881836,401886800.0
2022-11-08,1667917800,9.425000190734863,9.8100004196167,9.045000076293945,9.460000038146973,592112600.0
2022-11-09,1668004200,9.265000343322754,9.350000381469727,8.765000343322754,8.800000190734863,431138200.0
2022-11-10,1668090600,10.074999809265137,10.770000457763672,9.850000381469727,10.725000381469727,656884800.0
2022-11-11,1668177000,10.71500015258789,11.414999961853027,10.5600004196167,11.335000038146973,614268400.0
2022-11-14,1668436200,11.085000038146973,11.479999542236328,10.90999984741211,11.03499984741211,428451800.0
2022-11-15,1668522600,11.824999809265137,11.975000381469727,11.09000015258789,11.479999542236328,636531400.0
2022-11-16,1668609000,11.25,11.289999961853027,10.90999984741211,11.015000343322754,383358800.0
2022-11-17,1668695400,10.475000381469727,11.104999542236328,10.454999923706055,10.930000305175781,426924400.0
2022-11-18,1668781800,11.279999732971191,11.289999961853027,10.640000343322754,10.920000076293945,389577000.0
2022-11-21,1669041000,10.760000228881836,10.899999618530273,10.484999656677246,10.59000015258789,288222600.0
2022-11-22,1669127400,10.664999961853027,11.050000190734863,10.414999961853027,11.03499984741211,292477200.0
2022-11-23,1669213800,11.024999618530273,11.4350004196167,11.005000114440918,11.364999771118164,357567000.0
2022-11-25,1669386600,11.170000076293945,11.25,11.074999809265137,11.130000114440918,134753000.0
2022-11-28,1669645800,10.899999618530273,11.135000228881836,10.529999732971191,10.640000343322754,262765200.0
2022-11-29,1669732200,10.65999984741211,10.710000038146973,10.234999656677246,10.385000228881836,275805400.0
2022-11-30,1669818600,10.425000190734863,11.824999809265137,10.324999809265137,11.779999732971191,545469800.0
2022-12-01,1669905000,11.850000381469727,12.085000038146973,11.505000114440918,11.845000267028809,411007200.0
2022-12-02,1669991400,11.225000381469727,11.8149995803833,11.194999694824219,11.704999923706055,363310000.0
2022-12-05,1670250600,11.4399995803833,11.600000381469727,10.930000305175781,11.114999771118164,301980000.0
2022-12-06,1670337000,11.09000015258789,11.104999542236328,10.25,10.40999984741211,339801000.0
2022-12-07,1670423400,10.279999732971191,10.515000343322754,10.09000015258789,10.28499984741211,347335800.0
2022-12-08,1670509800,10.4350004196167,10.75,10.194999694824219,10.649999618530273,377840200.0
2022-12-09,1670596200,10.524999618530273,10.845000267028809,10.385000228881836,10.444999694824219,354007800.0
2022-12-12,1670855400,10.454999923706055,10.829999923706055,10.335000038146973,10.824999809265137,225655000.0
2022-12-13,1670941800,12.09000015258789,12.114999771118164,10.859999656677246,11.164999961853027,695385600.0
2022-12-14,1671028200,11.104999542236328,11.494999885559082,10.539999961853027,10.899999618530273,578911000.0
2022-12-15,1671114600,10.430000305175781,10.515000343322754,9.675000190734863,9.819999694824219,428053200.0
2022-12-16,1671201000,9.739999771118164,9.904999732971191,9.354999542236328,9.529999732971191,351284200.0
2022-12-19,1671460200,9.550000190734863,9.5649995803833,8.989999771118164,9.135000228881836,310533000.0
2022-12-20,1671546600,9.0,9.279999732971191,8.835000038146973,9.095000267028809,345762400.0
2022-12-21,1671633000,9.204999923706055,9.625,9.114999771118164,9.489999771118164,326374600.0
2022-12-22,1671719400,9.114999771118164,9.125,8.289999961853027,8.770000457763672,460900400.0
2022-12-23,1671805800,8.604999542236328,8.859999656677246,8.414999961853027,8.795000076293945,330134600.0
2022-12-27,1672151400,8.729999542236328,8.739999771118164,8.359999656677246,8.420000076293945,263200600.0
2022-12-28,1672237800,8.375,8.600000381469727,8.050000190734863,8.079999923706055,364869200.0
2022-12-29,1672324200,8.335000038146973,8.75,8.265000343322754,8.649999618530273,306109800.0
2022-12-30,1672410600,8.380000114440918,8.649999618530273,8.25,8.649999618530273,301941200.0
2023-01-03,1672756200,8.869999885559082,9.020000457763672,8.234999656677246,8.454999923706055,359851800.0
2023-01-04,1672842600,8.664999961853027,8.744999885559082,8.270000457763672,8.585000038146973,435272800.0
2023-01-05,1672929000,8.404999732971191,8.425000190734863,8.140000343322754,8.180000305175781,362504000.0
2023-01-06,1673015400,8.324999809265137,8.949999809265137,8.050000190734863,8.819999694824219,466895200.0
2023-01-09,1673274600,9.039999961853027,9.479999542236328,8.944999694824219,9.005000114440918,372042800.0
2023-01-10,1673361000,8.90999984741211,9.244999885559082,8.850000381469727,9.244999885559082,328723000.0
2023-01-11,1673447400,9.34000015258789,9.71500015258789,9.260000228881836,9.704999923706055,302550000.0
2023-01-12,1673533800,9.760000228881836,9.960000038146973,9.295000076293945,9.854999542236328,561852600.0
2023-01-13,1673620200,9.585000038146973,10.085000038146973,9.550000190734863,10.050000190734863,319566000.0
2023-01-17,1673965800,10.029999732971191,10.255000114440918,9.904999732971191,10.104999542236328,279515800.0
2023-01-18,1674052200,10.289999961853027,10.454999923706055,9.694999694824219,9.729999542236328,373300200.0
2023-01-19,1674138600,9.53499984741211,9.654999732971191,9.289999961853027,9.425000190734863,332741400.0
2023-01-20,1674225000,9.59000015258789,10.225000381469727,9.479999542236328,10.194999694824219,322650400.0
2023-01-23,1674484200,10.274999618530273,11.0,10.1899995803833,10.864999771118164,388084200.0
2023-01-24,1674570600,10.680000305175781,10.9350004196167,10.619999885559082,10.800000190734863,290013000.0
2023-01-25,1674657000,10.279999732971191,10.795000076293945,9.989999771118164,10.720000267028809,436167200.0
2023-01-26,1674743400,11.109999656677246,11.359999656677246,10.800000190734863,11.34000015258789,406837800.0
2023-01-27,1674829800,11.180000305175781,11.90999984741211,11.164999961853027,11.664999961853027,376822200.0
2023-01-30,1675089000,11.274999618530273,11.449999809265137,10.925000190734863,10.96500015258789,347816000.0
2023-01-31,1675175400,10.970000267028809,11.460000038146973,10.949999809265137,11.454999923706055,316513800.0
2023-02-01,1675261800,11.430000305175781,12.475000381469727,11.180000305175781,12.194999694824219,543277600.0
2023-02-02,1675348200,12.979999542236328,13.725000381469727,12.875,13.454999923706055,535770200.0
2023-02-03,1675434600,12.604999542236328,13.569999694824219,12.555000305175781,12.760000228881836,534808400.0
2023-02-06,1675693800,12.425000190734863,12.725000381469727,12.260000228881836,12.4350004196167,323632400.0
2023-02-07,1675780200,12.414999961853027,13.345000267028809,12.270000457763672,13.204999923706055,519789200.0
2023-02-08,1675866600,13.024999618530273,13.149999618530273,12.404999732971191,12.494999885559082,362514400.0
2023-02-09,1675953000,13.024999618530273,13.045000076293945,11.96500015258789,12.15999984741211,395196800.0
2023-02-10,1676039400,11.880000114440918,12.130000114440918,11.609999656677246,11.90999984741211,367863400.0
2023-02-13,1676298600,12.069999694824219,12.550000190734863,11.925000190734863,12.475000381469727,279739800.0
2023-02-14,1676385000,12.270000457763672,12.869999885559082,12.024999618530273,12.744999885559082,511474400.0
2023-02-15,1676471400,12.510000228881836,13.050000190734863,12.425000190734863,13.029999732971191,275527400.0
2023-02-16,1676557800,12.414999961853027,12.9350004196167,12.265000343322754,12.28499984741211,388993000.0
2023-02-17,1676644200,12.015000343322754,12.114999771118164,11.649999618530273,12.020000457763672,389804800.0
2023-02-21,1676989800,11.550000190734863,11.725000381469727,11.145000457763672,11.175000190734863,300937600.0
2023-02-22,1677076200,11.225000381469727,11.425000190734863,10.989999771118164,11.1850004196167,334677400.0
2023-02-23,1677162600,11.595000267028809,11.614999771118164,10.975000381469727,11.46500015258789,359540000.0
2023-02-24,1677249000,10.875,11.015000343322754,10.675000190734863,10.885000228881836,345563600.0
2023-02-27,1677508200,11.239999771118164,11.399999618530273,11.050000190734863,11.119999885559082,277508800.0
2023-02-28,1677594600,11.039999961853027,11.359999656677246,11.0,11.0649995803833,254631600.0
2023-03-01,1677681000,11.029999732971191,11.104999542236328,10.6850004196167,10.795000076293945,308773800.0
2023-03-02,1677767400,10.505000114440918,11.149999618530273,10.475000381469727,11.055000305175781,315874600.0
2023-03-03,1677853800,11.25,11.765000343322754,11.1899995803833,11.729999542236328,303353200.0
2023-03-06,1678113000,11.880000114440918,12.239999771118164,11.75,11.779999732971191,303699800.0
2023-03-07,1678199400,11.779999732971191,11.890000343322754,11.260000228881836,11.34000015258789,352663000.0
2023-03-08,1678285800,11.375,11.569999694824219,11.164999961853027,11.494999885559082,290985600.0
2023-03-09,1678372200,11.555000305175781,11.854999542236328,10.795000076293945,10.890000343322754,393667400.0
2023-03-10,1678458600,10.90999984741211,11.079999923706055,10.3100004196167,10.4399995803833,629715200.0
2023-03-13,1678717800,10.234999656677246,11.074999809265137,10.0649995803833,10.664999961853027,659081400.0
2023-03-14,1678804200,11.0600004196167,11.454999923706055,10.960000038146973,11.390000343322754,434325800.0
2023-03-15,1678890600,11.085000038146973,11.609999656677246,10.914999961853027,11.555000305175781,549118800.0
2023-03-16,1678977000,11.4399995803833,12.515000343322754,11.359999656677246,12.470000267028809,456714200.0
2023-03-17,1679063400,12.46500015258789,12.755000114440918,12.050000190734863,12.28499984741211,403540600.0
2023-03-20,1679322600,12.21500015258789,12.460000038146973,11.944999694824219,12.414999961853027,328356000.0
2023-03-21,1679409000,12.654999732971191,13.0,12.46500015258789,12.9399995803833,270290200.0
2023-03-22,1679495400,12.854999542236328,13.479999542236328,12.324999809265137,12.34000015258789,475836200.0
2023-03-23,1679581800,12.800000190734863,13.305000305175781,12.4399995803833,12.779999732971191,392994400.0
2023-03-24,1679668200,12.720000267028809,12.920000076293945,12.420000076293945,12.90999984741211,338830200.0
2023-03-27,1679927400,12.994999885559082,13.130000114440918,12.529999732971191,12.645000457763672,273591200.0
2023-03-28,1680013800,12.569999694824219,12.569999694824219,12.145000457763672,12.4350004196167,236041400.0
2023-03-29,1680100200,12.880000114440918,13.1850004196167,12.78499984741211,13.114999771118164,238730600.0
2023-03-30,1680186600,13.40999984741211,13.545000076293945,13.244999885559082,13.470000267028809,260300000.0
2023-03-31,1680273000,13.5,14.15999984741211,13.454999923706055,14.130000114440918,254044200.0
2023-04-03,1680532200,13.84000015258789,14.0600004196167,13.664999961853027,14.029999732971191,250232600.0
2023-04-04,1680618600,14.079999923706055,14.21500015258789,13.710000038146973,13.890000343322754,232180800.0
2023-04-05,1680705000,13.734999656677246,13.760000228881836,13.204999923706055,13.444999694824219,258274000.0
2023-04-06,1680791400,13.229999542236328,13.779999732971191,13.055000305175781,13.71500015258789,241920600.0
2023-04-10,1681137000,13.319999694824219,13.6899995803833,13.085000038146973,13.6850004196167,237057600.0
2023-04-11,1681223400,13.680000305175781,13.6850004196167,13.350000381469727,13.420000076293945,208521600.0
2023-04-12,1681309800,13.670000076293945,13.744999885559082,13.0,13.0649995803833,348038600.0
2023-04-13,1681396200,13.265000343322754,13.869999885559082,13.244999885559082,13.8149995803833,247523000.0
2023-04-14,1681482600,13.604999542236328,13.96500015258789,13.350000381469727,13.734999656677246,285332200.0
2023-04-17,1681741800,13.675000190734863,13.8100004196167,13.404999732971191,13.75,228617800.0
2023-04-18,1681828200,14.03499984741211,14.09000015258789,13.600000381469727,13.760000228881836,212829800.0
2023-04-19,1681914600,13.4350004196167,13.869999885559082,13.420000076293945,13.729999542236328,191850600.0
2023-04-20,1682001000,13.335000038146973,13.789999961853027,13.234999656677246,13.40999984741211,273695200.0
2023-04-21,1682087400,13.350000381469727,13.545000076293945,13.125,13.4350004196167,228888000.0
2023-04-24,1682346600,13.404999732971191,13.585000038146973,13.069999694824219,13.354999542236328,215290800.0
2023-04-25,1682433000,13.140000343322754,13.225000381469727,12.585000038146973,12.600000381469727,276576000.0
2023-04-26,1682519400,13.010000228881836,13.194999694824219,12.755000114440918,12.8100004196167,249724600.0
2023-04-27,1682605800,13.279999732971191,13.914999961853027,13.194999694824219,13.845000267028809,255631200.0
2023-04-28,1682692200,13.819999694824219,14.140000343322754,13.664999961853027,14.125,261072200.0
2023-05-01,1682951400,14.069999694824219,14.265000343322754,13.9350004196167,14.085000038146973,178002600.0
2023-05-02,1683037800,14.069999694824219,14.109999656677246,13.479999542236328,13.710000038146973,249312000.0
2023-05-03,1683124200,13.75,14.100000381469727,13.414999961853027,13.4399995803833,340267600.0
2023-05-04,1683210600,13.390000343322754,13.539999961853027,13.140000343322754,13.289999961853027,242621600.0
2023-05-05,1683297000,13.5600004196167,14.229999542236328,13.515000343322754,14.104999542236328,195603200.0
2023-05-08,1683556200,14.050000190734863,14.270000457763672,13.90999984741211,14.220000267028809,151477000.0
2023-05-09,1683642600,13.994999885559082,14.109999656677246,13.904999732971191,13.944999694824219,129681400.0
2023-05-10,1683729000,14.260000228881836,14.510000228881836,13.9350004196167,14.395000457763672,303102000.0
2023-05-11,1683815400,14.454999923706055,14.595000267028809,14.244999885559082,14.515000343322754,194683000.0
2023-05-12,1683901800,14.59000015258789,14.649999618530273,14.085000038146973,14.364999771118164,210763400.0
2023-05-15,1684161000,14.425000190734863,14.625,14.21500015258789,14.585000038146973,172935200.0
2023-05-16,1684247400,14.489999771118164,14.869999885559082,14.479999542236328,14.640000343322754,159327000.0
2023-05-17,1684333800,14.774999618530273,15.239999771118164,14.614999771118164,15.164999961853027,202209200.0
2023-05-18,1684420200,15.199999809265137,16.020000457763672,15.199999809265137,15.979999542236328,271867600.0
2023-05-19,1684506600,16.014999389648438,16.1200008392334,15.725000381469727,15.869999885559082,198058400.0
2023-05-22,1684765800,15.84000015258789,16.18000030517578,15.835000038146973,16.03499984741211,166624800.0
2023-05-23,1684852200,15.779999732971191,15.949999809265137,15.364999771118164,15.414999961853027,212630000.0
2023-05-24,1684938600,15.135000228881836,15.350000381469727,14.885000228881836,15.164999961853027,235945000.0
2023-05-25,1685025000,16.18000030517578,16.434999465942383,15.84000015258789,16.260000228881836,261747000.0
2023-05-26,1685111400,16.405000686645508,17.625,16.395000457763672,17.489999771118164,252784400.0
2023-05-30,1685457000,18.155000686645508,18.334999084472656,17.520000457763672,17.735000610351562,270612800.0
2023-05-31,1685543400,17.485000610351562,17.795000076293945,17.200000762939453,17.375,210289000.0
2023-06-01,1685629800,17.3700008392334,18.21500015258789,17.204999923706055,18.0049991607666,216759200.0
2023-06-02,1685716200,18.280000686645508,18.594999313354492,18.0049991607666,18.40999984741211,216505600.0
2023-06-05,1685975400,18.3799991607666,18.850000381469727,18.280000686645508,18.450000762939453,206261800.0
2023-06-06,1686061800,18.344999313354492,18.579999923706055,18.1299991607666,18.43000030517578,159509000.0
2023-06-07,1686148200,18.469999313354492,18.780000686645508,17.385000228881836,17.489999771118164,228485400.0
2023-06-08,1686234600,17.510000228881836,18.190000534057617,17.475000381469727,18.09000015258789,188153800.0
2023-06-09,1686321000,18.34000015258789,18.809999465942383,18.100000381469727,18.309999465942383,207944000.0
2023-06-12,1686580200,18.575000762939453,19.2549991607666,18.420000076293945,19.2450008392334,154857400.0
2023-06-13,1686666600,19.684999465942383,19.815000534057617,19.15999984741211,19.674999237060547,266534200.0
2023-06-14,1686753000,19.674999237060547,20.149999618530273,19.209999084472656,20.094999313354492,305313000.0
2023-06-15,1686839400,19.8700008392334,21.045000076293945,19.7549991607666,20.799999237060547,255874000.0
2023-06-16,1686925800,21.204999923706055,21.219999313354492,20.325000762939453,20.399999618530273,224810400.0
2023-06-20,1687271400,20.145000457763672,20.540000915527344,19.799999237060547,20.299999237060547,168249800.0
2023-06-21,1687357800,20.040000915527344,20.110000610351562,19.25,19.424999237060547,199266600.0
2023-06-22,1687444200,19.184999465942383,20.094999313354492,19.1200008392334,20.06999969482422,210199200.0
2023-06-23,1687530600,19.415000915527344,19.854999542236328,19.190000534057617,19.475000381469727,225152400.0
2023-06-26,1687789800,19.3799991607666,19.834999084472656,18.670000076293945,18.704999923706055,216900000.0
2023-06-27,1687876200,18.924999237060547,19.75,18.799999237060547,19.6299991607666,195354000.0
2023-06-28,1687962600,19.334999084472656,20.06999969482422,19.315000534057617,19.75,217352600.0
2023-06-29,1688049000,19.68000030517578,19.780000686645508,19.334999084472656,19.614999771118164,198266400.0
2023-06-30,1688135400,20.200000762939453,20.674999237060547,20.145000457763672,20.5,184308800.0
2023-07-03,1688394600,20.600000381469727,20.7450008392334,20.420000076293945,20.639999389648438,79868000.0
2023-07-05,1688567400,20.360000610351562,20.920000076293945,20.354999542236328,20.625,139007400.0
2023-07-06,1688653800,19.985000610351562,20.209999084472656,19.645000457763672,20.139999389648438,170473400.0
2023-07-07,1688740200,20.094999313354492,20.6299991607666,19.889999389648438,19.934999465942383,168624800.0
2023-07-10,1688999400,19.8799991607666,20.05500030517578,19.46500015258789,19.950000762939453,172013600.0
2023-07-11,1689085800,20.010000228881836,20.309999465942383,19.649999618530273,20.235000610351562,162478600.0
2023-07-12,1689172200,20.915000915527344,21.219999313354492,20.575000762939453,20.985000610351562,230335400.0
2023-07-13,1689258600,21.510000228881836,22.18000030517578,21.415000915527344,22.030000686645508,164773200.0
2023-07-14,1689345000,22.110000610351562,22.68000030517578,21.860000610351562,22.010000228881836,186056400.0
2023-07-17,1689604200,22.139999389648438,22.78499984741211,22.05500030517578,22.6200008392334,145525200.0
2023-07-18,1689690600,22.510000228881836,23.420000076293945,22.155000686645508,23.15999984741211,196113200.0
2023-07-19,1689777000,23.364999771118164,23.56999969482422,22.90999984741211,23.15999984741211,200573800.0
2023-07-20,1689863400,22.579999923706055,22.850000381469727,21.344999313354492,21.53499984741211,233862800.0
2023-07-21,1689949800,21.940000534057617,22.09000015258789,21.2549991607666,21.344999313354492,205108600.0
2023-07-24,1690209000,21.489999771118164,21.655000686645508,21.100000381469727,21.43000030517578,126429200.0
2023-07-25,1690295400,21.540000915527344,22.139999389648438,21.540000915527344,21.860000610351562,138199200.0
2023-07-26,1690381800,21.65999984741211,21.924999237060547,21.219999313354492,21.635000228881836,205764600.0
2023-07-27,1690468200,22.55500030517578,22.844999313354492,21.225000381469727,21.450000762939453,261103200.0
2023-07-28,1690554600,22.149999618530273,22.795000076293945,22.065000534057617,22.610000610351562,204487600.0
2023-07-31,1690813800,22.665000915527344,22.854999542236328,22.40999984741211,22.655000686645508,159009200.0
2023-08-01,1690900200,22.395000457763672,22.614999771118164,22.104999542236328,22.479999542236328,153056600.0
2023-08-02,1690986600,21.844999313354492,21.850000381469727,20.764999389648438,21.010000228881836,258044000.0
2023-08-03,1691073000,20.55500030517578,21.229999542236328,20.524999618530273,20.860000610351562,201340200.0
2023-08-04,1691159400,21.19499969482422,21.584999084472656,20.485000610351562,20.56999969482422,247452800.0
2023-08-07,1691418600,20.864999771118164,21.100000381469727,20.469999313354492,21.079999923706055,149792200.0
2023-08-08,1691505000,20.645000457763672,20.645000457763672,20.0,20.540000915527344,188780000.0
2023-08-09,1691591400,20.579999923706055,20.604999542236328,19.725000381469727,19.854999542236328,199430600.0
2023-08-10,1691677800,20.329999923706055,20.875,19.684999465942383,19.94499969482422,260554200.0
2023-08-11,1691764200,19.514999389648438,19.834999084472656,19.299999237060547,19.545000076293945,201573800.0
2023-08-14,1692023400,19.415000915527344,20.219999313354492,19.299999237060547,20.19499969482422,142553600.0
2023-08-15,1692109800,20.03499984741211,20.170000076293945,19.440000534057617,19.575000762939453,162553600.0
2023-08-16,1692196200,19.459999084472656,19.709999084472656,18.90999984741211,18.924999237060547,190222000.0
2023-08-17,1692282600,19.125,19.18000030517578,18.21500015258789,18.28499984741211,210232800.0
2023-08-18,1692369000,17.764999389648438,18.405000686645508,17.684999465942383,18.200000762939453,247002000.0
2023-08-21,1692628200,18.434999465942383,19.190000534057617,18.354999542236328,19.079999923706055,191487200.0
2023-08-22,1692714600,19.485000610351562,19.489999771118164,18.885000228881836,18.9950008392334,180368000.0
2023-08-23,1692801000,19.174999237060547,20.059999465942383,19.139999389648438,19.889999389648438,175454000.0
2023-08-24,1692887400,20.440000534057617,20.454999923706055,18.549999237060547,18.579999923706055,232397200.0
2023-08-25,1692973800,18.71500015258789,19.280000686645508,18.174999237060547,19.020000457763672,278289400.0
2023-08-28,1693233000,19.475000381469727,19.584999084472656,19.040000915527344,19.44499969482422,182641000.0
2023-08-29,1693319400,19.399999618530273,20.760000228881836,19.344999313354492,20.684999465942383,187495600.0
2023-08-30,1693405800,20.71500015258789,21.139999389648438,20.540000915527344,21.030000686645508,185958200.0
2023-08-31,1693492200,21.020000457763672,21.489999771118164,21.010000228881836,21.219999313354492,162242800.0
2023-09-01,1693578600,21.604999542236328,21.68000030517578,20.875,21.145000457763672,165058400.0
2023-09-05,1693924200,20.985000610351562,21.40999984741211,20.829999923706055,21.200000762939453,123778600.0
2023-09-06,1694010600,21.06999969482422,21.1200008392334,20.290000915527344,20.639999389648438,148058200.0
2023-09-07,1694097000,19.8700008392334,20.299999237060547,19.690000534057617,20.190000534057617,168623000.0
2023-09-08,1694183400,20.155000686645508,20.6200008392334,20.084999084472656,20.25,149541600.0
2023-09-11,1694442600,20.7450008392334,21.045000076293945,20.420000076293945,20.940000534057617,141712800.0
2023-09-12,1694529000,20.670000076293945,20.905000686645508,20.200000762939453,20.270000457763672,155524200.0
2023-09-13,1694615400,20.290000915527344,20.7450008392334,20.094999313354492,20.469999313354492,170849400.0
2023-09-14,1694701800,20.75,21.1200008392334,20.399999618530273,20.950000762939453,152379800.0
2023-09-15,1694788200,20.725000381469727,20.795000076293945,19.71500015258789,19.875,179839600.0
2023-09-18,1695047400,19.71500015258789,20.110000610351562,19.665000915527344,19.920000076293945,124798200.0
2023-09-19,1695133800,19.704999923706055,19.915000915527344,19.299999237060547,19.799999237060547,148741400.0
2023-09-20,1695220200,19.885000228881836,19.950000762939453,18.850000381469727,18.875,196038400.0
2023-09-21,1695306600,18.274999618530273,18.389999389648438,17.78499984741211,17.799999237060547,216821200.0
2023-09-22,1695393000,18.065000534057617,18.389999389648438,17.760000228881836,17.815000534057617,188181200.0
2023-09-25,1695652200,17.655000686645508,18.06999969482422,17.5049991607666,18.049999237060547,162538400.0
2023-09-26,1695738600,17.655000686645508,17.739999771118164,17.084999084472656,17.2450008392334,210679400.0
2023-09-27,1695825000,17.405000686645508,17.635000228881836,16.815000534057617,17.350000381469727,256871600.0
2023-09-28,1695911400,17.19499969482422,18.084999084472656,17.065000534057617,17.770000457763672,268145800.0
2023-09-29,1695997800,18.290000915527344,18.5,17.614999771118164,17.809999465942383,286858200.0
2023-10-02,1696257000,17.834999084472656,18.450000762939453,17.739999771118164,18.235000610351562,236463200.0
2023-10-03,1696343400,17.854999542236328,18.19499969482422,17.020000457763672,17.270000457763672,266539000.0
2023-10-04,1696429800,17.389999389648438,18.094999313354492,17.31999969482422,17.969999313354492,252759200.0
2023-10-05,1696516200,17.94499969482422,18.0,17.25,17.780000686645508,218006200.0
2023-10-06,1696602600,17.325000762939453,18.844999313354492,17.204999923706055,18.674999237060547,294897400.0
2023-10-09,1696861800,18.30500030517578,19.045000076293945,18.06999969482422,18.950000762939453,210966000.0
2023-10-10,1696948200,19.0049991607666,19.684999465942383,18.924999237060547,19.260000228881836,216109600.0
2023-10-11,1697034600,19.469999313354492,19.704999923706055,19.200000762939453,19.670000076293945,191710800.0
2023-10-12,1697121000,19.735000610351562,20.024999618530273,19.059999465942383,19.440000534057617,236509200.0
2023-10-13,1697207400,19.545000076293945,19.639999389648438,18.485000610351562,18.704999923706055,259511000.0
2023-10-16,1697466600,18.90999984741211,19.5,18.885000228881836,19.334999084472656,173152200.0
2023-10-17,1697553000,18.760000228881836,19.40999984741211,18.424999237060547,19.149999618530273,210387000.0
2023-10-18,1697639400,18.735000610351562,19.09000015258789,18.165000915527344,18.34000015258789,263165200.0
2023-10-19,1697725800,18.575000762939453,18.7549991607666,17.719999313354492,17.850000381469727,370050400.0
2023-10-20,1697812200,17.760000228881836,17.850000381469727,17.010000228881836,17.045000076293945,277722800.0
2023-10-23,1698071400,16.834999084472656,17.704999923706055,16.530000686645508,17.19499969482422,263599000.0
2023-10-24,1698157800,17.450000762939453,17.795000076293945,17.200000762939453,17.68000030517578,245074600.0
2023-10-25,1698244200,17.315000534057617,17.34000015258789,16.290000915527344,16.385000228881836,328363200.0
2023-10-26,1698330600,16.190000534057617,16.31999969482422,15.234999656677246,15.430000305175781,374047400.0
2023-10-27,1698417000,15.789999961853027,16.114999771118164,15.475000381469727,15.649999618530273,294702200.0
2023-10-30,1698676200,15.975000381469727,16.344999313354492,15.789999961853027,16.155000686645508,264305600.0
2023-10-31,1698762600,16.15999984741211,16.44499969482422,15.800000190734863,16.389999389648438,222923600.0
2023-11-01,1698849000,16.5,17.315000534057617,16.485000610351562,17.235000610351562,332635600.0
2023-11-02,1698935400,17.8799991607666,18.190000534057617,17.700000762939453,18.149999618530273,234134000.0
2023-11-03,1699021800,18.350000381469727,18.989999771118164,18.315000534057617,18.790000915527344,228661200.0
2023-11-06,1699281000,18.905000686645508,19.104999542236328,18.65999984741211,19.0049991607666,183599600.0
2023-11-07,1699367400,19.174999237060547,19.684999465942383,18.985000610351562,19.540000915527344,204502200.0
2023-11-08,1699453800,19.600000381469727,19.71500015258789,19.21500015258789,19.575000762939453,187960200.0
2023-11-09,1699540200,19.670000076293945,19.854999542236328,19.030000686645508,19.110000610351562,258365200.0
2023-11-10,1699626600,19.375,20.415000915527344,19.290000915527344,20.385000228881836,248927600.0
2023-11-13,1699885800,20.125,20.364999771118164,19.875,20.200000762939453,180430400.0
2023-11-14,1699972200,21.235000610351562,21.639999389648438,21.145000457763672,21.469999313354492,233552400.0
2023-11-15,1700058600,21.809999465942383,21.889999389648438,21.299999237060547,21.530000686645508,218432600.0
2023-11-16,1700145000,21.3799991607666,21.604999542236328,21.165000915527344,21.565000534057617,178045000.0
2023-11-17,1700231400,21.440000534057617,21.75,21.28499984741211,21.579999923706055,157517000.0
2023-11-20,1700490600,21.575000762939453,22.475000381469727,21.56999969482422,22.350000381469727,165655600.0
2023-11-21,1700577000,22.045000076293945,22.079999923706055,21.645000457763672,21.94499969482422,148275200.0
2023-11-22,1700663400,22.28499984741211,22.709999084472656,22.024999618530273,22.200000762939453,171446400.0
2023-11-24,1700836200,22.125,22.225000381469727,21.924999237060547,22.09000015258789,63975400.0
2023-11-27,1701095400,22.0049991607666,22.3700008392334,21.885000228881836,22.024999618530273,121856400.0
2023-11-28,1701181800,21.899999618530273,22.299999237060547,21.834999084472656,22.200000762939453,158349000.0
2023-11-29,1701268200,22.6200008392334,22.864999771118164,22.065000534057617,22.1200008392334,177523200.0
2023-11-30,1701354600,22.149999618530273,22.229999542236328,21.420000076293945,21.934999465942383,186394600.0
2023-12-01,1701441000,21.7450008392334,22.219999313354492,21.459999084472656,22.1200008392334,172937600.0
2023-12-04,1701700200,21.454999923706055,21.53499984741211,20.864999771118164,21.489999771118164,181143600.0
2023-12-05,1701786600,21.155000686645508,21.850000381469727,21.1299991607666,21.645000457763672,167540400.0
2023-12-06,1701873000,22.139999389648438,22.15999984741211,21.204999923706055,21.260000228881836,163000600.0
2023-12-07,1701959400,21.739999771118164,22.270000457763672,21.55500030517578,22.149999618530273,162755400.0
2023-12-08,1702045800,21.825000762939453,22.5,21.795000076293945,22.415000915527344,181789000.0
2023-12-11,1702305000,22.334999084472656,23.040000915527344,22.299999237060547,22.985000610351562,151540000.0
2023-12-12,1702391400,22.989999771118164,23.549999237060547,22.78499984741211,23.540000915527344,142899400.0
2023-12-13,1702477800,23.690000534057617,24.53499984741211,23.549999237060547,24.3700008392334,230081400.0
2023-12-14,1702564200,24.625,24.864999771118164,23.774999618530273,24.329999923706055,202697800.0
2023-12-15,1702650600,24.469999313354492,24.895000457763672,24.350000381469727,24.6200008392334,156731000.0
2023-12-18,1702909800,24.7450008392334,25.299999237060547,24.684999465942383,25.135000228881836,116436000.0
2023-12-19,1702996200,25.209999084472656,25.530000686645508,25.18000030517578,25.510000228881836,120349600.0
2023-12-20,1703082600,25.239999771118164,25.635000228881836,24.229999542236328,24.270000457763672,176165000.0
2023-12-21,1703169000,24.94499969482422,25.135000228881836,24.469999313354492,25.075000762939453,149089400.0
2023-12-22,1703255400,25.299999237060547,25.469999313354492,24.81999969482422,25.174999237060547,132420000.0
2023-12-26,1703601000,25.31999969482422,25.7549991607666,25.309999465942383,25.635000228881836,87371200.0
2023-12-27,1703687400,25.674999237060547,25.829999923706055,25.510000228881836,25.770000457763672,111495600.0
2023-12-28,1703773800,25.959999084472656,26.0049991607666,25.635000228881836,25.704999923706055,85768200.0
2023-12-29,1703860200,25.690000534057617,25.760000228881836,25.0,25.350000381469727,134245400.0
2024-01-02,1704205800,24.674999237060547,24.71500015258789,23.635000228881836,24.065000534057617,176270600.0
2024-01-03,1704292200,23.584999084472656,23.770000457763672,23.21500015258789,23.295000076293945,167812200.0
2024-01-04,1704378600,22.934999465942383,23.485000610351562,22.864999771118164,22.905000686645508,143735400.0
2024-01-05,1704465000,22.93000030517578,23.459999084472656,22.735000610351562,22.989999771118164,170481600.0
2024-01-08,1704724200,23.19499969482422,24.450000762939453,23.165000915527344,24.375,135374200.0
2024-01-09,1704810600,23.829999923706055,24.704999923706055,23.80500030517578,24.53499984741211,148431600.0
2024-01-10,1704897000,24.584999084472656,25.204999923706055,24.420000076293945,25.020000457763672,147621000.0
2024-01-11,1704983400,25.225000381469727,25.485000610351562,24.200000762939453,25.139999389648438,190228400.0
2024-01-12,1705069800,25.334999084472656,25.489999771118164,24.920000076293945,25.170000076293945,128214000.0
2024-01-16,1705415400,24.940000534057617,25.454999923706055,24.665000915527344,25.155000686645508,145874000.0
2024-01-17,1705501800,24.53499984741211,24.795000076293945,23.934999465942383,24.719999313354492,166554600.0
2024-01-18,1705588200,25.295000076293945,25.860000610351562,25.05500030517578,25.780000686645508,182140800.0
2024-01-19,1705674600,26.15999984741211,27.309999465942383,26.049999237060547,27.270000457763672,186359400.0
2024-01-22,1705933800,27.704999923706055,27.959999084472656,27.2549991607666,27.3799991607666,149656600.0
2024-01-23,1706020200,27.5049991607666,27.739999771118164,27.139999389648438,27.704999923706055,112172000.0
2024-01-24,1706106600,28.475000381469727,28.950000762939453,28.059999465942383,28.15999984741211,179718600.0
2024-01-25,1706193000,28.6299991607666,28.764999389648438,27.760000228881836,28.239999771118164,151395200.0
2024-01-26,1706279400,27.84000015258789,28.19499969482422,27.59000015258789,27.719999313354492,128382600.0
2024-01-29,1706538600,27.80500030517578,28.600000381469727,27.670000076293945,28.53499984741211,115977200.0
2024-01-30,1706625000,28.344999313354492,28.459999084472656,27.799999237060547,27.96500015258789,119554400.0
2024-01-31,1706711400,27.094999313354492,27.489999771118164,26.290000915527344,26.31999969482422,203451600.0
2024-02-01,1706797800,26.645000457763672,27.31999969482422,26.454999923706055,27.25,162261400.0
2024-02-02,1706884200,27.59000015258789,28.84000015258789,27.395000457763672,28.6200008392334,198505000.0
2024-02-05,1707143400,28.594999313354492,28.709999084472656,27.78499984741211,28.475000381469727,139947800.0
2024-02-06,1707229800,28.690000534057617,28.81999969482422,27.81999969482422,28.309999465942383,140124200.0
2024-02-07,1707316200,28.844999313354492,29.329999923706055,28.584999084472656,29.155000686645508,131823400.0
2024-02-08,1707402600,29.155000686645508,29.44499969482422,29.010000228881836,29.274999618530273,98922200.0
2024-02-09,1707489000,29.514999389648438,30.30500030517578,29.354999542236328,30.135000228881836,110222000.0
2024-02-12,1707748200,30.104999542236328,30.56999969482422,29.639999389648438,29.780000686645508,116255000.0
2024-02-13,1707834600,28.1200008392334,28.934999465942383,27.719999313354492,28.3700008392334,188933000.0
2024-02-14,1707921000,28.899999618530273,29.375,28.43000030517578,29.270000457763672,156151400.0
2024-02-15,1708007400,29.405000686645508,29.604999542236328,28.864999771118164,29.514999389648438,130057200.0
2024-02-16,1708093800,29.579999923706055,29.604999542236328,28.55500030517578,28.704999923706055,151933000.0
2024-02-20,1708439400,28.290000915527344,28.59000015258789,27.274999618530273,28.040000915527344,163321000.0
2024-02-21,1708525800,27.485000610351562,27.709999084472656,26.90999984741211,27.690000534057617,152898600.0
2024-02-22,1708612200,29.389999389648438,30.299999237060547,29.2450008392334,30.084999084472656,179279200.0
2024-02-23,1708698600,30.415000915527344,30.610000610351562,29.610000610351562,29.809999465942383,140390800.0
2024-02-26,1708957800,29.969999313354492,30.184999465942383,29.71500015258789,29.770000457763672,109875400.0
2024-02-27,1709044200,29.979999542236328,30.045000076293945,29.434999465942383,29.954999923706055,109399800.0
2024-02-28,1709130600,29.514999389648438,29.764999389648438,29.274999618530273,29.469999313354492,123503400.0
2024-02-29,1709217000,30.040000915527344,30.424999237060547,29.389999389648438,30.18000030517578,136959800.0
2024-03-01,1709303400,30.375,31.7549991607666,30.364999771118164,31.565000534057617,140959600.0
2024-03-04,1709562600,31.545000076293945,31.639999389648438,31.155000686645508,31.190000534057617,120418600.0
2024-03-05,1709649000,30.549999237060547,30.549999237060547,29.010000228881836,29.520000457763672,193207000.0
2024-03-06,1709735400,30.3700008392334,30.71500015258789,29.674999237060547,30.065000534057617,181677400.0
2024-03-07,1709821800,30.774999618530273,31.65999984741211,30.454999923706055,31.405000686645508,142370800.0
2024-03-08,1709908200,31.459999084472656,32.064998626708984,29.885000228881836,30.030000686645508,296451200.0
2024-03-11,1710167400,29.704999923706055,29.940000534057617,29.280000686645508,29.68000030517578,146770000.0
2024-03-12,1710253800,30.145000457763672,31.020000457763672,29.479999542236328,30.940000534057617,170560000.0
2024-03-13,1710340200,30.719999313354492,30.729999542236328,29.985000610351562,30.219999313354492,143779800.0
2024-03-14,1710426600,30.434999465942383,30.549999237060547,29.395000457763672,29.975000381469727,162480400.0
2024-03-15,1710513000,29.344999313354492,29.459999084472656,28.645000457763672,28.8799991607666,140883800.0
2024-03-18,1710772200,29.940000534057617,30.399999618530273,29.645000457763672,29.69499969482422,129193800.0
2024-03-19,1710858600,29.270000457763672,29.989999771118164,28.84000015258789,29.899999618530273,118810000.0
2024-03-20,1710945000,30.03499984741211,30.915000915527344,29.68000030517578,30.850000381469727,156556000.0
2024-03-21,1711031400,31.875,31.975000381469727,31.209999084472656,31.25,126541800.0
2024-03-22,1711117800,31.135000228881836,31.584999084472656,30.950000762939453,31.315000534057617,91574800.0
2024-03-25,1711377000,30.739999771118164,31.315000534057617,30.530000686645508,30.9950008392334,86669400.0
2024-03-26,1711463400,31.30500030517578,31.5049991607666,30.639999389648438,30.704999923706055,93986000.0
2024-03-27,1711549800,31.28499984741211,31.315000534057617,30.354999542236328,30.975000381469727,111388600.0
2024-03-28,1711636200,30.94499969482422,31.114999771118164,30.700000762939453,30.780000686645508,87023400.0
2024-04-01,1711981800,30.959999084472656,31.4950008392334,30.559999465942383,30.969999313354492,112290600.0
2024-04-02,1712068200,29.934999465942383,30.209999084472656,29.5,30.139999389648438,109672800.0
2024-04-03,1712154600,29.700000762939453,30.729999542236328,29.690000534057617,30.34000015258789,111683800.0
2024-04-04,1712241000,31.174999237060547,31.30500030517578,28.8700008392334,28.90999984741211,167520400.0
2024-04-05,1712327400,29.200000762939453,30.46500015258789,29.030000686645508,29.93000030517578,154897200.0
2024-04-08,1712586600,30.104999542236328,30.329999923706055,29.655000686645508,29.950000762939453,89725400.0
2024-04-09,1712673000,30.405000686645508,30.469999313354492,29.290000915527344,30.260000228881836,119965000.0
2024-04-10,1712759400,29.18000030517578,29.639999389648438,29.030000686645508,29.46500015258789,202080600.0
2024-04-11,1712845800,29.80500030517578,31.030000686645508,29.34000015258789,30.850000381469727,146931200.0
2024-04-12,1712932200,29.940000534057617,30.174999237060547,29.059999465942383,29.360000610351562,172589800.0
2024-04-15,1713191400,30.100000381469727,30.114999771118164,27.719999313354492,27.885000228881836,203656200.0
2024-04-16,1713277800,27.844999313354492,28.405000686645508,27.6200008392334,27.889999389648438,163766200.0
2024-04-17,1713364200,28.270000457763672,28.274999618530273,26.674999237060547,26.854999542236328,171026400.0
2024-04-18,1713450600,26.94499969482422,27.280000686645508,26.2549991607666,26.375,172781600.0
2024-04-19,1713537000,26.139999389648438,26.235000610351562,24.424999237060547,24.739999771118164,250807600.0
2024-04-22,1713796200,25.190000534057617,25.885000228881836,24.584999084472656,25.459999084472656,142604800.0
2024-04-23,1713882600,25.809999465942383,26.809999465942383,25.7450008392334,26.594999313354492,151835000.0
2024-04-24,1713969000,27.15999984741211,27.454999923706055,26.415000915527344,26.854999542236328,144316800.0
2024-04-25,1714055400,25.450000762939453,26.594999313354492,25.239999771118164,26.424999237060547,172827200.0
2024-04-26,1714141800,27.014999389648438,27.934999465942383,26.885000228881836,27.639999389648438,135994600.0
2024-04-29,1714401000,28.040000915527344,28.165000915527344,27.440000534057617,27.969999313354492,102355000.0
2024-04-30,1714487400,27.649999618530273,27.924999237060547,26.364999771118164,26.3700008392334,125248600.0
2024-05-01,1714573800,26.075000762939453,27.399999618530273,25.635000228881836,25.799999237060547,208076800.0
2024-05-02,1714660200,26.459999084472656,26.924999237060547,25.600000381469727,26.7549991607666,124829800.0
2024-05-03,1714746600,28.165000915527344,28.55500030517578,27.864999771118164,28.350000381469727,150878000.0
2024-05-06,1715005800,28.709999084472656,29.299999237060547,28.559999465942383,29.280000686645508,82530800.0
2024-05-07,1715092200,29.360000610351562,29.614999771118164,29.139999389648438,29.280000686645508,93320400.0
2024-05-08,1715178600,28.75,29.510000228881836,28.725000381469727,29.225000381469727,78027200.0
2024-05-09,1715265000,29.25,29.5,28.875,29.385000228881836,81439200.0
2024-05-10,1715351400,29.68000030517578,30.03499984741211,29.270000457763672,29.584999084472656,92669600.0
2024-05-13,1715610600,29.959999084472656,29.985000610351562,29.489999771118164,29.780000686645508,67722000.0
2024-05-14,1715697000,29.68000030517578,30.450000762939453,29.639999389648438,30.334999084472656,92952800.0
2024-05-15,1715783400,30.844999313354492,31.809999465942383,30.530000686645508,31.735000610351562,130481400.0
2024-05-16,1715869800,31.68000030517578,32.099998474121094,31.4950008392334,31.540000915527344,87715200.0
2024-05-17,1715956200,31.545000076293945,31.68000030517578,31.010000228881836,31.469999313354492,70099600.0
2024-05-20,1716215400,31.510000228881836,32.26499938964844,31.475000381469727,32.119998931884766,74539000.0
2024-05-21,1716301800,31.719999313354492,32.334999084472656,31.674999237060547,32.28499984741211,62314000.0
2024-05-22,1716388200,32.345001220703125,32.5,31.709999084472656,32.26499938964844,80039400.0
2024-05-23,1716474600,33.25,33.255001068115234,31.399999618530273,31.78499984741211,130877800.0
2024-05-24,1716561000,32.125,32.94499969482422,31.969999313354492,32.67499923706055,82558000.0
2024-05-28,1716906600,32.93000030517578,33.04999923706055,32.400001525878906,33.029998779296875,83186400.0
2024-05-29,1716993000,32.119998931884766,32.720001220703125,32.099998474121094,32.34000015258789,79282200.0
2024-05-30,1717079400,32.125,32.150001525878906,30.9950008392334,31.299999237060547,84703600.0
2024-05-31,1717165800,31.299999237060547,31.44499969482422,29.479999542236328,31.264999389648438,143746400.0
2024-06-03,1717425000,31.864999771118164,32.07500076293945,30.479999542236328,31.56999969482422,111435000.0
2024-06-04,1717511400,31.5,32.064998626708984,31.135000228881836,31.80500030517578,88491800.0
2024-06-05,1717597800,32.560001373291016,33.7400016784668,32.32500076293945,33.724998474121094,104871400.0
2024-06-06,1717684200,33.869998931884766,33.939998626708984,33.42499923706055,33.685001373291016,73031200.0
2024-06-07,1717770600,33.560001373291016,34.165000915527344,33.310001373291016,33.560001373291016,89943400.0
2024-06-10,1718029800,33.29499816894531,34.029998779296875,33.2400016784668,33.915000915527344,72041800.0
2024-06-11,1718116200,33.65999984741211,34.65999984741211,33.33000183105469,34.6150016784668,71386800.0
2024-06-12,1718202600,35.505001068115234,36.5099983215332,35.36000061035156,35.97999954223633,124402600.0
2024-06-13,1718289000,36.78499984741211,36.94499969482422,36.03499984741211,36.55500030517578,87285000.0
2024-06-14,1718375400,36.474998474121094,37.10499954223633,36.3650016784668,37.084999084472656,71555000.0
2024-06-17,1718634600,37.13999938964844,38.86000061035156,36.834999084472656,38.43000030517578,93354600.0
2024-06-18,1718721000,38.415000915527344,38.6150016784668,38.029998779296875,38.45000076293945,66433200.0
2024-06-20,1718893800,38.72999954223633,38.83000183105469,37.11000061035156,37.54499816894531,105455000.0
2024-06-21,1718980200,37.45000076293945,37.76499938964844,36.86000061035156,37.20000076293945,77341800.0
2024-06-24,1719239400,36.90999984741211,37.314998626708984,35.900001525878906,35.939998626708984,93754600.0
2024-06-25,1719325800,36.39500045776367,37.21500015258789,36.185001373291016,37.13999938964844,77675000.0
2024-06-26,1719412200,36.79999923706055,37.349998474121094,36.70500183105469,37.22999954223633,72549600.0
2024-06-27,1719498600,37.15999984741211,37.849998474121094,36.959999084472656,37.5,74115400.0
2024-06-28,1719585000,37.64500045776367,38.76499938964844,36.724998474121094,36.90999984741211,107803000.0
2024-07-01,1719844200,37.08000183105469,37.64500045776367,36.209999084472656,37.51499938964844,86557400.0
2024-07-02,1719930600,37.14500045776367,38.689998626708984,37.119998931884766,38.665000915527344,74950200.0
2024-07-03,1720017000,38.474998474121094,39.654998779296875,38.474998474121094,39.6150016784668,56150400.0
2024-07-05,1720189800,39.78499984741211,40.92499923706055,39.71500015258789,40.814998626708984,79624600.0
2024-07-08,1720449000,40.904998779296875,41.23500061035156,40.63999938964844,41.084999084472656,73365600.0
2024-07-09,1720535400,41.459999084472656,41.744998931884766,40.810001373291016,41.17499923706055,72033600.0
2024-07-10,1720621800,41.65999984741211,42.599998474121094,41.334999084472656,42.46500015258789,77554800.0
2024-07-11,1720708200,42.48500061035156,42.529998779296875,39.349998474121094,39.67499923706055,149329000.0
2024-07-12,1720794600,39.755001068115234,41.470001220703125,39.650001525878906,40.31999969482422,101019800.0
2024-07-15,1721053800,40.73500061035156,41.810001373291016,40.1150016784668,40.619998931884766,109900400.0
2024-07-16,1721140200,40.970001220703125,41.17499923706055,39.869998931884766,40.650001525878906,83637600.0
2024-07-17,1721226600,38.665000915527344,38.78499984741211,37.04499816894531,37.07500076293945,142840000.0
2024-07-18,1721313000,37.904998779296875,37.959999084472656,35.775001525878906,36.52000045776367,131678400.0
2024-07-19,1721399400,36.400001525878906,36.98500061035156,35.220001220703125,35.529998779296875,118249600.0
2024-07-22,1721658600,36.82500076293945,37.314998626708984,36.060001373291016,37.08000183105469,112808600.0
2024-07-23,1721745000,36.8650016784668,37.564998626708984,36.56999969482422,36.68000030517578,87127000.0
2024-07-24,1721831400,35.1150016784668,35.189998626708984,32.525001525878906,32.724998474121094,159575200.0
2024-07-25,1721917800,32.779998779296875,33.66999816894531,31.065000534057617,31.635000228881836,188128000.0
2024-07-26,1722004200,32.5,33.16999816894531,31.889999389648438,32.540000915527344,137407000.0
2024-07-29,1722263400,33.1349983215332,33.595001220703125,32.2599983215332,32.72999954223633,115640800.0
2024-07-30,1722349800,33.13999938964844,33.29499816894531,30.670000076293945,31.395000457763672,143063600.0
2024-07-31,1722436200,33.4900016784668,34.5,33.189998626708984,34.13999938964844,173408400.0
2024-08-01,1722522600,34.290000915527344,35.11000061035156,30.850000381469727,31.68000030517578,210693200.0
2024-08-02,1722609000,29.825000762939453,30.360000610351562,28.5,29.3700008392334,209844000.0
2024-08-05,1722868200,24.665000915527344,28.094999313354492,24.399999618530273,26.809999465942383,287924400.0
2024-08-06,1722954600,27.065000534057617,28.875,26.56999969482422,27.479999542236328,192909400.0
2024-08-07,1723041000,28.78499984741211,29.2549991607666,26.5,26.594999313354492,182751600.0
2024-08-08,1723127400,27.725000381469727,29.174999237060547,27.0049991607666,29.030000686645508,152879200.0
2024-08-09,1723213800,28.719999313354492,29.764999389648438,28.5,29.424999237060547,125592400.0
2024-08-12,1723473000,29.614999771118164,30.200000762939453,29.05500030517578,29.625,108972600.0
2024-08-13,1723559400,30.479999542236328,31.854999542236328,30.450000762939453,31.780000686645508,108962800.0
2024-08-14,1723645800,31.9950008392334,32.31999969482422,30.934999465942383,31.834999084472656,124710600.0
2024-08-15,1723732200,33.064998626708984,34.314998626708984,32.994998931884766,34.22999954223633,106424800.0
2024-08-16,1723818600,33.810001373291016,34.630001068115234,33.595001220703125,34.31999969482422,89675200.0
2024-08-19,1724077800,34.34000015258789,35.67499923706055,33.94499969482422,35.650001525878906,91599800.0
2024-08-20,1724164200,35.45000076293945,36.029998779296875,35.04499816894531,35.43000030517578,97859000.0
2024-08-21,1724250600,35.59000015258789,36.33000183105469,35.209999084472656,35.915000915527344,103000800.0
2024-08-22,1724337000,36.43000030517578,36.58000183105469,33.959999084472656,34.189998626708984,127496400.0
2024-08-23,1724423400,35.099998474121094,35.86000061035156,34.25,35.26499938964844,128753200.0
2024-08-26,1724682600,35.1349983215332,35.334999084472656,33.76499938964844,34.22999954223633,84981400.0
2024-08-27,1724769000,33.8650016784668,34.75,33.42499923706055,34.52000045776367,71532600.0
2024-08-28,1724855400,34.400001525878906,34.560001373291016,32.58000183105469,33.349998474121094,118625800.0
2024-08-29,1724941800,33.724998474121094,34.71500015258789,32.89500045776367,33.17499923706055,120033600.0
2024-08-30,1725028200,34.060001373291016,34.435001373291016,33.09000015258789,34.30500030517578,92946800.0
2024-09-03,1725373800,33.630001068115234,33.65999984741211,30.645000457763672,31.174999237060547,147572600.0
2024-09-04,1725460200,30.520000457763672,31.684999465942383,30.325000762939453,30.90999984741211,96798400.0
2024-09-05,1725546600,30.56999969482422,31.860000610351562,30.360000610351562,31.010000228881836,110171600.0
2024-09-06,1725633000,30.80500030517578,30.985000610351562,28.360000610351562,28.4950008392334,169904600.0
2024-09-09,1725892200,29.28499984741211,29.7450008392334,28.670000076293945,29.55500030517578,110835000.0
2024-09-10,1725978600,29.889999389648438,30.459999084472656,29.100000381469727,30.350000381469727,91582400.0
2024-09-11,1726065000,30.59000015258789,32.474998474121094,28.885000228881836,32.28499984741211,163475200.0
2024-09-12,1726151400,32.314998626708984,33.44499969482422,31.94499969482422,33.2400016784668,109802600.0
2024-09-13,1726237800,33.07500076293945,33.935001373291016,33.025001525878906,33.67499923706055,87966600.0
2024-09-16,1726497000,33.209999084472656,33.35499954223633,32.51499938964844,33.224998474121094,82331000.0
2024-09-17,1726583400,33.849998474121094,34.130001068115234,32.73500061035156,33.244998931884766,103114400.0
2024-09-18,1726669800,33.5099983215332,34.380001068115234,32.69499969482422,32.810001373291016,166396200.0
2024-09-19,1726756200,35.150001525878906,35.900001525878906,34.70500183105469,35.290000915527344,114801400.0
2024-09-20,1726842600,35.07500076293945,35.34000015258789,34.154998779296875,35.064998626708984,96759600.0
2024-09-23,1727101800,35.310001373291016,35.57500076293945,35.02000045776367,35.32500076293945,69837000.0
2024-09-24,1727188200,35.63999938964844,36.04499816894531,34.689998626708984,35.82500076293945,81259600.0
2024-09-25,1727274600,35.56999969482422,36.244998931884766,35.529998779296875,35.834999084472656,64724800.0
2024-09-26,1727361000,37.459999084472656,37.53499984741211,35.790000915527344,36.595001220703125,107003200.0
2024-09-27,1727447400,36.810001373291016,36.83000183105469,35.69499969482422,35.96500015258789,82930600.0
2024-09-30,1727706600,35.72999954223633,36.310001373291016,35.09000015258789,36.244998931884766,85862800.0
2024-10-01,1727793000,36.13999938964844,36.21500015258789,33.849998474121094,34.709999084472656,134760200.0
2024-10-02,1727879400,34.505001068115234,35.27000045776367,33.935001373291016,34.84000015258789,79119400.0
2024-10-03,1727965800,34.3650016784668,35.404998779296875,34.19499969482422,34.7599983215332,97749400.0
2024-10-04,1728052200,36.0,36.08000183105469,34.88999938964844,35.98500061035156,110700400.0
2024-10-07,1728311400,35.525001525878906,35.790000915527344,34.529998779296875,34.79999923706055,82403400.0
2024-10-08,1728397800,35.33000183105469,36.4900016784668,35.154998779296875,36.310001373291016,77914000.0
2024-10-09,1728484200,36.2599983215332,37.314998626708984,36.029998779296875,37.185001373291016,78696200.0
2024-10-10,1728570600,36.65999984741211,37.474998474121094,36.36000061035156,37.05500030517578,86060600.0
2024-10-11,1728657000,36.584999084472656,37.400001525878906,36.45000076293945,37.150001525878906,70735200.0
2024-10-14,1728916200,37.720001220703125,38.40999984741211,37.60499954223633,38.099998474121094,67691200.0
2024-10-15,1729002600,38.17499923706055,38.32500076293945,36.06999969482422,36.58000183105469,106307600.0
2024-10-16,1729089000,36.619998931884766,36.744998931884766,35.834999084472656,36.560001373291016,70784200.0
2024-10-17,1729175400,37.790000915527344,37.79999923706055,36.625,36.66999816894531,97697800.0
2024-10-18,1729261800,37.22999954223633,37.57500076293945,37.064998626708984,37.31999969482422,64151600.0
2024-10-21,1729521000,37.029998779296875,37.709999084472656,36.59000015258789,37.525001525878906,74995800.0
2024-10-22,1729607400,36.904998779296875,37.974998474121094,36.72999954223633,37.6349983215332,76308000.0
2024-10-23,1729693800,37.084999084472656,37.23500061035156,35.13999938964844,35.89500045776367,118172200.0
2024-10-24,1729780200,36.709999084472656,36.900001525878906,36.119998931884766,36.75,78612800.0
2024-10-25,1729866600,37.349998474121094,38.5,37.19499969482422,37.369998931884766,114826000.0
2024-10-28,1730125800,38.095001220703125,38.095001220703125,37.33000183105469,37.404998779296875,69162200.0
2024-10-29,1730212200,37.46500015258789,38.72999954223633,37.03499984741211,38.439998626708984,78545200.0
2024-10-30,1730298600,38.275001525878906,38.4900016784668,37.470001220703125,37.584999084472656,80473200.0
2024-10-31,1730385000,36.654998779296875,36.665000915527344,34.71500015258789,34.724998474121094,138905200.0
2024-11-01,1730471400,35.040000915527344,36.18000030517578,34.98500061035156,35.46500015258789,96678800.0
2024-11-04,1730730600,35.31999969482422,35.880001068115234,34.755001068115234,35.1349983215332,82214400.0
2024-11-05,1730817000,35.474998474121094,36.619998931884766,35.459999084472656,36.470001220703125,79352600.0
2024-11-06,1730903400,38.33000183105469,39.61000061035156,38.095001220703125,39.43000030517578,118794200.0
2024-11-07,1730989800,40.08000183105469,41.46500015258789,40.04999923706055,41.275001525878906,99545200.0
2024-11-08,1731076200,41.11000061035156,41.55500030517578,40.95500183105469,41.375,70060000.0
2024-11-11,1731335400,41.665000915527344,41.71500015258789,40.59000015258789,41.29999923706055,70806000.0
2024-11-12,1731421800,41.27000045776367,41.48500061035156,40.32500076293945,41.07500076293945,68286000.0
2024-11-13,1731508200,40.93000030517578,41.54499816894531,40.34000015258789,40.89500045776367,74989000.0
2024-11-14,1731594600,40.79499816894531,41.01499938964844,39.810001373291016,40.029998779296875,77651400.0
2024-11-15,1731681000,38.6349983215332,38.724998474121094,36.64500045776367,37.1349983215332,120601600.0
2024-11-18,1731940200,37.46500015258789,38.369998931884766,37.154998779296875,37.8849983215332,77551200.0
2024-11-19,1732026600,37.275001525878906,38.775001525878906,37.209999084472656,38.64500045776367,80088200.0
2024-11-20,1732113000,38.57500076293945,38.64500045776367,37.05500030517578,38.599998474121094,101260600.0
2024-11-21,1732199400,39.275001525878906,39.439998626708984,37.279998779296875,38.97999954223633,109865600.0
2024-11-22,1732285800,38.81999969482422,39.30500030517578,38.439998626708984,39.125,79934800.0
2024-11-25,1732545000,40.08000183105469,40.435001373291016,38.77000045776367,39.30500030517578,91515800.0
2024-11-26,1732631400,39.64500045776367,40.125,39.44499969482422,39.915000915527344,69747200.0
2024-11-27,1732717800,39.64500045776367,39.654998779296875,38.165000915527344,38.95000076293945,78463600.0
2024-11-29,1732890600,39.064998626708984,40.084999084472656,38.92499923706055,39.94499969482422,40865800.0
2024-12-02,1733149800,40.2400016784668,41.474998474121094,40.14500045776367,41.2400016784668,73638200.0
2024-12-03,1733236200,40.900001525878906,41.665000915527344,40.76499938964844,41.60499954223633,84810800.0
2024-12-04,1733322600,42.435001373291016,43.185001373291016,42.255001068115234,43.125,69992600.0
2024-12-05,1733409000,43.125,43.31999969482422,42.66999816894531,42.77000045776367,54020400.0
2024-12-06,1733495400,42.88999938964844,43.935001373291016,42.86000061035156,43.869998931884766,62740600.0
2024-12-09,1733754600,43.625,43.83000183105469,42.540000915527344,42.845001220703125,69577600.0
2024-12-10,1733841000,43.125,43.560001373291016,42.025001525878906,42.380001068115234,71541600.0
2024-12-11,1733927400,43.439998626708984,44.810001373291016,43.34000015258789,44.64500045776367,74897800.0
2024-12-12,1734013800,44.064998626708984,44.3849983215332,43.63999938964844,43.7599983215332,66348400.0
2024-12-13,1734100200,44.709999084472656,45.3849983215332,43.92499923706055,44.70000076293945,79663600.0
2024-12-16,1734359400,45.36000061035156,46.89500045776367,45.334999084472656,46.64500045776367,69967600.0
2024-12-17,1734445800,46.165000915527344,46.45500183105469,45.584999084472656,46.02000045776367,69168200.0
2024-12-18,1734532200,45.82500076293945,46.28499984741211,40.64500045776367,41.04499816894531,134849200.0
2024-12-19,1734618600,42.1349983215332,42.26499938964844,40.375,40.46500015258789,113317600.0
2024-12-20,1734705000,39.529998779296875,42.93000030517578,39.25,41.51499938964844,145241000.0
2024-12-23,1734964200,41.724998474121094,42.619998931884766,40.915000915527344,42.529998779296875,83645800.0
2024-12-24,1735050600,42.974998474121094,44.2400016784668,42.81999969482422,44.220001220703125,48139600.0
2024-12-26,1735223400,43.810001373291016,44.540000915527344,43.29499816894531,44.125,59062000.0
2024-12-27,1735309800,43.185001373291016,43.29499816894531,41.13999938964844,42.33000183105469,102139000.0
2024-12-30,1735569000,40.599998474121094,41.529998779296875,39.70500183105469,40.630001068115234,102844000.0
2024-12-31,1735655400,40.900001525878906,41.08000183105469,39.34000015258789,39.564998626708984,105177600.0
2025-01-02,1735828200,40.27000045776367,40.80500030517578,38.26499938964844,39.314998626708984,141370600.0
2025-01-03,1735914600,39.994998931884766,41.45500183105469,39.810001373291016,41.20000076293945,92431600.0
2025-01-06,1736173800,42.48500061035156,43.42499923706055,42.01499938964844,42.60499954223633,92050000.0
2025-01-07,1736260200,42.86000061035156,42.94499969482422,39.85499954223633,40.310001373291016,111021000.0
2025-01-08,1736346600,40.279998779296875,40.70500183105469,39.220001220703125,40.34000015258789,96021200.0
2025-01-10,1736519400,39.400001525878906,39.40999984741211,37.6150016784668,38.415000915527344,145651600.0
2025-01-13,1736778600,37.025001525878906,38.099998474121094,36.66999816894531,38.01499938964844,113382000.0
2025-01-14,1736865000,38.7400016784668,39.029998779296875,37.095001220703125,37.880001068115234,125271000.0
2025-01-15,1736951400,39.654998779296875,40.73500061035156,39.29999923706055,40.439998626708984,106919200.0
2025-01-16,1737037800,41.005001068115234,41.025001525878906,39.599998474121094,39.6150016784668,93055400.0
2025-01-17,1737124200,41.845001220703125,41.970001220703125,40.91999816894531,41.56999969482422,87352200.0
2025-01-21,1737469800,42.224998474121094,42.57500076293945,41.165000915527344,42.2599983215332,83451800.0
2025-01-22,1737556200,43.41999816894531,44.45500183105469,43.35499954223633,43.900001525878906,86265400.0
2025-01-23,1737642600,43.27000045776367,44.189998626708984,43.1349983215332,44.16999816894531,60481000.0
2025-01-24,1737729000,44.21500015258789,44.415000915527344,43.005001068115234,43.375,72479200.0
2025-01-27,1737988200,38.790000915527344,40.51499938964844,38.59000015258789,39.56999969482422,161821600.0
2025-01-28,1738074600,39.790000915527344,41.584999084472656,39.0,41.32500076293945,101033400.0
2025-01-29,1738161000,41.45500183105469,41.4900016784668,40.130001068115234,41.06999969482422,118481200.0
2025-01-30,1738247400,41.73500061035156,42.29499816894531,40.43000030517578,41.584999084472656,115171000.0
2025-01-31,1738333800,42.459999084472656,43.54499816894531,41.09000015258789,41.36000061035156,118146600.0
2025-02-03,1738593000,39.26499938964844,40.994998931884766,38.66999816894531,40.36000061035156,153257000.0
2025-02-04,1738679400,40.45500183105469,41.970001220703125,40.3650016784668,41.82500076293945,84634600.0
2025-02-05,1738765800,41.17499923706055,42.40999984741211,40.880001068115234,42.369998931884766,79694800.0
2025-02-06,1738852200,42.47999954223633,43.064998626708984,42.095001220703125,43.005001068115234,76431000.0
2025-02-07,1738938600,43.130001068115234,43.595001220703125,41.17499923706055,41.3650016784668,110870400.0
2025-02-10,1739197800,42.3650016784668,43.099998474121094,42.25,42.81999969482422,65594200.0
2025-02-11,1739284200,42.03499984741211,42.994998931884766,42.005001068115234,42.51499938964844,62602800.0
2025-02-12,1739370600,41.13999938964844,42.80500030517578,41.04999923706055,42.599998474121094,96986600.0
2025-02-13,1739457000,42.9900016784668,44.47999954223633,42.790000915527344,44.39500045776367,92920200.0
2025-02-14,1739543400,44.404998779296875,45.09000015258789,44.29999923706055,44.915000915527344,76057400.0
2025-02-18,1739889000,45.314998626708984,45.375,44.375,45.19499969482422,68825200.0
2025-02-19,1739975400,45.0,45.560001373291016,44.459999084472656,45.20000076293945,68515800.0
2025-02-20,1740061800,45.025001525878906,45.1150016784668,43.44499969482422,44.650001525878906,80266000.0
2025-02-21,1740148200,44.8849983215332,44.89500045776367,41.73500061035156,41.85499954223633,118627200.0
2025-02-24,1740407400,42.25,42.525001525878906,40.25,40.349998474121094,106467400.0
2025-02-25,1740493800,40.165000915527344,40.189998626708984,37.88999938964844,38.810001373291016,151194400.0
2025-02-26,1740580200,39.290000915527344,40.224998474121094,38.345001220703125,39.060001373291016,126351400.0
2025-02-27,1740666600,39.86000061035156,40.084999084472656,35.7400016784668,35.81999969482422,206751000.0
2025-02-28,1740753000,35.72999954223633,37.584999084472656,35.040000915527344,37.459999084472656,186358000.0
2025-03-03,1741012200,38.185001373291016,38.525001525878906,34.220001220703125,35.040000915527344,183891600.0
2025-03-04,1741098600,34.380001068115234,36.3849983215332,33.005001068115234,34.654998779296875,261673800.0
2025-03-05,1741185000,34.775001525878906,36.345001220703125,33.744998931884766,36.005001068115234,201266600.0
2025-03-06,1741271400,34.19499969482422,35.25,32.584999084472656,33.02000045776367,245645400.0
2025-03-07,1741357800,32.779998779296875,34.005001068115234,31.44499969482422,33.70500183105469,270354600.0
2025-03-10,1741617000,32.0,32.095001220703125,28.940000534057617,29.905000686645508,312271600.0
2025-03-11,1741703400,29.700000762939453,30.924999237060547,28.684999465942383,29.55500030517578,278978600.0
2025-03-12,1741789800,30.969999313354492,31.329999923706055,29.579999923706055,30.565000534057617,283837200.0
2025-03-13,1741876200,30.399999618530273,30.424999237060547,28.520000457763672,28.895000457763672,242454600.0
2025-03-14,1741962600,29.854999542236328,31.114999771118164,29.75,30.94499969482422,198217000.0
2025-03-17,1742221800,30.940000534057617,32.13999938964844,30.575000762939453,31.545000076293945,180300800.0
2025-03-18,1742308200,30.885000228881836,30.889999389648438,29.5049991607666,29.954999923706055,175652400.0
2025-03-19,1742394600,30.34000015258789,31.954999923706055,29.969999313354492,31.1200008392334,185186400.0
2025-03-20,1742481000,30.329999923706055,31.815000534057617,30.184999465942383,30.799999237060547,176818200.0
2025-03-21,1742567400,29.764999389648438,31.209999084472656,29.53499984741211,31.09000015258789,160982000.0
2025-03-24,1742826600,32.529998779296875,33.26499938964844,32.40999984741211,33.064998626708984,126823000.0
2025-03-25,1742913000,33.2400016784668,33.685001373291016,33.04499816894531,33.654998779296875,111139400.0
2025-03-26,1742999400,33.31999969482422,33.494998931884766,31.3799991607666,31.690000534057617,157006400.0
2025-03-27,1743085800,31.299999237060547,32.1150016784668,30.875,31.149999618530273,144736000.0
2025-03-28,1743172200,30.770000457763672,30.905000686645508,28.485000610351562,28.670000076293945,207264200.0
2025-03-31,1743431400,27.360000610351562,28.815000534057617,26.520000457763672,28.649999618530273,213709000.0
2025-04-01,1743517800,28.34000015258789,29.4950008392334,27.809999465942383,29.309999465942383,194196400.0
2025-04-02,1743604200,28.094999313354492,30.600000381469727,28.045000076293945,29.96500015258789,246174800.0
2025-04-03,1743690600,26.21500015258789,26.915000915527344,25.05500030517578,25.149999618530273,280231400.0
2025-04-04,1743777000,22.9950008392334,23.389999389648438,20.514999389648438,20.545000076293945,516053400.0
2025-04-07,1744036200,18.375,23.415000915527344,17.5,20.625,791455200.0
2025-04-08,1744122600,22.69499969482422,23.405000686645508,18.549999237060547,19.450000762939453,502295400.0
2025-04-09,1744209000,19.3799991607666,26.704999923706055,19.364999771118164,26.30500030517578,713864000.0
2025-04-10,1744295400,24.34000015258789,24.670000076293945,20.78499984741211,23.06999969482422,563385400.0
2025-04-11,1744381800,22.834999084472656,24.53499984741211,22.309999465942383,24.290000915527344,358585800.0
2025-04-14,1744641000,25.950000762939453,26.024999618530273,24.03499984741211,24.799999237060547,294861400.0
2025-04-15,1744727400,24.979999542236328,25.604999542236328,24.594999313354492,24.895000457763672,209340200.0
2025-04-16,1744813800,23.415000915527344,24.0049991607666,21.579999923706055,22.645000457763672,269148800.0
2025-04-17,1744900200,23.045000076293945,23.145000457763672,22.174999237060547,22.579999923706055,202191600.0
2025-04-21,1745245800,21.684999465942383,21.81999969482422,20.1200008392334,20.93000030517578,229539400.0
2025-04-22,1745332200,21.729999542236328,22.989999771118164,21.549999237060547,22.530000686645508,260222800.0
2025-04-23,1745418600,24.6200008392334,25.415000915527344,23.815000534057617,24.024999618530273,303995400.0
2025-04-24,1745505000,24.3700008392334,26.139999389648438,24.270000457763672,26.06999969482422,240615400.0
2025-04-25,1745591400,26.020000457763672,27.03499984741211,25.739999771118164,26.93000030517578,226103200.0
2025-04-28,1745850600,27.010000228881836,27.31999969482422,25.81999969482422,26.90999984741211,191356800.0
2025-04-29,1745937000,26.520000457763672,27.584999084472656,26.415000915527344,27.434999465942383,169808000.0
2025-04-30,1746023400,25.979999542236328,27.709999084472656,25.15999984741211,27.440000534057617,268446600.0
2025-05-01,1746109800,28.780000686645508,29.44499969482422,28.315000534057617,28.385000228881836,205481600.0
2025-05-02,1746196200,29.31999969482422,30.094999313354492,29.014999389648438,29.71500015258789,195097800.0
2025-05-05,1746455400,28.950000762939453,29.75,28.850000381469727,29.200000762939453,138579000.0
2025-05-06,1746541800,28.030000686645508,29.020000457763672,27.78499984741211,28.3700008392334,165885800.0
2025-05-07,1746628200,28.479999542236328,29.1299991607666,27.545000076293945,28.700000762939453,207867200.0
2025-05-08,1746714600,29.600000381469727,30.354999542236328,28.829999923706055,29.55500030517578,197621600.0
2025-05-09,1746801000,29.899999618530273,30.135000228881836,29.165000915527344,29.485000610351562,146818800.0
2025-05-12,1747060200,32.92499923706055,33.08000183105469,31.924999237060547,33.05500030517578,202490000.0
2025-05-13,1747146600,33.334999084472656,34.93000030517578,33.18000030517578,34.56999969482422,170595400.0
2025-05-14,1747233000,34.80500030517578,35.30500030517578,34.60499954223633,35.18000030517578,161184800.0
2025-05-15,1747319400,34.7400016784668,35.845001220703125,34.46500015258789,35.290000915527344,161694800.0
2025-05-16,1747405800,35.55500030517578,35.7599983215332,34.82500076293945,35.724998474121094,127627200.0
2025-05-19,1747665000,34.23500061035156,35.93000030517578,34.21500015258789,35.81999969482422,143794200.0
2025-05-20,1747751400,35.290000915527344,35.584999084472656,34.70000076293945,35.44499969482422,134069400.0
2025-05-21,1747837800,34.619998931884766,35.994998931884766,33.59000015258789,33.970001220703125,219255200.0
2025-05-22,1747924200,34.08000183105469,34.875,33.810001373291016,34.14500045776367,173542000.0
2025-05-23,1748010600,32.54499816894531,33.66999816894531,32.43000030517578,33.15999984741211,214220800.0
2025-05-27,1748356200,34.494998931884766,35.57500076293945,34.19499969482422,35.470001220703125,130539600.0
2025-05-28,1748442600,35.66999816894531,35.970001220703125,34.88999938964844,35.01499938964844,132542600.0
2025-05-29,1748529000,36.5,36.529998779296875,34.665000915527344,35.185001373291016,193248800.0
2025-05-30,1748615400,35.064998626708984,35.29999923706055,33.52000045776367,35.0,187118200.0
2025-06-02,1748874600,34.599998474121094,35.86000061035156,34.345001220703125,35.80500030517578,137925400.0
2025-06-03,1748961000,35.880001068115234,36.939998626708984,35.70000076293945,36.63999938964844,128728400.0
2025-06-04,1749047400,36.790000915527344,37.15999984741211,36.35499954223633,36.935001373291016,128889000.0
2025-06-05,1749133800,37.224998474121094,37.82500076293945,35.650001525878906,36.07500076293945,198008800.0
2025-06-06,1749220200,37.1349983215332,37.505001068115234,36.77000045776367,37.10499954223633,131215400.0
2025-06-09,1749479400,37.154998779296875,37.619998931884766,36.91999816894531,37.27000045776367,100363800.0
2025-06-10,1749565800,37.35499954223633,38.14500045776367,36.880001068115234,37.9900016784668,122693000.0
2025-06-11,1749652200,38.29499816894531,38.540000915527344,37.11000061035156,37.599998474121094,181652000.0
2025-06-12,1749738600,37.29999923706055,38.064998626708984,37.2599983215332,37.845001220703125,126110000.0
2025-06-13,1749825000,36.54999923706055,37.44499969482422,36.1349983215332,36.415000915527344,210666200.0
2025-06-16,1750084200,37.11000061035156,38.125,37.11000061035156,37.900001525878906,116668600.0
2025-06-17,1750170600,37.34000015258789,37.689998626708984,36.540000915527344,36.779998779296875,135418200.0
2025-06-18,1750257000,36.959999084472656,37.47999954223633,36.41999816894531,36.72999954223633,142661400.0
2025-06-20,1750429800,37.380001068115234,37.665000915527344,35.86000061035156,36.224998474121094,163355000.0
2025-06-23,1750689000,36.3650016784668,37.46500015258789,35.709999084472656,37.349998474121094,167572800.0
2025-06-24,1750775400,38.45500183105469,39.255001068115234,38.33000183105469,39.04999923706055,113191600.0
2025-06-25,1750861800,39.439998626708984,39.709999084472656,38.86000061035156,39.2400016784668,101438200.0
2025-06-26,1750948200,39.709999084472656,40.42499923706055,39.310001373291016,40.314998626708984,100144200.0
2025-06-27,1751034600,40.51499938964844,41.125,39.92499923706055,40.709999084472656,146023600.0
2025-06-30,1751293800,41.400001525878906,41.744998931884766,40.915000915527344,41.5,113721400.0
2025-07-01,1751380200,41.060001373291016,41.27000045776367,39.904998779296875,40.44499969482422,140390000.0
2025-07-02,1751466600,40.22999954223633,41.29499816894531,40.21500015258789,41.25,100285000.0
2025-07-03,1751553000,41.744998931884766,42.64500045776367,41.744998931884766,42.404998779296875,83484600.0
2025-07-07,1751898600,41.79999923706055,41.98500061035156,40.900001525878906,41.459999084472656,139674800.0
2025-07-08,1751985000,41.7400016784668,41.88999938964844,41.23500061035156,41.51499938964844,115515400.0
2025-07-09,1752071400,41.98500061035156,42.69499969482422,41.67499923706055,42.375,117976200.0
2025-07-10,1752157800,42.51499938964844,42.61000061035156,41.56999969482422,42.18000030517578,110317800.0
2025-07-11,1752244200,41.65999984741211,42.224998474121094,41.375,41.86000061035156,106937600.0
2025-07-14,1752503400,41.814998626708984,42.470001220703125,41.275001525878906,42.30500030517578,97311400.0
2025-07-15,1752589800,43.21500015258789,43.334999084472656,42.400001525878906,42.415000915527344,123257600.0
2025-07-16,1752676200,42.529998779296875,42.67499923706055,41.220001220703125,42.53499984741211,166357600.0
2025-07-17,1752762600,42.685001373291016,43.65999984741211,42.5,43.525001525878906,97330800.0
2025-07-18,1752849000,43.81999969482422,43.869998931884766,43.095001220703125,43.375,98496200.0
2025-07-21,1753108200,43.57500076293945,44.4900016784668,43.560001373291016,44.03499984741211,87720400.0
2025-07-22,1753194600,44.064998626708984,44.08000183105469,42.73500061035156,43.349998474121094,108345200.0
2025-07-23,1753281000,43.59000015258789,43.939998626708984,42.95000076293945,43.91999816894531,118025200.0
2025-07-24,1753367400,44.224998474121094,44.47999954223633,43.79999923706055,44.209999084472656,90378200.0
2025-07-25,1753453800,44.154998779296875,44.790000915527344,43.9900016784668,44.459999084472656,79003200.0
2025-07-28,1753713000,44.79499816894531,45.095001220703125,44.59000015258789,44.89500045776367,95592000.0
2025-07-29,1753799400,45.494998931884766,45.814998626708984,44.4900016784668,44.689998626708984,116251200.0
2025-07-30,1753885800,44.869998931884766,45.439998626708984,44.130001068115234,44.845001220703125,145527600.0
2025-07-31,1753972200,46.35499954223633,46.375,43.83000183105469,44.10499954223633,178874600.0
2025-08-01,1754058600,42.625,42.65999984741211,40.93000030517578,41.459999084472656,219781200.0
2025-08-04,1754317800,42.61000061035156,43.78499984741211,42.58000183105469,43.72999954223633,108586000.0
2025-08-05,1754404200,44.025001525878906,44.30500030517578,42.709999084472656,42.81999969482422,152088400.0
2025-08-06,1754490600,43.01499938964844,44.53499984741211,42.904998779296875,44.41999816894531,128995200.0
2025-08-07,1754577000,45.44499969482422,45.834999084472656,43.90999984741211,44.869998931884766,169239200.0
2025-08-08,1754663400,45.119998931884766,46.13999938964844,45.04999923706055,46.08000183105469,104522600.0
2025-08-11,1754922600,46.1150016784668,46.619998931884766,45.36000061035156,45.67499923706055,94617000.0
2025-08-12,1755009000,46.209999084472656,47.44499969482422,45.564998626708984,47.36000061035156,119469600.0
2025-08-13,1755095400,48.025001525878906,48.15999984741211,47.09000015258789,47.43000030517578,96058600.0
2025-08-14,1755181800,46.91999816894531,47.79499816894531,46.81999969482422,47.29999923706055,106385800.0
2025-08-15,1755268200,47.23500061035156,47.255001068115234,46.209999084472656,46.630001068115234,96167400.0
2025-08-18,1755527400,46.400001525878906,46.72999954223633,46.1150016784668,46.56999969482422,73371400.0
2025-08-19,1755613800,46.3849983215332,46.43000030517578,44.40999984741211,44.66999816894531,111118600.0
2025-08-20,1755700200,44.415000915527344,44.44499969482422,42.189998626708984,43.85499954223633,164404200.0
2025-08-21,1755786600,43.474998474121094,43.974998474121094,42.69499969482422,43.244998931884766,119920000.0
2025-08-22,1755873000,43.5099983215332,45.65999984741211,43.185001373291016,45.189998626708984,132726400.0
2025-08-25,1756132200,44.810001373291016,45.4900016784668,44.51499938964844,44.79499816894531,80452600.0
2025-08-26,1756218600,44.654998779296875,45.3849983215332,44.41999816894531,45.314998626708984,84374600.0
2025-08-27,1756305000,45.06999969482422,45.720001220703125,44.77000045776367,45.52000045776367,90055200.0
2025-08-28,1756391400,45.63999938964844,46.55500030517578,45.255001068115234,46.349998474121094,90658000.0
2025-08-29,1756477800,45.709999084472656,45.79499816894531,44.244998931884766,44.68000030517578,121887000.0
2025-09-02,1756823400,42.55500030517578,43.619998931884766,42.125,43.540000915527344,166668000.0
2025-09-03,1756909800,44.3650016784668,44.939998626708984,43.79499816894531,44.55500030517578,119929800.0
2025-09-04,1756996200,44.70000076293945,45.83000183105469,44.310001373291016,45.7599983215332,101759600.0
2025-09-05,1757082600,46.970001220703125,47.119998931884766,44.845001220703125,45.90999984741211,172625800.0
2025-09-08,1757341800,46.45500183105469,47.04999923706055,46.31999969482422,46.564998626708984,101696800.0
2025-09-09,1757428200,46.75,47.05500030517578,46.119998931884766,46.94499969482422,94620800.0
2025-09-10,1757514600,47.724998474121094,47.72999954223633,46.470001220703125,46.994998931884766,120818800.0
2025-09-11,1757601000,47.595001220703125,47.9900016784668,47.20500183105469,47.78499984741211,91247200.0
2025-09-12,1757687400,47.97999954223633,48.685001373291016,47.76499938964844,48.380001068115234,92235200.0
2025-09-15,1757946600,48.81999969482422,49.6349983215332,48.78499984741211,49.6150016784668,78114400.0
2025-09-16,1758033000,49.834999084472656,49.904998779296875,49.30500030517578,49.47999954223633,77137200.0
2025-09-17,1758119400,49.44499969482422,49.599998474121094,47.755001068115234,49.165000915527344,147697200.0
2025-09-18,1758205800,50.380001068115234,51.185001373291016,49.89500045776367,50.4900016784668,123401600.0
2025-09-19,1758292200,50.939998626708984,51.64500045776367,50.57500076293945,51.4900016784668,84365400.0
2025-09-22,1758551400,51.209999084472656,52.540000915527344,51.209999084472656,52.36000061035156,81054600.0
2025-09-23,1758637800,52.39500045776367,52.45000076293945,50.9900016784668,51.30500030517578,99930600.0
2025-09-24,1758724200,51.60499954223633,51.68000030517578,49.994998931884766,50.70500183105469,101055600.0
2025-09-25,1758810600,49.70000076293945,50.435001373291016,48.75,50.025001525878906,122820600.0
2025-09-26,1758897000,50.20000076293945,50.689998626708984,49.369998931884766,50.625,124097400.0
2025-09-29,1759156200,51.39500045776367,52.13999938964844,50.970001220703125,51.29999923706055,92393200.0
2025-09-30,1759242600,51.20500183105469,51.78499984741211,50.61000061035156,51.70000076293945,92323800.0
2025-10-01,1759329000,50.8650016784668,52.56999969482422,50.650001525878906,52.43000030517578,93996400.0
2025-10-02,1759415400,53.404998779296875,53.41999816894531,52.33000183105469,53.06999969482422,89158600.0
2025-10-03,1759501800,53.220001220703125,53.435001373291016,51.880001068115234,52.349998474121094,103096400.0
2025-10-06,1759761000,53.70000076293945,53.939998626708984,53.064998626708984,53.52000045776367,82476800.0
2025-10-07,1759847400,53.849998474121094,54.029998779296875,52.2599983215332,52.654998779296875,100185800.0
2025-10-08,1759933800,52.86000061035156,54.525001525878906,52.83000183105469,54.439998626708984,86931000.0
2025-10-09,1760020200,54.439998626708984,54.47999954223633,53.380001068115234,54.224998474121094,87956200.0
2025-10-10,1760106600,54.3650016784668,54.83000183105469,48.415000915527344,48.53499984741211,238009400.0
2025-10-13,1760365800,51.029998779296875,51.84000015258789,50.42499923706055,51.6150016784668,114511200.0
2025-10-14,1760452200,49.8650016784668,51.76499938964844,48.53499984741211,50.564998626708984,147230000.0
2025-10-15,1760538600,52.06999969482422,52.755001068115234,50.02000045776367,51.599998474121094,127069400.0
2025-10-16,1760625000,52.34000015258789,53.165000915527344,49.875,51.025001525878906,159344000.0
2025-10-17,1760711400,50.459999084472656,52.3849983215332,50.060001373291016,51.994998931884766,142274000.0
2025-10-20,1760970600,52.80500030517578,54.2599983215332,52.775001525878906,53.94499969482422,79928800.0
2025-10-21,1761057000,53.95000076293945,54.2400016784668,53.334999084472656,53.8849983215332,79811400.0
2025-10-22,1761143400,53.724998474121094,53.869998931884766,50.790000915527344,52.29999923706055,134380800.0
2025-10-23,1761229800,52.1349983215332,53.814998626708984,52.040000915527344,53.61000061035156,91245000.0
2025-10-24,1761316200,54.994998931884766,55.630001068115234,54.76499938964844,55.279998779296875,84387600.0
2025-10-27,1761575400,57.2599983215332,58.345001220703125,57.1349983215332,58.21500015258789,77489400.0
2025-10-28,1761661800,58.82500076293945,60.040000915527344,58.529998779296875,59.54499816894531,92239400.0
2025-10-29,1761748200,60.28499984741211,60.685001373291016,58.77000045776367,60.30500030517578,133060800.0
2025-10-30,1761834600,59.29499816894531,59.66999816894531,57.51499938964844,57.54499816894531,127234200.0
2025-10-31,1761921000,59.744998931884766,59.744998931884766,57.689998626708984,58.36000061035156,122666800.0
2025-11-03,1762180200,60.0,60.209999084472656,58.540000915527344,59.15999984741211,83598000.0
2025-11-04,1762266600,56.68000030517578,57.70500183105469,55.31999969482422,55.540000915527344,124762800.0
2025-11-05,1762353000,55.34000015258789,57.5,54.970001220703125,56.619998931884766,109730000.0
2025-11-06,1762439400,56.185001373291016,56.25,53.060001373291016,53.44499969482422,156461400.0
2025-11-07,1762525800,52.5099983215332,52.91999816894531,49.97999954223633,52.88999938964844,183589400.0
2025-11-10,1762785000,55.21500015258789,56.625,54.70500183105469,56.35499954223633,119878800.0
2025-11-11,1762871400,55.6349983215332,56.209999084472656,54.79999923706055,55.88999938964844,102665600.0
2025-11-12,1762957800,56.76499938964844,56.77000045776367,54.8650016784668,55.775001525878906,125708400.0
2025-11-13,1763044200,54.78499984741211,54.939998626708984,51.70000076293945,52.33000183105469,201264400.0
2025-11-14,1763130600,49.9900016784668,53.54499816894531,49.3849983215332,52.369998931884766,222397600.0
2025-11-17,1763389800,51.70500183105469,53.314998626708984,50.05500030517578,51.025001525878906,186327000.0
2025-11-18,1763476200,49.98500061035156,50.66999816894531,47.900001525878906,49.18000030517578,267348000.0
2025-11-19,1763562600,49.32500076293945,51.57500076293945,48.71500015258789,50.025001525878906,184263600.0
2025-11-20,1763649000,52.95000076293945,53.540000915527344,46.22999954223633,46.45000076293945,178246300.0
2025-11-21,1763735400,46.849998474121094,49.099998474121094,45.2400016784668,47.47999954223633,179618600.0
2025-11-24,1763994600,48.70000076293945,51.45000076293945,48.66999816894531,51.08000183105469,93894200.0
2025-11-25,1764081000,50.63999938964844,52.36000061035156,49.08000183105469,52.0099983215332,101851900.0
2025-11-26,1764167400,52.90999984741211,53.86000061035156,52.369998931884766,53.369998931884766,75598100.0
2025-11-28,1764340200,53.81999969482422,54.61000061035156,53.630001068115234,54.540000915527344,34381600.0
2025-12-01,1764599400,53.11000061035156,54.650001525878906,52.81999969482422,54.04999923706055,66359600.0
2025-12-02,1764685800,54.630001068115234,55.7599983215332,54.13999938964844,55.29999923706055,79504400.0
2025-12-03,1764772200,54.65999984741211,55.880001068115234,54.22999954223633,55.689998626708984,69844900.0
2025-12-04,1764858600,56.040000915527344,56.04999923706055,54.61000061035156,55.5099983215332,63958000.0
2025-12-05,1764945000,55.86000061035156,57.08000183105469,55.68000030517578,56.150001525878906,73206000.0
2025-12-08,1765204200,56.56999969482422,57.040000915527344,55.119998931884766,55.79999923706055,69700000.0
2025-12-09,1765290600,55.45000076293945,56.220001220703125,55.09000015258789,56.0099983215332,48736000.0
2025-12-10,1765377000,55.650001525878906,57.09000015258789,54.88999938964844,56.650001525878906,100261100.0
2025-12-11,1765463400,55.630001068115234,56.15999984741211,53.97999954223633,56.11000061035156,99683900.0
2025-12-12,1765549800,55.11000061035156,55.52000045776367,52.22999954223633,52.81999969482422,138448500.0
2025-12-15,1765809000,54.060001373291016,54.060001373291016,51.720001220703125,52.02000045776367,98696300.0
2025-12-16,1765895400,51.43000030517578,52.77000045776367,51.099998474121094,52.33000183105469,105953700.0
2025-12-17,1765981800,52.650001525878906,52.79999923706055,49.369998931884766,49.400001525878906,125606200.0
2025-12-18,1766068200,51.66999816894531,52.459999084472656,50.97999954223633,51.5099983215332,109222100.0
2025-12-19,1766154600,52.20000076293945,53.63999938964844,52.189998626708984,53.52000045776367,72957800.0
2025-12-22,1766413800,54.810001373291016,54.88999938964844,53.880001068115234,54.25,64783100.0
2025-12-23,1766500200,53.970001220703125,55.06999969482422,53.86000061035156,55.0099983215332,48197100.0
2025-12-24,1766586600,54.869998931884766,55.45000076293945,54.779998779296875,55.36000061035156,25855000.0
2025-12-26,1766759400,55.52000045776367,55.75,55.11000061035156,55.310001373291016,37244200.0
2025-12-29,1767018600,54.290000915527344,54.9900016784668,53.91999816894531,54.4900016784668,50635300.0
2025-12-30,1767105000,54.20000076293945,54.81999969482422,54.040000915527344,54.099998474121094,38976800.0
2025-12-31,1767191400,54.130001068115234,54.20000076293945,52.63999938964844,52.720001220703125,57199400.0
2026-01-02,1767364200,54.16999816894531,54.880001068115234,51.61000061035156,52.349998474121094,107226600.0
2026-01-05,1767623400,53.95000076293945,54.33000183105469,53.290000915527344,53.599998474121094,77968000.0
2026-01-06,1767709800,53.91999816894531,55.16999816894531,53.7400016784668,55.0099983215332,68915800.0
2026-01-07,1767796200,54.88999938964844,56.189998626708984,54.77000045776367,55.16999816894531,65588300.0
2026-01-08,1767882600,54.869998931884766,54.97999954223633,53.5,54.189998626708984,83760300.0
2026-01-09,1767969000,54.38999938964844,56.099998474121094,53.790000915527344,55.7599983215332,78706300.0
2026-01-12,1768228200,54.599998474121094,56.34000015258789,54.58000183105469,55.88999938964844,59673900.0
2026-01-13,1768314600,55.90999984741211,56.5,54.959999084472656,55.599998474121094,88611000.0
2026-01-14,1768401000,54.54999923706055,54.880001068115234,52.5,53.83000183105469,117421500.0
2026-01-15,1768487400,55.650001525878906,55.83000183105469,54.130001068115234,54.380001068115234,90483000.0
2026-01-16,1768573800,55.31999969482422,55.459999084472656,53.58000183105469,54.13999938964844,75855900.0
2026-01-20,1768919400,51.38999938964844,52.560001373291016,50.47999954223633,50.72999954223633,129209100.0
2026-01-21,1769005800,51.06999969482422,53.79999923706055,50.66999816894531,52.72999954223633,150230100.0
2026-01-22,1769092200,54.31999969482422,54.33000183105469,53.150001525878906,53.900001525878906,90992300.0
2026-01-23,1769178600,53.59000015258789,55.06999969482422,53.31999969482422,54.380001068115234,78066100.0
2026-01-26,1769437800,54.470001220703125,55.630001068115234,54.209999084472656,55.08000183105469,58084300.0
2026-01-27,1769524200,55.97999954223633,56.79999923706055,55.560001373291016,56.540000915527344,51981200.0
2026-01-28,1769610600,57.70000076293945,58.0099983215332,56.72999954223633,57.060001373291016,76172100.0
2026-01-29,1769697000,56.95000076293945,57.209999084472656,53.060001373291016,56.040000915527344,122642300.0
2026-01-30,1769783400,55.02000045776367,55.709999084472656,53.31999969482422,54.0,110170700.0
2026-02-02,1770042600,53.15999984741211,55.709999084472656,53.150001525878906,55.099998474121094,74665800.0
2026-02-03,1770129000,55.63999938964844,55.7599983215332,51.08000183105469,52.52000045776367,129992200.0
2026-02-04,1770215400,52.13999938964844,52.150001525878906,48.43000030517578,49.7599983215332,142536200.0
2026-02-05,1770301800,48.38999938964844,49.529998779296875,47.060001373291016,47.63999938964844,158712900.0
2026-02-06,1770388200,48.34000015258789,51.0099983215332,48.0,50.59000015258789,117934600.0
2026-02-09,1770647400,50.060001373291016,52.27000045776367,49.439998626708984,51.7400016784668,71272700.0
2026-02-10,1770733800,51.970001220703125,52.400001525878906,50.88999938964844,51.02000045776367,70660900.0
2026-02-11,1770820200,52.209999084472656,52.5,50.040000915527344,51.400001525878906,92393800.0
2026-02-12,1770906600,51.79999923706055,52.06999969482422,47.9900016784668,48.2599983215332,131150000.0
2026-02-13,1770993000,48.150001525878906,49.59000015258789,47.18000030517578,48.470001220703125,123216600.0
2026-02-17,1771338600,47.63999938964844,48.97999954223633,46.41999816894531,48.349998474121094,117089700.0
2026-02-18,1771425000,48.529998779296875,50.36000061035156,48.20000076293945,49.38999938964844,81370800.0
2026-02-19,1771511400,48.66999816894531,49.400001525878906,48.15999984741211,48.83000183105469,83447500.0
2026-02-20,1771597800,47.959999084472656,50.45000076293945,47.7599983215332,50.060001373291016,118813800.0
2026-02-23,1771857000,49.529998779296875,49.880001068115234,47.65999984741211,48.2400016784668,91951800.0
2026-02-24,1771943400,48.45000076293945,50.040000915527344,47.81999969482422,49.779998779296875,71023300.0
2026-02-25,1772029800,50.54999923706055,51.959999084472656,50.529998779296875,51.869998931884766,54217200.0
2026-02-26,1772116200,51.630001068115234,51.63999938964844,48.709999084472656,50.04999923706055,105583800.0
2026-02-27,1772202600,48.45000076293945,49.77000045776367,48.2599983215332,49.52000045776367,93802200.0
2026-03-02,1772461800,47.459999084472656,50.150001525878906,47.22999954223633,49.70000076293945,108545900.0
2026-03-03,1772548200,46.810001373291016,48.66999816894531,45.720001220703125,48.099998474121094,163365500.0
2026-03-04,1772634600,48.689998626708984,50.790000915527344,48.52000045776367,50.2599983215332,99738400.0
2026-03-05,1772721000,49.439998626708984,50.7599983215332,48.16999816894531,49.79999923706055,129713200.0
2026-03-06,1772807400,47.65999984741211,49.04999923706055,47.18000030517578,47.540000915527344,141012200.0
2026-03-09,1773066600,46.189998626708984,49.77000045776367,45.5,49.38999938964844,159005500.0
2026-03-10,1773153000,49.40999984741211,50.7400016784668,48.83000183105469,49.400001525878906,115057200.0
2026-03-11,1773239400,49.68000030517578,50.52000045776367,48.72999954223633,49.349998474121094,91104300.0
2026-03-12,1773325800,48.150001525878906,48.4900016784668,46.75,46.83000183105469,130823900.0
2026-03-13,1773412200,47.349998474121094,48.25,45.66999816894531,45.93000030517578,141952500.0
2026-03-16,1773671400,47.369998931884766,48.27000045776367,47.18000030517578,47.459999084472656,81421500.0
2026-03-17,1773757800,48.119998931884766,48.7599983215332,47.810001373291016,48.15999984741211,74570100.0
2026-03-18,1773844200,47.720001220703125,48.11000061035156,46.04999923706055,46.099998474121094,105059300.0
2026-03-19,1773930600,44.869998931884766,46.31999969482422,44.29999923706055,45.689998626708984,138384900.0
2026-03-20,1774017000,45.18000030517578,45.209999084472656,42.29999923706055,43.08000183105469,137952500.0
2026-03-23,1774276200,45.11000061035156,46.150001525878906,44.130001068115234,44.56999969482422,139354300.0
2026-03-24,1774362600,43.84000015258789,44.54999923706055,43.189998626708984,43.619998931884766,105505200.0
2026-03-25,1774449000,44.70000076293945,45.220001220703125,43.95000076293945,44.38999938964844,79294400.0
2026-03-26,1774535400,43.22999954223633,43.68000030517578,41.150001525878906,41.22999954223633,117558900.0
2026-03-27,1774621800,40.560001373291016,40.59000015258789,38.560001373291016,38.779998779296875,124795700.0
2026-03-30,1774881000,39.75,39.90999984741211,37.31999969482422,37.88999938964844,111446500.0
2026-03-31,1774967400,39.09000015258789,42.0,39.06999969482422,41.68000030517578,149516200.0
2026-04-01,1775053800,42.630001068115234,43.97999954223633,42.40999984741211,43.22999954223633,116135500.0
2026-04-02,1775140200,40.880001068115234,43.54999923706055,40.439998626708984,43.33000183105469,111377300.0
2026-04-06,1775485800,43.599998474121094,44.59000015258789,43.27000045776367,44.099998474121094,69245100.0
2026-04-07,1775572200,43.45000076293945,44.209999084472656,41.84000015258789,44.150001525878906,131796200.0
2026-04-08,1775658600,48.63999938964844,48.91999816894531,47.150001525878906,48.0,102015100.0
2026-04-09,1775745000,48.02000045776367,49.09000015258789,47.310001373291016,48.959999084472656,78953600.0
2026-04-10,1775831400,49.36000061035156,49.810001373291016,48.81999969482422,49.16999816894531,65481600.0
2026-04-13,1776090600,48.779998779296875,50.7400016784668,48.459999084472656,50.65999984741211,67169100.0
2026-04-14,1776177000,51.38999938964844,53.43000030517578,51.380001068115234,53.40999984741211,72362300.0
2026-04-15,1776263400,53.56999969482422,55.7400016784668,53.33000183105469,55.650001525878906,83244000.0
2026-04-16,1776349800,56.130001068115234,56.91999816894531,55.099998474121094,56.43000030517578,86398100.0
2026-04-17,1776436200,57.779998779296875,58.939998626708984,57.369998931884766,58.59000015258789,103604000.0
2026-04-20,1776695400,58.400001525878906,58.58000183105469,56.90999984741211,58.08000183105469,67652800.0
2026-04-21,1776781800,58.47999954223633,58.970001220703125,56.81999969482422,57.400001525878906,91775200.0
2026-04-22,1776868200,58.93000030517578,60.29999923706055,58.4900016784668,60.209999084472656,73399800.0
2026-04-23,1776954600,59.79999923706055,60.72999954223633,57.59000015258789,59.220001220703125,92856900.0
2026-04-24,1777041000,61.08000183105469,62.7400016784668,60.560001373291016,62.560001373291016,80250700.0
2026-04-27,1777300200,62.40999984741211,62.70000076293945,61.63999938964844,62.63999938964844,56615000.0
2026-04-28,1777386600,60.720001220703125,61.33000183105469,59.68000030517578,60.7400016784668,80631600.0
2026-04-29,1777473000,61.0,61.869998931884766,60.45000076293945,61.86000061035156,77081400.0
2026-04-30,1777559400,62.88999938964844,63.79999923706055,60.70000076293945,63.540000915527344,81042700.0
2026-05-01,1777645800,63.88999938964844,65.83999633789062,63.810001373291016,65.30000305175781,67762900.0
2026-05-04,1777905000,65.44000244140625,66.05000305175781,63.779998779296875,64.91000366210938,60813800.0
2026-05-05,1777991400,66.37000274658203,67.7699966430664,66.25,67.38999938964844,54098800.0
2026-05-06,1778077800,69.26000213623047,71.66000366210938,68.87999725341797,71.56999969482422,70169000.0
2026-05-07,1778164200,71.87000274658203,73.30000305175781,70.37999725341797,71.33999633789062,93509100.0
2026-05-08,1778250600,72.81999969482422,76.30999755859375,72.69999694824219,76.27999877929688,68713700.0
2026-05-11,1778509800,76.0,77.36000061035156,75.55000305175781,76.95999908447266,60475000.0
2026-05-12,1778596200,75.30000305175781,75.93000030517578,71.55000305175781,74.95999908447266,90651600.0
2026-05-13,1778682600,75.80999755859375,77.94000244140625,74.19000244140625,77.23999786376953,64416400.0
2026-05-14,1778769000,77.29000091552734,79.68000030517578,77.16000366210938,78.94999694824219,58472800.0
2026-05-15,1778855400,75.7300033569336,77.37000274658203,74.2300033569336,75.33999633789062,81260600.0
2026-05-18,1779114600,76.12999725341797,76.2699966430664,72.0999984741211,74.31999969482422,87710100.0
2026-05-19,1779201000,72.41000366210938,74.5,70.95999908447266,72.93000030517578,85973700.0
2026-05-20,1779287400,74.08999633789062,76.52999877929688,73.62000274658203,76.51000213623047,70647500.0
2026-05-21,1779373800,75.18000030517578,77.79000091552734,74.47000122070312,76.94999694824219,74958100.0
2026-05-22,1779460200,78.04000091552734,79.33000183105469,77.33000183105469,77.83999633789062,58330500.0
2026-05-26,1779805800,80.58999633789062,82.2699966430664,79.9800033569336,81.94999694824219,62579600.0
2026-05-27,1779892200,82.87000274658203,82.91000366210938,80.33000183105469,81.66999816894531,66221000.0
2026-05-28,1779978600,81.73999786376953,84.05000305175781,80.66000366210938,83.68000030517578,55265900.0
2026-05-29,1780065000,84.41000366210938,85.69999694824219,83.52999877929688,84.55999755859375,67644100.0
2026-06-01,1780324200,84.1500015258789,87.05999755859375,83.75,86.04000091552734,57216000.0
2026-06-02,1780410600,85.94000244140625,87.31999969482422,84.83000183105469,87.22000122070312,48355000.0
2026-06-03,1780497000,87.68000030517578,88.08999633789062,85.41000366210938,86.55999755859375,62154500.0
2026-06-04,1780583400,83.47000122070312,86.25,82.4800033569336,85.22000122070312,59614600.0
2026-06-05,1780669800,81.56999969482422,82.08000183105469,72.68000030517578,73.05000305175781,118961300.0
2026-06-08,1780929000,76.86000061035156,78.47000122070312,75.37999725341797,76.2699966430664,77319000.0
2026-06-09,1781015400,78.4800033569336,79.33999633789062,66.79000091552734,73.72000122070312,132485700.0
2026-06-10,1781101800,71.68000030517578,74.69999694824219,69.0,69.2699966430664,91465200.0
2026-06-11,1781188200,70.88999938964844,76.5999984741211,69.58999633789062,76.01000213623047,116288800.0
2026-06-12,1781274600,76.33999633789062,78.36000061035156,74.29000091552734,77.5199966430664,94070700.0
2026-06-15,1781533800,82.87999725341797,85.02999877929688,82.63999938964844,84.58999633789062,59758000.0
2026-06-16,1781620200,84.19000244140625,84.83000183105469,79.86000061035156,79.93000030517578,67086700.0
2026-06-17,1781706600,81.66999816894531,81.80999755859375,76.94000244140625,77.54000091552734,78089600.0
2026-06-18,1781793000,82.0999984741211,83.5999984741211,80.62999725341797,82.87000274658203,61063000.0
2026-06-22,1782138600,83.94999694824219,85.11000061035156,81.38999938964844,82.58000183105469,61888900.0
2026-06-23,1782225000,75.12000274658203,77.73999786376953,73.91000366210938,74.44000244140625,82341800.0
2026-06-24,1782311400,74.79000091552734,76.18000030517578,71.3499984741211,73.30000305175781,72009700.0
2026-06-25,1782397800,77.95999908447266,78.23999786376953,71.5999984741211,74.94999694824219,105261200.0
2026-06-26,1782484200,72.08999633789062,74.69000244140625,70.72000122070312,71.83000183105469,70427700.0
2026-06-29,1782743400,74.12000274658203,77.37999725341797,71.44999694824219,77.19000244140625,79128400.0
2026-06-30,1782829800,77.23999786376953,81.54000091552734,77.1500015258789,81.0,58466200.0
2026-07-01,1782916200,78.72000122070312,79.63999938964844,77.2300033569336,77.45999908447266,63348200.0
2026-07-02,1783002600,77.44999694824219,79.13999938964844,71.72000122070312,73.3499984741211,87308500.0
2026-07-06,1783348200,75.54000091552734,77.44999694824219,75.11000061035156,76.41999816894531,54545100.0
2026-07-07,1783434600,73.69999694824219,74.38999938964844,70.76000213623047,72.2300033569336,70992900.0
2026-07-08,1783521000,70.80000305175781,73.0199966430664,69.56999969482422,72.72000122070312,70748500.0
2026-07-09,1783607400,74.8499984741211,76.69000244140625,73.88999938964844,76.33999633789062,51726600.0
2026-07-10,1783693800,75.52999877929688,77.31999969482422,74.33000183105469,77.02999877929688,46034400.0
2026-07-13,1783953000,74.54000091552734,74.8499984741211,72.08999633789062,72.63999938964844,63317500.0
2026-07-14,1784039400,75.19999694824219,75.8499984741211,73.41000366210938,75.0199966430664,58097300.0
2026-07-15,1784125800,76.29000091552734,76.47000122070312,72.05999755859375,74.44000244140625,68547800.0
2026-07-16,1784212200,72.61000061035156,73.12000274658203,69.69000244140625,70.73999786376953,66953300.0
2026-07-17,1784298600,66.37999725341797,69.55999755859375,64.91000366210938,67.52999877929688,75465200.0
2026-07-20,1784557800,69.47000122070312,70.51000213623047,67.5,67.6500015258789,50076700.0
2026-07-21,1784644200,70.70999908447266,71.72000122070312,69.61000061035156,71.37000274658203,37772500.0
2026-07-22,1784730600,69.7699966430664,71.58999633789062,69.7699966430664,70.27999877929688,36062100.0
2026-07-23,1784817000,67.11000061035156,68.2699966430664,65.0199966430664,66.30000305175781,80277500.0
2026-07-24,1784903400,65.77999877929688,66.4000015258789,63.4900016784668,64.0,69267700.0
2026-07-27,1785162600,66.05999755859375,66.2300033569336,61.63999938964844,63.400001525878906,70531600.0
2026-07-28,1785249000,61.77000045776367,62.61000061035156,59.400001525878906,61.560001373291016,73235900.0
2026-07-29,1785335400,61.5099983215332,62.7400016784668,57.59000015258789,57.75,103582900.0
2026-07-30,1785421800,61.130001068115234,63.84000015258789,60.7400016784668,63.29999923706055,75877800.0
2026-07-31,1785508200,65.73999786376953,66.7699966430664,62.38999938964844,64.62000274658203,86709900.0
2026-08-03,1785767400,64.70999908447266,68.41000366210938,63.9900016784668,67.95999908447266,62223600.0
2026-08-04,1785853800,70.30999755859375,75.41000366210938,70.13999938964844,74.81999969482422,73728500.0
2026-08-05,1785940200,75.61000061035156,76.33000183105469,72.73999786376953,72.83999633789062,70885800.0
2026-08-06,1786026600,70.8499984741211,73.44999694824219,70.16000366210938,72.02999877929688,60887200.0
2026-08-07,1786113000,73.66000366210938,74.66999816894531,72.5199966430664,74.47000122070312,59409800.0
2026-08-10,1786372200,74.2699966430664,74.9800033569336,73.63999938964844,73.80000305175781,44224500.0
2026-08-11,1786458600,74.54000091552734,74.54000091552734,72.23999786376953,73.05999755859375,43674100.0
2026-08-12,1786545000,75.62000274658203,75.69000244140625,74.37999725341797,74.5999984741211,46867300.0
2026-08-13,1786631400,75.04000091552734,77.7699966430664,74.70999908447266,77.1500015258789,49822600.0
2026-08-14,1786717800,77.56999969482422,77.8499984741211,75.94000244140625,76.79000091552734,36616800.0
2026-08-17,1786977000,77.37999725341797,77.9000015258789,76.20999908447266,76.4000015258789,39828100.0
2026-08-18,1787063400,73.36000061035156,73.95999908447266,72.01000213623047,72.52999877929688,51330500.0
2026-08-19,1787149800,73.37000274658203,73.69999694824219,71.0,72.05999755859375,49118200.0
2026-08-20,1787236200,70.83000183105469,71.69000244140625,69.76000213623047,70.4800033569336,56681700.0
2026-08-21,1787322600,71.69999694824219,71.83000183105469,69.91000366210938,71.16999816894531,47654300.0
2026-08-24,1787581800,70.0,70.05000305175781,67.93000030517578,69.01000213623047,46660700.0
2026-08-25,1787668200,70.41999816894531,71.2699966430664,69.3499984741211,70.2699966430664,44163200.0
2026-08-26,1787754600,69.55999755859375,70.94000244140625,69.44000244140625,70.47000122070312,40461400.0
2026-08-27,1787841000,72.08999633789062,73.37999725341797,71.37999725341797,73.30000305175781,48782800.0
2026-08-28,1787927400,72.8499984741211,74.18000030517578,71.43000030517578,71.8499984741211,58068000.0
2026-08-31,1788186600,71.44000244140625,72.1500015258789,70.81999969482422,71.91999816894531,42308100.0
2026-09-01,1788273000,69.06999969482422,70.55000305175781,68.25,69.1500015258789,57328900.0
2026-09-02,1788359400,68.97000122070312,69.76000213623047,68.38999938964844,69.5999984741211,38887400.0
2026-09-03,1788445800,70.05999755859375,72.41999816894531,69.70999908447266,72.02999877929688,46695100.0
2026-09-04,1788532200,72.48999786376953,73.23999786376953,71.6500015258789,72.37000274658203,47352200.0
2026-09-08,1788877800,72.94999694824219,73.20999908447266,71.31999969482422,72.16000366210938,48309000.0
2026-09-09,1788964200,71.55000305175781,72.55000305175781,70.83999633789062,71.55000305175781,38220500.0
2026-09-10,1789050600,68.9000015258789,70.2300033569336,68.68000030517578,69.20999908447266,55675900.0
2026-09-11,1789137000,71.19000244140625,71.76000213623047,70.61000061035156,70.9800033569336,49070100.0
2026-09-14,1789396200,67.52999877929688,70.38999938964844,67.33999633789062,69.2699966430664,49910300.0
2026-09-15,1789482600,69.12999725341797,69.33000183105469,67.61000061035156,67.9000015258789,38753600.0
2026-09-16,1789569000,68.8499984741211,69.97000122070312,66.55000305175781,67.93000030517578,61725800.0
2026-09-17,1789655400,71.12999725341797,71.72000122070312,70.37000274658203,71.37999725341797,41937900.0
2026-09-18,1789741800,71.91999816894531,72.77999877929688,70.80999755859375,72.63999938964844,41007900.0
2026-09-21,1790001000,74.83000183105469,79.48999786376953,74.83000183105469,78.91000366210938,54999600.0
2026-09-22,1790087400,78.7699966430664,81.12000274658203,78.7699966430664,80.83000183105469,45285000.0
2026-09-23,1790173800,80.52999877929688,80.56999969482422,77.69000244140625,78.66000366210938,52118700.0
2026-09-24,1790260200,76.75,79.0999984741211,76.55000305175781,78.58000183105469,58181700.0
2026-09-25,1790346600,79.08999633789062,80.05999755859375,78.05999755859375,79.5999984741211,57902300.0
2026-09-28,1790605800,78.29000091552734,78.5999984741211,75.47000122070312,77.04000091552734,57997700.0
2026-09-29,1790692200,78.12999725341797,78.26000213623047,76.62000274658203,77.45999908447266,47046700.0
2026-09-30,1790778600,78.12999725341797,79.68000030517578,77.94000244140625,78.02999877929688,47391300.0
2026-10-01,1790865000,78.87999725341797,79.52999877929688,76.87000274658203,78.7300033569336,66281200.0
2026-10-02,1790951400,81.58999633789062,82.61000061035156,80.37000274658203,81.01000213623047,60705600.0
2026-10-05,1791210600,80.94999694824219,83.37999725341797,80.8499984741211,83.12000274658203,36928700.0
2026-10-06,1791297000,84.54000091552734,85.31999969482422,84.08999633789062,84.25,36973900.0
2026-10-07,1791383400,82.31999969482422,83.75,81.5999984741211,83.62000274658203,38032100.0
2026-10-08,1791469800,82.33000183105469,83.4000015258789,78.77999877929688,80.2300033569336,65689900.0
